17:58:51 v2 start harness_pid=31602 pswpin=115043 pswpout=210313
17:58:51 phase=idle avail_mib=62821 free_mib=44993 cached_mib=18318 swapused_mib=17 swapout_kib+=0 swapin_kib+=0 gpu_mib=7
17:58:54 phase=load avail_mib=62541 free_mib=43832 cached_mib=19207 swapused_mib=17 swapout_kib+=0 swapin_kib+=0 gpu_mib=272
17:58:56 phase=load avail_mib=62537 free_mib=40592 cached_mib=22444 swapused_mib=17 swapout_kib+=0 swapin_kib+=0 gpu_mib=272
17:58:58 phase=load avail_mib=62518 free_mib=37273 cached_mib=25744 swapused_mib=17 swapout_kib+=0 swapin_kib+=0 gpu_mib=272
17:59:00 phase=load avail_mib=62518 free_mib=33905 cached_mib=29112 swapused_mib=17 swapout_kib+=0 swapin_kib+=0 gpu_mib=272
17:59:02 phase=load avail_mib=62518 free_mib=30633 cached_mib=32384 swapused_mib=17 swapout_kib+=0 swapin_kib+=0 gpu_mib=272
17:59:04 phase=load avail_mib=62504 free_mib=27425 cached_mib=35579 swapused_mib=17 swapout_kib+=0 swapin_kib+=0 gpu_mib=272
17:59:06 phase=load avail_mib=62510 free_mib=24107 cached_mib=38903 swapused_mib=17 swapout_kib+=0 swapin_kib+=0 gpu_mib=272
17:59:08 phase=load avail_mib=62515 free_mib=19892 cached_mib=43123 swapused_mib=17 swapout_kib+=0 swapin_kib+=0 gpu_mib=272
17:59:10 phase=load avail_mib=62506 free_mib=17594 cached_mib=45413 swapused_mib=17 swapout_kib+=0 swapin_kib+=0 gpu_mib=17588
17:59:12 phase=load avail_mib=62212 free_mib=17245 cached_mib=45537 swapused_mib=17 swapout_kib+=0 swapin_kib+=0 gpu_mib=19966
17:59:14 phase=load avail_mib=62072 free_mib=17058 cached_mib=45584 swapused_mib=17 swapout_kib+=0 swapin_kib+=0 gpu_mib=19984
17:59:16 phase=load avail_mib=62038 free_mib=17008 cached_mib=45601 swapused_mib=17 swapout_kib+=0 swapin_kib+=0 gpu_mib=19984
17:59:18 phase=measured avail_mib=62006 free_mib=16959 cached_mib=45618 swapused_mib=17 swapout_kib+=0 swapin_kib+=0 gpu_mib=19984
17:59:20 phase=measured avail_mib=62017 free_mib=16955 cached_mib=45632 swapused_mib=17 swapout_kib+=0 swapin_kib+=0 gpu_mib=19990
17:59:22 phase=measured avail_mib=61984 free_mib=16904 cached_mib=45650 swapused_mib=17 swapout_kib+=0 swapin_kib+=0 gpu_mib=19994
17:59:24 phase=measured avail_mib=62001 free_mib=16906 cached_mib=45666 swapused_mib=17 swapout_kib+=0 swapin_kib+=0 gpu_mib=20002
17:59:26 phase=measured avail_mib=62005 free_mib=16898 cached_mib=45678 swapused_mib=17 swapout_kib+=0 swapin_kib+=0 gpu_mib=20006
17:59:28 phase=measured avail_mib=61952 free_mib=16843 cached_mib=45680 swapused_mib=17 swapout_kib+=0 swapin_kib+=0 gpu_mib=20008
17:59:30 phase=measured avail_mib=61887 free_mib=16762 cached_mib=45695 swapused_mib=17 swapout_kib+=0 swapin_kib+=0 gpu_mib=20016
17:59:32 phase=measured avail_mib=61741 free_mib=16609 cached_mib=45704 swapused_mib=17 swapout_kib+=0 swapin_kib+=4 gpu_mib=20016
17:59:34 phase=measured avail_mib=61736 free_mib=16601 cached_mib=45706 swapused_mib=17 swapout_kib+=0 swapin_kib+=0 gpu_mib=20016
17:59:36 phase=measured avail_mib=61737 free_mib=16600 cached_mib=45708 swapused_mib=17 swapout_kib+=0 swapin_kib+=0 gpu_mib=20016
17:59:38 phase=measured avail_mib=61735 free_mib=16596 cached_mib=45710 swapused_mib=17 swapout_kib+=0 swapin_kib+=0 gpu_mib=20016
17:59:40 phase=measured avail_mib=61723 free_mib=16582 cached_mib=45712 swapused_mib=17 swapout_kib+=0 swapin_kib+=0 gpu_mib=20016
17:59:42 phase=measured avail_mib=61697 free_mib=16555 cached_mib=45714 swapused_mib=17 swapout_kib+=0 swapin_kib+=0 gpu_mib=20016
17:59:44 phase=measured avail_mib=61687 free_mib=16543 cached_mib=45716 swapused_mib=17 swapout_kib+=0 swapin_kib+=0 gpu_mib=20016
17:59:46 phase=measured avail_mib=61250 free_mib=16105 cached_mib=45716 swapused_mib=17 swapout_kib+=0 swapin_kib+=0 gpu_mib=20016
17:59:48 phase=measured avail_mib=61211 free_mib=16065 cached_mib=45716 swapused_mib=17 swapout_kib+=0 swapin_kib+=0 gpu_mib=20016
17:59:50 phase=measured avail_mib=61236 free_mib=16091 cached_mib=45716 swapused_mib=17 swapout_kib+=0 swapin_kib+=0 gpu_mib=20016
17:59:52 phase=measured avail_mib=61251 free_mib=16106 cached_mib=45716 swapused_mib=17 swapout_kib+=0 swapin_kib+=0 gpu_mib=20016
17:59:55 phase=measured avail_mib=61283 free_mib=16137 cached_mib=45716 swapused_mib=17 swapout_kib+=0 swapin_kib+=0 gpu_mib=20016
17:59:57 phase=measured avail_mib=61303 free_mib=16158 cached_mib=45716 swapused_mib=17 swapout_kib+=0 swapin_kib+=0 gpu_mib=20016
17:59:59 phase=measured avail_mib=61318 free_mib=16173 cached_mib=45716 swapused_mib=17 swapout_kib+=0 swapin_kib+=0 gpu_mib=20016
18:00:01 phase=measured avail_mib=61190 free_mib=16044 cached_mib=45716 swapused_mib=17 swapout_kib+=0 swapin_kib+=0 gpu_mib=20016
18:00:03 phase=measured avail_mib=61106 free_mib=15960 cached_mib=45716 swapused_mib=17 swapout_kib+=0 swapin_kib+=0 gpu_mib=20016
18:00:05 phase=measured avail_mib=61106 free_mib=15961 cached_mib=45716 swapused_mib=17 swapout_kib+=0 swapin_kib+=0 gpu_mib=20016
18:00:07 phase=measured avail_mib=61140 free_mib=15994 cached_mib=45717 swapused_mib=17 swapout_kib+=0 swapin_kib+=0 gpu_mib=20016
18:00:09 phase=measured avail_mib=61141 free_mib=15993 cached_mib=45718 swapused_mib=17 swapout_kib+=0 swapin_kib+=0 gpu_mib=20016
18:00:11 phase=measured avail_mib=61178 free_mib=16030 cached_mib=45719 swapused_mib=17 swapout_kib+=0 swapin_kib+=0 gpu_mib=20016
18:00:13 phase=measured avail_mib=61172 free_mib=16021 cached_mib=45722 swapused_mib=17 swapout_kib+=0 swapin_kib+=0 gpu_mib=20016
18:00:15 phase=measured avail_mib=61206 free_mib=16054 cached_mib=45723 swapused_mib=17 swapout_kib+=0 swapin_kib+=0 gpu_mib=20016
18:00:17 phase=measured avail_mib=60759 free_mib=15606 cached_mib=45723 swapused_mib=17 swapout_kib+=0 swapin_kib+=0 gpu_mib=20016
18:00:19 phase=measured avail_mib=60751 free_mib=15598 cached_mib=45723 swapused_mib=17 swapout_kib+=0 swapin_kib+=0 gpu_mib=20016
18:00:21 phase=measured avail_mib=60769 free_mib=15616 cached_mib=45723 swapused_mib=17 swapout_kib+=0 swapin_kib+=0 gpu_mib=20016
18:00:23 phase=measured avail_mib=60796 free_mib=15643 cached_mib=45723 swapused_mib=17 swapout_kib+=0 swapin_kib+=0 gpu_mib=20016
18:00:25 phase=measured avail_mib=60824 free_mib=15671 cached_mib=45723 swapused_mib=17 swapout_kib+=0 swapin_kib+=0 gpu_mib=20016
18:00:27 phase=measured avail_mib=60815 free_mib=15662 cached_mib=45723 swapused_mib=17 swapout_kib+=0 swapin_kib+=0 gpu_mib=20016
18:00:29 phase=measured avail_mib=60848 free_mib=15695 cached_mib=45723 swapused_mib=17 swapout_kib+=0 swapin_kib+=0 gpu_mib=20016
18:00:31 phase=measured avail_mib=60766 free_mib=15613 cached_mib=45723 swapused_mib=17 swapout_kib+=0 swapin_kib+=0 gpu_mib=20016
18:00:33 phase=measured avail_mib=60799 free_mib=15646 cached_mib=45723 swapused_mib=17 swapout_kib+=0 swapin_kib+=0 gpu_mib=20016
18:00:35 phase=measured avail_mib=60779 free_mib=15626 cached_mib=45723 swapused_mib=17 swapout_kib+=0 swapin_kib+=0 gpu_mib=20016
18:00:37 phase=measured avail_mib=60768 free_mib=15615 cached_mib=45723 swapused_mib=17 swapout_kib+=0 swapin_kib+=0 gpu_mib=20016
18:00:39 phase=measured avail_mib=60792 free_mib=15639 cached_mib=45724 swapused_mib=17 swapout_kib+=0 swapin_kib+=0 gpu_mib=20016
18:00:41 phase=measured avail_mib=60747 free_mib=15593 cached_mib=45725 swapused_mib=17 swapout_kib+=0 swapin_kib+=0 gpu_mib=20016
18:00:43 phase=measured avail_mib=60785 free_mib=15630 cached_mib=45725 swapused_mib=17 swapout_kib+=0 swapin_kib+=0 gpu_mib=20016
18:00:45 phase=measured avail_mib=60323 free_mib=15167 cached_mib=45727 swapused_mib=17 swapout_kib+=0 swapin_kib+=0 gpu_mib=20016
18:00:47 phase=measured avail_mib=60277 free_mib=15121 cached_mib=45727 swapused_mib=17 swapout_kib+=0 swapin_kib+=0 gpu_mib=20016
18:00:49 phase=measured avail_mib=60315 free_mib=15158 cached_mib=45727 swapused_mib=17 swapout_kib+=0 swapin_kib+=0 gpu_mib=20016
18:00:52 phase=measured avail_mib=60295 free_mib=15073 cached_mib=45792 swapused_mib=17 swapout_kib+=0 swapin_kib+=32 gpu_mib=20016
18:00:54 phase=measured avail_mib=60274 free_mib=14985 cached_mib=45858 swapused_mib=17 swapout_kib+=0 swapin_kib+=1248 gpu_mib=20016
18:00:56 phase=measured avail_mib=60282 free_mib=14993 cached_mib=45858 swapused_mib=17 swapout_kib+=0 swapin_kib+=0 gpu_mib=20016
18:00:58 phase=measured avail_mib=60309 free_mib=15021 cached_mib=45858 swapused_mib=17 swapout_kib+=0 swapin_kib+=0 gpu_mib=20016
18:01:00 phase=measured avail_mib=60294 free_mib=15006 cached_mib=45858 swapused_mib=17 swapout_kib+=0 swapin_kib+=0 gpu_mib=20016
18:01:02 phase=measured avail_mib=60267 free_mib=14978 cached_mib=45858 swapused_mib=17 swapout_kib+=0 swapin_kib+=0 gpu_mib=20016
18:01:04 phase=measured avail_mib=60285 free_mib=14997 cached_mib=45858 swapused_mib=17 swapout_kib+=0 swapin_kib+=0 gpu_mib=20016
18:01:06 phase=measured avail_mib=60289 free_mib=15000 cached_mib=45858 swapused_mib=17 swapout_kib+=0 swapin_kib+=0 gpu_mib=20016
18:01:08 phase=measured avail_mib=60289 free_mib=15000 cached_mib=45858 swapused_mib=17 swapout_kib+=0 swapin_kib+=0 gpu_mib=20016
18:01:10 phase=measured avail_mib=60270 free_mib=14980 cached_mib=45858 swapused_mib=17 swapout_kib+=0 swapin_kib+=0 gpu_mib=20016
18:01:12 phase=measured avail_mib=60308 free_mib=15019 cached_mib=45859 swapused_mib=17 swapout_kib+=0 swapin_kib+=4 gpu_mib=20016
18:01:14 phase=measured avail_mib=60317 free_mib=15027 cached_mib=45860 swapused_mib=17 swapout_kib+=0 swapin_kib+=12 gpu_mib=20016
18:01:16 phase=measured avail_mib=59825 free_mib=14533 cached_mib=45861 swapused_mib=17 swapout_kib+=0 swapin_kib+=0 gpu_mib=20016
18:01:18 phase=measured avail_mib=59820 free_mib=14528 cached_mib=45861 swapused_mib=17 swapout_kib+=0 swapin_kib+=0 gpu_mib=20016
18:01:20 phase=measured avail_mib=59830 free_mib=14538 cached_mib=45861 swapused_mib=17 swapout_kib+=0 swapin_kib+=0 gpu_mib=20016
18:01:22 phase=measured avail_mib=59828 free_mib=14536 cached_mib=45861 swapused_mib=17 swapout_kib+=0 swapin_kib+=0 gpu_mib=20016
18:01:24 phase=measured avail_mib=59843 free_mib=14552 cached_mib=45861 swapused_mib=17 swapout_kib+=0 swapin_kib+=0 gpu_mib=20016
18:01:26 phase=measured avail_mib=59859 free_mib=14568 cached_mib=45861 swapused_mib=17 swapout_kib+=0 swapin_kib+=0 gpu_mib=20016
18:01:28 phase=measured avail_mib=59852 free_mib=14560 cached_mib=45861 swapused_mib=17 swapout_kib+=0 swapin_kib+=0 gpu_mib=20016
18:01:30 phase=measured avail_mib=59878 free_mib=14586 cached_mib=45861 swapused_mib=17 swapout_kib+=0 swapin_kib+=0 gpu_mib=20016
18:01:32 phase=measured avail_mib=59830 free_mib=14539 cached_mib=45861 swapused_mib=17 swapout_kib+=0 swapin_kib+=0 gpu_mib=20016
18:01:34 phase=measured avail_mib=59822 free_mib=14530 cached_mib=45861 swapused_mib=17 swapout_kib+=0 swapin_kib+=0 gpu_mib=20016
18:01:36 phase=measured avail_mib=59808 free_mib=14515 cached_mib=45862 swapused_mib=17 swapout_kib+=0 swapin_kib+=0 gpu_mib=20016
18:01:38 phase=measured avail_mib=59795 free_mib=14501 cached_mib=45863 swapused_mib=17 swapout_kib+=0 swapin_kib+=0 gpu_mib=20016
18:01:40 phase=measured avail_mib=59789 free_mib=14494 cached_mib=45864 swapused_mib=17 swapout_kib+=0 swapin_kib+=0 gpu_mib=20016
18:01:42 phase=measured avail_mib=59788 free_mib=14491 cached_mib=45866 swapused_mib=17 swapout_kib+=0 swapin_kib+=0 gpu_mib=20016
18:01:44 phase=measured avail_mib=59794 free_mib=14495 cached_mib=45867 swapused_mib=17 swapout_kib+=0 swapin_kib+=0 gpu_mib=20016
18:01:46 phase=measured avail_mib=59302 free_mib=14003 cached_mib=45868 swapused_mib=17 swapout_kib+=0 swapin_kib+=0 gpu_mib=20016
18:01:49 phase=measured avail_mib=59271 free_mib=13972 cached_mib=45868 swapused_mib=17 swapout_kib+=0 swapin_kib+=0 gpu_mib=20016
18:01:51 phase=measured avail_mib=59298 free_mib=14000 cached_mib=45868 swapused_mib=17 swapout_kib+=0 swapin_kib+=0 gpu_mib=20016
18:01:53 phase=measured avail_mib=59304 free_mib=14005 cached_mib=45868 swapused_mib=17 swapout_kib+=0 swapin_kib+=0 gpu_mib=20016
18:01:55 phase=measured avail_mib=59373 free_mib=14074 cached_mib=45868 swapused_mib=17 swapout_kib+=0 swapin_kib+=0 gpu_mib=20016
18:01:57 phase=measured avail_mib=59447 free_mib=14148 cached_mib=45868 swapused_mib=17 swapout_kib+=0 swapin_kib+=4 gpu_mib=20016
18:01:59 phase=measured avail_mib=59460 free_mib=14162 cached_mib=45868 swapused_mib=17 swapout_kib+=0 swapin_kib+=0 gpu_mib=20016
18:02:01 phase=measured avail_mib=59355 free_mib=14056 cached_mib=45868 swapused_mib=17 swapout_kib+=0 swapin_kib+=0 gpu_mib=20016
18:02:03 phase=measured avail_mib=59259 free_mib=13959 cached_mib=45868 swapused_mib=17 swapout_kib+=0 swapin_kib+=0 gpu_mib=20016
18:02:05 phase=measured avail_mib=59280 free_mib=13980 cached_mib=45869 swapused_mib=17 swapout_kib+=0 swapin_kib+=0 gpu_mib=20016
18:02:07 phase=measured avail_mib=59288 free_mib=13987 cached_mib=45870 swapused_mib=17 swapout_kib+=0 swapin_kib+=0 gpu_mib=20016
18:02:09 phase=measured avail_mib=59312 free_mib=14009 cached_mib=45872 swapused_mib=17 swapout_kib+=0 swapin_kib+=0 gpu_mib=20016
18:02:11 phase=measured avail_mib=59310 free_mib=14006 cached_mib=45873 swapused_mib=17 swapout_kib+=0 swapin_kib+=0 gpu_mib=20016
18:02:13 phase=measured avail_mib=59336 free_mib=14031 cached_mib=45874 swapused_mib=17 swapout_kib+=0 swapin_kib+=0 gpu_mib=20016
18:02:15 phase=measured avail_mib=59342 free_mib=14036 cached_mib=45876 swapused_mib=17 swapout_kib+=0 swapin_kib+=0 gpu_mib=20016
18:02:17 phase=measured avail_mib=58851 free_mib=13544 cached_mib=45876 swapused_mib=17 swapout_kib+=0 swapin_kib+=0 gpu_mib=20016
18:02:19 phase=measured avail_mib=58818 free_mib=13511 cached_mib=45876 swapused_mib=17 swapout_kib+=0 swapin_kib+=0 gpu_mib=20016
18:02:21 phase=measured avail_mib=58798 free_mib=13491 cached_mib=45876 swapused_mib=17 swapout_kib+=0 swapin_kib+=0 gpu_mib=20016
18:02:23 phase=measured avail_mib=58780 free_mib=13472 cached_mib=45876 swapused_mib=17 swapout_kib+=0 swapin_kib+=0 gpu_mib=20016
18:02:25 phase=measured avail_mib=58815 free_mib=13507 cached_mib=45876 swapused_mib=17 swapout_kib+=0 swapin_kib+=0 gpu_mib=20016
18:02:27 phase=measured avail_mib=58834 free_mib=13527 cached_mib=45876 swapused_mib=17 swapout_kib+=0 swapin_kib+=0 gpu_mib=20016
18:02:29 phase=measured avail_mib=58879 free_mib=13572 cached_mib=45876 swapused_mib=17 swapout_kib+=0 swapin_kib+=0 gpu_mib=20016
18:02:31 phase=measured avail_mib=58907 free_mib=13586 cached_mib=45889 swapused_mib=17 swapout_kib+=0 swapin_kib+=0 gpu_mib=20018
18:02:33 phase=measured avail_mib=58931 free_mib=13599 cached_mib=45900 swapused_mib=17 swapout_kib+=0 swapin_kib+=0 gpu_mib=20024
18:02:35 phase=measured avail_mib=58941 free_mib=13605 cached_mib=45905 swapused_mib=17 swapout_kib+=0 swapin_kib+=0 gpu_mib=20028
18:02:37 phase=measured avail_mib=58966 free_mib=13625 cached_mib=45910 swapused_mib=17 swapout_kib+=0 swapin_kib+=0 gpu_mib=20034
18:02:39 phase=measured avail_mib=58992 free_mib=13637 cached_mib=45924 swapused_mib=17 swapout_kib+=0 swapin_kib+=0 gpu_mib=20038
18:02:41 phase=measured avail_mib=59023 free_mib=13659 cached_mib=45933 swapused_mib=17 swapout_kib+=0 swapin_kib+=0 gpu_mib=20038
18:02:43 phase=measured avail_mib=59065 free_mib=13692 cached_mib=45941 swapused_mib=17 swapout_kib+=0 swapin_kib+=0 gpu_mib=20044
18:02:45 phase=measured avail_mib=59057 free_mib=13671 cached_mib=45955 swapused_mib=17 swapout_kib+=0 swapin_kib+=0 gpu_mib=20048
18:02:48 phase=measured avail_mib=59070 free_mib=13669 cached_mib=45970 swapused_mib=17 swapout_kib+=0 swapin_kib+=0 gpu_mib=20054
18:02:50 phase=measured avail_mib=59063 free_mib=13646 cached_mib=45986 swapused_mib=17 swapout_kib+=0 swapin_kib+=0 gpu_mib=20058
18:02:52 phase=measured avail_mib=59033 free_mib=13601 cached_mib=46001 swapused_mib=17 swapout_kib+=0 swapin_kib+=0 gpu_mib=20064
18:02:54 phase=measured avail_mib=59060 free_mib=13619 cached_mib=46011 swapused_mib=17 swapout_kib+=0 swapin_kib+=0 gpu_mib=20068
18:02:56 phase=measured avail_mib=59071 free_mib=13619 cached_mib=46021 swapused_mib=17 swapout_kib+=0 swapin_kib+=0 gpu_mib=20074
18:02:58 phase=measured avail_mib=59080 free_mib=13615 cached_mib=46033 swapused_mib=17 swapout_kib+=0 swapin_kib+=0 gpu_mib=20078
18:03:00 phase=measured avail_mib=59072 free_mib=13596 cached_mib=46043 swapused_mib=17 swapout_kib+=0 swapin_kib+=0 gpu_mib=20084
18:03:02 phase=measured avail_mib=59061 free_mib=13579 cached_mib=46049 swapused_mib=17 swapout_kib+=0 swapin_kib+=16 gpu_mib=20088
18:03:04 phase=measured avail_mib=59084 free_mib=13587 cached_mib=46064 swapused_mib=17 swapout_kib+=0 swapin_kib+=0 gpu_mib=20088
18:03:06 phase=measured avail_mib=59040 free_mib=13536 cached_mib=46071 swapused_mib=17 swapout_kib+=0 swapin_kib+=0 gpu_mib=20094
18:03:08 phase=measured avail_mib=59030 free_mib=13521 cached_mib=46076 swapused_mib=17 swapout_kib+=0 swapin_kib+=0 gpu_mib=20098
18:03:10 phase=measured avail_mib=59061 free_mib=13537 cached_mib=46090 swapused_mib=17 swapout_kib+=0 swapin_kib+=0 gpu_mib=20104
18:03:12 phase=measured avail_mib=59082 free_mib=13541 cached_mib=46106 swapused_mib=17 swapout_kib+=0 swapin_kib+=0 gpu_mib=20108
18:03:14 phase=measured avail_mib=59072 free_mib=13520 cached_mib=46118 swapused_mib=17 swapout_kib+=0 swapin_kib+=0 gpu_mib=20114
18:03:16 phase=measured avail_mib=59054 free_mib=13491 cached_mib=46128 swapused_mib=17 swapout_kib+=0 swapin_kib+=0 gpu_mib=20118
18:03:18 phase=measured avail_mib=59068 free_mib=13495 cached_mib=46138 swapused_mib=17 swapout_kib+=0 swapin_kib+=0 gpu_mib=20124
18:03:20 phase=measured avail_mib=59047 free_mib=13469 cached_mib=46144 swapused_mib=17 swapout_kib+=0 swapin_kib+=0 gpu_mib=20124
18:03:22 phase=measured avail_mib=59075 free_mib=13496 cached_mib=46144 swapused_mib=17 swapout_kib+=0 swapin_kib+=0 gpu_mib=20128
18:03:24 phase=measured avail_mib=58935 free_mib=13344 cached_mib=46156 swapused_mib=17 swapout_kib+=0 swapin_kib+=0 gpu_mib=20136
18:03:26 phase=measured avail_mib=58825 free_mib=13234 cached_mib=46156 swapused_mib=17 swapout_kib+=0 swapin_kib+=0 gpu_mib=20136
18:03:28 phase=measured avail_mib=58833 free_mib=13240 cached_mib=46157 swapused_mib=17 swapout_kib+=0 swapin_kib+=0 gpu_mib=20136
18:03:30 phase=measured avail_mib=58849 free_mib=13255 cached_mib=46158 swapused_mib=17 swapout_kib+=0 swapin_kib+=0 gpu_mib=20136
18:03:32 phase=measured avail_mib=58831 free_mib=13237 cached_mib=46159 swapused_mib=17 swapout_kib+=0 swapin_kib+=0 gpu_mib=20136
18:03:34 phase=measured avail_mib=58833 free_mib=13238 cached_mib=46160 swapused_mib=17 swapout_kib+=0 swapin_kib+=0 gpu_mib=20136
18:03:36 phase=measured avail_mib=58825 free_mib=13229 cached_mib=46161 swapused_mib=17 swapout_kib+=0 swapin_kib+=0 gpu_mib=20136
18:03:38 phase=measured avail_mib=58817 free_mib=13220 cached_mib=46162 swapused_mib=17 swapout_kib+=0 swapin_kib+=0 gpu_mib=20136
18:03:40 phase=measured avail_mib=58552 free_mib=12954 cached_mib=46162 swapused_mib=17 swapout_kib+=0 swapin_kib+=0 gpu_mib=20136
18:03:42 phase=measured avail_mib=57989 free_mib=12390 cached_mib=46163 swapused_mib=17 swapout_kib+=0 swapin_kib+=0 gpu_mib=20136
18:03:45 phase=measured avail_mib=57997 free_mib=12399 cached_mib=46163 swapused_mib=17 swapout_kib+=0 swapin_kib+=0 gpu_mib=20136
18:03:47 phase=measured avail_mib=57977 free_mib=12378 cached_mib=46163 swapused_mib=17 swapout_kib+=0 swapin_kib+=0 gpu_mib=20136
18:03:49 phase=measured avail_mib=57969 free_mib=12370 cached_mib=46163 swapused_mib=17 swapout_kib+=0 swapin_kib+=0 gpu_mib=20136
18:03:51 phase=measured avail_mib=58020 free_mib=12421 cached_mib=46163 swapused_mib=17 swapout_kib+=0 swapin_kib+=0 gpu_mib=20136
18:03:53 phase=measured avail_mib=58011 free_mib=12413 cached_mib=46163 swapused_mib=17 swapout_kib+=0 swapin_kib+=0 gpu_mib=20136
18:03:55 phase=measured avail_mib=58029 free_mib=12430 cached_mib=46163 swapused_mib=17 swapout_kib+=0 swapin_kib+=0 gpu_mib=20136
18:03:57 phase=measured avail_mib=58072 free_mib=12473 cached_mib=46163 swapused_mib=17 swapout_kib+=0 swapin_kib+=0 gpu_mib=20136
18:03:59 phase=measured avail_mib=58105 free_mib=12506 cached_mib=46163 swapused_mib=17 swapout_kib+=0 swapin_kib+=0 gpu_mib=20136
18:04:01 phase=measured avail_mib=58106 free_mib=12507 cached_mib=46163 swapused_mib=17 swapout_kib+=0 swapin_kib+=0 gpu_mib=20136
18:04:03 phase=measured avail_mib=58077 free_mib=12478 cached_mib=46163 swapused_mib=17 swapout_kib+=0 swapin_kib+=0 gpu_mib=20136
18:04:05 phase=measured avail_mib=58086 free_mib=12488 cached_mib=46163 swapused_mib=17 swapout_kib+=0 swapin_kib+=0 gpu_mib=20136
18:04:07 phase=measured avail_mib=58106 free_mib=12507 cached_mib=46163 swapused_mib=17 swapout_kib+=0 swapin_kib+=0 gpu_mib=20136
18:04:09 phase=measured avail_mib=58108 free_mib=12509 cached_mib=46163 swapused_mib=17 swapout_kib+=0 swapin_kib+=0 gpu_mib=20136
18:04:11 phase=measured avail_mib=58115 free_mib=12516 cached_mib=46163 swapused_mib=17 swapout_kib+=0 swapin_kib+=0 gpu_mib=20136
18:04:13 phase=measured avail_mib=58147 free_mib=12548 cached_mib=46163 swapused_mib=17 swapout_kib+=0 swapin_kib+=0 gpu_mib=20136
18:04:15 phase=measured avail_mib=58140 free_mib=12541 cached_mib=46164 swapused_mib=17 swapout_kib+=0 swapin_kib+=0 gpu_mib=20136
18:04:17 phase=measured avail_mib=58110 free_mib=12511 cached_mib=46164 swapused_mib=17 swapout_kib+=0 swapin_kib+=0 gpu_mib=20136
18:04:19 phase=measured avail_mib=58100 free_mib=12500 cached_mib=46164 swapused_mib=17 swapout_kib+=0 swapin_kib+=0 gpu_mib=20136
18:04:21 phase=measured avail_mib=58100 free_mib=12501 cached_mib=46164 swapused_mib=17 swapout_kib+=0 swapin_kib+=0 gpu_mib=20136
18:04:23 phase=measured avail_mib=58107 free_mib=12507 cached_mib=46164 swapused_mib=17 swapout_kib+=0 swapin_kib+=0 gpu_mib=20136
18:04:25 phase=measured avail_mib=58116 free_mib=12517 cached_mib=46164 swapused_mib=17 swapout_kib+=0 swapin_kib+=0 gpu_mib=20136
18:04:27 phase=measured avail_mib=58103 free_mib=12503 cached_mib=46164 swapused_mib=17 swapout_kib+=0 swapin_kib+=0 gpu_mib=20136
18:04:29 phase=measured avail_mib=58107 free_mib=12507 cached_mib=46164 swapused_mib=17 swapout_kib+=0 swapin_kib+=0 gpu_mib=20136
18:04:31 phase=measured avail_mib=58117 free_mib=12518 cached_mib=46164 swapused_mib=17 swapout_kib+=0 swapin_kib+=8 gpu_mib=20136
18:04:33 phase=measured avail_mib=58133 free_mib=12534 cached_mib=46164 swapused_mib=17 swapout_kib+=0 swapin_kib+=0 gpu_mib=20136
18:04:35 phase=measured avail_mib=58128 free_mib=12529 cached_mib=46164 swapused_mib=17 swapout_kib+=0 swapin_kib+=0 gpu_mib=20136
18:04:37 phase=measured avail_mib=58129 free_mib=12529 cached_mib=46164 swapused_mib=17 swapout_kib+=0 swapin_kib+=0 gpu_mib=20136
18:04:39 phase=measured avail_mib=58147 free_mib=12548 cached_mib=46164 swapused_mib=17 swapout_kib+=0 swapin_kib+=0 gpu_mib=20136
18:04:41 phase=measured avail_mib=58125 free_mib=12526 cached_mib=46164 swapused_mib=17 swapout_kib+=0 swapin_kib+=0 gpu_mib=20136
18:04:44 phase=measured avail_mib=58016 free_mib=12417 cached_mib=46164 swapused_mib=17 swapout_kib+=0 swapin_kib+=0 gpu_mib=20136
18:04:46 phase=measured avail_mib=57908 free_mib=12308 cached_mib=46164 swapused_mib=17 swapout_kib+=0 swapin_kib+=0 gpu_mib=20136
18:04:48 phase=measured avail_mib=57908 free_mib=12308 cached_mib=46164 swapused_mib=17 swapout_kib+=0 swapin_kib+=0 gpu_mib=20136
18:04:50 phase=measured avail_mib=57908 free_mib=12309 cached_mib=46164 swapused_mib=17 swapout_kib+=0 swapin_kib+=0 gpu_mib=20136
18:04:52 phase=measured avail_mib=57922 free_mib=12323 cached_mib=46164 swapused_mib=17 swapout_kib+=0 swapin_kib+=0 gpu_mib=20136
18:04:54 phase=measured avail_mib=57919 free_mib=12319 cached_mib=46164 swapused_mib=17 swapout_kib+=0 swapin_kib+=0 gpu_mib=20136
18:04:56 phase=measured avail_mib=57927 free_mib=12327 cached_mib=46165 swapused_mib=17 swapout_kib+=0 swapin_kib+=0 gpu_mib=20136
18:04:58 phase=measured avail_mib=57925 free_mib=12323 cached_mib=46166 swapused_mib=17 swapout_kib+=0 swapin_kib+=0 gpu_mib=20136
18:05:00 phase=measured avail_mib=57938 free_mib=12335 cached_mib=46167 swapused_mib=17 swapout_kib+=0 swapin_kib+=0 gpu_mib=20136
18:05:02 phase=measured avail_mib=57077 free_mib=11473 cached_mib=46167 swapused_mib=17 swapout_kib+=0 swapin_kib+=0 gpu_mib=20136
18:05:04 phase=measured avail_mib=57073 free_mib=11470 cached_mib=46168 swapused_mib=17 swapout_kib+=0 swapin_kib+=0 gpu_mib=20136
18:05:06 phase=measured avail_mib=57082 free_mib=11479 cached_mib=46168 swapused_mib=17 swapout_kib+=0 swapin_kib+=0 gpu_mib=20136
18:05:08 phase=measured avail_mib=57101 free_mib=11497 cached_mib=46168 swapused_mib=17 swapout_kib+=0 swapin_kib+=0 gpu_mib=20136
18:05:10 phase=measured avail_mib=57145 free_mib=11541 cached_mib=46168 swapused_mib=17 swapout_kib+=0 swapin_kib+=0 gpu_mib=20136
18:05:12 phase=measured avail_mib=57111 free_mib=11508 cached_mib=46168 swapused_mib=17 swapout_kib+=0 swapin_kib+=0 gpu_mib=20136
18:05:14 phase=measured avail_mib=57161 free_mib=11557 cached_mib=46168 swapused_mib=17 swapout_kib+=0 swapin_kib+=0 gpu_mib=20136
18:05:16 phase=measured avail_mib=57183 free_mib=11578 cached_mib=46168 swapused_mib=17 swapout_kib+=0 swapin_kib+=0 gpu_mib=20136
18:05:18 phase=measured avail_mib=57170 free_mib=11565 cached_mib=46168 swapused_mib=17 swapout_kib+=0 swapin_kib+=0 gpu_mib=20136
18:05:20 phase=measured avail_mib=57191 free_mib=11587 cached_mib=46168 swapused_mib=17 swapout_kib+=0 swapin_kib+=0 gpu_mib=20136
18:05:22 phase=measured avail_mib=57195 free_mib=11591 cached_mib=46168 swapused_mib=17 swapout_kib+=0 swapin_kib+=0 gpu_mib=20136
18:05:24 phase=measured avail_mib=57229 free_mib=11625 cached_mib=46168 swapused_mib=17 swapout_kib+=0 swapin_kib+=0 gpu_mib=20136
18:05:26 phase=measured avail_mib=57233 free_mib=11629 cached_mib=46168 swapused_mib=17 swapout_kib+=0 swapin_kib+=0 gpu_mib=20136
18:05:28 phase=measured avail_mib=57232 free_mib=11628 cached_mib=46168 swapused_mib=17 swapout_kib+=0 swapin_kib+=0 gpu_mib=20136
18:05:30 phase=measured avail_mib=57245 free_mib=11641 cached_mib=46168 swapused_mib=17 swapout_kib+=0 swapin_kib+=0 gpu_mib=20136
18:05:32 phase=measured avail_mib=57285 free_mib=11681 cached_mib=46169 swapused_mib=17 swapout_kib+=0 swapin_kib+=0 gpu_mib=20136
18:05:34 phase=measured avail_mib=57286 free_mib=11682 cached_mib=46169 swapused_mib=17 swapout_kib+=0 swapin_kib+=0 gpu_mib=20136
18:05:36 phase=measured avail_mib=57309 free_mib=11704 cached_mib=46169 swapused_mib=17 swapout_kib+=0 swapin_kib+=0 gpu_mib=20136
18:05:38 phase=measured avail_mib=57303 free_mib=11699 cached_mib=46169 swapused_mib=17 swapout_kib+=0 swapin_kib+=0 gpu_mib=20136
18:05:41 phase=measured avail_mib=57292 free_mib=11687 cached_mib=46169 swapused_mib=17 swapout_kib+=0 swapin_kib+=0 gpu_mib=20136
18:05:43 phase=measured avail_mib=57279 free_mib=11675 cached_mib=46169 swapused_mib=17 swapout_kib+=0 swapin_kib+=0 gpu_mib=20136
18:05:45 phase=measured avail_mib=57282 free_mib=11678 cached_mib=46169 swapused_mib=17 swapout_kib+=0 swapin_kib+=0 gpu_mib=20136
18:05:47 phase=measured avail_mib=57267 free_mib=11663 cached_mib=46169 swapused_mib=17 swapout_kib+=0 swapin_kib+=0 gpu_mib=20136
18:05:49 phase=measured avail_mib=57248 free_mib=11644 cached_mib=46169 swapused_mib=17 swapout_kib+=0 swapin_kib+=0 gpu_mib=20136
18:05:51 phase=measured avail_mib=57243 free_mib=11638 cached_mib=46169 swapused_mib=17 swapout_kib+=0 swapin_kib+=0 gpu_mib=20136
18:05:53 phase=measured avail_mib=57278 free_mib=11673 cached_mib=46169 swapused_mib=17 swapout_kib+=0 swapin_kib+=0 gpu_mib=20136
18:05:55 phase=measured avail_mib=57278 free_mib=11673 cached_mib=46169 swapused_mib=17 swapout_kib+=0 swapin_kib+=0 gpu_mib=20136
18:05:57 phase=measured avail_mib=57310 free_mib=11705 cached_mib=46169 swapused_mib=17 swapout_kib+=0 swapin_kib+=0 gpu_mib=20136
18:05:59 phase=measured avail_mib=57337 free_mib=11733 cached_mib=46169 swapused_mib=17 swapout_kib+=0 swapin_kib+=0 gpu_mib=20136
18:06:01 phase=measured avail_mib=57349 free_mib=11745 cached_mib=46169 swapused_mib=17 swapout_kib+=0 swapin_kib+=0 gpu_mib=20136
18:06:03 phase=measured avail_mib=57216 free_mib=11612 cached_mib=46169 swapused_mib=17 swapout_kib+=0 swapin_kib+=0 gpu_mib=20136
18:06:05 phase=measured avail_mib=57086 free_mib=11482 cached_mib=46169 swapused_mib=17 swapout_kib+=0 swapin_kib+=0 gpu_mib=20136
18:06:07 phase=measured avail_mib=57049 free_mib=11444 cached_mib=46169 swapused_mib=17 swapout_kib+=0 swapin_kib+=0 gpu_mib=20136
18:06:09 phase=measured avail_mib=57059 free_mib=11454 cached_mib=46170 swapused_mib=17 swapout_kib+=0 swapin_kib+=0 gpu_mib=20136
18:06:11 phase=measured avail_mib=57086 free_mib=11480 cached_mib=46170 swapused_mib=17 swapout_kib+=0 swapin_kib+=0 gpu_mib=20136
18:06:13 phase=measured avail_mib=57093 free_mib=11486 cached_mib=46171 swapused_mib=17 swapout_kib+=0 swapin_kib+=0 gpu_mib=20136
18:06:15 phase=measured avail_mib=57064 free_mib=11456 cached_mib=46171 swapused_mib=17 swapout_kib+=0 swapin_kib+=0 gpu_mib=20136
18:06:17 phase=measured avail_mib=57112 free_mib=11504 cached_mib=46173 swapused_mib=17 swapout_kib+=0 swapin_kib+=0 gpu_mib=20136
18:06:19 phase=measured avail_mib=56879 free_mib=11269 cached_mib=46174 swapused_mib=17 swapout_kib+=0 swapin_kib+=0 gpu_mib=20136
18:06:21 phase=measured avail_mib=56216 free_mib=10605 cached_mib=46174 swapused_mib=17 swapout_kib+=0 swapin_kib+=0 gpu_mib=20136
18:06:23 phase=measured avail_mib=56198 free_mib=10587 cached_mib=46174 swapused_mib=17 swapout_kib+=0 swapin_kib+=0 gpu_mib=20136
18:06:25 phase=measured avail_mib=56179 free_mib=10568 cached_mib=46174 swapused_mib=17 swapout_kib+=0 swapin_kib+=0 gpu_mib=20136
18:06:27 phase=measured avail_mib=56176 free_mib=10566 cached_mib=46174 swapused_mib=17 swapout_kib+=0 swapin_kib+=0 gpu_mib=20136
18:06:29 phase=measured avail_mib=56167 free_mib=10556 cached_mib=46174 swapused_mib=17 swapout_kib+=0 swapin_kib+=0 gpu_mib=20136
18:06:31 phase=measured avail_mib=56203 free_mib=10593 cached_mib=46174 swapused_mib=17 swapout_kib+=0 swapin_kib+=0 gpu_mib=20136
18:06:33 phase=measured avail_mib=56198 free_mib=10588 cached_mib=46174 swapused_mib=17 swapout_kib+=0 swapin_kib+=0 gpu_mib=20136
18:06:35 phase=measured avail_mib=56202 free_mib=10592 cached_mib=46174 swapused_mib=17 swapout_kib+=0 swapin_kib+=0 gpu_mib=20136
18:06:37 phase=measured avail_mib=56206 free_mib=10595 cached_mib=46174 swapused_mib=17 swapout_kib+=0 swapin_kib+=0 gpu_mib=20136
18:06:40 phase=measured avail_mib=56238 free_mib=10628 cached_mib=46174 swapused_mib=17 swapout_kib+=0 swapin_kib+=0 gpu_mib=20136
18:06:42 phase=measured avail_mib=56241 free_mib=10631 cached_mib=46174 swapused_mib=17 swapout_kib+=0 swapin_kib+=0 gpu_mib=20136
18:06:44 phase=measured avail_mib=56238 free_mib=10627 cached_mib=46174 swapused_mib=17 swapout_kib+=0 swapin_kib+=0 gpu_mib=20136
18:06:46 phase=measured avail_mib=56253 free_mib=10642 cached_mib=46174 swapused_mib=17 swapout_kib+=0 swapin_kib+=0 gpu_mib=20136
18:06:48 phase=measured avail_mib=56263 free_mib=10652 cached_mib=46174 swapused_mib=17 swapout_kib+=0 swapin_kib+=0 gpu_mib=20136
18:06:50 phase=measured avail_mib=56258 free_mib=10647 cached_mib=46174 swapused_mib=17 swapout_kib+=0 swapin_kib+=0 gpu_mib=20136
18:06:52 phase=measured avail_mib=56269 free_mib=10658 cached_mib=46174 swapused_mib=17 swapout_kib+=0 swapin_kib+=0 gpu_mib=20136
18:06:54 phase=measured avail_mib=56260 free_mib=10650 cached_mib=46175 swapused_mib=17 swapout_kib+=0 swapin_kib+=4 gpu_mib=20136
18:06:56 phase=measured avail_mib=56270 free_mib=10659 cached_mib=46175 swapused_mib=17 swapout_kib+=0 swapin_kib+=0 gpu_mib=20136
18:06:58 phase=measured avail_mib=56263 free_mib=10652 cached_mib=46175 swapused_mib=17 swapout_kib+=0 swapin_kib+=0 gpu_mib=20136
18:07:00 phase=measured avail_mib=56215 free_mib=10604 cached_mib=46175 swapused_mib=17 swapout_kib+=0 swapin_kib+=0 gpu_mib=20136
18:07:02 phase=measured avail_mib=56256 free_mib=10645 cached_mib=46175 swapused_mib=17 swapout_kib+=0 swapin_kib+=0 gpu_mib=20136
18:07:04 phase=measured avail_mib=56257 free_mib=10646 cached_mib=46175 swapused_mib=17 swapout_kib+=0 swapin_kib+=0 gpu_mib=20136
18:07:06 phase=measured avail_mib=56244 free_mib=10633 cached_mib=46175 swapused_mib=17 swapout_kib+=0 swapin_kib+=0 gpu_mib=20136
18:07:08 phase=measured avail_mib=56260 free_mib=10649 cached_mib=46175 swapused_mib=17 swapout_kib+=0 swapin_kib+=0 gpu_mib=20136
18:07:10 phase=measured avail_mib=56235 free_mib=10624 cached_mib=46175 swapused_mib=17 swapout_kib+=0 swapin_kib+=0 gpu_mib=20136
18:07:12 phase=measured avail_mib=56260 free_mib=10649 cached_mib=46175 swapused_mib=17 swapout_kib+=0 swapin_kib+=0 gpu_mib=20136
18:07:14 phase=measured avail_mib=56258 free_mib=10646 cached_mib=46175 swapused_mib=17 swapout_kib+=0 swapin_kib+=0 gpu_mib=20136
18:07:16 phase=measured avail_mib=56280 free_mib=10669 cached_mib=46175 swapused_mib=17 swapout_kib+=0 swapin_kib+=0 gpu_mib=20136
18:07:18 phase=measured avail_mib=56264 free_mib=10652 cached_mib=46175 swapused_mib=17 swapout_kib+=0 swapin_kib+=0 gpu_mib=20136
18:07:20 phase=measured avail_mib=56274 free_mib=10662 cached_mib=46175 swapused_mib=17 swapout_kib+=0 swapin_kib+=0 gpu_mib=20136
18:07:22 phase=measured avail_mib=56169 free_mib=10557 cached_mib=46175 swapused_mib=17 swapout_kib+=0 swapin_kib+=0 gpu_mib=20136
18:07:24 phase=measured avail_mib=56056 free_mib=10445 cached_mib=46175 swapused_mib=17 swapout_kib+=0 swapin_kib+=0 gpu_mib=20136
18:07:26 phase=measured avail_mib=56068 free_mib=10456 cached_mib=46175 swapused_mib=17 swapout_kib+=0 swapin_kib+=0 gpu_mib=20136
18:07:28 phase=measured avail_mib=56087 free_mib=10475 cached_mib=46176 swapused_mib=17 swapout_kib+=0 swapin_kib+=0 gpu_mib=20136
18:07:30 phase=measured avail_mib=56088 free_mib=10475 cached_mib=46177 swapused_mib=17 swapout_kib+=0 swapin_kib+=0 gpu_mib=20136
18:07:32 phase=measured avail_mib=56118 free_mib=10504 cached_mib=46177 swapused_mib=17 swapout_kib+=0 swapin_kib+=0 gpu_mib=20136
18:07:34 phase=measured avail_mib=56152 free_mib=10538 cached_mib=46178 swapused_mib=17 swapout_kib+=0 swapin_kib+=0 gpu_mib=20136
18:07:37 phase=measured avail_mib=56164 free_mib=10550 cached_mib=46178 swapused_mib=17 swapout_kib+=0 swapin_kib+=0 gpu_mib=20136
18:07:39 phase=measured avail_mib=55436 free_mib=9821 cached_mib=46179 swapused_mib=17 swapout_kib+=0 swapin_kib+=0 gpu_mib=20136
18:07:41 phase=measured avail_mib=55238 free_mib=9622 cached_mib=46180 swapused_mib=17 swapout_kib+=0 swapin_kib+=0 gpu_mib=20136
18:07:43 phase=measured avail_mib=55280 free_mib=9664 cached_mib=46180 swapused_mib=17 swapout_kib+=0 swapin_kib+=0 gpu_mib=20136
18:07:45 phase=measured avail_mib=55263 free_mib=9647 cached_mib=46180 swapused_mib=17 swapout_kib+=0 swapin_kib+=0 gpu_mib=20136
18:07:47 phase=measured avail_mib=55311 free_mib=9695 cached_mib=46180 swapused_mib=17 swapout_kib+=0 swapin_kib+=0 gpu_mib=20136
18:07:49 phase=measured avail_mib=55332 free_mib=9716 cached_mib=46180 swapused_mib=17 swapout_kib+=0 swapin_kib+=0 gpu_mib=20136
18:07:51 phase=measured avail_mib=55350 free_mib=9734 cached_mib=46180 swapused_mib=17 swapout_kib+=0 swapin_kib+=0 gpu_mib=20136
18:07:53 phase=measured avail_mib=55381 free_mib=9765 cached_mib=46180 swapused_mib=17 swapout_kib+=0 swapin_kib+=0 gpu_mib=20136
18:07:55 phase=measured avail_mib=55390 free_mib=9774 cached_mib=46180 swapused_mib=17 swapout_kib+=0 swapin_kib+=0 gpu_mib=20136
18:07:57 phase=measured avail_mib=55411 free_mib=9796 cached_mib=46180 swapused_mib=17 swapout_kib+=0 swapin_kib+=0 gpu_mib=20136
18:07:59 phase=measured avail_mib=55460 free_mib=9844 cached_mib=46180 swapused_mib=17 swapout_kib+=0 swapin_kib+=0 gpu_mib=20136
18:08:01 phase=measured avail_mib=55478 free_mib=9862 cached_mib=46180 swapused_mib=17 swapout_kib+=0 swapin_kib+=0 gpu_mib=20136
18:08:03 phase=measured avail_mib=55465 free_mib=9849 cached_mib=46180 swapused_mib=17 swapout_kib+=0 swapin_kib+=0 gpu_mib=20136
18:08:05 phase=measured avail_mib=55518 free_mib=9903 cached_mib=46180 swapused_mib=17 swapout_kib+=0 swapin_kib+=0 gpu_mib=20136
18:08:07 phase=measured avail_mib=55530 free_mib=9914 cached_mib=46180 swapused_mib=17 swapout_kib+=0 swapin_kib+=0 gpu_mib=20136
18:08:09 phase=measured avail_mib=55506 free_mib=9890 cached_mib=46180 swapused_mib=17 swapout_kib+=0 swapin_kib+=0 gpu_mib=20136
18:08:11 phase=measured avail_mib=55514 free_mib=9898 cached_mib=46180 swapused_mib=17 swapout_kib+=0 swapin_kib+=0 gpu_mib=20136
18:08:13 phase=measured avail_mib=55549 free_mib=9933 cached_mib=46180 swapused_mib=17 swapout_kib+=0 swapin_kib+=0 gpu_mib=20136
18:08:15 phase=measured avail_mib=55503 free_mib=9887 cached_mib=46180 swapused_mib=17 swapout_kib+=0 swapin_kib+=0 gpu_mib=20136
18:08:17 phase=measured avail_mib=55512 free_mib=9896 cached_mib=46180 swapused_mib=17 swapout_kib+=0 swapin_kib+=0 gpu_mib=20136
18:08:19 phase=measured avail_mib=55533 free_mib=9917 cached_mib=46180 swapused_mib=17 swapout_kib+=0 swapin_kib+=0 gpu_mib=20136
18:08:21 phase=measured avail_mib=55538 free_mib=9922 cached_mib=46180 swapused_mib=17 swapout_kib+=0 swapin_kib+=0 gpu_mib=20136
18:08:23 phase=measured avail_mib=55519 free_mib=9903 cached_mib=46180 swapused_mib=17 swapout_kib+=0 swapin_kib+=0 gpu_mib=20136
18:08:25 phase=measured avail_mib=55516 free_mib=9899 cached_mib=46180 swapused_mib=17 swapout_kib+=0 swapin_kib+=0 gpu_mib=20136
18:08:27 phase=measured avail_mib=55532 free_mib=9916 cached_mib=46180 swapused_mib=17 swapout_kib+=0 swapin_kib+=0 gpu_mib=20136
18:08:29 phase=measured avail_mib=55536 free_mib=9919 cached_mib=46180 swapused_mib=17 swapout_kib+=0 swapin_kib+=0 gpu_mib=20136
18:08:31 phase=measured avail_mib=55546 free_mib=9929 cached_mib=46180 swapused_mib=17 swapout_kib+=0 swapin_kib+=0 gpu_mib=20136
18:08:34 phase=measured avail_mib=55562 free_mib=9945 cached_mib=46180 swapused_mib=17 swapout_kib+=0 swapin_kib+=0 gpu_mib=20136
18:08:36 phase=measured avail_mib=55530 free_mib=9914 cached_mib=46180 swapused_mib=17 swapout_kib+=0 swapin_kib+=0 gpu_mib=20136
18:08:38 phase=measured avail_mib=55521 free_mib=9904 cached_mib=46180 swapused_mib=17 swapout_kib+=0 swapin_kib+=0 gpu_mib=20136
18:08:40 phase=measured avail_mib=55521 free_mib=9905 cached_mib=46180 swapused_mib=17 swapout_kib+=0 swapin_kib+=0 gpu_mib=20136
18:08:42 phase=measured avail_mib=55418 free_mib=9801 cached_mib=46180 swapused_mib=17 swapout_kib+=0 swapin_kib+=0 gpu_mib=20136
18:08:44 phase=measured avail_mib=55285 free_mib=9668 cached_mib=46180 swapused_mib=17 swapout_kib+=0 swapin_kib+=0 gpu_mib=20136
18:08:46 phase=measured avail_mib=55275 free_mib=9658 cached_mib=46180 swapused_mib=17 swapout_kib+=0 swapin_kib+=0 gpu_mib=20136
18:08:48 phase=measured avail_mib=55273 free_mib=9656 cached_mib=46180 swapused_mib=17 swapout_kib+=0 swapin_kib+=0 gpu_mib=20136
18:08:50 phase=measured avail_mib=55275 free_mib=9658 cached_mib=46180 swapused_mib=17 swapout_kib+=0 swapin_kib+=0 gpu_mib=20136
18:08:52 phase=measured avail_mib=55290 free_mib=9673 cached_mib=46180 swapused_mib=17 swapout_kib+=0 swapin_kib+=0 gpu_mib=20136
18:08:54 phase=measured avail_mib=55309 free_mib=9693 cached_mib=46180 swapused_mib=17 swapout_kib+=0 swapin_kib+=0 gpu_mib=20136
18:08:56 phase=measured avail_mib=55321 free_mib=9704 cached_mib=46180 swapused_mib=17 swapout_kib+=0 swapin_kib+=0 gpu_mib=20136
18:08:58 phase=measured avail_mib=55246 free_mib=9628 cached_mib=46181 swapused_mib=17 swapout_kib+=0 swapin_kib+=0 gpu_mib=20136
18:09:00 phase=measured avail_mib=54462 free_mib=8844 cached_mib=46181 swapused_mib=17 swapout_kib+=0 swapin_kib+=0 gpu_mib=20136
18:09:02 phase=measured avail_mib=54441 free_mib=8823 cached_mib=46181 swapused_mib=17 swapout_kib+=0 swapin_kib+=0 gpu_mib=20136
18:09:04 phase=measured avail_mib=54420 free_mib=8802 cached_mib=46181 swapused_mib=17 swapout_kib+=0 swapin_kib+=0 gpu_mib=20136
18:09:06 phase=measured avail_mib=54423 free_mib=8805 cached_mib=46181 swapused_mib=17 swapout_kib+=0 swapin_kib+=0 gpu_mib=20136
18:09:08 phase=measured avail_mib=54460 free_mib=8842 cached_mib=46181 swapused_mib=17 swapout_kib+=0 swapin_kib+=0 gpu_mib=20136
18:09:10 phase=measured avail_mib=54487 free_mib=8869 cached_mib=46181 swapused_mib=17 swapout_kib+=0 swapin_kib+=0 gpu_mib=20136
18:09:12 phase=measured avail_mib=54517 free_mib=8899 cached_mib=46181 swapused_mib=17 swapout_kib+=0 swapin_kib+=0 gpu_mib=20136
18:09:14 phase=measured avail_mib=54549 free_mib=8931 cached_mib=46182 swapused_mib=17 swapout_kib+=0 swapin_kib+=0 gpu_mib=20136
18:09:16 phase=measured avail_mib=54550 free_mib=8932 cached_mib=46182 swapused_mib=17 swapout_kib+=0 swapin_kib+=0 gpu_mib=20136
18:09:18 phase=measured avail_mib=54582 free_mib=8964 cached_mib=46182 swapused_mib=17 swapout_kib+=0 swapin_kib+=0 gpu_mib=20136
18:09:20 phase=measured avail_mib=54568 free_mib=8950 cached_mib=46182 swapused_mib=17 swapout_kib+=0 swapin_kib+=0 gpu_mib=20136
18:09:22 phase=measured avail_mib=54596 free_mib=8978 cached_mib=46182 swapused_mib=17 swapout_kib+=0 swapin_kib+=0 gpu_mib=20136
18:09:24 phase=measured avail_mib=54556 free_mib=8938 cached_mib=46182 swapused_mib=17 swapout_kib+=0 swapin_kib+=0 gpu_mib=20136
18:09:26 phase=measured avail_mib=54569 free_mib=8951 cached_mib=46182 swapused_mib=17 swapout_kib+=0 swapin_kib+=0 gpu_mib=20136
18:09:28 phase=measured avail_mib=54585 free_mib=8967 cached_mib=46182 swapused_mib=17 swapout_kib+=0 swapin_kib+=0 gpu_mib=20136
18:09:31 phase=measured avail_mib=54582 free_mib=8964 cached_mib=46182 swapused_mib=17 swapout_kib+=0 swapin_kib+=0 gpu_mib=20136
18:09:33 phase=measured avail_mib=54589 free_mib=8971 cached_mib=46182 swapused_mib=17 swapout_kib+=0 swapin_kib+=0 gpu_mib=20136
18:09:35 phase=measured avail_mib=54595 free_mib=8977 cached_mib=46182 swapused_mib=17 swapout_kib+=0 swapin_kib+=0 gpu_mib=20136
18:09:37 phase=measured avail_mib=54577 free_mib=8959 cached_mib=46182 swapused_mib=17 swapout_kib+=0 swapin_kib+=0 gpu_mib=20136
18:09:39 phase=measured avail_mib=54579 free_mib=8961 cached_mib=46182 swapused_mib=17 swapout_kib+=0 swapin_kib+=0 gpu_mib=20136
18:09:41 phase=measured avail_mib=54585 free_mib=8967 cached_mib=46182 swapused_mib=17 swapout_kib+=0 swapin_kib+=0 gpu_mib=20136
18:09:43 phase=measured avail_mib=54609 free_mib=8991 cached_mib=46182 swapused_mib=17 swapout_kib+=0 swapin_kib+=0 gpu_mib=20136
18:09:45 phase=measured avail_mib=54634 free_mib=9016 cached_mib=46182 swapused_mib=17 swapout_kib+=0 swapin_kib+=0 gpu_mib=20136
18:09:47 phase=measured avail_mib=54602 free_mib=8984 cached_mib=46182 swapused_mib=17 swapout_kib+=0 swapin_kib+=0 gpu_mib=20136
18:09:49 phase=measured avail_mib=54623 free_mib=9005 cached_mib=46182 swapused_mib=17 swapout_kib+=0 swapin_kib+=0 gpu_mib=20136
18:09:51 phase=measured avail_mib=54592 free_mib=8974 cached_mib=46182 swapused_mib=17 swapout_kib+=0 swapin_kib+=0 gpu_mib=20136
18:09:53 phase=measured avail_mib=54633 free_mib=9015 cached_mib=46182 swapused_mib=17 swapout_kib+=0 swapin_kib+=0 gpu_mib=20136
18:09:55 phase=measured avail_mib=54640 free_mib=9022 cached_mib=46182 swapused_mib=17 swapout_kib+=0 swapin_kib+=0 gpu_mib=20136
18:09:57 phase=measured avail_mib=54635 free_mib=9016 cached_mib=46182 swapused_mib=17 swapout_kib+=0 swapin_kib+=0 gpu_mib=20136
18:09:59 phase=measured avail_mib=54640 free_mib=9022 cached_mib=46182 swapused_mib=17 swapout_kib+=0 swapin_kib+=0 gpu_mib=20136
18:10:01 phase=measured avail_mib=54521 free_mib=8903 cached_mib=46182 swapused_mib=17 swapout_kib+=0 swapin_kib+=0 gpu_mib=20136
18:10:03 phase=measured avail_mib=54435 free_mib=8816 cached_mib=46182 swapused_mib=17 swapout_kib+=0 swapin_kib+=0 gpu_mib=20136
18:10:05 phase=measured avail_mib=54440 free_mib=8822 cached_mib=46182 swapused_mib=17 swapout_kib+=0 swapin_kib+=0 gpu_mib=20136
18:10:07 phase=measured avail_mib=54412 free_mib=8794 cached_mib=46182 swapused_mib=17 swapout_kib+=0 swapin_kib+=0 gpu_mib=20136
18:10:09 phase=measured avail_mib=54422 free_mib=8804 cached_mib=46182 swapused_mib=17 swapout_kib+=0 swapin_kib+=0 gpu_mib=20136
18:10:11 phase=measured avail_mib=54416 free_mib=8797 cached_mib=46182 swapused_mib=17 swapout_kib+=0 swapin_kib+=0 gpu_mib=20136
18:10:13 phase=measured avail_mib=54444 free_mib=8825 cached_mib=46182 swapused_mib=17 swapout_kib+=0 swapin_kib+=0 gpu_mib=20136
18:10:15 phase=measured avail_mib=54439 free_mib=8819 cached_mib=46183 swapused_mib=17 swapout_kib+=0 swapin_kib+=0 gpu_mib=20136
18:10:17 phase=measured avail_mib=53914 free_mib=8293 cached_mib=46184 swapused_mib=17 swapout_kib+=0 swapin_kib+=0 gpu_mib=20136
18:10:19 phase=measured avail_mib=53522 free_mib=7900 cached_mib=46185 swapused_mib=17 swapout_kib+=0 swapin_kib+=0 gpu_mib=20136
18:10:21 phase=measured avail_mib=53545 free_mib=7924 cached_mib=46185 swapused_mib=17 swapout_kib+=0 swapin_kib+=0 gpu_mib=20136
18:10:23 phase=measured avail_mib=53549 free_mib=7928 cached_mib=46185 swapused_mib=17 swapout_kib+=0 swapin_kib+=0 gpu_mib=20136
18:10:25 phase=measured avail_mib=53563 free_mib=7942 cached_mib=46185 swapused_mib=17 swapout_kib+=0 swapin_kib+=0 gpu_mib=20136
18:10:27 phase=measured avail_mib=53553 free_mib=7931 cached_mib=46185 swapused_mib=17 swapout_kib+=0 swapin_kib+=0 gpu_mib=20136
18:10:30 phase=measured avail_mib=53534 free_mib=7913 cached_mib=46185 swapused_mib=17 swapout_kib+=0 swapin_kib+=0 gpu_mib=20136
18:10:32 phase=measured avail_mib=53543 free_mib=7922 cached_mib=46185 swapused_mib=17 swapout_kib+=0 swapin_kib+=0 gpu_mib=20136
18:10:34 phase=measured avail_mib=53560 free_mib=7939 cached_mib=46185 swapused_mib=17 swapout_kib+=0 swapin_kib+=0 gpu_mib=20136
18:10:36 phase=measured avail_mib=53567 free_mib=7946 cached_mib=46185 swapused_mib=17 swapout_kib+=0 swapin_kib+=0 gpu_mib=20136
18:10:38 phase=measured avail_mib=53552 free_mib=7931 cached_mib=46185 swapused_mib=17 swapout_kib+=0 swapin_kib+=0 gpu_mib=20136
18:10:40 phase=measured avail_mib=53560 free_mib=7939 cached_mib=46185 swapused_mib=17 swapout_kib+=0 swapin_kib+=0 gpu_mib=20136
18:10:42 phase=measured avail_mib=53574 free_mib=7953 cached_mib=46185 swapused_mib=17 swapout_kib+=0 swapin_kib+=0 gpu_mib=20136
18:10:44 phase=measured avail_mib=53566 free_mib=7945 cached_mib=46185 swapused_mib=17 swapout_kib+=0 swapin_kib+=0 gpu_mib=20136
18:10:46 phase=measured avail_mib=53590 free_mib=7969 cached_mib=46185 swapused_mib=17 swapout_kib+=0 swapin_kib+=0 gpu_mib=20136
18:10:48 phase=measured avail_mib=53596 free_mib=7974 cached_mib=46185 swapused_mib=17 swapout_kib+=0 swapin_kib+=0 gpu_mib=20136
18:10:50 phase=measured avail_mib=53589 free_mib=7967 cached_mib=46185 swapused_mib=17 swapout_kib+=0 swapin_kib+=16 gpu_mib=20136
18:10:52 phase=measured avail_mib=53587 free_mib=7966 cached_mib=46185 swapused_mib=17 swapout_kib+=0 swapin_kib+=0 gpu_mib=20136
18:10:54 phase=measured avail_mib=53592 free_mib=7971 cached_mib=46185 swapused_mib=17 swapout_kib+=0 swapin_kib+=0 gpu_mib=20136
18:10:56 phase=measured avail_mib=53576 free_mib=7954 cached_mib=46185 swapused_mib=17 swapout_kib+=0 swapin_kib+=0 gpu_mib=20136
18:10:58 phase=measured avail_mib=53577 free_mib=7955 cached_mib=46185 swapused_mib=17 swapout_kib+=0 swapin_kib+=0 gpu_mib=20136
18:11:00 phase=measured avail_mib=53565 free_mib=7943 cached_mib=46185 swapused_mib=17 swapout_kib+=0 swapin_kib+=0 gpu_mib=20136
18:11:02 phase=measured avail_mib=53559 free_mib=7937 cached_mib=46185 swapused_mib=17 swapout_kib+=0 swapin_kib+=0 gpu_mib=20136
18:11:04 phase=measured avail_mib=53573 free_mib=7952 cached_mib=46185 swapused_mib=17 swapout_kib+=0 swapin_kib+=0 gpu_mib=20136
18:11:06 phase=measured avail_mib=53580 free_mib=7958 cached_mib=46185 swapused_mib=17 swapout_kib+=0 swapin_kib+=0 gpu_mib=20136
18:11:08 phase=measured avail_mib=53608 free_mib=7986 cached_mib=46185 swapused_mib=17 swapout_kib+=0 swapin_kib+=0 gpu_mib=20136
18:11:10 phase=measured avail_mib=53617 free_mib=7995 cached_mib=46185 swapused_mib=17 swapout_kib+=0 swapin_kib+=0 gpu_mib=20136
18:11:12 phase=measured avail_mib=53598 free_mib=7976 cached_mib=46185 swapused_mib=17 swapout_kib+=0 swapin_kib+=0 gpu_mib=20136
18:11:14 phase=measured avail_mib=53562 free_mib=7941 cached_mib=46185 swapused_mib=17 swapout_kib+=0 swapin_kib+=0 gpu_mib=20136
18:11:16 phase=measured avail_mib=53581 free_mib=7959 cached_mib=46185 swapused_mib=17 swapout_kib+=0 swapin_kib+=0 gpu_mib=20136
18:11:18 phase=measured avail_mib=53576 free_mib=7954 cached_mib=46185 swapused_mib=17 swapout_kib+=0 swapin_kib+=0 gpu_mib=20136
18:11:20 phase=measured avail_mib=53615 free_mib=7993 cached_mib=46185 swapused_mib=17 swapout_kib+=0 swapin_kib+=0 gpu_mib=20136
18:11:22 phase=measured avail_mib=53615 free_mib=7984 cached_mib=46195 swapused_mib=17 swapout_kib+=0 swapin_kib+=0 gpu_mib=20138
18:11:24 phase=measured avail_mib=53627 free_mib=7986 cached_mib=46205 swapused_mib=17 swapout_kib+=0 swapin_kib+=0 gpu_mib=20144
18:11:27 phase=measured avail_mib=53644 free_mib=7993 cached_mib=46214 swapused_mib=17 swapout_kib+=0 swapin_kib+=0 gpu_mib=20148
18:11:29 phase=measured avail_mib=53642 free_mib=7983 cached_mib=46222 swapused_mib=17 swapout_kib+=0 swapin_kib+=0 gpu_mib=20154
18:11:31 phase=measured avail_mib=53628 free_mib=7961 cached_mib=46229 swapused_mib=17 swapout_kib+=0 swapin_kib+=0 gpu_mib=20158
18:11:33 phase=measured avail_mib=53617 free_mib=7950 cached_mib=46229 swapused_mib=17 swapout_kib+=0 swapin_kib+=0 gpu_mib=20158
18:11:35 phase=measured avail_mib=53661 free_mib=7985 cached_mib=46238 swapused_mib=17 swapout_kib+=0 swapin_kib+=0 gpu_mib=20164
18:11:37 phase=measured avail_mib=53624 free_mib=7940 cached_mib=46246 swapused_mib=17 swapout_kib+=0 swapin_kib+=0 gpu_mib=20168
18:11:39 phase=measured avail_mib=53626 free_mib=7932 cached_mib=46256 swapused_mib=17 swapout_kib+=0 swapin_kib+=0 gpu_mib=20174
18:11:41 phase=measured avail_mib=53602 free_mib=7901 cached_mib=46264 swapused_mib=17 swapout_kib+=0 swapin_kib+=0 gpu_mib=20178
18:11:43 phase=measured avail_mib=53621 free_mib=7914 cached_mib=46268 swapused_mib=17 swapout_kib+=0 swapin_kib+=0 gpu_mib=20184
18:11:45 phase=measured avail_mib=53622 free_mib=7908 cached_mib=46276 swapused_mib=17 swapout_kib+=0 swapin_kib+=0 gpu_mib=20188
18:11:47 phase=measured avail_mib=53604 free_mib=7885 cached_mib=46281 swapused_mib=17 swapout_kib+=0 swapin_kib+=0 gpu_mib=20194
18:11:49 phase=measured avail_mib=53561 free_mib=7841 cached_mib=46281 swapused_mib=17 swapout_kib+=0 swapin_kib+=0 gpu_mib=20194
18:11:51 phase=measured avail_mib=53598 free_mib=7868 cached_mib=46291 swapused_mib=17 swapout_kib+=0 swapin_kib+=0 gpu_mib=20198
18:11:53 phase=measured avail_mib=53619 free_mib=7881 cached_mib=46299 swapused_mib=17 swapout_kib+=0 swapin_kib+=0 gpu_mib=20204
18:11:55 phase=measured avail_mib=53629 free_mib=7880 cached_mib=46310 swapused_mib=17 swapout_kib+=0 swapin_kib+=0 gpu_mib=20208
18:11:57 phase=measured avail_mib=53667 free_mib=7908 cached_mib=46319 swapused_mib=17 swapout_kib+=0 swapin_kib+=0 gpu_mib=20214
18:11:59 phase=measured avail_mib=53669 free_mib=7903 cached_mib=46327 swapused_mib=17 swapout_kib+=0 swapin_kib+=0 gpu_mib=20218
18:12:01 phase=measured avail_mib=53667 free_mib=7898 cached_mib=46329 swapused_mib=17 swapout_kib+=0 swapin_kib+=0 gpu_mib=20218
18:12:03 phase=measured avail_mib=53708 free_mib=7933 cached_mib=46335 swapused_mib=17 swapout_kib+=0 swapin_kib+=0 gpu_mib=20224
18:12:05 phase=measured avail_mib=53702 free_mib=7921 cached_mib=46341 swapused_mib=17 swapout_kib+=0 swapin_kib+=0 gpu_mib=20228
18:12:07 phase=measured avail_mib=53710 free_mib=7921 cached_mib=46349 swapused_mib=17 swapout_kib+=0 swapin_kib+=0 gpu_mib=20234
18:12:09 phase=measured avail_mib=53715 free_mib=7920 cached_mib=46354 swapused_mib=17 swapout_kib+=0 swapin_kib+=0 gpu_mib=20238
18:12:11 phase=measured avail_mib=53711 free_mib=7910 cached_mib=46361 swapused_mib=17 swapout_kib+=0 swapin_kib+=0 gpu_mib=20244
18:12:13 phase=measured avail_mib=53713 free_mib=7903 cached_mib=46369 swapused_mib=17 swapout_kib+=0 swapin_kib+=0 gpu_mib=20248
18:12:15 phase=measured avail_mib=53715 free_mib=7903 cached_mib=46372 swapused_mib=17 swapout_kib+=0 swapin_kib+=0 gpu_mib=20248
18:12:17 phase=measured avail_mib=53721 free_mib=7902 cached_mib=46379 swapused_mib=17 swapout_kib+=0 swapin_kib+=0 gpu_mib=20254
18:12:19 phase=measured avail_mib=53736 free_mib=7908 cached_mib=46388 swapused_mib=17 swapout_kib+=0 swapin_kib+=0 gpu_mib=20258
18:12:21 phase=measured avail_mib=53711 free_mib=7873 cached_mib=46397 swapused_mib=17 swapout_kib+=0 swapin_kib+=0 gpu_mib=20264
18:12:23 phase=measured avail_mib=53711 free_mib=7864 cached_mib=46407 swapused_mib=17 swapout_kib+=0 swapin_kib+=0 gpu_mib=20268
18:12:26 phase=measured avail_mib=53707 free_mib=7849 cached_mib=46418 swapused_mib=17 swapout_kib+=0 swapin_kib+=0 gpu_mib=20274
18:12:28 phase=measured avail_mib=53766 free_mib=7898 cached_mib=46426 swapused_mib=17 swapout_kib+=0 swapin_kib+=0 gpu_mib=20274
18:12:30 phase=measured avail_mib=53748 free_mib=7879 cached_mib=46428 swapused_mib=17 swapout_kib+=0 swapin_kib+=0 gpu_mib=20278
18:12:32 phase=measured avail_mib=53772 free_mib=7892 cached_mib=46440 swapused_mib=17 swapout_kib+=0 swapin_kib+=0 gpu_mib=20284
18:12:34 phase=measured avail_mib=53757 free_mib=7870 cached_mib=46446 swapused_mib=17 swapout_kib+=0 swapin_kib+=0 gpu_mib=20286
18:12:36 phase=measured avail_mib=53630 free_mib=7737 cached_mib=46452 swapused_mib=17 swapout_kib+=0 swapin_kib+=0 gpu_mib=20296
18:12:38 phase=measured avail_mib=53517 free_mib=7623 cached_mib=46452 swapused_mib=17 swapout_kib+=0 swapin_kib+=0 gpu_mib=20296
18:12:40 phase=measured avail_mib=53526 free_mib=7632 cached_mib=46452 swapused_mib=17 swapout_kib+=0 swapin_kib+=0 gpu_mib=20296
18:12:42 phase=measured avail_mib=53505 free_mib=7610 cached_mib=46453 swapused_mib=17 swapout_kib+=0 swapin_kib+=0 gpu_mib=20296
18:12:44 phase=measured avail_mib=53496 free_mib=7602 cached_mib=46453 swapused_mib=17 swapout_kib+=0 swapin_kib+=0 gpu_mib=20296
18:12:46 phase=measured avail_mib=53498 free_mib=7603 cached_mib=46454 swapused_mib=17 swapout_kib+=0 swapin_kib+=0 gpu_mib=20296
18:12:48 phase=measured avail_mib=53506 free_mib=7611 cached_mib=46454 swapused_mib=17 swapout_kib+=0 swapin_kib+=0 gpu_mib=20296
18:12:50 phase=measured avail_mib=53506 free_mib=7611 cached_mib=46454 swapused_mib=17 swapout_kib+=0 swapin_kib+=0 gpu_mib=20296
18:12:52 phase=measured avail_mib=53508 free_mib=7611 cached_mib=46455 swapused_mib=17 swapout_kib+=0 swapin_kib+=0 gpu_mib=20296
18:12:54 phase=measured avail_mib=53506 free_mib=7609 cached_mib=46455 swapused_mib=17 swapout_kib+=0 swapin_kib+=0 gpu_mib=20296
18:12:56 phase=measured avail_mib=53533 free_mib=7636 cached_mib=46455 swapused_mib=17 swapout_kib+=0 swapin_kib+=0 gpu_mib=20296
18:12:58 phase=measured avail_mib=53539 free_mib=7642 cached_mib=46455 swapused_mib=17 swapout_kib+=0 swapin_kib+=0 gpu_mib=20296
18:13:00 phase=measured avail_mib=53558 free_mib=7661 cached_mib=46455 swapused_mib=17 swapout_kib+=0 swapin_kib+=0 gpu_mib=20296
18:13:02 phase=measured avail_mib=53555 free_mib=7658 cached_mib=46455 swapused_mib=17 swapout_kib+=0 swapin_kib+=0 gpu_mib=20296
18:13:04 phase=measured avail_mib=53569 free_mib=7672 cached_mib=46455 swapused_mib=17 swapout_kib+=0 swapin_kib+=0 gpu_mib=20296
18:13:06 phase=measured avail_mib=53567 free_mib=7670 cached_mib=46455 swapused_mib=17 swapout_kib+=0 swapin_kib+=0 gpu_mib=20296
18:13:08 phase=measured avail_mib=53554 free_mib=7657 cached_mib=46455 swapused_mib=17 swapout_kib+=0 swapin_kib+=0 gpu_mib=20296
18:13:10 phase=measured avail_mib=53553 free_mib=7656 cached_mib=46455 swapused_mib=17 swapout_kib+=0 swapin_kib+=0 gpu_mib=20296
18:13:12 phase=measured avail_mib=53584 free_mib=7687 cached_mib=46455 swapused_mib=17 swapout_kib+=0 swapin_kib+=0 gpu_mib=20296
18:13:14 phase=measured avail_mib=53580 free_mib=7683 cached_mib=46455 swapused_mib=17 swapout_kib+=0 swapin_kib+=0 gpu_mib=20296
18:13:16 phase=measured avail_mib=53609 free_mib=7712 cached_mib=46456 swapused_mib=17 swapout_kib+=0 swapin_kib+=0 gpu_mib=20296
18:13:18 phase=measured avail_mib=53633 free_mib=7736 cached_mib=46456 swapused_mib=17 swapout_kib+=0 swapin_kib+=0 gpu_mib=20296
18:13:20 phase=measured avail_mib=53621 free_mib=7724 cached_mib=46456 swapused_mib=17 swapout_kib+=0 swapin_kib+=0 gpu_mib=20296
18:13:22 phase=measured avail_mib=53616 free_mib=7718 cached_mib=46456 swapused_mib=17 swapout_kib+=0 swapin_kib+=0 gpu_mib=20296
18:13:25 phase=measured avail_mib=53644 free_mib=7747 cached_mib=46456 swapused_mib=17 swapout_kib+=0 swapin_kib+=0 gpu_mib=20296
18:13:27 phase=measured avail_mib=53661 free_mib=7764 cached_mib=46456 swapused_mib=17 swapout_kib+=0 swapin_kib+=0 gpu_mib=20296
18:13:29 phase=measured avail_mib=53678 free_mib=7781 cached_mib=46456 swapused_mib=17 swapout_kib+=0 swapin_kib+=0 gpu_mib=20296
18:13:31 phase=measured avail_mib=53656 free_mib=7759 cached_mib=46456 swapused_mib=17 swapout_kib+=0 swapin_kib+=0 gpu_mib=20296
18:13:33 phase=measured avail_mib=53667 free_mib=7770 cached_mib=46456 swapused_mib=17 swapout_kib+=0 swapin_kib+=0 gpu_mib=20296
18:13:35 phase=measured avail_mib=53651 free_mib=7754 cached_mib=46456 swapused_mib=17 swapout_kib+=0 swapin_kib+=0 gpu_mib=20296
18:13:37 phase=measured avail_mib=53665 free_mib=7768 cached_mib=46456 swapused_mib=17 swapout_kib+=0 swapin_kib+=0 gpu_mib=20296
18:13:39 phase=measured avail_mib=53670 free_mib=7772 cached_mib=46456 swapused_mib=17 swapout_kib+=0 swapin_kib+=0 gpu_mib=20296
18:13:41 phase=measured avail_mib=53649 free_mib=7752 cached_mib=46456 swapused_mib=17 swapout_kib+=0 swapin_kib+=0 gpu_mib=20296
18:13:43 phase=measured avail_mib=53652 free_mib=7755 cached_mib=46456 swapused_mib=17 swapout_kib+=0 swapin_kib+=0 gpu_mib=20296
18:13:45 phase=measured avail_mib=53646 free_mib=7748 cached_mib=46456 swapused_mib=17 swapout_kib+=0 swapin_kib+=0 gpu_mib=20296
18:13:47 phase=measured avail_mib=53662 free_mib=7764 cached_mib=46456 swapused_mib=17 swapout_kib+=0 swapin_kib+=0 gpu_mib=20296
18:13:49 phase=measured avail_mib=53654 free_mib=7757 cached_mib=46456 swapused_mib=17 swapout_kib+=0 swapin_kib+=0 gpu_mib=20296
18:13:51 phase=measured avail_mib=53644 free_mib=7746 cached_mib=46456 swapused_mib=17 swapout_kib+=0 swapin_kib+=0 gpu_mib=20296
18:13:53 phase=measured avail_mib=53610 free_mib=7713 cached_mib=46456 swapused_mib=17 swapout_kib+=0 swapin_kib+=0 gpu_mib=20296
18:13:55 phase=measured avail_mib=53655 free_mib=7758 cached_mib=46456 swapused_mib=17 swapout_kib+=0 swapin_kib+=0 gpu_mib=20296
18:13:57 phase=measured avail_mib=53658 free_mib=7761 cached_mib=46456 swapused_mib=17 swapout_kib+=0 swapin_kib+=0 gpu_mib=20296
18:13:59 phase=measured avail_mib=53671 free_mib=7774 cached_mib=46456 swapused_mib=17 swapout_kib+=0 swapin_kib+=0 gpu_mib=20296
18:14:01 phase=measured avail_mib=53669 free_mib=7772 cached_mib=46456 swapused_mib=17 swapout_kib+=0 swapin_kib+=0 gpu_mib=20296
18:14:03 phase=measured avail_mib=53667 free_mib=7770 cached_mib=46456 swapused_mib=17 swapout_kib+=0 swapin_kib+=0 gpu_mib=20296
18:14:05 phase=measured avail_mib=53666 free_mib=7769 cached_mib=46456 swapused_mib=17 swapout_kib+=0 swapin_kib+=0 gpu_mib=20296
18:14:07 phase=measured avail_mib=53654 free_mib=7757 cached_mib=46456 swapused_mib=17 swapout_kib+=0 swapin_kib+=0 gpu_mib=20296
18:14:09 phase=measured avail_mib=53682 free_mib=7785 cached_mib=46456 swapused_mib=17 swapout_kib+=0 swapin_kib+=0 gpu_mib=20296
18:14:11 phase=measured avail_mib=53708 free_mib=7811 cached_mib=46456 swapused_mib=17 swapout_kib+=0 swapin_kib+=0 gpu_mib=20296
18:14:13 phase=measured avail_mib=53708 free_mib=7811 cached_mib=46456 swapused_mib=17 swapout_kib+=0 swapin_kib+=0 gpu_mib=20296
18:14:15 phase=measured avail_mib=53696 free_mib=7799 cached_mib=46456 swapused_mib=17 swapout_kib+=0 swapin_kib+=0 gpu_mib=20296
18:14:17 phase=measured avail_mib=53721 free_mib=7824 cached_mib=46456 swapused_mib=17 swapout_kib+=0 swapin_kib+=0 gpu_mib=20296
18:14:19 phase=measured avail_mib=53740 free_mib=7842 cached_mib=46456 swapused_mib=17 swapout_kib+=0 swapin_kib+=0 gpu_mib=20296
18:14:22 phase=measured avail_mib=53724 free_mib=7826 cached_mib=46456 swapused_mib=17 swapout_kib+=0 swapin_kib+=0 gpu_mib=20296
18:14:24 phase=measured avail_mib=53696 free_mib=7798 cached_mib=46456 swapused_mib=17 swapout_kib+=0 swapin_kib+=0 gpu_mib=20296
18:14:26 phase=measured avail_mib=53716 free_mib=7818 cached_mib=46456 swapused_mib=17 swapout_kib+=0 swapin_kib+=0 gpu_mib=20296
18:14:28 phase=measured avail_mib=53713 free_mib=7815 cached_mib=46456 swapused_mib=17 swapout_kib+=0 swapin_kib+=0 gpu_mib=20296
18:14:30 phase=measured avail_mib=53713 free_mib=7816 cached_mib=46456 swapused_mib=17 swapout_kib+=0 swapin_kib+=0 gpu_mib=20296
18:14:32 phase=measured avail_mib=53701 free_mib=7804 cached_mib=46456 swapused_mib=17 swapout_kib+=0 swapin_kib+=0 gpu_mib=20296
18:14:34 phase=measured avail_mib=53714 free_mib=7816 cached_mib=46456 swapused_mib=17 swapout_kib+=0 swapin_kib+=0 gpu_mib=20296
18:14:36 phase=measured avail_mib=53670 free_mib=7772 cached_mib=46456 swapused_mib=17 swapout_kib+=0 swapin_kib+=0 gpu_mib=20296
18:14:38 phase=measured avail_mib=53728 free_mib=7830 cached_mib=46456 swapused_mib=17 swapout_kib+=0 swapin_kib+=0 gpu_mib=20296
18:14:40 phase=measured avail_mib=53753 free_mib=7855 cached_mib=46456 swapused_mib=17 swapout_kib+=0 swapin_kib+=0 gpu_mib=20296
18:14:42 phase=measured avail_mib=53749 free_mib=7852 cached_mib=46456 swapused_mib=17 swapout_kib+=0 swapin_kib+=0 gpu_mib=20296
18:14:44 phase=measured avail_mib=53755 free_mib=7858 cached_mib=46456 swapused_mib=17 swapout_kib+=0 swapin_kib+=0 gpu_mib=20296
18:14:46 phase=measured avail_mib=53742 free_mib=7845 cached_mib=46456 swapused_mib=17 swapout_kib+=0 swapin_kib+=0 gpu_mib=20296
18:14:48 phase=measured avail_mib=53717 free_mib=7820 cached_mib=46456 swapused_mib=17 swapout_kib+=0 swapin_kib+=0 gpu_mib=20296
18:14:50 phase=measured avail_mib=53709 free_mib=7811 cached_mib=46456 swapused_mib=17 swapout_kib+=0 swapin_kib+=0 gpu_mib=20296
18:14:52 phase=measured avail_mib=53756 free_mib=7859 cached_mib=46456 swapused_mib=17 swapout_kib+=0 swapin_kib+=0 gpu_mib=20296
18:14:54 phase=measured avail_mib=53751 free_mib=7854 cached_mib=46456 swapused_mib=17 swapout_kib+=0 swapin_kib+=0 gpu_mib=20296
18:14:56 phase=measured avail_mib=53743 free_mib=7845 cached_mib=46456 swapused_mib=17 swapout_kib+=0 swapin_kib+=0 gpu_mib=20296
18:14:58 phase=measured avail_mib=53759 free_mib=7862 cached_mib=46456 swapused_mib=17 swapout_kib+=0 swapin_kib+=0 gpu_mib=20296
18:15:00 phase=measured avail_mib=53740 free_mib=7842 cached_mib=46456 swapused_mib=17 swapout_kib+=0 swapin_kib+=0 gpu_mib=20296
18:15:02 phase=measured avail_mib=53759 free_mib=7861 cached_mib=46456 swapused_mib=17 swapout_kib+=0 swapin_kib+=0 gpu_mib=20296
18:15:04 phase=measured avail_mib=53749 free_mib=7852 cached_mib=46456 swapused_mib=17 swapout_kib+=0 swapin_kib+=0 gpu_mib=20296
18:15:06 phase=measured avail_mib=53633 free_mib=7735 cached_mib=46456 swapused_mib=17 swapout_kib+=0 swapin_kib+=0 gpu_mib=20296
18:15:08 phase=measured avail_mib=53480 free_mib=7582 cached_mib=46456 swapused_mib=17 swapout_kib+=0 swapin_kib+=0 gpu_mib=20296
18:15:10 phase=measured avail_mib=53491 free_mib=7593 cached_mib=46456 swapused_mib=17 swapout_kib+=0 swapin_kib+=0 gpu_mib=20296
18:15:12 phase=measured avail_mib=53496 free_mib=7598 cached_mib=46456 swapused_mib=17 swapout_kib+=0 swapin_kib+=0 gpu_mib=20296
18:15:14 phase=measured avail_mib=53516 free_mib=7617 cached_mib=46457 swapused_mib=17 swapout_kib+=0 swapin_kib+=0 gpu_mib=20296
18:15:16 phase=measured avail_mib=53537 free_mib=7638 cached_mib=46457 swapused_mib=17 swapout_kib+=0 swapin_kib+=0 gpu_mib=20296
18:15:19 phase=measured avail_mib=53500 free_mib=7601 cached_mib=46457 swapused_mib=17 swapout_kib+=0 swapin_kib+=0 gpu_mib=20296
18:15:21 phase=measured avail_mib=53501 free_mib=7602 cached_mib=46457 swapused_mib=17 swapout_kib+=0 swapin_kib+=0 gpu_mib=20296
18:15:23 phase=measured avail_mib=53871 free_mib=7972 cached_mib=46457 swapused_mib=17 swapout_kib+=0 swapin_kib+=0 gpu_mib=20296
18:15:25 phase=measured avail_mib=53572 free_mib=7673 cached_mib=46457 swapused_mib=17 swapout_kib+=0 swapin_kib+=0 gpu_mib=20296
18:15:27 phase=measured avail_mib=53576 free_mib=7676 cached_mib=46457 swapused_mib=17 swapout_kib+=0 swapin_kib+=0 gpu_mib=20296
18:15:29 phase=measured avail_mib=53585 free_mib=7686 cached_mib=46457 swapused_mib=17 swapout_kib+=0 swapin_kib+=0 gpu_mib=20296
18:15:31 phase=measured avail_mib=53607 free_mib=7708 cached_mib=46457 swapused_mib=17 swapout_kib+=0 swapin_kib+=0 gpu_mib=20296
18:15:33 phase=measured avail_mib=53610 free_mib=7710 cached_mib=46457 swapused_mib=17 swapout_kib+=0 swapin_kib+=0 gpu_mib=20296
18:15:35 phase=measured avail_mib=53615 free_mib=7716 cached_mib=46457 swapused_mib=17 swapout_kib+=0 swapin_kib+=0 gpu_mib=20296
18:15:37 phase=measured avail_mib=53597 free_mib=7698 cached_mib=46457 swapused_mib=17 swapout_kib+=0 swapin_kib+=0 gpu_mib=20296
18:15:39 phase=measured avail_mib=53596 free_mib=7697 cached_mib=46457 swapused_mib=17 swapout_kib+=0 swapin_kib+=0 gpu_mib=20296
18:15:41 phase=measured avail_mib=53631 free_mib=7732 cached_mib=46457 swapused_mib=17 swapout_kib+=0 swapin_kib+=0 gpu_mib=20296
18:15:43 phase=measured avail_mib=53662 free_mib=7762 cached_mib=46457 swapused_mib=17 swapout_kib+=0 swapin_kib+=0 gpu_mib=20296
18:15:45 phase=measured avail_mib=53662 free_mib=7763 cached_mib=46457 swapused_mib=17 swapout_kib+=0 swapin_kib+=0 gpu_mib=20296
18:15:47 phase=measured avail_mib=53682 free_mib=7783 cached_mib=46457 swapused_mib=17 swapout_kib+=0 swapin_kib+=0 gpu_mib=20296
18:15:49 phase=measured avail_mib=53655 free_mib=7756 cached_mib=46457 swapused_mib=17 swapout_kib+=0 swapin_kib+=0 gpu_mib=20296
18:15:51 phase=measured avail_mib=53677 free_mib=7777 cached_mib=46457 swapused_mib=17 swapout_kib+=0 swapin_kib+=0 gpu_mib=20296
18:15:53 phase=measured avail_mib=53697 free_mib=7798 cached_mib=46458 swapused_mib=17 swapout_kib+=0 swapin_kib+=0 gpu_mib=20296
18:15:55 phase=measured avail_mib=53694 free_mib=7795 cached_mib=46458 swapused_mib=17 swapout_kib+=0 swapin_kib+=0 gpu_mib=20296
18:15:57 phase=measured avail_mib=53691 free_mib=7791 cached_mib=46458 swapused_mib=17 swapout_kib+=0 swapin_kib+=0 gpu_mib=20296
18:15:59 phase=measured avail_mib=53749 free_mib=7850 cached_mib=46458 swapused_mib=17 swapout_kib+=0 swapin_kib+=0 gpu_mib=20296
18:16:01 phase=measured avail_mib=53733 free_mib=7834 cached_mib=46458 swapused_mib=17 swapout_kib+=0 swapin_kib+=0 gpu_mib=20296
18:16:03 phase=measured avail_mib=53755 free_mib=7856 cached_mib=46458 swapused_mib=17 swapout_kib+=0 swapin_kib+=0 gpu_mib=20296
18:16:05 phase=measured avail_mib=53776 free_mib=7876 cached_mib=46458 swapused_mib=17 swapout_kib+=0 swapin_kib+=0 gpu_mib=20296
18:16:07 phase=measured avail_mib=53751 free_mib=7851 cached_mib=46458 swapused_mib=17 swapout_kib+=0 swapin_kib+=0 gpu_mib=20296
18:16:09 phase=measured avail_mib=53780 free_mib=7881 cached_mib=46458 swapused_mib=17 swapout_kib+=0 swapin_kib+=0 gpu_mib=20296
18:16:11 phase=measured avail_mib=53780 free_mib=7881 cached_mib=46458 swapused_mib=17 swapout_kib+=0 swapin_kib+=0 gpu_mib=20296
18:16:13 phase=measured avail_mib=53780 free_mib=7881 cached_mib=46458 swapused_mib=17 swapout_kib+=0 swapin_kib+=0 gpu_mib=20296
18:16:16 phase=measured avail_mib=53748 free_mib=7848 cached_mib=46458 swapused_mib=17 swapout_kib+=0 swapin_kib+=0 gpu_mib=20296
18:16:18 phase=measured avail_mib=53744 free_mib=7844 cached_mib=46458 swapused_mib=17 swapout_kib+=0 swapin_kib+=0 gpu_mib=20296
18:16:20 phase=measured avail_mib=53746 free_mib=7847 cached_mib=46458 swapused_mib=17 swapout_kib+=0 swapin_kib+=0 gpu_mib=20296
18:16:22 phase=measured avail_mib=53734 free_mib=7835 cached_mib=46458 swapused_mib=17 swapout_kib+=0 swapin_kib+=0 gpu_mib=20296
18:16:24 phase=measured avail_mib=53768 free_mib=7869 cached_mib=46458 swapused_mib=17 swapout_kib+=0 swapin_kib+=0 gpu_mib=20296
18:16:26 phase=measured avail_mib=53770 free_mib=7870 cached_mib=46458 swapused_mib=17 swapout_kib+=0 swapin_kib+=0 gpu_mib=20296
18:16:28 phase=measured avail_mib=53755 free_mib=7855 cached_mib=46458 swapused_mib=17 swapout_kib+=0 swapin_kib+=0 gpu_mib=20296
18:16:30 phase=measured avail_mib=53774 free_mib=7874 cached_mib=46458 swapused_mib=17 swapout_kib+=0 swapin_kib+=0 gpu_mib=20296
18:16:32 phase=measured avail_mib=53777 free_mib=7878 cached_mib=46458 swapused_mib=17 swapout_kib+=0 swapin_kib+=0 gpu_mib=20296
18:16:34 phase=measured avail_mib=53793 free_mib=7894 cached_mib=46458 swapused_mib=17 swapout_kib+=0 swapin_kib+=0 gpu_mib=20296
18:16:36 phase=measured avail_mib=53787 free_mib=7887 cached_mib=46458 swapused_mib=17 swapout_kib+=0 swapin_kib+=0 gpu_mib=20296
18:16:38 phase=measured avail_mib=53788 free_mib=7888 cached_mib=46458 swapused_mib=17 swapout_kib+=0 swapin_kib+=0 gpu_mib=20296
18:16:40 phase=measured avail_mib=53773 free_mib=7874 cached_mib=46458 swapused_mib=17 swapout_kib+=0 swapin_kib+=0 gpu_mib=20296
18:16:42 phase=measured avail_mib=53789 free_mib=7889 cached_mib=46458 swapused_mib=17 swapout_kib+=0 swapin_kib+=0 gpu_mib=20296
18:16:44 phase=measured avail_mib=53788 free_mib=7888 cached_mib=46458 swapused_mib=17 swapout_kib+=0 swapin_kib+=0 gpu_mib=20296
18:16:46 phase=measured avail_mib=53786 free_mib=7886 cached_mib=46458 swapused_mib=17 swapout_kib+=0 swapin_kib+=0 gpu_mib=20296
18:16:48 phase=measured avail_mib=53754 free_mib=7854 cached_mib=46458 swapused_mib=17 swapout_kib+=0 swapin_kib+=0 gpu_mib=20296
18:16:50 phase=measured avail_mib=53771 free_mib=7871 cached_mib=46458 swapused_mib=17 swapout_kib+=0 swapin_kib+=0 gpu_mib=20296
18:16:52 phase=measured avail_mib=53745 free_mib=7845 cached_mib=46458 swapused_mib=17 swapout_kib+=0 swapin_kib+=0 gpu_mib=20296
18:16:54 phase=measured avail_mib=53754 free_mib=7854 cached_mib=46458 swapused_mib=17 swapout_kib+=0 swapin_kib+=0 gpu_mib=20296
18:16:56 phase=measured avail_mib=53758 free_mib=7858 cached_mib=46458 swapused_mib=17 swapout_kib+=0 swapin_kib+=0 gpu_mib=20296
18:16:58 phase=measured avail_mib=53730 free_mib=7830 cached_mib=46458 swapused_mib=17 swapout_kib+=0 swapin_kib+=0 gpu_mib=20296
18:17:00 phase=measured avail_mib=53792 free_mib=7892 cached_mib=46458 swapused_mib=17 swapout_kib+=0 swapin_kib+=0 gpu_mib=20296
18:17:02 phase=measured avail_mib=53813 free_mib=7913 cached_mib=46458 swapused_mib=17 swapout_kib+=0 swapin_kib+=0 gpu_mib=20296
18:17:04 phase=measured avail_mib=53812 free_mib=7912 cached_mib=46458 swapused_mib=17 swapout_kib+=0 swapin_kib+=0 gpu_mib=20296
18:17:06 phase=measured avail_mib=53846 free_mib=7946 cached_mib=46458 swapused_mib=17 swapout_kib+=0 swapin_kib+=0 gpu_mib=20296
18:17:08 phase=measured avail_mib=53835 free_mib=7935 cached_mib=46458 swapused_mib=17 swapout_kib+=0 swapin_kib+=0 gpu_mib=20296
18:17:10 phase=measured avail_mib=53841 free_mib=7941 cached_mib=46458 swapused_mib=17 swapout_kib+=0 swapin_kib+=0 gpu_mib=20296
18:17:13 phase=measured avail_mib=53806 free_mib=7906 cached_mib=46458 swapused_mib=17 swapout_kib+=0 swapin_kib+=0 gpu_mib=20296
18:17:15 phase=measured avail_mib=53809 free_mib=7909 cached_mib=46458 swapused_mib=17 swapout_kib+=0 swapin_kib+=0 gpu_mib=20296
18:17:17 phase=measured avail_mib=53815 free_mib=7915 cached_mib=46458 swapused_mib=17 swapout_kib+=0 swapin_kib+=0 gpu_mib=20296
18:17:19 phase=measured avail_mib=53807 free_mib=7906 cached_mib=46458 swapused_mib=17 swapout_kib+=0 swapin_kib+=0 gpu_mib=20296
18:17:21 phase=measured avail_mib=53826 free_mib=7925 cached_mib=46458 swapused_mib=17 swapout_kib+=0 swapin_kib+=0 gpu_mib=20296
18:17:23 phase=measured avail_mib=53823 free_mib=7923 cached_mib=46458 swapused_mib=17 swapout_kib+=0 swapin_kib+=0 gpu_mib=20296
18:17:25 phase=measured avail_mib=53842 free_mib=7942 cached_mib=46458 swapused_mib=17 swapout_kib+=0 swapin_kib+=0 gpu_mib=20296
18:17:27 phase=measured avail_mib=53823 free_mib=7922 cached_mib=46458 swapused_mib=17 swapout_kib+=0 swapin_kib+=0 gpu_mib=20296
18:17:29 phase=measured avail_mib=53832 free_mib=7932 cached_mib=46458 swapused_mib=17 swapout_kib+=0 swapin_kib+=0 gpu_mib=20296
18:17:31 phase=measured avail_mib=53821 free_mib=7920 cached_mib=46458 swapused_mib=17 swapout_kib+=0 swapin_kib+=0 gpu_mib=20296
18:17:33 phase=measured avail_mib=53810 free_mib=7910 cached_mib=46458 swapused_mib=17 swapout_kib+=0 swapin_kib+=0 gpu_mib=20296
18:17:35 phase=measured avail_mib=53703 free_mib=7803 cached_mib=46458 swapused_mib=17 swapout_kib+=0 swapin_kib+=0 gpu_mib=20296
18:17:37 phase=measured avail_mib=53601 free_mib=7701 cached_mib=46458 swapused_mib=17 swapout_kib+=0 swapin_kib+=0 gpu_mib=20296
18:17:39 phase=measured avail_mib=53594 free_mib=7694 cached_mib=46458 swapused_mib=17 swapout_kib+=0 swapin_kib+=0 gpu_mib=20296
18:17:41 phase=measured avail_mib=53596 free_mib=7696 cached_mib=46459 swapused_mib=17 swapout_kib+=0 swapin_kib+=0 gpu_mib=20296
18:17:43 phase=measured avail_mib=53596 free_mib=7695 cached_mib=46459 swapused_mib=17 swapout_kib+=0 swapin_kib+=0 gpu_mib=20296
18:17:45 phase=measured avail_mib=53597 free_mib=7696 cached_mib=46459 swapused_mib=17 swapout_kib+=0 swapin_kib+=0 gpu_mib=20296
18:17:47 phase=measured avail_mib=53626 free_mib=7724 cached_mib=46459 swapused_mib=17 swapout_kib+=0 swapin_kib+=0 gpu_mib=20296
18:17:49 phase=measured avail_mib=53609 free_mib=7708 cached_mib=46459 swapused_mib=17 swapout_kib+=0 swapin_kib+=0 gpu_mib=20296
18:17:51 phase=measured avail_mib=53631 free_mib=7729 cached_mib=46460 swapused_mib=17 swapout_kib+=0 swapin_kib+=0 gpu_mib=20296
18:17:53 phase=measured avail_mib=53972 free_mib=8070 cached_mib=46460 swapused_mib=17 swapout_kib+=0 swapin_kib+=0 gpu_mib=20296
18:17:55 phase=measured avail_mib=53958 free_mib=8056 cached_mib=46460 swapused_mib=17 swapout_kib+=0 swapin_kib+=0 gpu_mib=20296
18:17:57 phase=measured avail_mib=53952 free_mib=8050 cached_mib=46460 swapused_mib=17 swapout_kib+=0 swapin_kib+=0 gpu_mib=20296
18:17:59 phase=measured avail_mib=53975 free_mib=8073 cached_mib=46460 swapused_mib=17 swapout_kib+=0 swapin_kib+=0 gpu_mib=20296
18:18:01 phase=measured avail_mib=54008 free_mib=8106 cached_mib=46460 swapused_mib=17 swapout_kib+=0 swapin_kib+=0 gpu_mib=20296
18:18:03 phase=measured avail_mib=54006 free_mib=8104 cached_mib=46460 swapused_mib=17 swapout_kib+=0 swapin_kib+=0 gpu_mib=20296
18:18:05 phase=measured avail_mib=54016 free_mib=8114 cached_mib=46460 swapused_mib=17 swapout_kib+=0 swapin_kib+=0 gpu_mib=20296
18:18:07 phase=measured avail_mib=54008 free_mib=8106 cached_mib=46460 swapused_mib=17 swapout_kib+=0 swapin_kib+=0 gpu_mib=20296
18:18:10 phase=measured avail_mib=53985 free_mib=8083 cached_mib=46460 swapused_mib=17 swapout_kib+=0 swapin_kib+=0 gpu_mib=20296
18:18:12 phase=measured avail_mib=53990 free_mib=8088 cached_mib=46460 swapused_mib=17 swapout_kib+=0 swapin_kib+=0 gpu_mib=20296
18:18:14 phase=measured avail_mib=54045 free_mib=8143 cached_mib=46460 swapused_mib=17 swapout_kib+=0 swapin_kib+=0 gpu_mib=20296
18:18:16 phase=measured avail_mib=54058 free_mib=8156 cached_mib=46460 swapused_mib=17 swapout_kib+=0 swapin_kib+=0 gpu_mib=20296
18:18:18 phase=measured avail_mib=54085 free_mib=8183 cached_mib=46460 swapused_mib=17 swapout_kib+=0 swapin_kib+=0 gpu_mib=20296
18:18:20 phase=measured avail_mib=54075 free_mib=8173 cached_mib=46460 swapused_mib=17 swapout_kib+=0 swapin_kib+=36 gpu_mib=20296
18:18:22 phase=measured avail_mib=54064 free_mib=8161 cached_mib=46461 swapused_mib=17 swapout_kib+=0 swapin_kib+=4 gpu_mib=20296
18:18:24 phase=measured avail_mib=54042 free_mib=8137 cached_mib=46463 swapused_mib=17 swapout_kib+=0 swapin_kib+=0 gpu_mib=20296
18:18:26 phase=measured avail_mib=54021 free_mib=8116 cached_mib=46463 swapused_mib=17 swapout_kib+=0 swapin_kib+=0 gpu_mib=20296
18:18:28 phase=measured avail_mib=54055 free_mib=8150 cached_mib=46463 swapused_mib=17 swapout_kib+=0 swapin_kib+=0 gpu_mib=20296
18:18:30 phase=measured avail_mib=54076 free_mib=8171 cached_mib=46463 swapused_mib=17 swapout_kib+=0 swapin_kib+=0 gpu_mib=20296
18:18:32 phase=measured avail_mib=54090 free_mib=8185 cached_mib=46463 swapused_mib=17 swapout_kib+=0 swapin_kib+=0 gpu_mib=20296
18:18:34 phase=measured avail_mib=54085 free_mib=8180 cached_mib=46463 swapused_mib=17 swapout_kib+=0 swapin_kib+=0 gpu_mib=20296
18:18:36 phase=measured avail_mib=54087 free_mib=8182 cached_mib=46463 swapused_mib=17 swapout_kib+=0 swapin_kib+=0 gpu_mib=20296
18:18:38 phase=measured avail_mib=54114 free_mib=8209 cached_mib=46463 swapused_mib=17 swapout_kib+=0 swapin_kib+=0 gpu_mib=20296
18:18:40 phase=measured avail_mib=54128 free_mib=8223 cached_mib=46463 swapused_mib=17 swapout_kib+=0 swapin_kib+=0 gpu_mib=20296
18:18:42 phase=measured avail_mib=54122 free_mib=8216 cached_mib=46463 swapused_mib=17 swapout_kib+=0 swapin_kib+=0 gpu_mib=20296
18:18:44 phase=measured avail_mib=54094 free_mib=8189 cached_mib=46463 swapused_mib=17 swapout_kib+=0 swapin_kib+=0 gpu_mib=20296
18:18:46 phase=measured avail_mib=54096 free_mib=8191 cached_mib=46463 swapused_mib=17 swapout_kib+=0 swapin_kib+=0 gpu_mib=20296
18:18:48 phase=measured avail_mib=54099 free_mib=8194 cached_mib=46463 swapused_mib=17 swapout_kib+=0 swapin_kib+=0 gpu_mib=20296
18:18:50 phase=measured avail_mib=54081 free_mib=8176 cached_mib=46463 swapused_mib=17 swapout_kib+=0 swapin_kib+=0 gpu_mib=20296
18:18:52 phase=measured avail_mib=54103 free_mib=8198 cached_mib=46463 swapused_mib=17 swapout_kib+=0 swapin_kib+=0 gpu_mib=20296
18:18:54 phase=measured avail_mib=54138 free_mib=8233 cached_mib=46463 swapused_mib=17 swapout_kib+=0 swapin_kib+=0 gpu_mib=20296
18:18:56 phase=measured avail_mib=54122 free_mib=8217 cached_mib=46463 swapused_mib=17 swapout_kib+=0 swapin_kib+=0 gpu_mib=20296
18:18:58 phase=measured avail_mib=54123 free_mib=8218 cached_mib=46463 swapused_mib=17 swapout_kib+=0 swapin_kib+=0 gpu_mib=20296
18:19:00 phase=measured avail_mib=54116 free_mib=8211 cached_mib=46463 swapused_mib=17 swapout_kib+=0 swapin_kib+=0 gpu_mib=20296
18:19:02 phase=measured avail_mib=54135 free_mib=8230 cached_mib=46463 swapused_mib=17 swapout_kib+=0 swapin_kib+=0 gpu_mib=20296
18:19:04 phase=measured avail_mib=54166 free_mib=8261 cached_mib=46463 swapused_mib=17 swapout_kib+=0 swapin_kib+=0 gpu_mib=20296
18:19:06 phase=measured avail_mib=54126 free_mib=8220 cached_mib=46463 swapused_mib=17 swapout_kib+=0 swapin_kib+=0 gpu_mib=20296
18:19:09 phase=measured avail_mib=54173 free_mib=8268 cached_mib=46463 swapused_mib=17 swapout_kib+=0 swapin_kib+=0 gpu_mib=20296
18:19:11 phase=measured avail_mib=54184 free_mib=8279 cached_mib=46463 swapused_mib=17 swapout_kib+=0 swapin_kib+=0 gpu_mib=20296
18:19:13 phase=measured avail_mib=54207 free_mib=8302 cached_mib=46463 swapused_mib=17 swapout_kib+=0 swapin_kib+=0 gpu_mib=20296
18:19:15 phase=measured avail_mib=54205 free_mib=8300 cached_mib=46463 swapused_mib=17 swapout_kib+=0 swapin_kib+=0 gpu_mib=20296
18:19:17 phase=measured avail_mib=54194 free_mib=8289 cached_mib=46463 swapused_mib=17 swapout_kib+=0 swapin_kib+=0 gpu_mib=20296
18:19:19 phase=measured avail_mib=54149 free_mib=8244 cached_mib=46463 swapused_mib=17 swapout_kib+=0 swapin_kib+=0 gpu_mib=20296
18:19:21 phase=measured avail_mib=54141 free_mib=8236 cached_mib=46463 swapused_mib=17 swapout_kib+=0 swapin_kib+=0 gpu_mib=20296
18:19:23 phase=measured avail_mib=54167 free_mib=8262 cached_mib=46463 swapused_mib=17 swapout_kib+=0 swapin_kib+=0 gpu_mib=20296
18:19:25 phase=measured avail_mib=54193 free_mib=8287 cached_mib=46463 swapused_mib=17 swapout_kib+=0 swapin_kib+=0 gpu_mib=20296
18:19:27 phase=measured avail_mib=54176 free_mib=8271 cached_mib=46463 swapused_mib=17 swapout_kib+=0 swapin_kib+=0 gpu_mib=20296
18:19:29 phase=measured avail_mib=54184 free_mib=8278 cached_mib=46463 swapused_mib=17 swapout_kib+=0 swapin_kib+=0 gpu_mib=20296
18:19:31 phase=measured avail_mib=54205 free_mib=8300 cached_mib=46463 swapused_mib=17 swapout_kib+=0 swapin_kib+=0 gpu_mib=20296
18:19:33 phase=measured avail_mib=54193 free_mib=8287 cached_mib=46463 swapused_mib=17 swapout_kib+=0 swapin_kib+=0 gpu_mib=20296
18:19:35 phase=measured avail_mib=54215 free_mib=8310 cached_mib=46463 swapused_mib=17 swapout_kib+=0 swapin_kib+=0 gpu_mib=20296
18:19:37 phase=measured avail_mib=54199 free_mib=8294 cached_mib=46463 swapused_mib=17 swapout_kib+=0 swapin_kib+=0 gpu_mib=20296
18:19:39 phase=measured avail_mib=54189 free_mib=8284 cached_mib=46463 swapused_mib=17 swapout_kib+=0 swapin_kib+=0 gpu_mib=20296
18:19:41 phase=measured avail_mib=54189 free_mib=8284 cached_mib=46463 swapused_mib=17 swapout_kib+=0 swapin_kib+=0 gpu_mib=20296
18:19:43 phase=measured avail_mib=54187 free_mib=8282 cached_mib=46463 swapused_mib=17 swapout_kib+=0 swapin_kib+=0 gpu_mib=20296
18:19:45 phase=measured avail_mib=54163 free_mib=8257 cached_mib=46463 swapused_mib=17 swapout_kib+=0 swapin_kib+=0 gpu_mib=20296
18:19:47 phase=measured avail_mib=54163 free_mib=8258 cached_mib=46463 swapused_mib=17 swapout_kib+=0 swapin_kib+=0 gpu_mib=20296
18:19:49 phase=measured avail_mib=54175 free_mib=8269 cached_mib=46463 swapused_mib=17 swapout_kib+=0 swapin_kib+=0 gpu_mib=20296
18:19:51 phase=measured avail_mib=54143 free_mib=8238 cached_mib=46463 swapused_mib=17 swapout_kib+=0 swapin_kib+=0 gpu_mib=20296
18:19:53 phase=measured avail_mib=54180 free_mib=8275 cached_mib=46463 swapused_mib=17 swapout_kib+=0 swapin_kib+=0 gpu_mib=20296
18:19:55 phase=measured avail_mib=54148 free_mib=8243 cached_mib=46463 swapused_mib=17 swapout_kib+=0 swapin_kib+=0 gpu_mib=20296
18:19:57 phase=measured avail_mib=54153 free_mib=8247 cached_mib=46463 swapused_mib=17 swapout_kib+=0 swapin_kib+=0 gpu_mib=20296
18:19:59 phase=measured avail_mib=54157 free_mib=8251 cached_mib=46463 swapused_mib=17 swapout_kib+=0 swapin_kib+=0 gpu_mib=20296
18:20:01 phase=measured avail_mib=54182 free_mib=8277 cached_mib=46463 swapused_mib=17 swapout_kib+=0 swapin_kib+=0 gpu_mib=20296
18:20:03 phase=measured avail_mib=54217 free_mib=8311 cached_mib=46463 swapused_mib=17 swapout_kib+=0 swapin_kib+=0 gpu_mib=20296
18:20:06 phase=measured avail_mib=54086 free_mib=8180 cached_mib=46463 swapused_mib=17 swapout_kib+=0 swapin_kib+=0 gpu_mib=20296
18:20:08 phase=measured avail_mib=53964 free_mib=8059 cached_mib=46463 swapused_mib=17 swapout_kib+=0 swapin_kib+=0 gpu_mib=20296
18:20:10 phase=measured avail_mib=53936 free_mib=8031 cached_mib=46463 swapused_mib=17 swapout_kib+=0 swapin_kib+=0 gpu_mib=20296
18:20:12 phase=measured avail_mib=53952 free_mib=8046 cached_mib=46464 swapused_mib=17 swapout_kib+=0 swapin_kib+=0 gpu_mib=20296
18:20:14 phase=measured avail_mib=53942 free_mib=8037 cached_mib=46464 swapused_mib=17 swapout_kib+=0 swapin_kib+=0 gpu_mib=20296
18:20:16 phase=measured avail_mib=53949 free_mib=8043 cached_mib=46464 swapused_mib=17 swapout_kib+=0 swapin_kib+=0 gpu_mib=20296
18:20:18 phase=measured avail_mib=53993 free_mib=8086 cached_mib=46465 swapused_mib=17 swapout_kib+=0 swapin_kib+=0 gpu_mib=20296
18:20:20 phase=measured avail_mib=53988 free_mib=8079 cached_mib=46467 swapused_mib=17 swapout_kib+=0 swapin_kib+=0 gpu_mib=20296
18:20:22 phase=measured avail_mib=53938 free_mib=8027 cached_mib=46468 swapused_mib=17 swapout_kib+=0 swapin_kib+=0 gpu_mib=20296
18:20:24 phase=measured avail_mib=54316 free_mib=8405 cached_mib=46468 swapused_mib=17 swapout_kib+=0 swapin_kib+=0 gpu_mib=20296
18:20:26 phase=measured avail_mib=54318 free_mib=8407 cached_mib=46468 swapused_mib=17 swapout_kib+=0 swapin_kib+=0 gpu_mib=20296
18:20:28 phase=measured avail_mib=54295 free_mib=8384 cached_mib=46468 swapused_mib=17 swapout_kib+=0 swapin_kib+=0 gpu_mib=20296
18:20:30 phase=measured avail_mib=54317 free_mib=8407 cached_mib=46468 swapused_mib=17 swapout_kib+=0 swapin_kib+=0 gpu_mib=20296
18:20:32 phase=measured avail_mib=54343 free_mib=8433 cached_mib=46468 swapused_mib=17 swapout_kib+=0 swapin_kib+=0 gpu_mib=20296
18:20:34 phase=measured avail_mib=54351 free_mib=8440 cached_mib=46468 swapused_mib=17 swapout_kib+=0 swapin_kib+=0 gpu_mib=20296
18:20:36 phase=measured avail_mib=54389 free_mib=8479 cached_mib=46468 swapused_mib=17 swapout_kib+=0 swapin_kib+=0 gpu_mib=20296
18:20:38 phase=measured avail_mib=54381 free_mib=8470 cached_mib=46468 swapused_mib=17 swapout_kib+=0 swapin_kib+=0 gpu_mib=20296
18:20:40 phase=measured avail_mib=54424 free_mib=8513 cached_mib=46468 swapused_mib=17 swapout_kib+=0 swapin_kib+=0 gpu_mib=20296
18:20:42 phase=measured avail_mib=54421 free_mib=8510 cached_mib=46468 swapused_mib=17 swapout_kib+=0 swapin_kib+=0 gpu_mib=20296
18:20:44 phase=measured avail_mib=54446 free_mib=8535 cached_mib=46468 swapused_mib=17 swapout_kib+=0 swapin_kib+=0 gpu_mib=20296
18:20:46 phase=measured avail_mib=54435 free_mib=8524 cached_mib=46468 swapused_mib=17 swapout_kib+=0 swapin_kib+=0 gpu_mib=20296
18:20:48 phase=measured avail_mib=54426 free_mib=8516 cached_mib=46468 swapused_mib=17 swapout_kib+=0 swapin_kib+=0 gpu_mib=20296
18:20:50 phase=measured avail_mib=54442 free_mib=8531 cached_mib=46468 swapused_mib=17 swapout_kib+=0 swapin_kib+=0 gpu_mib=20296
18:20:52 phase=measured avail_mib=54482 free_mib=8572 cached_mib=46468 swapused_mib=17 swapout_kib+=0 swapin_kib+=0 gpu_mib=20296
18:20:54 phase=measured avail_mib=54464 free_mib=8554 cached_mib=46468 swapused_mib=17 swapout_kib+=0 swapin_kib+=0 gpu_mib=20296
18:20:56 phase=measured avail_mib=54483 free_mib=8572 cached_mib=46468 swapused_mib=17 swapout_kib+=0 swapin_kib+=0 gpu_mib=20296
18:20:58 phase=measured avail_mib=54517 free_mib=8606 cached_mib=46468 swapused_mib=17 swapout_kib+=0 swapin_kib+=0 gpu_mib=20296
18:21:01 phase=measured avail_mib=54524 free_mib=8613 cached_mib=46468 swapused_mib=17 swapout_kib+=0 swapin_kib+=0 gpu_mib=20296
18:21:03 phase=measured avail_mib=54500 free_mib=8589 cached_mib=46468 swapused_mib=17 swapout_kib+=0 swapin_kib+=0 gpu_mib=20296
18:21:05 phase=measured avail_mib=54502 free_mib=8591 cached_mib=46468 swapused_mib=17 swapout_kib+=0 swapin_kib+=0 gpu_mib=20296
18:21:07 phase=measured avail_mib=54484 free_mib=8573 cached_mib=46468 swapused_mib=17 swapout_kib+=0 swapin_kib+=0 gpu_mib=20296
18:21:09 phase=measured avail_mib=54530 free_mib=8619 cached_mib=46468 swapused_mib=17 swapout_kib+=0 swapin_kib+=0 gpu_mib=20296
18:21:11 phase=measured avail_mib=54515 free_mib=8604 cached_mib=46468 swapused_mib=17 swapout_kib+=0 swapin_kib+=0 gpu_mib=20296
18:21:13 phase=measured avail_mib=54504 free_mib=8594 cached_mib=46468 swapused_mib=17 swapout_kib+=0 swapin_kib+=0 gpu_mib=20296
18:21:15 phase=measured avail_mib=54525 free_mib=8615 cached_mib=46468 swapused_mib=17 swapout_kib+=0 swapin_kib+=0 gpu_mib=20296
18:21:17 phase=measured avail_mib=54539 free_mib=8629 cached_mib=46468 swapused_mib=17 swapout_kib+=0 swapin_kib+=0 gpu_mib=20296
18:21:19 phase=measured avail_mib=54544 free_mib=8634 cached_mib=46468 swapused_mib=17 swapout_kib+=0 swapin_kib+=0 gpu_mib=20296
18:21:21 phase=measured avail_mib=54538 free_mib=8628 cached_mib=46468 swapused_mib=17 swapout_kib+=0 swapin_kib+=0 gpu_mib=20296
18:21:23 phase=measured avail_mib=54528 free_mib=8618 cached_mib=46468 swapused_mib=17 swapout_kib+=0 swapin_kib+=0 gpu_mib=20296
18:21:25 phase=measured avail_mib=54545 free_mib=8635 cached_mib=46468 swapused_mib=17 swapout_kib+=0 swapin_kib+=0 gpu_mib=20296
18:21:27 phase=measured avail_mib=54550 free_mib=8639 cached_mib=46468 swapused_mib=17 swapout_kib+=0 swapin_kib+=0 gpu_mib=20296
18:21:29 phase=measured avail_mib=54550 free_mib=8639 cached_mib=46468 swapused_mib=17 swapout_kib+=0 swapin_kib+=0 gpu_mib=20296
18:21:31 phase=measured avail_mib=54548 free_mib=8638 cached_mib=46468 swapused_mib=17 swapout_kib+=0 swapin_kib+=0 gpu_mib=20296
18:21:33 phase=measured avail_mib=54542 free_mib=8632 cached_mib=46468 swapused_mib=17 swapout_kib+=0 swapin_kib+=0 gpu_mib=20296
18:21:35 phase=measured avail_mib=54521 free_mib=8610 cached_mib=46468 swapused_mib=17 swapout_kib+=0 swapin_kib+=0 gpu_mib=20296
18:21:37 phase=measured avail_mib=54536 free_mib=8626 cached_mib=46468 swapused_mib=17 swapout_kib+=0 swapin_kib+=0 gpu_mib=20296
18:21:39 phase=measured avail_mib=54499 free_mib=8589 cached_mib=46468 swapused_mib=17 swapout_kib+=0 swapin_kib+=0 gpu_mib=20296
18:21:41 phase=measured avail_mib=54509 free_mib=8598 cached_mib=46468 swapused_mib=17 swapout_kib+=0 swapin_kib+=0 gpu_mib=20296
18:21:43 phase=measured avail_mib=54521 free_mib=8611 cached_mib=46468 swapused_mib=17 swapout_kib+=0 swapin_kib+=0 gpu_mib=20296
18:21:45 phase=measured avail_mib=54480 free_mib=8569 cached_mib=46468 swapused_mib=17 swapout_kib+=0 swapin_kib+=0 gpu_mib=20296
18:21:47 phase=measured avail_mib=54531 free_mib=8620 cached_mib=46468 swapused_mib=17 swapout_kib+=0 swapin_kib+=0 gpu_mib=20296
18:21:49 phase=measured avail_mib=54525 free_mib=8614 cached_mib=46468 swapused_mib=17 swapout_kib+=0 swapin_kib+=0 gpu_mib=20296
18:21:51 phase=measured avail_mib=54517 free_mib=8606 cached_mib=46468 swapused_mib=17 swapout_kib+=0 swapin_kib+=0 gpu_mib=20296
18:21:53 phase=measured avail_mib=54530 free_mib=8619 cached_mib=46468 swapused_mib=17 swapout_kib+=0 swapin_kib+=0 gpu_mib=20296
18:21:55 phase=measured avail_mib=54545 free_mib=8635 cached_mib=46468 swapused_mib=17 swapout_kib+=0 swapin_kib+=0 gpu_mib=20296
18:21:58 phase=measured avail_mib=54527 free_mib=8617 cached_mib=46468 swapused_mib=17 swapout_kib+=0 swapin_kib+=0 gpu_mib=20296
18:22:00 phase=measured avail_mib=54515 free_mib=8604 cached_mib=46468 swapused_mib=17 swapout_kib+=0 swapin_kib+=0 gpu_mib=20296
18:22:02 phase=measured avail_mib=54525 free_mib=8615 cached_mib=46468 swapused_mib=17 swapout_kib+=0 swapin_kib+=0 gpu_mib=20296
18:22:04 phase=measured avail_mib=54499 free_mib=8588 cached_mib=46468 swapused_mib=17 swapout_kib+=0 swapin_kib+=0 gpu_mib=20296
18:22:06 phase=measured avail_mib=54518 free_mib=8607 cached_mib=46468 swapused_mib=17 swapout_kib+=0 swapin_kib+=0 gpu_mib=20296
18:22:08 phase=measured avail_mib=54490 free_mib=8579 cached_mib=46468 swapused_mib=17 swapout_kib+=0 swapin_kib+=0 gpu_mib=20296
18:22:10 phase=measured avail_mib=54511 free_mib=8600 cached_mib=46468 swapused_mib=17 swapout_kib+=0 swapin_kib+=0 gpu_mib=20296
18:22:12 phase=measured avail_mib=54532 free_mib=8621 cached_mib=46468 swapused_mib=17 swapout_kib+=0 swapin_kib+=0 gpu_mib=20296
18:22:14 phase=measured avail_mib=54523 free_mib=8612 cached_mib=46468 swapused_mib=17 swapout_kib+=0 swapin_kib+=0 gpu_mib=20296
18:22:16 phase=measured avail_mib=54539 free_mib=8629 cached_mib=46468 swapused_mib=17 swapout_kib+=0 swapin_kib+=0 gpu_mib=20296
18:22:18 phase=measured avail_mib=54502 free_mib=8591 cached_mib=46468 swapused_mib=17 swapout_kib+=0 swapin_kib+=0 gpu_mib=20296
18:22:20 phase=measured avail_mib=54515 free_mib=8604 cached_mib=46468 swapused_mib=17 swapout_kib+=0 swapin_kib+=0 gpu_mib=20296
18:22:22 phase=measured avail_mib=54529 free_mib=8618 cached_mib=46468 swapused_mib=17 swapout_kib+=0 swapin_kib+=0 gpu_mib=20296
18:22:24 phase=measured avail_mib=54536 free_mib=8625 cached_mib=46468 swapused_mib=17 swapout_kib+=0 swapin_kib+=0 gpu_mib=20296
18:22:26 phase=measured avail_mib=54556 free_mib=8645 cached_mib=46468 swapused_mib=17 swapout_kib+=0 swapin_kib+=0 gpu_mib=20296
18:22:28 phase=measured avail_mib=54546 free_mib=8635 cached_mib=46468 swapused_mib=17 swapout_kib+=0 swapin_kib+=0 gpu_mib=20296
18:22:30 phase=measured avail_mib=54527 free_mib=8616 cached_mib=46468 swapused_mib=17 swapout_kib+=0 swapin_kib+=0 gpu_mib=20296
18:22:32 phase=measured avail_mib=54532 free_mib=8621 cached_mib=46468 swapused_mib=17 swapout_kib+=0 swapin_kib+=0 gpu_mib=20296
18:22:34 phase=measured avail_mib=54486 free_mib=8575 cached_mib=46468 swapused_mib=17 swapout_kib+=0 swapin_kib+=0 gpu_mib=20296
18:22:36 phase=measured avail_mib=54353 free_mib=8442 cached_mib=46468 swapused_mib=17 swapout_kib+=0 swapin_kib+=0 gpu_mib=20296
18:22:38 phase=measured avail_mib=54276 free_mib=8365 cached_mib=46468 swapused_mib=17 swapout_kib+=0 swapin_kib+=0 gpu_mib=20296
18:22:40 phase=measured avail_mib=54263 free_mib=8352 cached_mib=46468 swapused_mib=17 swapout_kib+=0 swapin_kib+=0 gpu_mib=20296
18:22:42 phase=measured avail_mib=54296 free_mib=8386 cached_mib=46468 swapused_mib=17 swapout_kib+=0 swapin_kib+=0 gpu_mib=20296
18:22:44 phase=measured avail_mib=54283 free_mib=8372 cached_mib=46468 swapused_mib=17 swapout_kib+=0 swapin_kib+=0 gpu_mib=20296
18:22:46 phase=measured avail_mib=54299 free_mib=8388 cached_mib=46468 swapused_mib=17 swapout_kib+=0 swapin_kib+=0 gpu_mib=20296
18:22:48 phase=measured avail_mib=54320 free_mib=8409 cached_mib=46468 swapused_mib=17 swapout_kib+=0 swapin_kib+=0 gpu_mib=20296
18:22:50 phase=measured avail_mib=54338 free_mib=8428 cached_mib=46468 swapused_mib=17 swapout_kib+=0 swapin_kib+=0 gpu_mib=20296
18:22:52 phase=measured avail_mib=53794 free_mib=7883 cached_mib=46468 swapused_mib=17 swapout_kib+=0 swapin_kib+=0 gpu_mib=20296
18:22:55 phase=measured avail_mib=53790 free_mib=7878 cached_mib=46469 swapused_mib=17 swapout_kib+=0 swapin_kib+=0 gpu_mib=20296
18:22:57 phase=measured avail_mib=53778 free_mib=7866 cached_mib=46469 swapused_mib=17 swapout_kib+=0 swapin_kib+=0 gpu_mib=20296
18:22:59 phase=measured avail_mib=53789 free_mib=7878 cached_mib=46469 swapused_mib=17 swapout_kib+=0 swapin_kib+=0 gpu_mib=20296
18:23:01 phase=measured avail_mib=53807 free_mib=7896 cached_mib=46469 swapused_mib=17 swapout_kib+=0 swapin_kib+=0 gpu_mib=20296
18:23:03 phase=measured avail_mib=53775 free_mib=7864 cached_mib=46469 swapused_mib=17 swapout_kib+=0 swapin_kib+=0 gpu_mib=20296
18:23:05 phase=measured avail_mib=53760 free_mib=7849 cached_mib=46469 swapused_mib=17 swapout_kib+=0 swapin_kib+=0 gpu_mib=20296
18:23:07 phase=measured avail_mib=53797 free_mib=7886 cached_mib=46469 swapused_mib=17 swapout_kib+=0 swapin_kib+=0 gpu_mib=20296
18:23:09 phase=measured avail_mib=53799 free_mib=7888 cached_mib=46469 swapused_mib=17 swapout_kib+=0 swapin_kib+=0 gpu_mib=20296
18:23:11 phase=measured avail_mib=53770 free_mib=7858 cached_mib=46469 swapused_mib=17 swapout_kib+=0 swapin_kib+=0 gpu_mib=20296
18:23:13 phase=measured avail_mib=53806 free_mib=7894 cached_mib=46469 swapused_mib=17 swapout_kib+=0 swapin_kib+=0 gpu_mib=20296
18:23:15 phase=measured avail_mib=53807 free_mib=7895 cached_mib=46469 swapused_mib=17 swapout_kib+=0 swapin_kib+=0 gpu_mib=20296
18:23:17 phase=measured avail_mib=53798 free_mib=7887 cached_mib=46469 swapused_mib=17 swapout_kib+=0 swapin_kib+=0 gpu_mib=20296
18:23:19 phase=measured avail_mib=53805 free_mib=7894 cached_mib=46469 swapused_mib=17 swapout_kib+=0 swapin_kib+=0 gpu_mib=20296
18:23:21 phase=measured avail_mib=53816 free_mib=7905 cached_mib=46469 swapused_mib=17 swapout_kib+=0 swapin_kib+=0 gpu_mib=20296
18:23:23 phase=measured avail_mib=53834 free_mib=7922 cached_mib=46469 swapused_mib=17 swapout_kib+=0 swapin_kib+=0 gpu_mib=20296
18:23:25 phase=measured avail_mib=53795 free_mib=7884 cached_mib=46469 swapused_mib=17 swapout_kib+=0 swapin_kib+=0 gpu_mib=20296
18:23:27 phase=measured avail_mib=53831 free_mib=7920 cached_mib=46469 swapused_mib=17 swapout_kib+=0 swapin_kib+=0 gpu_mib=20296
18:23:29 phase=measured avail_mib=53816 free_mib=7904 cached_mib=46469 swapused_mib=17 swapout_kib+=0 swapin_kib+=0 gpu_mib=20296
18:23:31 phase=measured avail_mib=53825 free_mib=7914 cached_mib=46469 swapused_mib=17 swapout_kib+=0 swapin_kib+=0 gpu_mib=20296
18:23:33 phase=measured avail_mib=53869 free_mib=7958 cached_mib=46469 swapused_mib=17 swapout_kib+=0 swapin_kib+=0 gpu_mib=20296
18:23:35 phase=measured avail_mib=53835 free_mib=7923 cached_mib=46469 swapused_mib=17 swapout_kib+=0 swapin_kib+=0 gpu_mib=20296
18:23:37 phase=measured avail_mib=53839 free_mib=7927 cached_mib=46469 swapused_mib=17 swapout_kib+=0 swapin_kib+=0 gpu_mib=20296
18:23:39 phase=measured avail_mib=53829 free_mib=7917 cached_mib=46469 swapused_mib=17 swapout_kib+=0 swapin_kib+=0 gpu_mib=20296
18:23:41 phase=measured avail_mib=53831 free_mib=7919 cached_mib=46469 swapused_mib=17 swapout_kib+=0 swapin_kib+=0 gpu_mib=20296
18:23:43 phase=measured avail_mib=53847 free_mib=7935 cached_mib=46469 swapused_mib=17 swapout_kib+=0 swapin_kib+=0 gpu_mib=20296
18:23:45 phase=measured avail_mib=53842 free_mib=7931 cached_mib=46469 swapused_mib=17 swapout_kib+=0 swapin_kib+=0 gpu_mib=20296
18:23:47 phase=measured avail_mib=53823 free_mib=7912 cached_mib=46469 swapused_mib=17 swapout_kib+=0 swapin_kib+=0 gpu_mib=20296
18:23:49 phase=measured avail_mib=53792 free_mib=7880 cached_mib=46469 swapused_mib=17 swapout_kib+=0 swapin_kib+=0 gpu_mib=20296
18:23:52 phase=measured avail_mib=53792 free_mib=7880 cached_mib=46469 swapused_mib=17 swapout_kib+=0 swapin_kib+=0 gpu_mib=20296
18:23:54 phase=measured avail_mib=53822 free_mib=7910 cached_mib=46469 swapused_mib=17 swapout_kib+=0 swapin_kib+=0 gpu_mib=20296
18:23:56 phase=measured avail_mib=53824 free_mib=7912 cached_mib=46469 swapused_mib=17 swapout_kib+=0 swapin_kib+=0 gpu_mib=20296
18:23:58 phase=measured avail_mib=53833 free_mib=7921 cached_mib=46469 swapused_mib=17 swapout_kib+=0 swapin_kib+=0 gpu_mib=20296
18:24:00 phase=measured avail_mib=53842 free_mib=7930 cached_mib=46469 swapused_mib=17 swapout_kib+=0 swapin_kib+=0 gpu_mib=20296
18:24:02 phase=measured avail_mib=53856 free_mib=7944 cached_mib=46469 swapused_mib=17 swapout_kib+=0 swapin_kib+=0 gpu_mib=20296
18:24:04 phase=measured avail_mib=53866 free_mib=7954 cached_mib=46469 swapused_mib=17 swapout_kib+=0 swapin_kib+=0 gpu_mib=20296
18:24:06 phase=measured avail_mib=53835 free_mib=7923 cached_mib=46469 swapused_mib=17 swapout_kib+=0 swapin_kib+=0 gpu_mib=20296
18:24:08 phase=measured avail_mib=53816 free_mib=7904 cached_mib=46469 swapused_mib=17 swapout_kib+=0 swapin_kib+=0 gpu_mib=20296
18:24:10 phase=measured avail_mib=53852 free_mib=7940 cached_mib=46469 swapused_mib=17 swapout_kib+=0 swapin_kib+=0 gpu_mib=20296
18:24:12 phase=measured avail_mib=53851 free_mib=7939 cached_mib=46469 swapused_mib=17 swapout_kib+=0 swapin_kib+=0 gpu_mib=20296
18:24:14 phase=measured avail_mib=53863 free_mib=7951 cached_mib=46469 swapused_mib=17 swapout_kib+=0 swapin_kib+=0 gpu_mib=20296
18:24:16 phase=measured avail_mib=53875 free_mib=7963 cached_mib=46469 swapused_mib=17 swapout_kib+=0 swapin_kib+=0 gpu_mib=20296
18:24:18 phase=measured avail_mib=53874 free_mib=7962 cached_mib=46469 swapused_mib=17 swapout_kib+=0 swapin_kib+=0 gpu_mib=20296
18:24:20 phase=measured avail_mib=53872 free_mib=7960 cached_mib=46469 swapused_mib=17 swapout_kib+=0 swapin_kib+=0 gpu_mib=20296
18:24:22 phase=measured avail_mib=53834 free_mib=7922 cached_mib=46469 swapused_mib=17 swapout_kib+=0 swapin_kib+=0 gpu_mib=20296
18:24:24 phase=measured avail_mib=53830 free_mib=7918 cached_mib=46469 swapused_mib=17 swapout_kib+=0 swapin_kib+=0 gpu_mib=20296
18:24:26 phase=measured avail_mib=53860 free_mib=7948 cached_mib=46469 swapused_mib=17 swapout_kib+=0 swapin_kib+=0 gpu_mib=20296
18:24:28 phase=measured avail_mib=53887 free_mib=7975 cached_mib=46469 swapused_mib=17 swapout_kib+=0 swapin_kib+=0 gpu_mib=20296
18:24:30 phase=measured avail_mib=53879 free_mib=7967 cached_mib=46469 swapused_mib=17 swapout_kib+=0 swapin_kib+=0 gpu_mib=20296
18:24:32 phase=measured avail_mib=53874 free_mib=7962 cached_mib=46469 swapused_mib=17 swapout_kib+=0 swapin_kib+=4 gpu_mib=20296
18:24:34 phase=measured avail_mib=53882 free_mib=7970 cached_mib=46469 swapused_mib=17 swapout_kib+=0 swapin_kib+=0 gpu_mib=20296
18:24:36 phase=measured avail_mib=53894 free_mib=7982 cached_mib=46469 swapused_mib=17 swapout_kib+=0 swapin_kib+=0 gpu_mib=20296
18:24:38 phase=measured avail_mib=53906 free_mib=7994 cached_mib=46469 swapused_mib=17 swapout_kib+=0 swapin_kib+=0 gpu_mib=20296
18:24:40 phase=measured avail_mib=53911 free_mib=7999 cached_mib=46469 swapused_mib=17 swapout_kib+=0 swapin_kib+=0 gpu_mib=20296
18:24:42 phase=measured avail_mib=53907 free_mib=7995 cached_mib=46469 swapused_mib=17 swapout_kib+=0 swapin_kib+=0 gpu_mib=20296
18:24:44 phase=measured avail_mib=53916 free_mib=8004 cached_mib=46469 swapused_mib=17 swapout_kib+=0 swapin_kib+=0 gpu_mib=20296
18:24:46 phase=measured avail_mib=53923 free_mib=8011 cached_mib=46469 swapused_mib=17 swapout_kib+=0 swapin_kib+=0 gpu_mib=20296
18:24:49 phase=measured avail_mib=53918 free_mib=8006 cached_mib=46469 swapused_mib=17 swapout_kib+=0 swapin_kib+=0 gpu_mib=20296
18:24:51 phase=measured avail_mib=53932 free_mib=8020 cached_mib=46469 swapused_mib=17 swapout_kib+=0 swapin_kib+=0 gpu_mib=20296
18:24:53 phase=measured avail_mib=53937 free_mib=8025 cached_mib=46469 swapused_mib=17 swapout_kib+=0 swapin_kib+=0 gpu_mib=20296
18:24:55 phase=measured avail_mib=53943 free_mib=8031 cached_mib=46469 swapused_mib=17 swapout_kib+=0 swapin_kib+=0 gpu_mib=20296
18:24:57 phase=measured avail_mib=53916 free_mib=8004 cached_mib=46469 swapused_mib=17 swapout_kib+=0 swapin_kib+=0 gpu_mib=20296
18:24:59 phase=measured avail_mib=53961 free_mib=8049 cached_mib=46469 swapused_mib=17 swapout_kib+=0 swapin_kib+=0 gpu_mib=20296
18:25:01 phase=measured avail_mib=53964 free_mib=8052 cached_mib=46469 swapused_mib=17 swapout_kib+=0 swapin_kib+=0 gpu_mib=20296
18:25:03 phase=measured avail_mib=53933 free_mib=8021 cached_mib=46469 swapused_mib=17 swapout_kib+=0 swapin_kib+=0 gpu_mib=20296
18:25:05 phase=measured avail_mib=53884 free_mib=7972 cached_mib=46469 swapused_mib=17 swapout_kib+=0 swapin_kib+=0 gpu_mib=20296
18:25:07 phase=measured avail_mib=53793 free_mib=7881 cached_mib=46469 swapused_mib=17 swapout_kib+=0 swapin_kib+=0 gpu_mib=20296
18:25:09 phase=measured avail_mib=53785 free_mib=7873 cached_mib=46469 swapused_mib=17 swapout_kib+=0 swapin_kib+=0 gpu_mib=20296
18:25:11 phase=measured avail_mib=53770 free_mib=7858 cached_mib=46469 swapused_mib=17 swapout_kib+=0 swapin_kib+=0 gpu_mib=20296
18:25:13 phase=measured avail_mib=53771 free_mib=7859 cached_mib=46469 swapused_mib=17 swapout_kib+=0 swapin_kib+=0 gpu_mib=20296
18:25:15 phase=measured avail_mib=53787 free_mib=7875 cached_mib=46469 swapused_mib=17 swapout_kib+=0 swapin_kib+=0 gpu_mib=20296
18:25:17 phase=measured avail_mib=53763 free_mib=7851 cached_mib=46469 swapused_mib=17 swapout_kib+=0 swapin_kib+=0 gpu_mib=20296
18:25:19 phase=measured avail_mib=53769 free_mib=7857 cached_mib=46469 swapused_mib=17 swapout_kib+=0 swapin_kib+=0 gpu_mib=20296
18:25:21 phase=measured avail_mib=53765 free_mib=7853 cached_mib=46469 swapused_mib=17 swapout_kib+=0 swapin_kib+=0 gpu_mib=20296
18:25:23 phase=idle avail_mib=62831 free_mib=16897 cached_mib=46413 swapused_mib=17 swapout_kib+=0 swapin_kib+=0 gpu_mib=7
18:25:25 phase=idle avail_mib=62828 free_mib=16894 cached_mib=46413 swapused_mib=17 swapout_kib+=0 swapin_kib+=0 gpu_mib=7
18:25:27 phase=idle avail_mib=62855 free_mib=16921 cached_mib=46413 swapused_mib=17 swapout_kib+=0 swapin_kib+=0 gpu_mib=7
