Linux 6.8.0-136-generic (rushuna) 	10/05/2026 	_x86_64_	(8 CPU)

10/05/2026 09:30:31 PM
Device            r/s     rkB/s   rrqm/s  %rrqm r_await rareq-sz     w/s     wkB/s   wrqm/s  %wrqm w_await wareq-sz     d/s     dkB/s   drqm/s  %drqm d_await dareq-sz     f/s f_await  aqu-sz  %util
nvme0n1         34.82   4208.41     0.42   1.20    0.19   120.87    3.10     34.10     5.18  62.55    5.13    11.00    0.00      0.00     0.00   0.00    0.00     0.00    0.08    2.20    0.02   0.30


10/05/2026 09:30:32 PM
Device            r/s     rkB/s   rrqm/s  %rrqm r_await rareq-sz     w/s     wkB/s   wrqm/s  %wrqm w_await wareq-sz     d/s     dkB/s   drqm/s  %drqm d_await dareq-sz     f/s f_await  aqu-sz  %util
nvme0n1       13305.00 526328.00   407.00   2.97    0.13    39.56  211.00   1432.00   147.00  41.06    2.60     6.79    0.00      0.00     0.00   0.00    0.00     0.00    0.00    0.00    2.23  58.00


10/05/2026 09:30:33 PM
Device            r/s     rkB/s   rrqm/s  %rrqm r_await rareq-sz     w/s     wkB/s   wrqm/s  %wrqm w_await wareq-sz     d/s     dkB/s   drqm/s  %drqm d_await dareq-sz     f/s f_await  aqu-sz  %util
nvme0n1       6331.00  25320.00     0.00   0.00    0.14     4.00    0.00      0.00     0.00   0.00    0.00     0.00    0.00      0.00     0.00   0.00    0.00     0.00    0.00    0.00    0.90  91.30


10/05/2026 09:30:34 PM
Device            r/s     rkB/s   rrqm/s  %rrqm r_await rareq-sz     w/s     wkB/s   wrqm/s  %wrqm w_await wareq-sz     d/s     dkB/s   drqm/s  %drqm d_await dareq-sz     f/s f_await  aqu-sz  %util
nvme0n1       10402.00 1134044.00   554.00   5.06    0.17   109.02   31.00    132.00     2.00   6.06    0.16     4.26    0.00      0.00     0.00   0.00    0.00     0.00    0.00    0.00    1.75  52.20


10/05/2026 09:30:35 PM
Device            r/s     rkB/s   rrqm/s  %rrqm r_await rareq-sz     w/s     wkB/s   wrqm/s  %wrqm w_await wareq-sz     d/s     dkB/s   drqm/s  %drqm d_await dareq-sz     f/s f_await  aqu-sz  %util
nvme0n1       10208.00 1299320.00     4.00   0.04    0.19   127.28  454.00   2328.00   128.00  21.99   15.19     5.13    0.00      0.00     0.00   0.00    0.00     0.00    0.00    0.00    8.81  50.70


10/05/2026 09:30:36 PM
Device            r/s     rkB/s   rrqm/s  %rrqm r_await rareq-sz     w/s     wkB/s   wrqm/s  %wrqm w_await wareq-sz     d/s     dkB/s   drqm/s  %drqm d_await dareq-sz     f/s f_await  aqu-sz  %util
nvme0n1       12663.00 1349352.00   466.00   3.55    0.17   106.56    5.00     84.00    16.00  76.19    0.80    16.80    0.00      0.00     0.00   0.00    0.00     0.00    1.00    1.00    2.21  55.50


10/05/2026 09:30:37 PM
Device            r/s     rkB/s   rrqm/s  %rrqm r_await rareq-sz     w/s     wkB/s   wrqm/s  %wrqm w_await wareq-sz     d/s     dkB/s   drqm/s  %drqm d_await dareq-sz     f/s f_await  aqu-sz  %util
nvme0n1       15693.00 1529356.00   233.00   1.46    0.16    97.45    3.00     16.00     1.00  25.00    0.00     5.33    0.00      0.00     0.00   0.00    0.00     0.00    0.00    0.00    2.52  61.70


10/05/2026 09:30:38 PM
Device            r/s     rkB/s   rrqm/s  %rrqm r_await rareq-sz     w/s     wkB/s   wrqm/s  %wrqm w_await wareq-sz     d/s     dkB/s   drqm/s  %drqm d_await dareq-sz     f/s f_await  aqu-sz  %util
nvme0n1       11420.00 1455256.00     0.00   0.00    0.19   127.43    0.00      0.00     0.00   0.00    0.00     0.00    0.00      0.00     0.00   0.00    0.00     0.00    0.00    0.00    2.12  54.70


10/05/2026 09:30:39 PM
Device            r/s     rkB/s   rrqm/s  %rrqm r_await rareq-sz     w/s     wkB/s   wrqm/s  %wrqm w_await wareq-sz     d/s     dkB/s   drqm/s  %drqm d_await dareq-sz     f/s f_await  aqu-sz  %util
nvme0n1       11078.00 1411260.00     0.00   0.00    0.19   127.39   31.00    344.00    55.00  63.95   21.23    11.10    0.00      0.00     0.00   0.00    0.00     0.00    0.00    0.00    2.71  55.50


10/05/2026 09:30:40 PM
Device            r/s     rkB/s   rrqm/s  %rrqm r_await rareq-sz     w/s     wkB/s   wrqm/s  %wrqm w_await wareq-sz     d/s     dkB/s   drqm/s  %drqm d_await dareq-sz     f/s f_await  aqu-sz  %util
nvme0n1       11212.00 1413444.00     2.00   0.02    0.18   126.07    1.00     28.00     6.00  85.71   30.00    28.00    0.00      0.00     0.00   0.00    0.00     0.00    0.00    0.00    2.04  54.90


10/05/2026 09:30:41 PM
Device            r/s     rkB/s   rrqm/s  %rrqm r_await rareq-sz     w/s     wkB/s   wrqm/s  %wrqm w_await wareq-sz     d/s     dkB/s   drqm/s  %drqm d_await dareq-sz     f/s f_await  aqu-sz  %util
nvme0n1       10290.00 1311016.00     0.00   0.00    0.20   127.41  616.00   2624.00    40.00   6.10    5.46     4.26    0.00      0.00     0.00   0.00    0.00     0.00    0.00    0.00    5.39  52.20


10/05/2026 09:30:42 PM
Device            r/s     rkB/s   rrqm/s  %rrqm r_await rareq-sz     w/s     wkB/s   wrqm/s  %wrqm w_await wareq-sz     d/s     dkB/s   drqm/s  %drqm d_await dareq-sz     f/s f_await  aqu-sz  %util
nvme0n1       10501.00 1319900.00    42.00   0.40    0.19   125.69  208.00   3136.00   576.00  73.47    3.16    15.08    0.00      0.00     0.00   0.00    0.00     0.00    1.00    1.00    2.70  53.40


10/05/2026 09:30:43 PM
Device            r/s     rkB/s   rrqm/s  %rrqm r_await rareq-sz     w/s     wkB/s   wrqm/s  %wrqm w_await wareq-sz     d/s     dkB/s   drqm/s  %drqm d_await dareq-sz     f/s f_await  aqu-sz  %util
nvme0n1       13599.00 1463348.00   824.00   5.71    0.18   107.61    1.00      4.00     0.00   0.00   69.00     4.00    0.00      0.00     0.00   0.00    0.00     0.00    0.00    0.00    2.46  58.80


10/05/2026 09:30:44 PM
Device            r/s     rkB/s   rrqm/s  %rrqm r_await rareq-sz     w/s     wkB/s   wrqm/s  %wrqm w_await wareq-sz     d/s     dkB/s   drqm/s  %drqm d_await dareq-sz     f/s f_await  aqu-sz  %util
nvme0n1       11457.00 1455464.00     0.00   0.00    0.19   127.04    1.00      4.00     0.00   0.00    0.00     4.00    0.00      0.00     0.00   0.00    0.00     0.00    0.00    0.00    2.15  53.70


10/05/2026 09:30:45 PM
Device            r/s     rkB/s   rrqm/s  %rrqm r_await rareq-sz     w/s     wkB/s   wrqm/s  %wrqm w_await wareq-sz     d/s     dkB/s   drqm/s  %drqm d_await dareq-sz     f/s f_await  aqu-sz  %util
nvme0n1       11459.00 1459876.00     0.00   0.00    0.19   127.40    1.00      4.00     0.00   0.00   27.00     4.00    0.00      0.00     0.00   0.00    0.00     0.00    0.00    0.00    2.22  56.70


10/05/2026 09:30:46 PM
Device            r/s     rkB/s   rrqm/s  %rrqm r_await rareq-sz     w/s     wkB/s   wrqm/s  %wrqm w_await wareq-sz     d/s     dkB/s   drqm/s  %drqm d_await dareq-sz     f/s f_await  aqu-sz  %util
nvme0n1       10430.00 1328068.00     0.00   0.00    0.22   127.33  298.00  15536.00  4017.00  93.09   15.17    52.13    0.00      0.00     0.00   0.00    0.00     0.00    0.00    0.00    6.78  57.90


10/05/2026 09:30:47 PM
Device            r/s     rkB/s   rrqm/s  %rrqm r_await rareq-sz     w/s     wkB/s   wrqm/s  %wrqm w_await wareq-sz     d/s     dkB/s   drqm/s  %drqm d_await dareq-sz     f/s f_await  aqu-sz  %util
nvme0n1       11162.00 1426100.00     0.00   0.00    0.20   127.76  249.00   2748.00     8.00   3.11   32.74    11.04    0.00      0.00     0.00   0.00    0.00     0.00    1.00    5.00   10.35  56.70


10/05/2026 09:30:48 PM
Device            r/s     rkB/s   rrqm/s  %rrqm r_await rareq-sz     w/s     wkB/s   wrqm/s  %wrqm w_await wareq-sz     d/s     dkB/s   drqm/s  %drqm d_await dareq-sz     f/s f_await  aqu-sz  %util
nvme0n1       11752.00 1502080.00     5.00   0.04    0.19   127.81  147.00    740.00     7.00   4.55    6.15     5.03    0.00      0.00     0.00   0.00    0.00     0.00    0.00    0.00    3.12  56.70


10/05/2026 09:30:49 PM
Device            r/s     rkB/s   rrqm/s  %rrqm r_await rareq-sz     w/s     wkB/s   wrqm/s  %wrqm w_await wareq-sz     d/s     dkB/s   drqm/s  %drqm d_await dareq-sz     f/s f_await  aqu-sz  %util
nvme0n1       11964.00 1531140.00     0.00   0.00    0.18   127.98    2.00     72.00    16.00  88.89   26.50    36.00    0.00      0.00     0.00   0.00    0.00     0.00    0.00    0.00    2.25  52.10


10/05/2026 09:30:50 PM
Device            r/s     rkB/s   rrqm/s  %rrqm r_await rareq-sz     w/s     wkB/s   wrqm/s  %wrqm w_await wareq-sz     d/s     dkB/s   drqm/s  %drqm d_await dareq-sz     f/s f_await  aqu-sz  %util
nvme0n1       11517.00 1474052.00     0.00   0.00    0.19   127.99    1.00      4.00     0.00   0.00    0.00     4.00    0.00      0.00     0.00   0.00    0.00     0.00    0.00    0.00    2.18  57.30


10/05/2026 09:30:51 PM
Device            r/s     rkB/s   rrqm/s  %rrqm r_await rareq-sz     w/s     wkB/s   wrqm/s  %wrqm w_await wareq-sz     d/s     dkB/s   drqm/s  %drqm d_await dareq-sz     f/s f_await  aqu-sz  %util
nvme0n1       11377.00 1456088.00     0.00   0.00    0.19   127.99    0.00      0.00     0.00   0.00    0.00     0.00    0.00      0.00     0.00   0.00    0.00     0.00    0.00    0.00    2.16  54.00


10/05/2026 09:30:52 PM
Device            r/s     rkB/s   rrqm/s  %rrqm r_await rareq-sz     w/s     wkB/s   wrqm/s  %wrqm w_await wareq-sz     d/s     dkB/s   drqm/s  %drqm d_await dareq-sz     f/s f_await  aqu-sz  %util
nvme0n1       10283.00 1294484.00     3.00   0.03    0.20   125.89   82.00   8192.00  1967.00  96.00   16.98    99.90    0.00      0.00     0.00   0.00    0.00     0.00    1.00    0.00    3.47  53.90


10/05/2026 09:30:53 PM
Device            r/s     rkB/s   rrqm/s  %rrqm r_await rareq-sz     w/s     wkB/s   wrqm/s  %wrqm w_await wareq-sz     d/s     dkB/s   drqm/s  %drqm d_await dareq-sz     f/s f_await  aqu-sz  %util
nvme0n1       10763.00 1375084.00    69.00   0.64    0.21   127.76 1244.00   8056.00   770.00  38.23    2.55     6.48    0.00      0.00     0.00   0.00    0.00     0.00    0.00    0.00    5.40  57.50


10/05/2026 09:30:54 PM
Device            r/s     rkB/s   rrqm/s  %rrqm r_await rareq-sz     w/s     wkB/s   wrqm/s  %wrqm w_await wareq-sz     d/s     dkB/s   drqm/s  %drqm d_await dareq-sz     f/s f_await  aqu-sz  %util
nvme0n1       11186.00 1424088.00    90.00   0.80    0.19   127.31  482.00   2064.00    34.00   6.59   10.87     4.28    0.00      0.00     0.00   0.00    0.00     0.00    0.00    0.00    7.39  57.10


10/05/2026 09:30:55 PM
Device            r/s     rkB/s   rrqm/s  %rrqm r_await rareq-sz     w/s     wkB/s   wrqm/s  %wrqm w_await wareq-sz     d/s     dkB/s   drqm/s  %drqm d_await dareq-sz     f/s f_await  aqu-sz  %util
nvme0n1       11146.00 1425824.00    32.00   0.29    0.19   127.92   22.00    112.00     6.00  21.43   25.18     5.09    0.00      0.00     0.00   0.00    0.00     0.00    0.00    0.00    2.72  54.40


10/05/2026 09:30:56 PM
Device            r/s     rkB/s   rrqm/s  %rrqm r_await rareq-sz     w/s     wkB/s   wrqm/s  %wrqm w_await wareq-sz     d/s     dkB/s   drqm/s  %drqm d_await dareq-sz     f/s f_await  aqu-sz  %util
nvme0n1       11206.00 1433176.00     7.00   0.06    0.20   127.89  257.00   1100.00    18.00   6.55   16.29     4.28    0.00      0.00     0.00   0.00    0.00     0.00    0.00    0.00    6.38  57.50


10/05/2026 09:30:57 PM
Device            r/s     rkB/s   rrqm/s  %rrqm r_await rareq-sz     w/s     wkB/s   wrqm/s  %wrqm w_await wareq-sz     d/s     dkB/s   drqm/s  %drqm d_await dareq-sz     f/s f_await  aqu-sz  %util
nvme0n1       10934.00 1396208.00     3.00   0.03    0.20   127.69  400.00   2464.00   726.00  64.48   16.05     6.16    0.00      0.00     0.00   0.00    0.00     0.00    1.00    1.00    8.60  55.80


10/05/2026 09:30:58 PM
Device            r/s     rkB/s   rrqm/s  %rrqm r_await rareq-sz     w/s     wkB/s   wrqm/s  %wrqm w_await wareq-sz     d/s     dkB/s   drqm/s  %drqm d_await dareq-sz     f/s f_await  aqu-sz  %util
nvme0n1       2345.00 286260.00     7.00   0.30    1.34   122.07 2841.00 223756.00 52604.00  94.88   56.38    78.76    0.00      0.00     0.00   0.00    0.00     0.00    0.00    0.00  163.34  72.60


10/05/2026 09:30:59 PM
Device            r/s     rkB/s   rrqm/s  %rrqm r_await rareq-sz     w/s     wkB/s   wrqm/s  %wrqm w_await wareq-sz     d/s     dkB/s   drqm/s  %drqm d_await dareq-sz     f/s f_await  aqu-sz  %util
nvme0n1       6339.00  83792.00  1479.00  18.92    0.14    13.22  447.00  25320.00  5868.00  92.92    0.52    56.64    0.00      0.00     0.00   0.00    0.00     0.00    0.00    0.00    1.14  77.20


10/05/2026 09:31:00 PM
Device            r/s     rkB/s   rrqm/s  %rrqm r_await rareq-sz     w/s     wkB/s   wrqm/s  %wrqm w_await wareq-sz     d/s     dkB/s   drqm/s  %drqm d_await dareq-sz     f/s f_await  aqu-sz  %util
nvme0n1       10818.00 1263256.00    74.00   0.68    0.19   116.77  998.00  93108.00 22279.00  95.71    5.96    93.29    0.00      0.00     0.00   0.00    0.00     0.00    0.00    0.00    7.97  59.80


10/05/2026 09:31:01 PM
Device            r/s     rkB/s   rrqm/s  %rrqm r_await rareq-sz     w/s     wkB/s   wrqm/s  %wrqm w_await wareq-sz     d/s     dkB/s   drqm/s  %drqm d_await dareq-sz     f/s f_await  aqu-sz  %util
nvme0n1       10965.00 1349104.00   123.00   1.11    0.18   123.04   23.00    100.00     2.00   8.00   25.30     4.35    0.00      0.00     0.00   0.00    0.00     0.00    0.00    0.00    2.54  50.60


10/05/2026 09:31:02 PM
Device            r/s     rkB/s   rrqm/s  %rrqm r_await rareq-sz     w/s     wkB/s   wrqm/s  %wrqm w_await wareq-sz     d/s     dkB/s   drqm/s  %drqm d_await dareq-sz     f/s f_await  aqu-sz  %util
nvme0n1       6417.00 768596.00   107.00   1.64    0.22   119.77  173.00    944.00    64.00  27.00   11.45     5.46    0.00      0.00     0.00   0.00    0.00     0.00    1.00    1.00    3.41  47.30


10/05/2026 09:31:03 PM
Device            r/s     rkB/s   rrqm/s  %rrqm r_await rareq-sz     w/s     wkB/s   wrqm/s  %wrqm w_await wareq-sz     d/s     dkB/s   drqm/s  %drqm d_await dareq-sz     f/s f_await  aqu-sz  %util
nvme0n1       5921.00 730536.00   108.00   1.79    0.23   123.38  236.00   1036.00    23.00   8.88   21.70     4.39    0.00      0.00     0.00   0.00    0.00     0.00    0.00    0.00    6.46  51.00


10/05/2026 09:31:04 PM
Device            r/s     rkB/s   rrqm/s  %rrqm r_await rareq-sz     w/s     wkB/s   wrqm/s  %wrqm w_await wareq-sz     d/s     dkB/s   drqm/s  %drqm d_await dareq-sz     f/s f_await  aqu-sz  %util
nvme0n1       6164.00 760736.00   108.00   1.72    0.22   123.42  189.00    764.00     2.00   1.05   12.22     4.04    0.00      0.00     0.00   0.00    0.00     0.00    0.00    0.00    3.66  45.60


10/05/2026 09:31:05 PM
Device            r/s     rkB/s   rrqm/s  %rrqm r_await rareq-sz     w/s     wkB/s   wrqm/s  %wrqm w_await wareq-sz     d/s     dkB/s   drqm/s  %drqm d_await dareq-sz     f/s f_await  aqu-sz  %util
nvme0n1       2682.00 329716.00    66.00   2.40    0.68   122.94  785.00  90808.00 21916.00  96.54  224.13   115.68    0.00      0.00     0.00   0.00    0.00     0.00    0.00    0.00  177.78  65.20


10/05/2026 09:31:06 PM
Device            r/s     rkB/s   rrqm/s  %rrqm r_await rareq-sz     w/s     wkB/s   wrqm/s  %wrqm w_await wareq-sz     d/s     dkB/s   drqm/s  %drqm d_await dareq-sz     f/s f_await  aqu-sz  %util
nvme0n1       6596.00 821788.00   107.00   1.60    0.23   124.59  687.00   2972.00    56.00   7.54    2.88     4.33    0.00      0.00     0.00   0.00    0.00     0.00    0.00    0.00    3.46  49.80


10/05/2026 09:31:07 PM
Device            r/s     rkB/s   rrqm/s  %rrqm r_await rareq-sz     w/s     wkB/s   wrqm/s  %wrqm w_await wareq-sz     d/s     dkB/s   drqm/s  %drqm d_await dareq-sz     f/s f_await  aqu-sz  %util
nvme0n1       11431.00 767356.00   378.00   3.20    0.14    67.13  347.00   1832.00   113.00  24.57    6.87     5.28    0.00      0.00     0.00   0.00    0.00     0.00    1.00    1.00    3.98  55.20


10/05/2026 09:31:08 PM
Device            r/s     rkB/s   rrqm/s  %rrqm r_await rareq-sz     w/s     wkB/s   wrqm/s  %wrqm w_await wareq-sz     d/s     dkB/s   drqm/s  %drqm d_await dareq-sz     f/s f_await  aqu-sz  %util
nvme0n1       6001.00 746908.00   116.00   1.90    0.24   124.46  251.00  10824.00  2454.00  90.72   24.12    43.12    0.00      0.00     0.00   0.00    0.00     0.00    0.00    0.00    7.50  47.30


10/05/2026 09:31:09 PM
Device            r/s     rkB/s   rrqm/s  %rrqm r_await rareq-sz     w/s     wkB/s   wrqm/s  %wrqm w_await wareq-sz     d/s     dkB/s   drqm/s  %drqm d_await dareq-sz     f/s f_await  aqu-sz  %util
nvme0n1       5602.00 682812.00   264.00   4.50    0.22   121.89    0.00      0.00     0.00   0.00    0.00     0.00    0.00      0.00     0.00   0.00    0.00     0.00    0.00    0.00    1.25  43.40


10/05/2026 09:31:10 PM
Device            r/s     rkB/s   rrqm/s  %rrqm r_await rareq-sz     w/s     wkB/s   wrqm/s  %wrqm w_await wareq-sz     d/s     dkB/s   drqm/s  %drqm d_await dareq-sz     f/s f_await  aqu-sz  %util
nvme0n1       4752.00 577676.00   242.00   4.85    0.23   121.56    2.00     12.00     1.00  33.33    0.00     6.00    0.00      0.00     0.00   0.00    0.00     0.00    0.00    0.00    1.11  39.60


10/05/2026 09:31:11 PM
Device            r/s     rkB/s   rrqm/s  %rrqm r_await rareq-sz     w/s     wkB/s   wrqm/s  %wrqm w_await wareq-sz     d/s     dkB/s   drqm/s  %drqm d_await dareq-sz     f/s f_await  aqu-sz  %util
nvme0n1       6055.00 745800.00   200.00   3.20    0.21   123.17   91.00    516.00    37.00  28.91    5.22     5.67    0.00      0.00     0.00   0.00    0.00     0.00    0.00    0.00    1.75  40.80


10/05/2026 09:31:12 PM
Device            r/s     rkB/s   rrqm/s  %rrqm r_await rareq-sz     w/s     wkB/s   wrqm/s  %wrqm w_await wareq-sz     d/s     dkB/s   drqm/s  %drqm d_await dareq-sz     f/s f_await  aqu-sz  %util
nvme0n1       4950.00 608464.00   258.00   4.95    0.23   122.92  182.00    932.00    52.00  22.22    6.84     5.12    0.00      0.00     0.00   0.00    0.00     0.00    1.00    1.00    2.37  42.50


10/05/2026 09:31:13 PM
Device            r/s     rkB/s   rrqm/s  %rrqm r_await rareq-sz     w/s     wkB/s   wrqm/s  %wrqm w_await wareq-sz     d/s     dkB/s   drqm/s  %drqm d_await dareq-sz     f/s f_await  aqu-sz  %util
nvme0n1       8472.00 801696.00  1384.00  14.04    0.18    94.63  182.00   2108.00   345.00  65.46    2.63    11.58    0.00      0.00     0.00   0.00    0.00     0.00    0.00    0.00    1.96  46.20


10/05/2026 09:31:14 PM
Device            r/s     rkB/s   rrqm/s  %rrqm r_await rareq-sz     w/s     wkB/s   wrqm/s  %wrqm w_await wareq-sz     d/s     dkB/s   drqm/s  %drqm d_await dareq-sz     f/s f_await  aqu-sz  %util
nvme0n1       5739.00 499140.00   973.00  14.50    0.20    86.97   44.00    256.00    20.00  31.25   20.84     5.82    0.00      0.00     0.00   0.00    0.00     0.00    0.00    0.00    2.05  52.40


10/05/2026 09:31:15 PM
Device            r/s     rkB/s   rrqm/s  %rrqm r_await rareq-sz     w/s     wkB/s   wrqm/s  %wrqm w_await wareq-sz     d/s     dkB/s   drqm/s  %drqm d_await dareq-sz     f/s f_await  aqu-sz  %util
nvme0n1       6176.00  26408.00     0.00   0.00    0.14     4.28    0.00      0.00     0.00   0.00    0.00     0.00    0.00      0.00     0.00   0.00    0.00     0.00    0.00    0.00    0.89  87.90


10/05/2026 09:31:16 PM
Device            r/s     rkB/s   rrqm/s  %rrqm r_await rareq-sz     w/s     wkB/s   wrqm/s  %wrqm w_await wareq-sz     d/s     dkB/s   drqm/s  %drqm d_await dareq-sz     f/s f_await  aqu-sz  %util
nvme0n1       5879.00 685920.00   180.00   2.97    0.20   116.67   31.00    164.00    10.00  24.39   27.06     5.29    0.00      0.00     0.00   0.00    0.00     0.00    0.00    0.00    2.03  40.10


10/05/2026 09:31:17 PM
Device            r/s     rkB/s   rrqm/s  %rrqm r_await rareq-sz     w/s     wkB/s   wrqm/s  %wrqm w_await wareq-sz     d/s     dkB/s   drqm/s  %drqm d_await dareq-sz     f/s f_await  aqu-sz  %util
nvme0n1       10013.00 1267548.00     0.00   0.00    0.19   126.59   45.00    240.00    16.00  26.23   16.49     5.33    0.00      0.00     0.00   0.00    0.00     0.00    1.00    1.00    2.68  55.30


10/05/2026 09:31:18 PM
Device            r/s     rkB/s   rrqm/s  %rrqm r_await rareq-sz     w/s     wkB/s   wrqm/s  %wrqm w_await wareq-sz     d/s     dkB/s   drqm/s  %drqm d_await dareq-sz     f/s f_await  aqu-sz  %util
nvme0n1       10747.00 1371904.00     0.00   0.00    0.19   127.65   95.00    500.00     2.00   2.06    0.34     5.26    0.00      0.00     0.00   0.00    0.00     0.00    0.00    0.00    2.05  53.70


10/05/2026 09:31:19 PM
Device            r/s     rkB/s   rrqm/s  %rrqm r_await rareq-sz     w/s     wkB/s   wrqm/s  %wrqm w_await wareq-sz     d/s     dkB/s   drqm/s  %drqm d_await dareq-sz     f/s f_await  aqu-sz  %util
nvme0n1       10767.00 1375600.00     0.00   0.00    0.19   127.76    0.00      0.00     0.00   0.00    0.00     0.00    0.00      0.00     0.00   0.00    0.00     0.00    0.00    0.00    2.07  56.10


10/05/2026 09:31:20 PM
Device            r/s     rkB/s   rrqm/s  %rrqm r_await rareq-sz     w/s     wkB/s   wrqm/s  %wrqm w_await wareq-sz     d/s     dkB/s   drqm/s  %drqm d_await dareq-sz     f/s f_await  aqu-sz  %util
nvme0n1       10322.00 1315264.00    42.00   0.41    0.20   127.42   58.00   3000.00   693.00  92.28    1.74    51.72    0.00      0.00     0.00   0.00    0.00     0.00    0.00    0.00    2.21  55.80


10/05/2026 09:31:21 PM
Device            r/s     rkB/s   rrqm/s  %rrqm r_await rareq-sz     w/s     wkB/s   wrqm/s  %wrqm w_await wareq-sz     d/s     dkB/s   drqm/s  %drqm d_await dareq-sz     f/s f_await  aqu-sz  %util
nvme0n1       6055.00 757520.00   130.00   2.10    0.22   125.11   20.00     88.00     1.00   4.76   26.90     4.40    0.00      0.00     0.00   0.00    0.00     0.00    0.00    0.00    1.87  42.60


10/05/2026 09:31:22 PM
Device            r/s     rkB/s   rrqm/s  %rrqm r_await rareq-sz     w/s     wkB/s   wrqm/s  %wrqm w_await wareq-sz     d/s     dkB/s   drqm/s  %drqm d_await dareq-sz     f/s f_await  aqu-sz  %util
nvme0n1       5049.00 628540.00   164.00   3.15    0.23   124.49   10.00     64.00     7.00  41.18   20.30     6.40    0.00      0.00     0.00   0.00    0.00     0.00    1.00    1.00    1.34  39.30


10/05/2026 09:31:23 PM
Device            r/s     rkB/s   rrqm/s  %rrqm r_await rareq-sz     w/s     wkB/s   wrqm/s  %wrqm w_await wareq-sz     d/s     dkB/s   drqm/s  %drqm d_await dareq-sz     f/s f_await  aqu-sz  %util
nvme0n1       3289.00 406872.00   134.00   3.91    0.25   123.71    3.00     16.00     1.00  25.00   14.00     5.33    0.00      0.00     0.00   0.00    0.00     0.00    0.00    0.00    0.86  30.60


10/05/2026 09:31:24 PM
Device            r/s     rkB/s   rrqm/s  %rrqm r_await rareq-sz     w/s     wkB/s   wrqm/s  %wrqm w_await wareq-sz     d/s     dkB/s   drqm/s  %drqm d_await dareq-sz     f/s f_await  aqu-sz  %util
nvme0n1       5673.00 709604.00    38.00   0.67    0.21   125.08    1.00      4.00     0.00   0.00    0.00     4.00    0.00      0.00     0.00   0.00    0.00     0.00    0.00    0.00    1.19  38.80


10/05/2026 09:31:25 PM
Device            r/s     rkB/s   rrqm/s  %rrqm r_await rareq-sz     w/s     wkB/s   wrqm/s  %wrqm w_await wareq-sz     d/s     dkB/s   drqm/s  %drqm d_await dareq-sz     f/s f_await  aqu-sz  %util
nvme0n1       10702.00 1347888.00     0.00   0.00    0.18   125.95  327.00   1424.00    29.00   8.15   12.57     4.35    0.00      0.00     0.00   0.00    0.00     0.00    0.00    0.00    6.06  55.10


10/05/2026 09:31:26 PM
Device            r/s     rkB/s   rrqm/s  %rrqm r_await rareq-sz     w/s     wkB/s   wrqm/s  %wrqm w_await wareq-sz     d/s     dkB/s   drqm/s  %drqm d_await dareq-sz     f/s f_await  aqu-sz  %util
nvme0n1       10770.00 1370948.00     0.00   0.00    0.19   127.29  378.00   2620.00   304.00  44.57    5.68     6.93    0.00      0.00     0.00   0.00    0.00     0.00    0.00    0.00    4.22  56.60


10/05/2026 09:31:27 PM
Device            r/s     rkB/s   rrqm/s  %rrqm r_await rareq-sz     w/s     wkB/s   wrqm/s  %wrqm w_await wareq-sz     d/s     dkB/s   drqm/s  %drqm d_await dareq-sz     f/s f_await  aqu-sz  %util
nvme0n1       5897.00 735080.00    65.00   1.09    0.21   124.65  271.00   1364.00    47.00  14.78    7.88     5.03    0.00      0.00     0.00   0.00    0.00     0.00    0.00    0.00    3.36  39.80


10/05/2026 09:31:28 PM
Device            r/s     rkB/s   rrqm/s  %rrqm r_await rareq-sz     w/s     wkB/s   wrqm/s  %wrqm w_await wareq-sz     d/s     dkB/s   drqm/s  %drqm d_await dareq-sz     f/s f_await  aqu-sz  %util
nvme0n1       4163.00 514184.00     1.00   0.02    0.24   123.51  341.00   1484.00    27.00   7.34    8.23     4.35    0.00      0.00     0.00   0.00    0.00     0.00    1.00    1.00    3.82  35.40


10/05/2026 09:31:29 PM
Device            r/s     rkB/s   rrqm/s  %rrqm r_await rareq-sz     w/s     wkB/s   wrqm/s  %wrqm w_await wareq-sz     d/s     dkB/s   drqm/s  %drqm d_await dareq-sz     f/s f_await  aqu-sz  %util
nvme0n1       8333.00 1055248.00   130.00   1.54    0.20   126.63  290.00   1216.00    14.00   4.61    7.96     4.19    0.00      0.00     0.00   0.00    0.00     0.00    0.00    0.00    3.97  48.10


10/05/2026 09:31:30 PM
Device            r/s     rkB/s   rrqm/s  %rrqm r_await rareq-sz     w/s     wkB/s   wrqm/s  %wrqm w_await wareq-sz     d/s     dkB/s   drqm/s  %drqm d_await dareq-sz     f/s f_await  aqu-sz  %util
nvme0n1       8058.00 644544.00  1280.00  13.71    0.19    79.99  415.00  11936.00  2569.00  86.09   21.05    28.76    0.00      0.00     0.00   0.00    0.00     0.00    0.00    0.00   10.30  70.50


10/05/2026 09:31:31 PM
Device            r/s     rkB/s   rrqm/s  %rrqm r_await rareq-sz     w/s     wkB/s   wrqm/s  %wrqm w_await wareq-sz     d/s     dkB/s   drqm/s  %drqm d_await dareq-sz     f/s f_await  aqu-sz  %util
nvme0n1       4560.00 260756.00   280.00   5.79    0.17    57.18   31.00    124.00     0.00   0.00   27.52     4.00    0.00      0.00     0.00   0.00    0.00     0.00    0.00    0.00    1.63  47.10


10/05/2026 09:31:32 PM
Device            r/s     rkB/s   rrqm/s  %rrqm r_await rareq-sz     w/s     wkB/s   wrqm/s  %wrqm w_await wareq-sz     d/s     dkB/s   drqm/s  %drqm d_await dareq-sz     f/s f_await  aqu-sz  %util
nvme0n1       6007.00 676012.00   181.00   2.93    0.22   112.54    1.00      4.00     0.00   0.00    0.00     4.00    0.00      0.00     0.00   0.00    0.00     0.00    0.00    0.00    1.30  42.00


10/05/2026 09:31:33 PM
Device            r/s     rkB/s   rrqm/s  %rrqm r_await rareq-sz     w/s     wkB/s   wrqm/s  %wrqm w_await wareq-sz     d/s     dkB/s   drqm/s  %drqm d_await dareq-sz     f/s f_await  aqu-sz  %util
nvme0n1       3530.00 417264.00   205.00   5.49    0.24   118.21    3.00     24.00     4.00  57.14    1.67     8.00    0.00      0.00     0.00   0.00    0.00     0.00    1.00    3.00    0.86  30.40


10/05/2026 09:31:34 PM
Device            r/s     rkB/s   rrqm/s  %rrqm r_await rareq-sz     w/s     wkB/s   wrqm/s  %wrqm w_await wareq-sz     d/s     dkB/s   drqm/s  %drqm d_await dareq-sz     f/s f_await  aqu-sz  %util
nvme0n1       4088.00 479860.00   301.00   6.86    0.23   117.38   29.00    132.00     4.00  12.12   31.00     4.55    0.00      0.00     0.00   0.00    0.00     0.00    0.00    0.00    1.84  36.30


10/05/2026 09:31:35 PM
Device            r/s     rkB/s   rrqm/s  %rrqm r_await rareq-sz     w/s     wkB/s   wrqm/s  %wrqm w_await wareq-sz     d/s     dkB/s   drqm/s  %drqm d_await dareq-sz     f/s f_await  aqu-sz  %util
nvme0n1       4938.00 601444.00   146.00   2.87    0.22   121.80   66.00    272.00     2.00   2.94   15.09     4.12    0.00      0.00     0.00   0.00    0.00     0.00    0.00    0.00    2.09  38.60


10/05/2026 09:31:36 PM
Device            r/s     rkB/s   rrqm/s  %rrqm r_await rareq-sz     w/s     wkB/s   wrqm/s  %wrqm w_await wareq-sz     d/s     dkB/s   drqm/s  %drqm d_await dareq-sz     f/s f_await  aqu-sz  %util
nvme0n1       8704.00 1071548.00   109.00   1.24    0.20   123.11  122.00    680.00    48.00  28.24   32.79     5.57    0.00      0.00     0.00   0.00    0.00     0.00    0.00    0.00    5.76  50.40


10/05/2026 09:31:37 PM
Device            r/s     rkB/s   rrqm/s  %rrqm r_await rareq-sz     w/s     wkB/s   wrqm/s  %wrqm w_await wareq-sz     d/s     dkB/s   drqm/s  %drqm d_await dareq-sz     f/s f_await  aqu-sz  %util
nvme0n1       7369.00 845456.00    67.00   0.90    0.19   114.73   11.00    108.00    16.00  59.26    0.18     9.82    0.00      0.00     0.00   0.00    0.00     0.00    0.00    0.00    1.42  44.00


10/05/2026 09:31:38 PM
Device            r/s     rkB/s   rrqm/s  %rrqm r_await rareq-sz     w/s     wkB/s   wrqm/s  %wrqm w_await wareq-sz     d/s     dkB/s   drqm/s  %drqm d_await dareq-sz     f/s f_await  aqu-sz  %util
nvme0n1       6488.00 417944.00    78.00   1.19    0.14    64.42    4.00     40.00     7.00  63.64    0.75    10.00    0.00      0.00     0.00   0.00    0.00     0.00    1.00    1.00    0.93  39.70


10/05/2026 09:31:39 PM
Device            r/s     rkB/s   rrqm/s  %rrqm r_await rareq-sz     w/s     wkB/s   wrqm/s  %wrqm w_await wareq-sz     d/s     dkB/s   drqm/s  %drqm d_await dareq-sz     f/s f_await  aqu-sz  %util
nvme0n1       2841.00 319820.00    55.00   1.90    0.22   112.57  200.00    928.00    26.00  11.50    0.69     4.64    0.00      0.00     0.00   0.00    0.00     0.00    0.00    0.00    0.77  24.10


10/05/2026 09:31:40 PM
Device            r/s     rkB/s   rrqm/s  %rrqm r_await rareq-sz     w/s     wkB/s   wrqm/s  %wrqm w_await wareq-sz     d/s     dkB/s   drqm/s  %drqm d_await dareq-sz     f/s f_await  aqu-sz  %util
nvme0n1       5539.00  22156.00     0.00   0.00    0.14     4.00    0.00      0.00     0.00   0.00    0.00     0.00    0.00      0.00     0.00   0.00    0.00     0.00    0.00    0.00    0.79  75.60


10/05/2026 09:31:41 PM
Device            r/s     rkB/s   rrqm/s  %rrqm r_await rareq-sz     w/s     wkB/s   wrqm/s  %wrqm w_await wareq-sz     d/s     dkB/s   drqm/s  %drqm d_await dareq-sz     f/s f_await  aqu-sz  %util
nvme0n1       3611.00 198400.00   225.00   5.87    0.18    54.94    0.00      0.00     0.00   0.00    0.00     0.00    0.00      0.00     0.00   0.00    0.00     0.00    0.00    0.00    0.65  43.30


10/05/2026 09:31:42 PM
Device            r/s     rkB/s   rrqm/s  %rrqm r_await rareq-sz     w/s     wkB/s   wrqm/s  %wrqm w_await wareq-sz     d/s     dkB/s   drqm/s  %drqm d_await dareq-sz     f/s f_await  aqu-sz  %util
nvme0n1       3998.00 489252.00     0.00   0.00    0.23   122.37    2.00     16.00     1.00  33.33    0.00     8.00    0.00      0.00     0.00   0.00    0.00     0.00    0.00    0.00    0.94  34.50


10/05/2026 09:31:43 PM
Device            r/s     rkB/s   rrqm/s  %rrqm r_await rareq-sz     w/s     wkB/s   wrqm/s  %wrqm w_await wareq-sz     d/s     dkB/s   drqm/s  %drqm d_await dareq-sz     f/s f_await  aqu-sz  %util
nvme0n1       4365.00 524428.00    93.00   2.09    0.23   120.14    5.00     20.00     7.00  58.33   12.20     4.00    0.00      0.00     0.00   0.00    0.00     0.00    0.00    0.00    1.04  35.50


10/05/2026 09:31:44 PM
Device            r/s     rkB/s   rrqm/s  %rrqm r_await rareq-sz     w/s     wkB/s   wrqm/s  %wrqm w_await wareq-sz     d/s     dkB/s   drqm/s  %drqm d_await dareq-sz     f/s f_await  aqu-sz  %util
nvme0n1       6224.00 661624.00   105.00   1.66    0.20   106.30    5.00     44.00     0.00   0.00    0.40     8.80    0.00      0.00     0.00   0.00    0.00     0.00    1.00    1.00    1.27  44.80


10/05/2026 09:31:45 PM
Device            r/s     rkB/s   rrqm/s  %rrqm r_await rareq-sz     w/s     wkB/s   wrqm/s  %wrqm w_await wareq-sz     d/s     dkB/s   drqm/s  %drqm d_await dareq-sz     f/s f_await  aqu-sz  %util
nvme0n1       7786.00 965396.00     0.00   0.00    0.21   123.99    0.00      0.00     0.00   0.00    0.00     0.00    0.00      0.00     0.00   0.00    0.00     0.00    0.00    0.00    1.60  50.00


10/05/2026 09:31:46 PM
Device            r/s     rkB/s   rrqm/s  %rrqm r_await rareq-sz     w/s     wkB/s   wrqm/s  %wrqm w_await wareq-sz     d/s     dkB/s   drqm/s  %drqm d_await dareq-sz     f/s f_await  aqu-sz  %util
nvme0n1       7908.00 983180.00     0.00   0.00    0.20   124.33    0.00      0.00     0.00   0.00    0.00     0.00    0.00      0.00     0.00   0.00    0.00     0.00    0.00    0.00    1.60  50.00


10/05/2026 09:31:47 PM
Device            r/s     rkB/s   rrqm/s  %rrqm r_await rareq-sz     w/s     wkB/s   wrqm/s  %wrqm w_await wareq-sz     d/s     dkB/s   drqm/s  %drqm d_await dareq-sz     f/s f_await  aqu-sz  %util
nvme0n1       8221.00 1024844.00     0.00   0.00    0.20   124.66   10.00     48.00     2.00  16.67   18.10     4.80    0.00      0.00     0.00   0.00    0.00     0.00    0.00    0.00    1.81  50.90


10/05/2026 09:31:48 PM
Device            r/s     rkB/s   rrqm/s  %rrqm r_await rareq-sz     w/s     wkB/s   wrqm/s  %wrqm w_await wareq-sz     d/s     dkB/s   drqm/s  %drqm d_await dareq-sz     f/s f_await  aqu-sz  %util
nvme0n1       4581.00 563892.00     0.00   0.00    0.23   123.09  273.00   1104.00     3.00   1.09    8.83     4.04    0.00      0.00     0.00   0.00    0.00     0.00    0.00    0.00    3.49  37.60


10/05/2026 09:31:49 PM
Device            r/s     rkB/s   rrqm/s  %rrqm r_await rareq-sz     w/s     wkB/s   wrqm/s  %wrqm w_await wareq-sz     d/s     dkB/s   drqm/s  %drqm d_await dareq-sz     f/s f_await  aqu-sz  %util
nvme0n1       4316.00 533896.00     0.00   0.00    0.23   123.70  140.00    732.00    11.00   7.28    1.57     5.23    0.00      0.00     0.00   0.00    0.00     0.00    1.00    1.00    1.22  37.20


10/05/2026 09:31:50 PM
Device            r/s     rkB/s   rrqm/s  %rrqm r_await rareq-sz     w/s     wkB/s   wrqm/s  %wrqm w_await wareq-sz     d/s     dkB/s   drqm/s  %drqm d_await dareq-sz     f/s f_await  aqu-sz  %util
nvme0n1       3611.00 451292.00     0.00   0.00    0.24   124.98   52.00    568.00    90.00  63.38    2.94    10.92    0.00      0.00     0.00   0.00    0.00     0.00    0.00    0.00    1.01  30.40


10/05/2026 09:31:51 PM
Device            r/s     rkB/s   rrqm/s  %rrqm r_await rareq-sz     w/s     wkB/s   wrqm/s  %wrqm w_await wareq-sz     d/s     dkB/s   drqm/s  %drqm d_await dareq-sz     f/s f_await  aqu-sz  %util
nvme0n1       4553.00 569592.00     0.00   0.00    0.23   125.10  187.00    760.00     3.00   1.58    1.28     4.06    0.00      0.00     0.00   0.00    0.00     0.00    0.00    0.00    1.28  37.40


10/05/2026 09:31:52 PM
Device            r/s     rkB/s   rrqm/s  %rrqm r_await rareq-sz     w/s     wkB/s   wrqm/s  %wrqm w_await wareq-sz     d/s     dkB/s   drqm/s  %drqm d_await dareq-sz     f/s f_await  aqu-sz  %util
nvme0n1       6535.00 491612.00   232.00   3.43    0.18    75.23    4.00     16.00     0.00   0.00   16.25     4.00    0.00      0.00     0.00   0.00    0.00     0.00    0.00    0.00    1.22  35.70


10/05/2026 09:31:53 PM
Device            r/s     rkB/s   rrqm/s  %rrqm r_await rareq-sz     w/s     wkB/s   wrqm/s  %wrqm w_await wareq-sz     d/s     dkB/s   drqm/s  %drqm d_await dareq-sz     f/s f_await  aqu-sz  %util
nvme0n1       7820.00 441836.00   412.00   5.00    0.17    56.50    3.00     16.00     1.00  25.00    0.33     5.33    0.00      0.00     0.00   0.00    0.00     0.00    0.00    0.00    1.31  27.40


10/05/2026 09:31:54 PM
Device            r/s     rkB/s   rrqm/s  %rrqm r_await rareq-sz     w/s     wkB/s   wrqm/s  %wrqm w_await wareq-sz     d/s     dkB/s   drqm/s  %drqm d_await dareq-sz     f/s f_await  aqu-sz  %util
nvme0n1       5606.00 356660.00     5.00   0.09    0.19    63.62   16.00    100.00    10.00  38.46    0.12     6.25    0.00      0.00     0.00   0.00    0.00     0.00    1.00    1.00    1.08  20.90


10/05/2026 09:31:55 PM
Device            r/s     rkB/s   rrqm/s  %rrqm r_await rareq-sz     w/s     wkB/s   wrqm/s  %wrqm w_await wareq-sz     d/s     dkB/s   drqm/s  %drqm d_await dareq-sz     f/s f_await  aqu-sz  %util
nvme0n1       5828.00 350328.00     6.00   0.10    0.18    60.11    0.00      0.00     0.00   0.00    0.00     0.00    0.00      0.00     0.00   0.00    0.00     0.00    0.00    0.00    1.05  21.20


10/05/2026 09:31:56 PM
Device            r/s     rkB/s   rrqm/s  %rrqm r_await rareq-sz     w/s     wkB/s   wrqm/s  %wrqm w_await wareq-sz     d/s     dkB/s   drqm/s  %drqm d_await dareq-sz     f/s f_await  aqu-sz  %util
nvme0n1       4708.00 254484.00     5.00   0.11    0.19    54.05   12.00     48.00     4.00  25.00    0.75     4.00    0.00      0.00     0.00   0.00    0.00     0.00    4.00    1.25    0.91  19.30


10/05/2026 09:31:57 PM
Device            r/s     rkB/s   rrqm/s  %rrqm r_await rareq-sz     w/s     wkB/s   wrqm/s  %wrqm w_await wareq-sz     d/s     dkB/s   drqm/s  %drqm d_await dareq-sz     f/s f_await  aqu-sz  %util
nvme0n1       3939.00 232616.00     0.00   0.00    0.19    59.05    0.00      0.00     0.00   0.00    0.00     0.00    0.00      0.00     0.00   0.00    0.00     0.00    0.00    0.00    0.74  16.10


10/05/2026 09:31:58 PM
Device            r/s     rkB/s   rrqm/s  %rrqm r_await rareq-sz     w/s     wkB/s   wrqm/s  %wrqm w_await wareq-sz     d/s     dkB/s   drqm/s  %drqm d_await dareq-sz     f/s f_await  aqu-sz  %util
nvme0n1       3677.00 226048.00     3.00   0.08    0.19    61.48    2.00      8.00     0.00   0.00    0.00     4.00    0.00      0.00     0.00   0.00    0.00     0.00    0.00    0.00    0.70  16.60


10/05/2026 09:31:59 PM
Device            r/s     rkB/s   rrqm/s  %rrqm r_await rareq-sz     w/s     wkB/s   wrqm/s  %wrqm w_await wareq-sz     d/s     dkB/s   drqm/s  %drqm d_await dareq-sz     f/s f_await  aqu-sz  %util
nvme0n1       4266.00 246544.00     0.00   0.00    0.19    57.79    0.00      0.00     0.00   0.00    0.00     0.00    0.00      0.00     0.00   0.00    0.00     0.00    0.00    0.00    0.79  17.80


10/05/2026 09:32:00 PM
Device            r/s     rkB/s   rrqm/s  %rrqm r_await rareq-sz     w/s     wkB/s   wrqm/s  %wrqm w_await wareq-sz     d/s     dkB/s   drqm/s  %drqm d_await dareq-sz     f/s f_await  aqu-sz  %util
nvme0n1       3142.00 176364.00     1.00   0.03    0.18    56.13    0.00      0.00     0.00   0.00    0.00     0.00    0.00      0.00     0.00   0.00    0.00     0.00    0.00    0.00    0.58  12.30


10/05/2026 09:32:01 PM
Device            r/s     rkB/s   rrqm/s  %rrqm r_await rareq-sz     w/s     wkB/s   wrqm/s  %wrqm w_await wareq-sz     d/s     dkB/s   drqm/s  %drqm d_await dareq-sz     f/s f_await  aqu-sz  %util
nvme0n1       2304.00 121796.00     1.00   0.04    0.19    52.86    3.00     20.00     2.00  40.00    0.67     6.67    0.00      0.00     0.00   0.00    0.00     0.00    0.00    0.00    0.43  11.30


10/05/2026 09:32:02 PM
Device            r/s     rkB/s   rrqm/s  %rrqm r_await rareq-sz     w/s     wkB/s   wrqm/s  %wrqm w_await wareq-sz     d/s     dkB/s   drqm/s  %drqm d_await dareq-sz     f/s f_await  aqu-sz  %util
nvme0n1       3584.00 196072.00     0.00   0.00    0.19    54.71    3.00      8.00     0.00   0.00    0.67     2.67    0.00      0.00     0.00   0.00    0.00     0.00    1.00    1.00    0.67  14.90


10/05/2026 09:32:03 PM
Device            r/s     rkB/s   rrqm/s  %rrqm r_await rareq-sz     w/s     wkB/s   wrqm/s  %wrqm w_await wareq-sz     d/s     dkB/s   drqm/s  %drqm d_await dareq-sz     f/s f_await  aqu-sz  %util
nvme0n1       3182.00 166324.00     0.00   0.00    0.19    52.27    0.00      0.00     0.00   0.00    0.00     0.00    0.00      0.00     0.00   0.00    0.00     0.00    0.00    0.00    0.59  13.50


10/05/2026 09:32:04 PM
Device            r/s     rkB/s   rrqm/s  %rrqm r_await rareq-sz     w/s     wkB/s   wrqm/s  %wrqm w_await wareq-sz     d/s     dkB/s   drqm/s  %drqm d_await dareq-sz     f/s f_await  aqu-sz  %util
nvme0n1       5662.00 335232.00     4.00   0.07    0.17    59.21   32.00    196.00    18.00  36.00   30.97     6.12    0.00      0.00     0.00   0.00    0.00     0.00    2.00    1.00    1.95  24.10


10/05/2026 09:32:05 PM
Device            r/s     rkB/s   rrqm/s  %rrqm r_await rareq-sz     w/s     wkB/s   wrqm/s  %wrqm w_await wareq-sz     d/s     dkB/s   drqm/s  %drqm d_await dareq-sz     f/s f_await  aqu-sz  %util
nvme0n1       5791.00 384988.00     0.00   0.00    0.18    66.48   75.00    352.00    13.00  14.77   24.27     4.69    0.00      0.00     0.00   0.00    0.00     0.00    0.00    0.00    2.87  23.60


10/05/2026 09:32:06 PM
Device            r/s     rkB/s   rrqm/s  %rrqm r_await rareq-sz     w/s     wkB/s   wrqm/s  %wrqm w_await wareq-sz     d/s     dkB/s   drqm/s  %drqm d_await dareq-sz     f/s f_await  aqu-sz  %util
nvme0n1       5286.00 311396.00     0.00   0.00    0.17    58.91  124.00    608.00     0.00   0.00    7.66     4.90    0.00      0.00     0.00   0.00    0.00     0.00    0.00    0.00    1.87  21.40


10/05/2026 09:32:07 PM
Device            r/s     rkB/s   rrqm/s  %rrqm r_await rareq-sz     w/s     wkB/s   wrqm/s  %wrqm w_await wareq-sz     d/s     dkB/s   drqm/s  %drqm d_await dareq-sz     f/s f_await  aqu-sz  %util
nvme0n1       3140.00 161424.00     3.00   0.10    0.18    51.41   28.00    132.00     5.00  15.15   41.07     4.71    0.00      0.00     0.00   0.00    0.00     0.00    0.00    0.00    1.72  16.20


10/05/2026 09:32:08 PM
Device            r/s     rkB/s   rrqm/s  %rrqm r_await rareq-sz     w/s     wkB/s   wrqm/s  %wrqm w_await wareq-sz     d/s     dkB/s   drqm/s  %drqm d_await dareq-sz     f/s f_await  aqu-sz  %util
nvme0n1       9340.00  68308.00   211.00   2.21    0.09     7.31   44.00    180.00     1.00   2.22   22.80     4.09    0.00      0.00     0.00   0.00    0.00     0.00    0.00    0.00    1.82  71.30


10/05/2026 09:32:09 PM
Device            r/s     rkB/s   rrqm/s  %rrqm r_await rareq-sz     w/s     wkB/s   wrqm/s  %wrqm w_await wareq-sz     d/s     dkB/s   drqm/s  %drqm d_await dareq-sz     f/s f_await  aqu-sz  %util
nvme0n1       5399.00  40424.00     0.00   0.00    0.14     7.49   11.00    104.00    16.00  59.26    0.45     9.45    0.00      0.00     0.00   0.00    0.00     0.00    1.00    1.00    0.77  73.90


10/05/2026 09:32:10 PM
Device            r/s     rkB/s   rrqm/s  %rrqm r_await rareq-sz     w/s     wkB/s   wrqm/s  %wrqm w_await wareq-sz     d/s     dkB/s   drqm/s  %drqm d_await dareq-sz     f/s f_await  aqu-sz  %util
nvme0n1       4660.00 569032.00     5.00   0.11    0.24   122.11    3.00     12.00     0.00   0.00   30.67     4.00    0.00      0.00     0.00   0.00    0.00     0.00    0.00    0.00    1.21  43.70


10/05/2026 09:32:11 PM
Device            r/s     rkB/s   rrqm/s  %rrqm r_await rareq-sz     w/s     wkB/s   wrqm/s  %wrqm w_await wareq-sz     d/s     dkB/s   drqm/s  %drqm d_await dareq-sz     f/s f_await  aqu-sz  %util
nvme0n1       4533.00 555880.00     0.00   0.00    0.24   122.63   11.00     44.00     0.00   0.00   36.73     4.00    0.00      0.00     0.00   0.00    0.00     0.00    0.00    0.00    1.47  39.40


10/05/2026 09:32:12 PM
Device            r/s     rkB/s   rrqm/s  %rrqm r_await rareq-sz     w/s     wkB/s   wrqm/s  %wrqm w_await wareq-sz     d/s     dkB/s   drqm/s  %drqm d_await dareq-sz     f/s f_await  aqu-sz  %util
nvme0n1       5381.00 669608.00     0.00   0.00    0.22   124.44  285.00   1652.00   128.00  30.99   10.76     5.80    0.00      0.00     0.00   0.00    0.00     0.00    0.00    0.00    4.26  42.40


10/05/2026 09:32:13 PM
Device            r/s     rkB/s   rrqm/s  %rrqm r_await rareq-sz     w/s     wkB/s   wrqm/s  %wrqm w_await wareq-sz     d/s     dkB/s   drqm/s  %drqm d_await dareq-sz     f/s f_await  aqu-sz  %util
nvme0n1       5358.00 666712.00     0.00   0.00    0.22   124.43  145.00    604.00     5.00   3.33   12.79     4.17    0.00      0.00     0.00   0.00    0.00     0.00    0.00    0.00    3.05  42.40


10/05/2026 09:32:14 PM
Device            r/s     rkB/s   rrqm/s  %rrqm r_await rareq-sz     w/s     wkB/s   wrqm/s  %wrqm w_await wareq-sz     d/s     dkB/s   drqm/s  %drqm d_await dareq-sz     f/s f_await  aqu-sz  %util
nvme0n1       7028.00 777592.00   506.00   6.72    0.19   110.64    8.00     76.00    12.00  60.00    0.50     9.50    0.00      0.00     0.00   0.00    0.00     0.00    1.00    1.00    1.31  47.60


10/05/2026 09:32:15 PM
Device            r/s     rkB/s   rrqm/s  %rrqm r_await rareq-sz     w/s     wkB/s   wrqm/s  %wrqm w_await wareq-sz     d/s     dkB/s   drqm/s  %drqm d_await dareq-sz     f/s f_await  aqu-sz  %util
nvme0n1       3946.00 488200.00     2.00   0.05    0.30   123.72  256.00  16996.00  3993.00  93.98   37.60    66.39    0.00      0.00     0.00   0.00    0.00     0.00    0.00    0.00   10.79  41.70


10/05/2026 09:32:16 PM
Device            r/s     rkB/s   rrqm/s  %rrqm r_await rareq-sz     w/s     wkB/s   wrqm/s  %wrqm w_await wareq-sz     d/s     dkB/s   drqm/s  %drqm d_await dareq-sz     f/s f_await  aqu-sz  %util
nvme0n1       6015.00 750444.00     0.00   0.00    0.23   124.76    0.00      0.00     0.00   0.00    0.00     0.00    0.00      0.00     0.00   0.00    0.00     0.00    0.00    0.00    1.37  45.20


10/05/2026 09:32:17 PM
Device            r/s     rkB/s   rrqm/s  %rrqm r_await rareq-sz     w/s     wkB/s   wrqm/s  %wrqm w_await wareq-sz     d/s     dkB/s   drqm/s  %drqm d_await dareq-sz     f/s f_await  aqu-sz  %util
nvme0n1       5402.00 661508.00     0.00   0.00    0.23   122.46    1.00      4.00     0.00   0.00   32.00     4.00    0.00      0.00     0.00   0.00    0.00     0.00    0.00    0.00    1.28  46.40


10/05/2026 09:32:18 PM
Device            r/s     rkB/s   rrqm/s  %rrqm r_await rareq-sz     w/s     wkB/s   wrqm/s  %wrqm w_await wareq-sz     d/s     dkB/s   drqm/s  %drqm d_await dareq-sz     f/s f_await  aqu-sz  %util
nvme0n1       6127.00 761544.00   102.00   1.64    0.22   124.29    0.00      0.00     0.00   0.00    0.00     0.00    0.00      0.00     0.00   0.00    0.00     0.00    0.00    0.00    1.37  45.20


10/05/2026 09:32:19 PM
Device            r/s     rkB/s   rrqm/s  %rrqm r_await rareq-sz     w/s     wkB/s   wrqm/s  %wrqm w_await wareq-sz     d/s     dkB/s   drqm/s  %drqm d_await dareq-sz     f/s f_await  aqu-sz  %util
nvme0n1       7309.00 911664.00   104.00   1.40    0.21   124.73   82.00    332.00    14.00  14.58    0.40     4.05    0.00      0.00     0.00   0.00    0.00     0.00    0.00    0.00    1.56  52.40


10/05/2026 09:32:20 PM
Device            r/s     rkB/s   rrqm/s  %rrqm r_await rareq-sz     w/s     wkB/s   wrqm/s  %wrqm w_await wareq-sz     d/s     dkB/s   drqm/s  %drqm d_await dareq-sz     f/s f_await  aqu-sz  %util
nvme0n1       7565.00 939228.00    69.00   0.90    0.21   124.15    5.00     72.00     1.00  16.67    0.60    14.40    0.00      0.00     0.00   0.00    0.00     0.00    1.00    1.00    1.62  50.70


10/05/2026 09:32:21 PM
Device            r/s     rkB/s   rrqm/s  %rrqm r_await rareq-sz     w/s     wkB/s   wrqm/s  %wrqm w_await wareq-sz     d/s     dkB/s   drqm/s  %drqm d_await dareq-sz     f/s f_await  aqu-sz  %util
nvme0n1       7713.00 963660.00   106.00   1.36    0.21   124.94   89.00    360.00     1.00   1.11    0.21     4.04    0.00      0.00     0.00   0.00    0.00     0.00    0.00    0.00    1.65  53.50


10/05/2026 09:32:22 PM
Device            r/s     rkB/s   rrqm/s  %rrqm r_await rareq-sz     w/s     wkB/s   wrqm/s  %wrqm w_await wareq-sz     d/s     dkB/s   drqm/s  %drqm d_await dareq-sz     f/s f_await  aqu-sz  %util
nvme0n1       7847.00 896076.00  1207.00  13.33    0.20   114.19  495.00   2044.00    16.00   3.13    4.26     4.13    0.00      0.00     0.00   0.00    0.00     0.00    0.00    0.00    3.69  52.60


10/05/2026 09:32:23 PM
Device            r/s     rkB/s   rrqm/s  %rrqm r_await rareq-sz     w/s     wkB/s   wrqm/s  %wrqm w_await wareq-sz     d/s     dkB/s   drqm/s  %drqm d_await dareq-sz     f/s f_await  aqu-sz  %util
nvme0n1       7651.00 964824.00     0.00   0.00    0.22   126.10  180.00    768.00    12.00   6.25    3.89     4.27    0.00      0.00     0.00   0.00    0.00     0.00    0.00    0.00    2.39  50.30


10/05/2026 09:32:24 PM
Device            r/s     rkB/s   rrqm/s  %rrqm r_await rareq-sz     w/s     wkB/s   wrqm/s  %wrqm w_await wareq-sz     d/s     dkB/s   drqm/s  %drqm d_await dareq-sz     f/s f_await  aqu-sz  %util
nvme0n1       6306.00  57572.00     2.00   0.03    0.15     9.13    0.00      0.00     0.00   0.00    0.00     0.00    0.00      0.00     0.00   0.00    0.00     0.00    0.00    0.00    0.94  89.60


10/05/2026 09:32:25 PM
Device            r/s     rkB/s   rrqm/s  %rrqm r_await rareq-sz     w/s     wkB/s   wrqm/s  %wrqm w_await wareq-sz     d/s     dkB/s   drqm/s  %drqm d_await dareq-sz     f/s f_await  aqu-sz  %util
nvme0n1       6220.00 752084.00     0.00   0.00    0.24   120.91 2551.00  11152.00   238.00   8.53    8.43     4.37    0.00      0.00     0.00   0.00    0.00     0.00    1.00    1.00   22.98  47.60


10/05/2026 09:32:26 PM
Device            r/s     rkB/s   rrqm/s  %rrqm r_await rareq-sz     w/s     wkB/s   wrqm/s  %wrqm w_await wareq-sz     d/s     dkB/s   drqm/s  %drqm d_await dareq-sz     f/s f_await  aqu-sz  %util
nvme0n1       5021.00 608472.00    33.00   0.65    0.23   121.19    3.00     12.00     0.00   0.00    0.00     4.00    0.00      0.00     0.00   0.00    0.00     0.00    0.00    0.00    1.17  44.40


10/05/2026 09:32:27 PM
Device            r/s     rkB/s   rrqm/s  %rrqm r_await rareq-sz     w/s     wkB/s   wrqm/s  %wrqm w_await wareq-sz     d/s     dkB/s   drqm/s  %drqm d_await dareq-sz     f/s f_await  aqu-sz  %util
nvme0n1       5534.00 673452.00    64.00   1.14    0.22   121.69    4.00     16.00     0.00   0.00   21.25     4.00    0.00      0.00     0.00   0.00    0.00     0.00    0.00    0.00    1.31  44.10


10/05/2026 09:32:28 PM
Device            r/s     rkB/s   rrqm/s  %rrqm r_await rareq-sz     w/s     wkB/s   wrqm/s  %wrqm w_await wareq-sz     d/s     dkB/s   drqm/s  %drqm d_await dareq-sz     f/s f_await  aqu-sz  %util
nvme0n1       4267.00 530752.00     0.00   0.00    0.22   124.39    0.00      0.00     0.00   0.00    0.00     0.00    0.00      0.00     0.00   0.00    0.00     0.00    0.00    0.00    0.95  33.00


10/05/2026 09:32:29 PM
Device            r/s     rkB/s   rrqm/s  %rrqm r_await rareq-sz     w/s     wkB/s   wrqm/s  %wrqm w_await wareq-sz     d/s     dkB/s   drqm/s  %drqm d_await dareq-sz     f/s f_await  aqu-sz  %util
nvme0n1       4704.00 587812.00     0.00   0.00    0.25   124.96  552.00   4484.00   569.00  50.76    1.52     8.12    0.00      0.00     0.00   0.00    0.00     0.00    0.00    0.00    2.01  41.00


10/05/2026 09:32:30 PM
Device            r/s     rkB/s   rrqm/s  %rrqm r_await rareq-sz     w/s     wkB/s   wrqm/s  %wrqm w_await wareq-sz     d/s     dkB/s   drqm/s  %drqm d_await dareq-sz     f/s f_await  aqu-sz  %util
nvme0n1       5494.00 672688.00     0.00   0.00    0.22   122.44    1.00     20.00     4.00  80.00    0.00    20.00    0.00      0.00     0.00   0.00    0.00     0.00    0.00    0.00    1.22  42.30


10/05/2026 09:32:31 PM
Device            r/s     rkB/s   rrqm/s  %rrqm r_await rareq-sz     w/s     wkB/s   wrqm/s  %wrqm w_await wareq-sz     d/s     dkB/s   drqm/s  %drqm d_await dareq-sz     f/s f_await  aqu-sz  %util
nvme0n1       5996.00 732344.00     0.00   0.00    0.22   122.14    2.00      4.00     0.00   0.00    1.50     2.00    0.00      0.00     0.00   0.00    0.00     0.00    1.00    1.00    1.30  42.60


10/05/2026 09:32:32 PM
Device            r/s     rkB/s   rrqm/s  %rrqm r_await rareq-sz     w/s     wkB/s   wrqm/s  %wrqm w_await wareq-sz     d/s     dkB/s   drqm/s  %drqm d_await dareq-sz     f/s f_await  aqu-sz  %util
nvme0n1       5760.00 706164.00     0.00   0.00    0.22   122.60    2.00     16.00     2.00  50.00    0.00     8.00    0.00      0.00     0.00   0.00    0.00     0.00    0.00    0.00    1.29  45.80


10/05/2026 09:32:33 PM
Device            r/s     rkB/s   rrqm/s  %rrqm r_await rareq-sz     w/s     wkB/s   wrqm/s  %wrqm w_await wareq-sz     d/s     dkB/s   drqm/s  %drqm d_await dareq-sz     f/s f_await  aqu-sz  %util
nvme0n1       5874.00 703648.00    12.00   0.20    0.22   119.79    1.00      4.00     0.00   0.00    0.00     4.00    0.00      0.00     0.00   0.00    0.00     0.00    0.00    0.00    1.29  46.90


10/05/2026 09:32:34 PM
Device            r/s     rkB/s   rrqm/s  %rrqm r_await rareq-sz     w/s     wkB/s   wrqm/s  %wrqm w_await wareq-sz     d/s     dkB/s   drqm/s  %drqm d_await dareq-sz     f/s f_await  aqu-sz  %util
nvme0n1       6211.00 766760.00     1.00   0.02    0.22   123.45  194.00    916.00    37.00  16.02   17.71     4.72    0.00      0.00     0.00   0.00    0.00     0.00    0.00    0.00    4.80  48.70


10/05/2026 09:32:35 PM
Device            r/s     rkB/s   rrqm/s  %rrqm r_await rareq-sz     w/s     wkB/s   wrqm/s  %wrqm w_await wareq-sz     d/s     dkB/s   drqm/s  %drqm d_await dareq-sz     f/s f_await  aqu-sz  %util
nvme0n1       4224.00 523180.00     0.00   0.00    0.25   123.86  516.00  13384.00  5146.00  90.89   24.23    25.94    0.00      0.00     0.00   0.00    0.00     0.00    0.00    0.00   13.58  40.00


10/05/2026 09:32:36 PM
Device            r/s     rkB/s   rrqm/s  %rrqm r_await rareq-sz     w/s     wkB/s   wrqm/s  %wrqm w_await wareq-sz     d/s     dkB/s   drqm/s  %drqm d_await dareq-sz     f/s f_await  aqu-sz  %util
nvme0n1       4772.00 591232.00   107.00   2.19    0.28   123.90  770.00  17044.00  1174.00  60.39   31.57    22.14    0.00      0.00     0.00   0.00    0.00     0.00    1.00    1.00   25.66  50.40


10/05/2026 09:32:37 PM
Device            r/s     rkB/s   rrqm/s  %rrqm r_await rareq-sz     w/s     wkB/s   wrqm/s  %wrqm w_await wareq-sz     d/s     dkB/s   drqm/s  %drqm d_await dareq-sz     f/s f_await  aqu-sz  %util
nvme0n1       4858.00 556492.00   186.00   3.69    0.24   114.55  132.00    684.00    39.00  22.81    0.24     5.18    0.00      0.00     0.00   0.00    0.00     0.00    0.00    0.00    1.19  41.40


10/05/2026 09:32:38 PM
Device            r/s     rkB/s   rrqm/s  %rrqm r_await rareq-sz     w/s     wkB/s   wrqm/s  %wrqm w_await wareq-sz     d/s     dkB/s   drqm/s  %drqm d_await dareq-sz     f/s f_await  aqu-sz  %util
nvme0n1       12435.00  84436.00   740.00   5.62    0.09     6.79    0.00      0.00     0.00   0.00    0.00     0.00    0.00      0.00     0.00   0.00    0.00     0.00    0.00    0.00    1.14  77.00


10/05/2026 09:32:39 PM
Device            r/s     rkB/s   rrqm/s  %rrqm r_await rareq-sz     w/s     wkB/s   wrqm/s  %wrqm w_await wareq-sz     d/s     dkB/s   drqm/s  %drqm d_await dareq-sz     f/s f_await  aqu-sz  %util
nvme0n1       5344.00 449340.00   124.00   2.27    0.17    84.08    1.00      4.00     0.00   0.00    0.00     4.00    0.00      0.00     0.00   0.00    0.00     0.00    0.00    0.00    0.91  34.20


10/05/2026 09:32:40 PM
Device            r/s     rkB/s   rrqm/s  %rrqm r_await rareq-sz     w/s     wkB/s   wrqm/s  %wrqm w_await wareq-sz     d/s     dkB/s   drqm/s  %drqm d_await dareq-sz     f/s f_await  aqu-sz  %util
nvme0n1       3224.00 401752.00     0.00   0.00    0.26   124.61  490.00  11092.00  2283.00  82.33   35.92    22.64    0.00      0.00     0.00   0.00    0.00     0.00    0.00    0.00   18.44  29.80


10/05/2026 09:32:41 PM
Device            r/s     rkB/s   rrqm/s  %rrqm r_await rareq-sz     w/s     wkB/s   wrqm/s  %wrqm w_await wareq-sz     d/s     dkB/s   drqm/s  %drqm d_await dareq-sz     f/s f_await  aqu-sz  %util
nvme0n1       3355.00 415400.00   183.00   5.17    0.24   123.82   11.00     64.00     6.00  35.29    0.27     5.82    0.00      0.00     0.00   0.00    0.00     0.00    1.00    1.00    0.82  29.40


10/05/2026 09:32:42 PM
Device            r/s     rkB/s   rrqm/s  %rrqm r_await rareq-sz     w/s     wkB/s   wrqm/s  %wrqm w_await wareq-sz     d/s     dkB/s   drqm/s  %drqm d_await dareq-sz     f/s f_await  aqu-sz  %util
nvme0n1       3859.00 474400.00   210.00   5.16    0.23   122.93    3.00     16.00     0.00   0.00    0.00     5.33    0.00      0.00     0.00   0.00    0.00     0.00    0.00    0.00    0.88  31.80


10/05/2026 09:32:43 PM
Device            r/s     rkB/s   rrqm/s  %rrqm r_await rareq-sz     w/s     wkB/s   wrqm/s  %wrqm w_await wareq-sz     d/s     dkB/s   drqm/s  %drqm d_await dareq-sz     f/s f_await  aqu-sz  %util
nvme0n1       3358.00 410864.00   176.00   4.98    0.24   122.35    0.00      0.00     0.00   0.00    0.00     0.00    0.00      0.00     0.00   0.00    0.00     0.00    0.00    0.00    0.80  30.70


10/05/2026 09:32:44 PM
Device            r/s     rkB/s   rrqm/s  %rrqm r_await rareq-sz     w/s     wkB/s   wrqm/s  %wrqm w_await wareq-sz     d/s     dkB/s   drqm/s  %drqm d_await dareq-sz     f/s f_await  aqu-sz  %util
nvme0n1       3429.00 419980.00   270.00   7.30    0.24   122.48    1.00      4.00     0.00   0.00    0.00     4.00    0.00      0.00     0.00   0.00    0.00     0.00    0.00    0.00    0.81  30.10


10/05/2026 09:32:45 PM
Device            r/s     rkB/s   rrqm/s  %rrqm r_await rareq-sz     w/s     wkB/s   wrqm/s  %wrqm w_await wareq-sz     d/s     dkB/s   drqm/s  %drqm d_await dareq-sz     f/s f_await  aqu-sz  %util
nvme0n1       4385.00 403336.00   224.00   4.86    0.18    91.98  144.00    712.00     2.00   1.37    0.39     4.94    0.00      0.00     0.00   0.00    0.00     0.00    0.00    0.00    0.86  28.90


10/05/2026 09:32:46 PM
Device            r/s     rkB/s   rrqm/s  %rrqm r_await rareq-sz     w/s     wkB/s   wrqm/s  %wrqm w_await wareq-sz     d/s     dkB/s   drqm/s  %drqm d_await dareq-sz     f/s f_await  aqu-sz  %util
nvme0n1       3438.00 426636.00     0.00   0.00    0.24   124.09    2.00     64.00    14.00  87.50   16.50    32.00    0.00      0.00     0.00   0.00    0.00     0.00    0.00    0.00    0.87  28.90


10/05/2026 09:32:47 PM
Device            r/s     rkB/s   rrqm/s  %rrqm r_await rareq-sz     w/s     wkB/s   wrqm/s  %wrqm w_await wareq-sz     d/s     dkB/s   drqm/s  %drqm d_await dareq-sz     f/s f_await  aqu-sz  %util
nvme0n1       4981.00 213192.00     6.00   0.12    0.18    42.80    4.00     16.00     1.00  20.00    1.25     4.00    0.00      0.00     0.00   0.00    0.00     0.00    1.00    1.00    0.89  64.30


10/05/2026 09:32:48 PM
Device            r/s     rkB/s   rrqm/s  %rrqm r_await rareq-sz     w/s     wkB/s   wrqm/s  %wrqm w_await wareq-sz     d/s     dkB/s   drqm/s  %drqm d_await dareq-sz     f/s f_await  aqu-sz  %util
nvme0n1       2988.00 296620.00     6.00   0.20    0.21    99.27    0.00      0.00     0.00   0.00    0.00     0.00    0.00      0.00     0.00   0.00    0.00     0.00    0.00    0.00    0.64  29.60


10/05/2026 09:32:49 PM
Device            r/s     rkB/s   rrqm/s  %rrqm r_await rareq-sz     w/s     wkB/s   wrqm/s  %wrqm w_await wareq-sz     d/s     dkB/s   drqm/s  %drqm d_await dareq-sz     f/s f_await  aqu-sz  %util
nvme0n1       3187.00 394924.00     0.00   0.00    0.25   123.92    0.00      0.00     0.00   0.00    0.00     0.00    0.00      0.00     0.00   0.00    0.00     0.00    0.00    0.00    0.78  31.40


10/05/2026 09:32:50 PM
Device            r/s     rkB/s   rrqm/s  %rrqm r_await rareq-sz     w/s     wkB/s   wrqm/s  %wrqm w_await wareq-sz     d/s     dkB/s   drqm/s  %drqm d_await dareq-sz     f/s f_await  aqu-sz  %util
nvme0n1       4302.00 540020.00     0.00   0.00    0.22   125.53   62.00    296.00    12.00  16.22   14.29     4.77    0.00      0.00     0.00   0.00    0.00     0.00    0.00    0.00    1.83  36.50


10/05/2026 09:32:51 PM
Device            r/s     rkB/s   rrqm/s  %rrqm r_await rareq-sz     w/s     wkB/s   wrqm/s  %wrqm w_await wareq-sz     d/s     dkB/s   drqm/s  %drqm d_await dareq-sz     f/s f_await  aqu-sz  %util
nvme0n1       3671.00 460340.00     0.00   0.00    0.23   125.40    1.00     20.00     4.00  80.00    0.00    20.00    0.00      0.00     0.00   0.00    0.00     0.00    0.00    0.00    0.84  30.40


10/05/2026 09:32:52 PM
Device            r/s     rkB/s   rrqm/s  %rrqm r_await rareq-sz     w/s     wkB/s   wrqm/s  %wrqm w_await wareq-sz     d/s     dkB/s   drqm/s  %drqm d_await dareq-sz     f/s f_await  aqu-sz  %util
nvme0n1       3269.00 402484.00     0.00   0.00    0.31   123.12  233.00  17428.00  4125.00  94.65   29.17    74.80    0.00      0.00     0.00   0.00    0.00     0.00    1.00    1.00    7.81  37.80


10/05/2026 09:32:53 PM
Device            r/s     rkB/s   rrqm/s  %rrqm r_await rareq-sz     w/s     wkB/s   wrqm/s  %wrqm w_await wareq-sz     d/s     dkB/s   drqm/s  %drqm d_await dareq-sz     f/s f_await  aqu-sz  %util
nvme0n1       4956.00 611464.00     0.00   0.00    0.23   123.38    2.00     12.00     1.00  33.33    0.00     6.00    0.00      0.00     0.00   0.00    0.00     0.00    0.00    0.00    1.16  38.70


10/05/2026 09:32:54 PM
Device            r/s     rkB/s   rrqm/s  %rrqm r_await rareq-sz     w/s     wkB/s   wrqm/s  %wrqm w_await wareq-sz     d/s     dkB/s   drqm/s  %drqm d_await dareq-sz     f/s f_await  aqu-sz  %util
nvme0n1       3056.00 380404.00    29.00   0.94    0.24   124.48    0.00      0.00     0.00   0.00    0.00     0.00    0.00      0.00     0.00   0.00    0.00     0.00    0.00    0.00    0.73  28.70


10/05/2026 09:32:55 PM
Device            r/s     rkB/s   rrqm/s  %rrqm r_await rareq-sz     w/s     wkB/s   wrqm/s  %wrqm w_await wareq-sz     d/s     dkB/s   drqm/s  %drqm d_await dareq-sz     f/s f_await  aqu-sz  %util
nvme0n1       3500.00 392172.00    42.00   1.19    0.22   112.05    0.00      0.00     0.00   0.00    0.00     0.00    0.00      0.00     0.00   0.00    0.00     0.00    0.00    0.00    0.78  32.20


10/05/2026 09:32:56 PM
Device            r/s     rkB/s   rrqm/s  %rrqm r_await rareq-sz     w/s     wkB/s   wrqm/s  %wrqm w_await wareq-sz     d/s     dkB/s   drqm/s  %drqm d_await dareq-sz     f/s f_await  aqu-sz  %util
nvme0n1       6472.00  25888.00     0.00   0.00    0.14     4.00    0.00      0.00     0.00   0.00    0.00     0.00    0.00      0.00     0.00   0.00    0.00     0.00    0.00    0.00    0.93  93.00


10/05/2026 09:32:57 PM
Device            r/s     rkB/s   rrqm/s  %rrqm r_await rareq-sz     w/s     wkB/s   wrqm/s  %wrqm w_await wareq-sz     d/s     dkB/s   drqm/s  %drqm d_await dareq-sz     f/s f_await  aqu-sz  %util
nvme0n1       4233.00 404168.00     0.00   0.00    0.22    95.48    3.00     28.00     5.00  62.50    0.67     9.33    0.00      0.00     0.00   0.00    0.00     0.00    1.00    1.00    0.94  43.70


10/05/2026 09:32:58 PM
Device            r/s     rkB/s   rrqm/s  %rrqm r_await rareq-sz     w/s     wkB/s   wrqm/s  %wrqm w_await wareq-sz     d/s     dkB/s   drqm/s  %drqm d_await dareq-sz     f/s f_await  aqu-sz  %util
nvme0n1       4851.00 601360.00     0.00   0.00    0.22   123.97  119.00    608.00    33.00  21.71   33.04     5.11    0.00      0.00     0.00   0.00    0.00     0.00    0.00    0.00    4.99  41.70


10/05/2026 09:32:59 PM
Device            r/s     rkB/s   rrqm/s  %rrqm r_await rareq-sz     w/s     wkB/s   wrqm/s  %wrqm w_await wareq-sz     d/s     dkB/s   drqm/s  %drqm d_await dareq-sz     f/s f_await  aqu-sz  %util
nvme0n1       4854.00 605272.00     0.00   0.00    0.23   124.70   46.00    292.00    27.00  36.99   14.39     6.35    0.00      0.00     0.00   0.00    0.00     0.00    0.00    0.00    1.77  39.50


10/05/2026 09:33:00 PM
Device            r/s     rkB/s   rrqm/s  %rrqm r_await rareq-sz     w/s     wkB/s   wrqm/s  %wrqm w_await wareq-sz     d/s     dkB/s   drqm/s  %drqm d_await dareq-sz     f/s f_await  aqu-sz  %util
nvme0n1       4206.00 526828.00     0.00   0.00    0.24   125.26  104.00    476.00    15.00  12.61    0.17     4.58    0.00      0.00     0.00   0.00    0.00     0.00    0.00    0.00    1.02  36.30


10/05/2026 09:33:01 PM
Device            r/s     rkB/s   rrqm/s  %rrqm r_await rareq-sz     w/s     wkB/s   wrqm/s  %wrqm w_await wareq-sz     d/s     dkB/s   drqm/s  %drqm d_await dareq-sz     f/s f_await  aqu-sz  %util
nvme0n1       4703.00 587052.00     0.00   0.00    0.22   124.83  145.00    608.00     7.00   4.61    1.46     4.19    0.00      0.00     0.00   0.00    0.00     0.00    0.00    0.00    1.26  37.50


10/05/2026 09:33:02 PM
Device            r/s     rkB/s   rrqm/s  %rrqm r_await rareq-sz     w/s     wkB/s   wrqm/s  %wrqm w_await wareq-sz     d/s     dkB/s   drqm/s  %drqm d_await dareq-sz     f/s f_await  aqu-sz  %util
nvme0n1       4225.00 521208.00     0.00   0.00    0.24   123.36  189.00    964.00    53.00  21.90    8.08     5.10    0.00      0.00     0.00   0.00    0.00     0.00    1.00    0.00    2.52  34.90


10/05/2026 09:33:03 PM
Device            r/s     rkB/s   rrqm/s  %rrqm r_await rareq-sz     w/s     wkB/s   wrqm/s  %wrqm w_await wareq-sz     d/s     dkB/s   drqm/s  %drqm d_await dareq-sz     f/s f_await  aqu-sz  %util
nvme0n1       4118.00 512872.00     0.00   0.00    0.23   124.54  187.00    844.00    24.00  11.37    9.48     4.51    0.00      0.00     0.00   0.00    0.00     0.00    0.00    0.00    2.73  37.10


10/05/2026 09:33:04 PM
Device            r/s     rkB/s   rrqm/s  %rrqm r_await rareq-sz     w/s     wkB/s   wrqm/s  %wrqm w_await wareq-sz     d/s     dkB/s   drqm/s  %drqm d_await dareq-sz     f/s f_await  aqu-sz  %util
nvme0n1       4576.00 571716.00     0.00   0.00    0.27   124.94  286.00  13908.00  5280.00  94.86   16.93    48.63    0.00      0.00     0.00   0.00    0.00     0.00    0.00    0.00    6.05  43.00


10/05/2026 09:33:05 PM
Device            r/s     rkB/s   rrqm/s  %rrqm r_await rareq-sz     w/s     wkB/s   wrqm/s  %wrqm w_await wareq-sz     d/s     dkB/s   drqm/s  %drqm d_await dareq-sz     f/s f_await  aqu-sz  %util
nvme0n1       2831.00 346920.00   121.00   4.10    0.35   122.54  606.00  30124.00  4836.00  88.86   61.94    49.71    0.00      0.00     0.00   0.00    0.00     0.00    0.00    0.00   38.54  41.10


10/05/2026 09:33:06 PM
Device            r/s     rkB/s   rrqm/s  %rrqm r_await rareq-sz     w/s     wkB/s   wrqm/s  %wrqm w_await wareq-sz     d/s     dkB/s   drqm/s  %drqm d_await dareq-sz     f/s f_await  aqu-sz  %util
nvme0n1       3877.00 471952.00   257.00   6.22    0.22   121.73   34.00    140.00     1.00   2.86   14.03     4.12    0.00      0.00     0.00   0.00    0.00     0.00    0.00    0.00    1.35  32.70


10/05/2026 09:33:07 PM
Device            r/s     rkB/s   rrqm/s  %rrqm r_await rareq-sz     w/s     wkB/s   wrqm/s  %wrqm w_await wareq-sz     d/s     dkB/s   drqm/s  %drqm d_await dareq-sz     f/s f_await  aqu-sz  %util
nvme0n1       4110.00 487244.00   312.00   7.06    0.23   118.55    3.00     24.00     4.00  57.14    0.67     8.00    0.00      0.00     0.00   0.00    0.00     0.00    1.00    1.00    0.96  36.90


10/05/2026 09:33:08 PM
Device            r/s     rkB/s   rrqm/s  %rrqm r_await rareq-sz     w/s     wkB/s   wrqm/s  %wrqm w_await wareq-sz     d/s     dkB/s   drqm/s  %drqm d_await dareq-sz     f/s f_await  aqu-sz  %util
nvme0n1       11803.00 509872.00  6156.00  34.28    0.13    43.20    0.00      0.00     0.00   0.00    0.00     0.00    0.00      0.00     0.00   0.00    0.00     0.00    0.00    0.00    1.53  39.70


10/05/2026 09:33:09 PM
Device            r/s     rkB/s   rrqm/s  %rrqm r_await rareq-sz     w/s     wkB/s   wrqm/s  %wrqm w_await wareq-sz     d/s     dkB/s   drqm/s  %drqm d_await dareq-sz     f/s f_await  aqu-sz  %util
nvme0n1       7936.00 393104.00  2116.00  21.05    0.16    49.53    3.00     12.00     0.00   0.00    0.67     4.00    0.00      0.00     0.00   0.00    0.00     0.00    0.00    0.00    1.28  27.60


10/05/2026 09:33:10 PM
Device            r/s     rkB/s   rrqm/s  %rrqm r_await rareq-sz     w/s     wkB/s   wrqm/s  %wrqm w_await wareq-sz     d/s     dkB/s   drqm/s  %drqm d_await dareq-sz     f/s f_await  aqu-sz  %util
nvme0n1       5650.00 342964.00    17.00   0.30    0.18    60.70    2.00     16.00     2.00  50.00    1.00     8.00    0.00      0.00     0.00   0.00    0.00     0.00    0.00    0.00    1.03  20.70


10/05/2026 09:33:11 PM
Device            r/s     rkB/s   rrqm/s  %rrqm r_await rareq-sz     w/s     wkB/s   wrqm/s  %wrqm w_await wareq-sz     d/s     dkB/s   drqm/s  %drqm d_await dareq-sz     f/s f_await  aqu-sz  %util
nvme0n1       4841.00 290892.00     8.00   0.16    0.19    60.09    0.00      0.00     0.00   0.00    0.00     0.00    0.00      0.00     0.00   0.00    0.00     0.00    0.00    0.00    0.90  17.50


10/05/2026 09:33:12 PM
Device            r/s     rkB/s   rrqm/s  %rrqm r_await rareq-sz     w/s     wkB/s   wrqm/s  %wrqm w_await wareq-sz     d/s     dkB/s   drqm/s  %drqm d_await dareq-sz     f/s f_await  aqu-sz  %util
nvme0n1       3924.00 222676.00     2.00   0.05    0.19    56.75   11.00     80.00    10.00  47.62    0.18     7.27    0.00      0.00     0.00   0.00    0.00     0.00    1.00    1.00    0.75  15.60


10/05/2026 09:33:13 PM
Device            r/s     rkB/s   rrqm/s  %rrqm r_await rareq-sz     w/s     wkB/s   wrqm/s  %wrqm w_await wareq-sz     d/s     dkB/s   drqm/s  %drqm d_await dareq-sz     f/s f_await  aqu-sz  %util
nvme0n1       4017.00 230132.00     1.00   0.02    0.18    57.29    0.00      0.00     0.00   0.00    0.00     0.00    0.00      0.00     0.00   0.00    0.00     0.00    0.00    0.00    0.72  15.60


10/05/2026 09:33:14 PM
Device            r/s     rkB/s   rrqm/s  %rrqm r_await rareq-sz     w/s     wkB/s   wrqm/s  %wrqm w_await wareq-sz     d/s     dkB/s   drqm/s  %drqm d_await dareq-sz     f/s f_await  aqu-sz  %util
nvme0n1       2780.00 180084.00    18.00   0.64    0.19    64.78   76.00    332.00     7.00   8.43   21.72     4.37    0.00      0.00     0.00   0.00    0.00     0.00    0.00    0.00    2.19  14.00


10/05/2026 09:33:15 PM
Device            r/s     rkB/s   rrqm/s  %rrqm r_await rareq-sz     w/s     wkB/s   wrqm/s  %wrqm w_await wareq-sz     d/s     dkB/s   drqm/s  %drqm d_await dareq-sz     f/s f_await  aqu-sz  %util
nvme0n1       6838.00 320740.00  1630.00  19.25    0.15    46.91    9.00     40.00     1.00  10.00   25.78     4.44    0.00      0.00     0.00   0.00    0.00     0.00    0.00    0.00    1.23  27.10


10/05/2026 09:33:16 PM
Device            r/s     rkB/s   rrqm/s  %rrqm r_await rareq-sz     w/s     wkB/s   wrqm/s  %wrqm w_await wareq-sz     d/s     dkB/s   drqm/s  %drqm d_await dareq-sz     f/s f_await  aqu-sz  %util
nvme0n1       2642.00 149980.00     6.00   0.23    0.18    56.77  111.00    564.00     2.00   1.77    0.87     5.08    0.00      0.00     0.00   0.00    0.00     0.00    0.00    0.00    0.59  14.60


10/05/2026 09:33:17 PM
Device            r/s     rkB/s   rrqm/s  %rrqm r_await rareq-sz     w/s     wkB/s   wrqm/s  %wrqm w_await wareq-sz     d/s     dkB/s   drqm/s  %drqm d_await dareq-sz     f/s f_await  aqu-sz  %util
nvme0n1       2848.00 153612.00     5.00   0.18    0.18    53.94    3.00     56.00    12.00  80.00    1.00    18.67    0.00      0.00     0.00   0.00    0.00     0.00    1.00    2.00    0.51  13.00


10/05/2026 09:33:18 PM
Device            r/s     rkB/s   rrqm/s  %rrqm r_await rareq-sz     w/s     wkB/s   wrqm/s  %wrqm w_await wareq-sz     d/s     dkB/s   drqm/s  %drqm d_await dareq-sz     f/s f_await  aqu-sz  %util
nvme0n1       3194.00 197604.00     5.00   0.16    0.20    61.87    0.00      0.00     0.00   0.00    0.00     0.00    0.00      0.00     0.00   0.00    0.00     0.00    0.00    0.00    0.63  13.00


10/05/2026 09:33:19 PM
Device            r/s     rkB/s   rrqm/s  %rrqm r_await rareq-sz     w/s     wkB/s   wrqm/s  %wrqm w_await wareq-sz     d/s     dkB/s   drqm/s  %drqm d_await dareq-sz     f/s f_await  aqu-sz  %util
nvme0n1       3389.00 203756.00     9.00   0.26    0.18    60.12    0.00      0.00     0.00   0.00    0.00     0.00    0.00      0.00     0.00   0.00    0.00     0.00    0.00    0.00    0.61  13.10


10/05/2026 09:33:20 PM
Device            r/s     rkB/s   rrqm/s  %rrqm r_await rareq-sz     w/s     wkB/s   wrqm/s  %wrqm w_await wareq-sz     d/s     dkB/s   drqm/s  %drqm d_await dareq-sz     f/s f_await  aqu-sz  %util
nvme0n1       5845.00 366360.00     1.00   0.02    0.18    62.68    2.00      8.00     0.00   0.00    0.00     4.00    0.00      0.00     0.00   0.00    0.00     0.00    0.00    0.00    1.04  21.40


10/05/2026 09:33:21 PM
Device            r/s     rkB/s   rrqm/s  %rrqm r_await rareq-sz     w/s     wkB/s   wrqm/s  %wrqm w_await wareq-sz     d/s     dkB/s   drqm/s  %drqm d_await dareq-sz     f/s f_await  aqu-sz  %util
nvme0n1       5655.00 373756.00     3.00   0.05    0.18    66.09  109.00    440.00     0.00   0.00    5.85     4.04    0.00      0.00     0.00   0.00    0.00     0.00    0.00    0.00    1.66  19.30


10/05/2026 09:33:22 PM
Device            r/s     rkB/s   rrqm/s  %rrqm r_await rareq-sz     w/s     wkB/s   wrqm/s  %wrqm w_await wareq-sz     d/s     dkB/s   drqm/s  %drqm d_await dareq-sz     f/s f_await  aqu-sz  %util
nvme0n1       4383.00 271316.00     0.00   0.00    0.18    61.90   22.00    124.00    10.00  31.25    0.68     5.64    0.00      0.00     0.00   0.00    0.00     0.00    1.00    1.00    0.80  17.70


10/05/2026 09:33:23 PM
Device            r/s     rkB/s   rrqm/s  %rrqm r_await rareq-sz     w/s     wkB/s   wrqm/s  %wrqm w_await wareq-sz     d/s     dkB/s   drqm/s  %drqm d_await dareq-sz     f/s f_await  aqu-sz  %util
nvme0n1       5328.00 159528.00   284.00   5.06    0.12    29.94    0.00      0.00     0.00   0.00    0.00     0.00    0.00      0.00     0.00   0.00    0.00     0.00    0.00    0.00    0.62  28.40


10/05/2026 09:33:24 PM
Device            r/s     rkB/s   rrqm/s  %rrqm r_await rareq-sz     w/s     wkB/s   wrqm/s  %wrqm w_await wareq-sz     d/s     dkB/s   drqm/s  %drqm d_await dareq-sz     f/s f_await  aqu-sz  %util
nvme0n1       6299.00  43432.00   151.00   2.34    0.12     6.90    0.00      0.00     0.00   0.00    0.00     0.00    0.00      0.00     0.00   0.00    0.00     0.00    0.00    0.00    0.78  74.50


10/05/2026 09:33:25 PM
Device            r/s     rkB/s   rrqm/s  %rrqm r_await rareq-sz     w/s     wkB/s   wrqm/s  %wrqm w_await wareq-sz     d/s     dkB/s   drqm/s  %drqm d_await dareq-sz     f/s f_await  aqu-sz  %util
nvme0n1       2454.00   9816.00     0.00   0.00    0.35     4.00    0.00      0.00     0.00   0.00    0.00     0.00    0.00      0.00     0.00   0.00    0.00     0.00    0.00    0.00    0.86  85.60


10/05/2026 09:33:26 PM
Device            r/s     rkB/s   rrqm/s  %rrqm r_await rareq-sz     w/s     wkB/s   wrqm/s  %wrqm w_await wareq-sz     d/s     dkB/s   drqm/s  %drqm d_await dareq-sz     f/s f_await  aqu-sz  %util
nvme0n1       4279.00 239592.00     0.00   0.00    0.21    55.99    2.00     12.00     1.00  33.33    0.00     6.00    0.00      0.00     0.00   0.00    0.00     0.00    0.00    0.00    0.88  57.60


10/05/2026 09:33:27 PM
Device            r/s     rkB/s   rrqm/s  %rrqm r_await rareq-sz     w/s     wkB/s   wrqm/s  %wrqm w_await wareq-sz     d/s     dkB/s   drqm/s  %drqm d_await dareq-sz     f/s f_await  aqu-sz  %util
nvme0n1       5423.00 668808.00    10.00   0.18    0.24   123.33  271.00   1152.00    18.00   6.23    3.90     4.25    0.00      0.00     0.00   0.00    0.00     0.00    1.00    1.00    2.35  46.40


10/05/2026 09:33:28 PM
Device            r/s     rkB/s   rrqm/s  %rrqm r_await rareq-sz     w/s     wkB/s   wrqm/s  %wrqm w_await wareq-sz     d/s     dkB/s   drqm/s  %drqm d_await dareq-sz     f/s f_await  aqu-sz  %util
nvme0n1       4759.00 588240.00    29.00   0.61    0.23   123.61   70.00    296.00     4.00   5.41   14.93     4.23    0.00      0.00     0.00   0.00    0.00     0.00    0.00    0.00    2.16  41.10


10/05/2026 09:33:29 PM
Device            r/s     rkB/s   rrqm/s  %rrqm r_await rareq-sz     w/s     wkB/s   wrqm/s  %wrqm w_await wareq-sz     d/s     dkB/s   drqm/s  %drqm d_await dareq-sz     f/s f_await  aqu-sz  %util
nvme0n1       5568.00 687348.00    42.00   0.75    0.23   123.45   17.00   1564.00   374.00  95.65    3.00    92.00    0.00      0.00     0.00   0.00    0.00     0.00    0.00    0.00    1.32  46.60


10/05/2026 09:33:30 PM
Device            r/s     rkB/s   rrqm/s  %rrqm r_await rareq-sz     w/s     wkB/s   wrqm/s  %wrqm w_await wareq-sz     d/s     dkB/s   drqm/s  %drqm d_await dareq-sz     f/s f_await  aqu-sz  %util
nvme0n1       5700.00 709620.00     0.00   0.00    0.23   124.49    0.00      0.00     0.00   0.00    0.00     0.00    0.00      0.00     0.00   0.00    0.00     0.00    0.00    0.00    1.33  50.70


10/05/2026 09:33:31 PM
Device            r/s     rkB/s   rrqm/s  %rrqm r_await rareq-sz     w/s     wkB/s   wrqm/s  %wrqm w_await wareq-sz     d/s     dkB/s   drqm/s  %drqm d_await dareq-sz     f/s f_await  aqu-sz  %util
nvme0n1       6267.33 773774.26    35.64   0.57    0.23   123.46    0.00      0.00     0.00   0.00    0.00     0.00    0.00      0.00     0.00   0.00    0.00     0.00    0.00    0.00    1.42  51.58


10/05/2026 09:33:32 PM
Device            r/s     rkB/s   rrqm/s  %rrqm r_await rareq-sz     w/s     wkB/s   wrqm/s  %wrqm w_await wareq-sz     d/s     dkB/s   drqm/s  %drqm d_await dareq-sz     f/s f_await  aqu-sz  %util
nvme0n1       4751.00 575612.00   136.00   2.78    0.24   121.16   11.00     60.00     5.00  31.25    0.27     5.45    0.00      0.00     0.00   0.00    0.00     0.00    1.00    1.00    1.13  42.80


10/05/2026 09:33:33 PM
Device            r/s     rkB/s   rrqm/s  %rrqm r_await rareq-sz     w/s     wkB/s   wrqm/s  %wrqm w_await wareq-sz     d/s     dkB/s   drqm/s  %drqm d_await dareq-sz     f/s f_await  aqu-sz  %util
nvme0n1       5472.00 659404.00   146.00   2.60    0.23   120.51 1595.00   6744.00    91.00   5.40    0.05     4.23    0.00      0.00     0.00   0.00    0.00     0.00    0.00    0.00    1.32  47.40


10/05/2026 09:33:34 PM
Device            r/s     rkB/s   rrqm/s  %rrqm r_await rareq-sz     w/s     wkB/s   wrqm/s  %wrqm w_await wareq-sz     d/s     dkB/s   drqm/s  %drqm d_await dareq-sz     f/s f_await  aqu-sz  %util
nvme0n1       6127.00 732588.00   110.00   1.76    0.22   119.57  266.00   1096.00     8.00   2.92    3.79     4.12    0.00      0.00     0.00   0.00    0.00     0.00    0.00    0.00    2.35  48.50


10/05/2026 09:33:35 PM
Device            r/s     rkB/s   rrqm/s  %rrqm r_await rareq-sz     w/s     wkB/s   wrqm/s  %wrqm w_await wareq-sz     d/s     dkB/s   drqm/s  %drqm d_await dareq-sz     f/s f_await  aqu-sz  %util
nvme0n1       6827.00 834284.00   105.00   1.51    0.21   122.20   94.00    384.00     2.00   2.08    9.43     4.09    0.00      0.00     0.00   0.00    0.00     0.00    0.00    0.00    2.35  49.10


10/05/2026 09:33:36 PM
Device            r/s     rkB/s   rrqm/s  %rrqm r_await rareq-sz     w/s     wkB/s   wrqm/s  %wrqm w_await wareq-sz     d/s     dkB/s   drqm/s  %drqm d_await dareq-sz     f/s f_await  aqu-sz  %util
nvme0n1       5593.00 682360.00   103.00   1.81    0.23   122.00   79.00    336.00     5.00   5.95   29.57     4.25    0.00      0.00     0.00   0.00    0.00     0.00    0.00    0.00    3.60  43.20


10/05/2026 09:33:37 PM
Device            r/s     rkB/s   rrqm/s  %rrqm r_await rareq-sz     w/s     wkB/s   wrqm/s  %wrqm w_await wareq-sz     d/s     dkB/s   drqm/s  %drqm d_await dareq-sz     f/s f_await  aqu-sz  %util
nvme0n1       5883.00 727712.00    33.00   0.56    0.22   123.70   18.00     80.00     6.00  25.00    0.28     4.44    0.00      0.00     0.00   0.00    0.00     0.00    0.00    0.00    1.32  45.40


10/05/2026 09:33:38 PM
Device            r/s     rkB/s   rrqm/s  %rrqm r_await rareq-sz     w/s     wkB/s   wrqm/s  %wrqm w_await wareq-sz     d/s     dkB/s   drqm/s  %drqm d_await dareq-sz     f/s f_await  aqu-sz  %util
nvme0n1       6861.00 854144.00     3.00   0.04    0.22   124.49  381.00   6168.00  1158.00  75.24    6.70    16.19    0.00      0.00     0.00   0.00    0.00     0.00    1.00    1.00    4.09  52.00


10/05/2026 09:33:39 PM
Device            r/s     rkB/s   rrqm/s  %rrqm r_await rareq-sz     w/s     wkB/s   wrqm/s  %wrqm w_await wareq-sz     d/s     dkB/s   drqm/s  %drqm d_await dareq-sz     f/s f_await  aqu-sz  %util
nvme0n1       11389.00 894792.00   134.00   1.16    0.16    78.57  257.00   1164.00    34.00  11.68    6.11     4.53    0.00      0.00     0.00   0.00    0.00     0.00    0.00    0.00    3.33  57.20


10/05/2026 09:33:40 PM
Device            r/s     rkB/s   rrqm/s  %rrqm r_await rareq-sz     w/s     wkB/s   wrqm/s  %wrqm w_await wareq-sz     d/s     dkB/s   drqm/s  %drqm d_await dareq-sz     f/s f_await  aqu-sz  %util
nvme0n1       7246.00 665996.00     0.00   0.00    0.19    91.91   18.00     96.00     6.00  25.00    0.06     5.33    0.00      0.00     0.00   0.00    0.00     0.00    0.00    0.00    1.40  65.90


10/05/2026 09:33:41 PM
Device            r/s     rkB/s   rrqm/s  %rrqm r_await rareq-sz     w/s     wkB/s   wrqm/s  %wrqm w_await wareq-sz     d/s     dkB/s   drqm/s  %drqm d_await dareq-sz     f/s f_await  aqu-sz  %util
nvme0n1       4799.00 108124.00     0.00   0.00    0.16    22.53    0.00      0.00     0.00   0.00    0.00     0.00    0.00      0.00     0.00   0.00    0.00     0.00    0.00    0.00    0.78  66.80


10/05/2026 09:33:42 PM
Device            r/s     rkB/s   rrqm/s  %rrqm r_await rareq-sz     w/s     wkB/s   wrqm/s  %wrqm w_await wareq-sz     d/s     dkB/s   drqm/s  %drqm d_await dareq-sz     f/s f_await  aqu-sz  %util
nvme0n1       4434.00 536536.00   114.00   2.51    0.24   121.00  487.00   3240.00   323.00  39.88    3.20     6.65    0.00      0.00     0.00   0.00    0.00     0.00    0.00    0.00    2.64  41.70


10/05/2026 09:33:43 PM
Device            r/s     rkB/s   rrqm/s  %rrqm r_await rareq-sz     w/s     wkB/s   wrqm/s  %wrqm w_await wareq-sz     d/s     dkB/s   drqm/s  %drqm d_await dareq-sz     f/s f_await  aqu-sz  %util
nvme0n1       4546.00 551804.00    35.00   0.76    0.23   121.38    6.00     48.00     7.00  53.85    0.67     8.00    0.00      0.00     0.00   0.00    0.00     0.00    1.00    1.00    1.06  42.20


10/05/2026 09:33:44 PM
Device            r/s     rkB/s   rrqm/s  %rrqm r_await rareq-sz     w/s     wkB/s   wrqm/s  %wrqm w_await wareq-sz     d/s     dkB/s   drqm/s  %drqm d_await dareq-sz     f/s f_await  aqu-sz  %util
nvme0n1       4802.00 579492.00    42.00   0.87    0.23   120.68    0.00      0.00     0.00   0.00    0.00     0.00    0.00      0.00     0.00   0.00    0.00     0.00    0.00    0.00    1.12  42.40


10/05/2026 09:33:45 PM
Device            r/s     rkB/s   rrqm/s  %rrqm r_await rareq-sz     w/s     wkB/s   wrqm/s  %wrqm w_await wareq-sz     d/s     dkB/s   drqm/s  %drqm d_await dareq-sz     f/s f_await  aqu-sz  %util
nvme0n1       5381.00 656924.00     0.00   0.00    0.23   122.08   31.00    128.00     0.00   0.00    0.10     4.13    0.00      0.00     0.00   0.00    0.00     0.00    0.00    0.00    1.22  41.70


10/05/2026 09:33:46 PM
Device            r/s     rkB/s   rrqm/s  %rrqm r_await rareq-sz     w/s     wkB/s   wrqm/s  %wrqm w_await wareq-sz     d/s     dkB/s   drqm/s  %drqm d_await dareq-sz     f/s f_await  aqu-sz  %util
nvme0n1       5956.00 653624.00    69.00   1.15    0.20   109.74    1.00      4.00     0.00   0.00    0.00     4.00    0.00      0.00     0.00   0.00    0.00     0.00    0.00    0.00    1.19  40.20


10/05/2026 09:33:47 PM
Device            r/s     rkB/s   rrqm/s  %rrqm r_await rareq-sz     w/s     wkB/s   wrqm/s  %wrqm w_await wareq-sz     d/s     dkB/s   drqm/s  %drqm d_await dareq-sz     f/s f_await  aqu-sz  %util
nvme0n1       6224.00 753784.00     0.00   0.00    0.22   121.11    0.00      0.00     0.00   0.00    0.00     0.00    0.00      0.00     0.00   0.00    0.00     0.00    0.00    0.00    1.36  49.40


10/05/2026 09:33:48 PM
Device            r/s     rkB/s   rrqm/s  %rrqm r_await rareq-sz     w/s     wkB/s   wrqm/s  %wrqm w_await wareq-sz     d/s     dkB/s   drqm/s  %drqm d_await dareq-sz     f/s f_await  aqu-sz  %util
nvme0n1       5098.00 622556.00     1.00   0.02    0.22   122.12   10.00     76.00    10.00  50.00   14.80     7.60    0.00      0.00     0.00   0.00    0.00     0.00    1.00    1.00    1.25  37.20


10/05/2026 09:33:49 PM
Device            r/s     rkB/s   rrqm/s  %rrqm r_await rareq-sz     w/s     wkB/s   wrqm/s  %wrqm w_await wareq-sz     d/s     dkB/s   drqm/s  %drqm d_await dareq-sz     f/s f_await  aqu-sz  %util
nvme0n1       4609.00 569892.00     0.00   0.00    0.21   123.65   56.00    236.00     3.00   5.08    8.66     4.21    0.00      0.00     0.00   0.00    0.00     0.00    0.00    0.00    1.47  34.60


10/05/2026 09:33:50 PM
Device            r/s     rkB/s   rrqm/s  %rrqm r_await rareq-sz     w/s     wkB/s   wrqm/s  %wrqm w_await wareq-sz     d/s     dkB/s   drqm/s  %drqm d_await dareq-sz     f/s f_await  aqu-sz  %util
nvme0n1       3229.00 398760.00    99.00   2.97    0.40   123.49  930.00  41968.00  9562.00  91.14   51.58    45.13    0.00      0.00     0.00   0.00    0.00     0.00    0.00    0.00   49.27  48.90


10/05/2026 09:33:51 PM
Device            r/s     rkB/s   rrqm/s  %rrqm r_await rareq-sz     w/s     wkB/s   wrqm/s  %wrqm w_await wareq-sz     d/s     dkB/s   drqm/s  %drqm d_await dareq-sz     f/s f_await  aqu-sz  %util
nvme0n1       4602.00 565924.00   137.00   2.89    0.23   122.97  139.00    708.00    10.00   6.71    4.01     5.09    0.00      0.00     0.00   0.00    0.00     0.00    0.00    0.00    1.63  38.30


10/05/2026 09:33:52 PM
Device            r/s     rkB/s   rrqm/s  %rrqm r_await rareq-sz     w/s     wkB/s   wrqm/s  %wrqm w_await wareq-sz     d/s     dkB/s   drqm/s  %drqm d_await dareq-sz     f/s f_await  aqu-sz  %util
nvme0n1       5360.00 666276.00    41.00   0.76    0.23   124.31  155.00    648.00     7.00   4.32   11.11     4.18    0.00      0.00     0.00   0.00    0.00     0.00    0.00    0.00    2.94  44.20


10/05/2026 09:33:53 PM
Device            r/s     rkB/s   rrqm/s  %rrqm r_await rareq-sz     w/s     wkB/s   wrqm/s  %wrqm w_await wareq-sz     d/s     dkB/s   drqm/s  %drqm d_await dareq-sz     f/s f_await  aqu-sz  %util
nvme0n1       5269.00 307116.00     6.00   0.11    0.19    58.29    4.00     64.00    12.00  75.00    0.00    16.00    0.00      0.00     0.00   0.00    0.00     0.00    0.00    0.00    0.99  63.30


10/05/2026 09:33:54 PM
Device            r/s     rkB/s   rrqm/s  %rrqm r_await rareq-sz     w/s     wkB/s   wrqm/s  %wrqm w_await wareq-sz     d/s     dkB/s   drqm/s  %drqm d_await dareq-sz     f/s f_await  aqu-sz  %util
nvme0n1       5603.00 101732.00     2.00   0.04    0.15    18.16    4.00     12.00     0.00   0.00    1.00     3.00    0.00      0.00     0.00   0.00    0.00     0.00    1.00    1.00    0.86  72.70


10/05/2026 09:33:55 PM
Device            r/s     rkB/s   rrqm/s  %rrqm r_await rareq-sz     w/s     wkB/s   wrqm/s  %wrqm w_await wareq-sz     d/s     dkB/s   drqm/s  %drqm d_await dareq-sz     f/s f_await  aqu-sz  %util
nvme0n1       3749.00 451260.00   102.00   2.65    0.24   120.37  122.00   3360.00   718.00  85.48    5.10    27.54    0.00      0.00     0.00   0.00    0.00     0.00    0.00    0.00    1.51  31.90


10/05/2026 09:33:56 PM
Device            r/s     rkB/s   rrqm/s  %rrqm r_await rareq-sz     w/s     wkB/s   wrqm/s  %wrqm w_await wareq-sz     d/s     dkB/s   drqm/s  %drqm d_await dareq-sz     f/s f_await  aqu-sz  %util
nvme0n1       3372.00 419364.00   114.00   3.27    0.24   124.37    0.00      0.00     0.00   0.00    0.00     0.00    0.00      0.00     0.00   0.00    0.00     0.00    0.00    0.00    0.82  30.80


10/05/2026 09:33:57 PM
Device            r/s     rkB/s   rrqm/s  %rrqm r_await rareq-sz     w/s     wkB/s   wrqm/s  %wrqm w_await wareq-sz     d/s     dkB/s   drqm/s  %drqm d_await dareq-sz     f/s f_await  aqu-sz  %util
nvme0n1       3668.00 458388.00     4.00   0.11    0.24   124.97    0.00      0.00     0.00   0.00    0.00     0.00    0.00      0.00     0.00   0.00    0.00     0.00    0.00    0.00    0.87  33.10


10/05/2026 09:33:58 PM
Device            r/s     rkB/s   rrqm/s  %rrqm r_await rareq-sz     w/s     wkB/s   wrqm/s  %wrqm w_await wareq-sz     d/s     dkB/s   drqm/s  %drqm d_await dareq-sz     f/s f_await  aqu-sz  %util
nvme0n1       3229.00 395068.00   173.00   5.09    0.24   122.35    0.00      0.00     0.00   0.00    0.00     0.00    0.00      0.00     0.00   0.00    0.00     0.00    0.00    0.00    0.78  29.30


10/05/2026 09:33:59 PM
Device            r/s     rkB/s   rrqm/s  %rrqm r_await rareq-sz     w/s     wkB/s   wrqm/s  %wrqm w_await wareq-sz     d/s     dkB/s   drqm/s  %drqm d_await dareq-sz     f/s f_await  aqu-sz  %util
nvme0n1       3958.00 484352.00    91.00   2.25    0.24   122.37   13.00     56.00     2.00  13.33    0.23     4.31    0.00      0.00     0.00   0.00    0.00     0.00    1.00    1.00    0.94  35.90


10/05/2026 09:34:00 PM
Device            r/s     rkB/s   rrqm/s  %rrqm r_await rareq-sz     w/s     wkB/s   wrqm/s  %wrqm w_await wareq-sz     d/s     dkB/s   drqm/s  %drqm d_await dareq-sz     f/s f_await  aqu-sz  %util
nvme0n1       3648.00 459036.00     0.00   0.00    0.23   125.83  223.00   1000.00    26.00  10.44    9.59     4.48    0.00      0.00     0.00   0.00    0.00     0.00    0.00    0.00    2.98  29.40


10/05/2026 09:34:01 PM
Device            r/s     rkB/s   rrqm/s  %rrqm r_await rareq-sz     w/s     wkB/s   wrqm/s  %wrqm w_await wareq-sz     d/s     dkB/s   drqm/s  %drqm d_await dareq-sz     f/s f_await  aqu-sz  %util
nvme0n1       2996.00 374556.00     0.00   0.00    0.25   125.02  167.00    848.00    45.00  21.23    5.31     5.08    0.00      0.00     0.00   0.00    0.00     0.00    0.00    0.00    1.64  28.80


10/05/2026 09:34:02 PM
Device            r/s     rkB/s   rrqm/s  %rrqm r_await rareq-sz     w/s     wkB/s   wrqm/s  %wrqm w_await wareq-sz     d/s     dkB/s   drqm/s  %drqm d_await dareq-sz     f/s f_await  aqu-sz  %util
nvme0n1       3523.00 434820.00     0.00   0.00    0.24   123.42  141.00    668.00    26.00  15.57    9.21     4.74    0.00      0.00     0.00   0.00    0.00     0.00    0.00    0.00    2.15  32.90


10/05/2026 09:34:03 PM
Device            r/s     rkB/s   rrqm/s  %rrqm r_await rareq-sz     w/s     wkB/s   wrqm/s  %wrqm w_await wareq-sz     d/s     dkB/s   drqm/s  %drqm d_await dareq-sz     f/s f_await  aqu-sz  %util
nvme0n1       5189.00 181992.00    12.00   0.23    0.19    35.07 1332.00   5764.00   109.00   7.56   11.20     4.33    0.00      0.00     0.00   0.00    0.00     0.00    0.00    0.00   15.89  70.00


10/05/2026 09:34:04 PM
Device            r/s     rkB/s   rrqm/s  %rrqm r_await rareq-sz     w/s     wkB/s   wrqm/s  %wrqm w_await wareq-sz     d/s     dkB/s   drqm/s  %drqm d_await dareq-sz     f/s f_await  aqu-sz  %util
nvme0n1       3253.00 312864.00    48.00   1.45    0.21    96.18  133.00    604.00    18.00  11.92    2.56     4.54    0.00      0.00     0.00   0.00    0.00     0.00    0.00    0.00    1.03  31.80


10/05/2026 09:34:05 PM
Device            r/s     rkB/s   rrqm/s  %rrqm r_await rareq-sz     w/s     wkB/s   wrqm/s  %wrqm w_await wareq-sz     d/s     dkB/s   drqm/s  %drqm d_await dareq-sz     f/s f_await  aqu-sz  %util
nvme0n1       2673.00 328168.00     0.00   0.00    0.24   122.77  111.00    480.00    10.00   8.26   10.94     4.32    0.00      0.00     0.00   0.00    0.00     0.00    1.00    1.00    1.86  26.00


10/05/2026 09:34:06 PM
Device            r/s     rkB/s   rrqm/s  %rrqm r_await rareq-sz     w/s     wkB/s   wrqm/s  %wrqm w_await wareq-sz     d/s     dkB/s   drqm/s  %drqm d_await dareq-sz     f/s f_await  aqu-sz  %util
nvme0n1       3772.00 470344.00     0.00   0.00    0.24   124.69   90.00    372.00     3.00   3.23   13.84     4.13    0.00      0.00     0.00   0.00    0.00     0.00    0.00    0.00    2.13  32.60


10/05/2026 09:34:07 PM
Device            r/s     rkB/s   rrqm/s  %rrqm r_await rareq-sz     w/s     wkB/s   wrqm/s  %wrqm w_await wareq-sz     d/s     dkB/s   drqm/s  %drqm d_await dareq-sz     f/s f_await  aqu-sz  %util
nvme0n1       3667.00 458504.00     0.00   0.00    0.24   125.04  192.00    840.00    18.00   8.57    5.46     4.38    0.00      0.00     0.00   0.00    0.00     0.00    0.00    0.00    1.94  32.40


10/05/2026 09:34:08 PM
Device            r/s     rkB/s   rrqm/s  %rrqm r_await rareq-sz     w/s     wkB/s   wrqm/s  %wrqm w_await wareq-sz     d/s     dkB/s   drqm/s  %drqm d_await dareq-sz     f/s f_await  aqu-sz  %util
nvme0n1       3424.00 427244.00     0.00   0.00    0.24   124.78   19.00     76.00     0.00   0.00   37.63     4.00    0.00      0.00     0.00   0.00    0.00     0.00    0.00    0.00    1.55  32.10


10/05/2026 09:34:09 PM
Device            r/s     rkB/s   rrqm/s  %rrqm r_await rareq-sz     w/s     wkB/s   wrqm/s  %wrqm w_await wareq-sz     d/s     dkB/s   drqm/s  %drqm d_await dareq-sz     f/s f_await  aqu-sz  %util
nvme0n1       5533.00 476216.00   107.00   1.90    0.17    86.07   34.00    144.00     2.00   5.56   32.21     4.24    0.00      0.00     0.00   0.00    0.00     0.00    0.00    0.00    2.04  38.50


10/05/2026 09:34:10 PM
Device            r/s     rkB/s   rrqm/s  %rrqm r_await rareq-sz     w/s     wkB/s   wrqm/s  %wrqm w_await wareq-sz     d/s     dkB/s   drqm/s  %drqm d_await dareq-sz     f/s f_await  aqu-sz  %util
nvme0n1       4968.00 453316.00    47.00   0.94    0.18    91.25   15.00     84.00     7.00  31.82    0.20     5.60    0.00      0.00     0.00   0.00    0.00     0.00    1.00    1.00    0.91  34.80


10/05/2026 09:34:11 PM
Device            r/s     rkB/s   rrqm/s  %rrqm r_await rareq-sz     w/s     wkB/s   wrqm/s  %wrqm w_await wareq-sz     d/s     dkB/s   drqm/s  %drqm d_await dareq-sz     f/s f_await  aqu-sz  %util
nvme0n1       4608.00 185964.00    35.00   0.75    0.16    40.36    0.00      0.00     0.00   0.00    0.00     0.00    0.00      0.00     0.00   0.00    0.00     0.00    0.00    0.00    0.75  53.10


10/05/2026 09:34:12 PM
Device            r/s     rkB/s   rrqm/s  %rrqm r_await rareq-sz     w/s     wkB/s   wrqm/s  %wrqm w_await wareq-sz     d/s     dkB/s   drqm/s  %drqm d_await dareq-sz     f/s f_await  aqu-sz  %util
nvme0n1       5076.00 109824.00     0.00   0.00    0.16    21.64    0.00      0.00     0.00   0.00    0.00     0.00    0.00      0.00     0.00   0.00    0.00     0.00    0.00    0.00    0.81  66.80


10/05/2026 09:34:13 PM
Device            r/s     rkB/s   rrqm/s  %rrqm r_await rareq-sz     w/s     wkB/s   wrqm/s  %wrqm w_await wareq-sz     d/s     dkB/s   drqm/s  %drqm d_await dareq-sz     f/s f_await  aqu-sz  %util
nvme0n1       4684.00 576344.00     0.00   0.00    0.23   123.05   58.00    288.00    14.00  19.44    7.52     4.97    0.00      0.00     0.00   0.00    0.00     0.00    0.00    0.00    1.52  39.80


10/05/2026 09:34:14 PM
Device            r/s     rkB/s   rrqm/s  %rrqm r_await rareq-sz     w/s     wkB/s   wrqm/s  %wrqm w_await wareq-sz     d/s     dkB/s   drqm/s  %drqm d_await dareq-sz     f/s f_await  aqu-sz  %util
nvme0n1       4552.00 566168.00     0.00   0.00    0.22   124.38    0.00      0.00     0.00   0.00    0.00     0.00    0.00      0.00     0.00   0.00    0.00     0.00    0.00    0.00    0.99  35.00


10/05/2026 09:34:15 PM
Device            r/s     rkB/s   rrqm/s  %rrqm r_await rareq-sz     w/s     wkB/s   wrqm/s  %wrqm w_await wareq-sz     d/s     dkB/s   drqm/s  %drqm d_await dareq-sz     f/s f_await  aqu-sz  %util
nvme0n1       4242.00 526436.00     0.00   0.00    0.22   124.10  168.00    760.00    22.00  11.58    3.40     4.52    0.00      0.00     0.00   0.00    0.00     0.00    1.00    1.00    1.52  38.70


10/05/2026 09:34:16 PM
Device            r/s     rkB/s   rrqm/s  %rrqm r_await rareq-sz     w/s     wkB/s   wrqm/s  %wrqm w_await wareq-sz     d/s     dkB/s   drqm/s  %drqm d_await dareq-sz     f/s f_await  aqu-sz  %util
nvme0n1       7399.00 713300.00    61.00   0.82    0.18    96.40  337.00   1408.00    15.00   4.26    7.36     4.18    0.00      0.00     0.00   0.00    0.00     0.00    0.00    0.00    3.78  43.60


10/05/2026 09:34:17 PM
Device            r/s     rkB/s   rrqm/s  %rrqm r_await rareq-sz     w/s     wkB/s   wrqm/s  %wrqm w_await wareq-sz     d/s     dkB/s   drqm/s  %drqm d_await dareq-sz     f/s f_await  aqu-sz  %util
nvme0n1       4149.00 506312.00     0.00   0.00    0.23   122.03   74.00    304.00     2.00   2.63   16.59     4.11    0.00      0.00     0.00   0.00    0.00     0.00    0.00    0.00    2.19  35.70


10/05/2026 09:34:18 PM
Device            r/s     rkB/s   rrqm/s  %rrqm r_await rareq-sz     w/s     wkB/s   wrqm/s  %wrqm w_await wareq-sz     d/s     dkB/s   drqm/s  %drqm d_await dareq-sz     f/s f_await  aqu-sz  %util
nvme0n1       4689.00 574980.00    13.00   0.28    0.23   122.62    0.00      0.00     0.00   0.00    0.00     0.00    0.00      0.00     0.00   0.00    0.00     0.00    0.00    0.00    1.07  40.90


10/05/2026 09:34:19 PM
Device            r/s     rkB/s   rrqm/s  %rrqm r_await rareq-sz     w/s     wkB/s   wrqm/s  %wrqm w_await wareq-sz     d/s     dkB/s   drqm/s  %drqm d_await dareq-sz     f/s f_await  aqu-sz  %util
nvme0n1       2641.00 322072.00   133.00   4.79    0.54   121.95  874.00  57424.00 13482.00  93.91   50.04    65.70    0.00      0.00     0.00   0.00    0.00     0.00    0.00    0.00   45.16  47.70


10/05/2026 09:34:20 PM
Device            r/s     rkB/s   rrqm/s  %rrqm r_await rareq-sz     w/s     wkB/s   wrqm/s  %wrqm w_await wareq-sz     d/s     dkB/s   drqm/s  %drqm d_await dareq-sz     f/s f_await  aqu-sz  %util
nvme0n1       4092.00 494568.00   306.00   6.96    0.23   120.86    3.00     68.00    14.00  82.35    0.00    22.67    0.00      0.00     0.00   0.00    0.00     0.00    0.00    0.00    0.96  36.50


10/05/2026 09:34:21 PM
Device            r/s     rkB/s   rrqm/s  %rrqm r_await rareq-sz     w/s     wkB/s   wrqm/s  %wrqm w_await wareq-sz     d/s     dkB/s   drqm/s  %drqm d_await dareq-sz     f/s f_await  aqu-sz  %util
nvme0n1       4133.00 504428.00   290.00   6.56    0.23   122.05  100.00    524.00     2.00   1.96    0.18     5.24    0.00      0.00     0.00   0.00    0.00     0.00    1.00    1.00    0.98  35.30


10/05/2026 09:34:22 PM
Device            r/s     rkB/s   rrqm/s  %rrqm r_await rareq-sz     w/s     wkB/s   wrqm/s  %wrqm w_await wareq-sz     d/s     dkB/s   drqm/s  %drqm d_await dareq-sz     f/s f_await  aqu-sz  %util
nvme0n1       4570.00 558532.00   223.00   4.65    0.23   122.22    0.00      0.00     0.00   0.00    0.00     0.00    0.00      0.00     0.00   0.00    0.00     0.00    0.00    0.00    1.04  39.70


10/05/2026 09:34:23 PM
Device            r/s     rkB/s   rrqm/s  %rrqm r_await rareq-sz     w/s     wkB/s   wrqm/s  %wrqm w_await wareq-sz     d/s     dkB/s   drqm/s  %drqm d_await dareq-sz     f/s f_await  aqu-sz  %util
nvme0n1       9779.00 581252.00  3642.00  27.14    0.16    59.44    2.00      8.00     0.00   0.00    0.00     4.00    0.00      0.00     0.00   0.00    0.00     0.00    0.00    0.00    1.53  39.80


10/05/2026 09:34:24 PM
Device            r/s     rkB/s   rrqm/s  %rrqm r_await rareq-sz     w/s     wkB/s   wrqm/s  %wrqm w_await wareq-sz     d/s     dkB/s   drqm/s  %drqm d_await dareq-sz     f/s f_await  aqu-sz  %util
nvme0n1       9483.00 389176.00  5101.00  34.98    0.13    41.04    0.00      0.00     0.00   0.00    0.00     0.00    0.00      0.00     0.00   0.00    0.00     0.00    0.00    0.00    1.24  31.60


10/05/2026 09:34:25 PM
Device            r/s     rkB/s   rrqm/s  %rrqm r_await rareq-sz     w/s     wkB/s   wrqm/s  %wrqm w_await wareq-sz     d/s     dkB/s   drqm/s  %drqm d_await dareq-sz     f/s f_await  aqu-sz  %util
nvme0n1       5993.00 376412.00    24.00   0.40    0.19    62.81    1.00     52.00    12.00  92.31    0.00    52.00    0.00      0.00     0.00   0.00    0.00     0.00    0.00    0.00    1.13  22.50


10/05/2026 09:34:26 PM
Device            r/s     rkB/s   rrqm/s  %rrqm r_await rareq-sz     w/s     wkB/s   wrqm/s  %wrqm w_await wareq-sz     d/s     dkB/s   drqm/s  %drqm d_await dareq-sz     f/s f_await  aqu-sz  %util
nvme0n1       5870.00 346740.00    41.00   0.69    0.18    59.07   19.00     72.00     0.00   0.00    0.16     3.79    0.00      0.00     0.00   0.00    0.00     0.00    1.00    1.00    1.04  21.80


10/05/2026 09:34:27 PM
Device            r/s     rkB/s   rrqm/s  %rrqm r_await rareq-sz     w/s     wkB/s   wrqm/s  %wrqm w_await wareq-sz     d/s     dkB/s   drqm/s  %drqm d_await dareq-sz     f/s f_await  aqu-sz  %util
nvme0n1       4992.00 278980.00     8.00   0.16    0.18    55.89    2.00     12.00     1.00  33.33    1.00     6.00    0.00      0.00     0.00   0.00    0.00     0.00    0.00    0.00    0.90  16.70


10/05/2026 09:34:28 PM
Device            r/s     rkB/s   rrqm/s  %rrqm r_await rareq-sz     w/s     wkB/s   wrqm/s  %wrqm w_await wareq-sz     d/s     dkB/s   drqm/s  %drqm d_await dareq-sz     f/s f_await  aqu-sz  %util
nvme0n1       4344.00 262360.00     8.00   0.18    0.18    60.40    2.00      8.00     0.00   0.00    0.00     4.00    0.00      0.00     0.00   0.00    0.00     0.00    0.00    0.00    0.78  15.80


10/05/2026 09:34:29 PM
Device            r/s     rkB/s   rrqm/s  %rrqm r_await rareq-sz     w/s     wkB/s   wrqm/s  %wrqm w_await wareq-sz     d/s     dkB/s   drqm/s  %drqm d_await dareq-sz     f/s f_await  aqu-sz  %util
nvme0n1       3788.00 220560.00     1.00   0.03    0.18    58.23    0.00      0.00     0.00   0.00    0.00     0.00    0.00      0.00     0.00   0.00    0.00     0.00    0.00    0.00    0.69  15.70


10/05/2026 09:34:30 PM
Device            r/s     rkB/s   rrqm/s  %rrqm r_await rareq-sz     w/s     wkB/s   wrqm/s  %wrqm w_await wareq-sz     d/s     dkB/s   drqm/s  %drqm d_await dareq-sz     f/s f_await  aqu-sz  %util
nvme0n1       5078.00 283156.00    17.00   0.33    0.17    55.76    0.00      0.00     0.00   0.00    0.00     0.00    0.00      0.00     0.00   0.00    0.00     0.00    0.00    0.00    0.85  19.10


10/05/2026 09:34:31 PM
Device            r/s     rkB/s   rrqm/s  %rrqm r_await rareq-sz     w/s     wkB/s   wrqm/s  %wrqm w_await wareq-sz     d/s     dkB/s   drqm/s  %drqm d_await dareq-sz     f/s f_await  aqu-sz  %util
nvme0n1       2474.00 146440.00     4.00   0.16    0.20    59.19    3.00     24.00     4.00  57.14    1.33     8.00    0.00      0.00     0.00   0.00    0.00     0.00    1.00    0.00    0.50  12.10


10/05/2026 09:34:32 PM
Device            r/s     rkB/s   rrqm/s  %rrqm r_await rareq-sz     w/s     wkB/s   wrqm/s  %wrqm w_await wareq-sz     d/s     dkB/s   drqm/s  %drqm d_await dareq-sz     f/s f_await  aqu-sz  %util
nvme0n1       2949.00 156372.00     1.00   0.03    0.18    53.03    2.00     12.00     1.00  33.33    0.00     6.00    0.00      0.00     0.00   0.00    0.00     0.00    0.00    0.00    0.53  12.00


10/05/2026 09:34:33 PM
Device            r/s     rkB/s   rrqm/s  %rrqm r_await rareq-sz     w/s     wkB/s   wrqm/s  %wrqm w_await wareq-sz     d/s     dkB/s   drqm/s  %drqm d_await dareq-sz     f/s f_await  aqu-sz  %util
nvme0n1       3120.00 183252.00     2.00   0.06    0.18    58.73    0.00      0.00     0.00   0.00    0.00     0.00    0.00      0.00     0.00   0.00    0.00     0.00    0.00    0.00    0.56  13.50


10/05/2026 09:34:34 PM
Device            r/s     rkB/s   rrqm/s  %rrqm r_await rareq-sz     w/s     wkB/s   wrqm/s  %wrqm w_await wareq-sz     d/s     dkB/s   drqm/s  %drqm d_await dareq-sz     f/s f_await  aqu-sz  %util
nvme0n1       2732.00 162628.00     1.00   0.04    0.18    59.53    0.00      0.00     0.00   0.00    0.00     0.00    0.00      0.00     0.00   0.00    0.00     0.00    0.00    0.00    0.49  12.80


10/05/2026 09:34:35 PM
Device            r/s     rkB/s   rrqm/s  %rrqm r_await rareq-sz     w/s     wkB/s   wrqm/s  %wrqm w_await wareq-sz     d/s     dkB/s   drqm/s  %drqm d_await dareq-sz     f/s f_await  aqu-sz  %util
nvme0n1       5468.00 322624.00     1.00   0.02    0.18    59.00    2.00      8.00     0.00   0.00    0.00     4.00    0.00      0.00     0.00   0.00    0.00     0.00    0.00    0.00    0.97  19.60


10/05/2026 09:34:36 PM
Device            r/s     rkB/s   rrqm/s  %rrqm r_await rareq-sz     w/s     wkB/s   wrqm/s  %wrqm w_await wareq-sz     d/s     dkB/s   drqm/s  %drqm d_await dareq-sz     f/s f_await  aqu-sz  %util
nvme0n1       5886.00 382360.00     0.00   0.00    0.18    64.96    1.00     20.00     4.00  80.00    0.00    20.00    0.00      0.00     0.00   0.00    0.00     0.00    0.00    0.00    1.08  23.00


10/05/2026 09:34:37 PM
Device            r/s     rkB/s   rrqm/s  %rrqm r_await rareq-sz     w/s     wkB/s   wrqm/s  %wrqm w_await wareq-sz     d/s     dkB/s   drqm/s  %drqm d_await dareq-sz     f/s f_await  aqu-sz  %util
nvme0n1       4591.00 284368.00     2.00   0.04    0.18    61.94    2.00      4.00     0.00   0.00    1.00     2.00    0.00      0.00     0.00   0.00    0.00     0.00    1.00    1.00    0.83  18.00

                                                                                                                                                                                                                                                                                                                                                                                                                                                                                                                                                                                                                                                                                                                                                                                                                                                                                                                                                                                                                                                                                                                                                                                                                                                                                                                                                                                                                                                                                                                                                                                                                                                                                                                                                                                                                                                                                                                                                                                                                                                                                                                                                                                                                                                                                                                                                                                                                                                                                                                                                                                                                                                                                                                                                                                                                                                                                                                                                                                                                                                                                                                                                                                                                                                                                                                                                                                                                                                                                                                                                                                                                                                                                                                                                                                                                                                                                                                                                                                                                                                                                                                                                                                                                                                                                                                                                                                                                                                                                                                                                                                                                                                                                                                                                                                                                                                                                                                                                                                                                                                                                                                                                                                                                                                                                                                                                                                                                                                                                                                                                                                                                                                                                                                    
10/05/2026 09:30:31 PM
Device            r/s     rkB/s   rrqm/s  %rrqm r_await rareq-sz     w/s     wkB/s   wrqm/s  %wrqm w_await wareq-sz     d/s     dkB/s   drqm/s  %drqm d_await dareq-sz     f/s f_await  aqu-sz  %util
nvme0n1       14999.00 929152.00   130.00   0.86    0.17    61.95  296.00   1808.00   151.00  33.78    6.11     6.11    0.00      0.00     0.00   0.00    0.00     0.00    1.00    1.00    4.39  43.30


10/05/2026 09:30:32 PM
Device            r/s     rkB/s   rrqm/s  %rrqm r_await rareq-sz     w/s     wkB/s   wrqm/s  %wrqm w_await wareq-sz     d/s     dkB/s   drqm/s  %drqm d_await dareq-sz     f/s f_await  aqu-sz  %util
nvme0n1       9091.00 128504.00   395.00   4.16    0.09    14.14    0.00      0.00     0.00   0.00    0.00     0.00    0.00      0.00     0.00   0.00    0.00     0.00    0.00    0.00    0.83  63.70


10/05/2026 09:30:33 PM
Device            r/s     rkB/s   rrqm/s  %rrqm r_await rareq-sz     w/s     wkB/s   wrqm/s  %wrqm w_await wareq-sz     d/s     dkB/s   drqm/s  %drqm d_await dareq-sz     f/s f_await  aqu-sz  %util
nvme0n1       6822.00 103692.00   537.00   7.30    0.13    15.20    0.00      0.00     0.00   0.00    0.00     0.00    0.00      0.00     0.00   0.00    0.00     0.00    0.00    0.00    0.91  84.70


10/05/2026 09:30:34 PM
Device            r/s     rkB/s   rrqm/s  %rrqm r_await rareq-sz     w/s     wkB/s   wrqm/s  %wrqm w_await wareq-sz     d/s     dkB/s   drqm/s  %drqm d_await dareq-sz     f/s f_await  aqu-sz  %util
nvme0n1       11770.00 1494840.00    17.00   0.14    0.18   127.00   57.00    244.00     4.00   6.56   11.96     4.28    0.00      0.00     0.00   0.00    0.00     0.00    0.00    0.00    2.82  51.30


10/05/2026 09:30:35 PM
Device            r/s     rkB/s   rrqm/s  %rrqm r_await rareq-sz     w/s     wkB/s   wrqm/s  %wrqm w_await wareq-sz     d/s     dkB/s   drqm/s  %drqm d_await dareq-sz     f/s f_await  aqu-sz  %util
nvme0n1       9068.00 1145328.00    33.00   0.36    0.19   126.30  428.00   2216.00   142.00  24.91   14.53     5.18    0.00      0.00     0.00   0.00    0.00     0.00    0.00    0.00    7.96  47.20


10/05/2026 09:30:36 PM
Device            r/s     rkB/s   rrqm/s  %rrqm r_await rareq-sz     w/s     wkB/s   wrqm/s  %wrqm w_await wareq-sz     d/s     dkB/s   drqm/s  %drqm d_await dareq-sz     f/s f_await  aqu-sz  %util
nvme0n1       16432.00 1512544.00   545.00   3.21    0.16    92.05    5.00     84.00     0.00   0.00    0.80    16.80    0.00      0.00     0.00   0.00    0.00     0.00    1.00    1.00    2.62  63.10


10/05/2026 09:30:37 PM
Device            r/s     rkB/s   rrqm/s  %rrqm r_await rareq-sz     w/s     wkB/s   wrqm/s  %wrqm w_await wareq-sz     d/s     dkB/s   drqm/s  %drqm d_await dareq-sz     f/s f_await  aqu-sz  %util
nvme0n1       12582.00 1458108.00   125.00   0.98    0.18   115.89    3.00     16.00     1.00  25.00    0.00     5.33    0.00      0.00     0.00   0.00    0.00     0.00    0.00    0.00    2.25  56.40


10/05/2026 09:30:38 PM
Device            r/s     rkB/s   rrqm/s  %rrqm r_await rareq-sz     w/s     wkB/s   wrqm/s  %wrqm w_await wareq-sz     d/s     dkB/s   drqm/s  %drqm d_await dareq-sz     f/s f_await  aqu-sz  %util
nvme0n1       11205.00 1428116.00     0.00   0.00    0.19   127.45    0.00      0.00     0.00   0.00    0.00     0.00    0.00      0.00     0.00   0.00    0.00     0.00    0.00    0.00    2.09  56.40


10/05/2026 09:30:39 PM
Device            r/s     rkB/s   rrqm/s  %rrqm r_await rareq-sz     w/s     wkB/s   wrqm/s  %wrqm w_await wareq-sz     d/s     dkB/s   drqm/s  %drqm d_await dareq-sz     f/s f_await  aqu-sz  %util
nvme0n1       11343.00 1445024.00     0.00   0.00    0.18   127.39   32.00    372.00    61.00  65.59   21.50    11.62    0.00      0.00     0.00   0.00    0.00     0.00    0.00    0.00    2.69  54.60


10/05/2026 09:30:40 PM
Device            r/s     rkB/s   rrqm/s  %rrqm r_await rareq-sz     w/s     wkB/s   wrqm/s  %wrqm w_await wareq-sz     d/s     dkB/s   drqm/s  %drqm d_await dareq-sz     f/s f_await  aqu-sz  %util
nvme0n1       11012.00 1388932.00     2.00   0.02    0.19   126.13    0.00      0.00     0.00   0.00    0.00     0.00    0.00      0.00     0.00   0.00    0.00     0.00    0.00    0.00    2.10  56.20


10/05/2026 09:30:41 PM
Device            r/s     rkB/s   rrqm/s  %rrqm r_await rareq-sz     w/s     wkB/s   wrqm/s  %wrqm w_await wareq-sz     d/s     dkB/s   drqm/s  %drqm d_await dareq-sz     f/s f_await  aqu-sz  %util
nvme0n1       10152.00 1290776.00     0.00   0.00    0.20   127.14  618.00   2628.00    40.00   6.08    5.44     4.25    0.00      0.00     0.00   0.00    0.00     0.00    1.00    1.00    5.35  49.80


10/05/2026 09:30:42 PM
Device            r/s     rkB/s   rrqm/s  %rrqm r_await rareq-sz     w/s     wkB/s   wrqm/s  %wrqm w_await wareq-sz     d/s     dkB/s   drqm/s  %drqm d_await dareq-sz     f/s f_await  aqu-sz  %util
nvme0n1       13331.00 1413992.00   866.00   6.10    0.18   106.07  207.00   3136.00   576.00  73.56    3.50    15.15    0.00      0.00     0.00   0.00    0.00     0.00    0.00    0.00    3.08  57.80


10/05/2026 09:30:43 PM
Device            r/s     rkB/s   rrqm/s  %rrqm r_await rareq-sz     w/s     wkB/s   wrqm/s  %wrqm w_await wareq-sz     d/s     dkB/s   drqm/s  %drqm d_await dareq-sz     f/s f_await  aqu-sz  %util
nvme0n1       11282.00 1434824.00     0.00   0.00    0.19   127.18    1.00      4.00     0.00   0.00    0.00     4.00    0.00      0.00     0.00   0.00    0.00     0.00    0.00    0.00    2.14  54.70


10/05/2026 09:30:44 PM
Device            r/s     rkB/s   rrqm/s  %rrqm r_await rareq-sz     w/s     wkB/s   wrqm/s  %wrqm w_await wareq-sz     d/s     dkB/s   drqm/s  %drqm d_await dareq-sz     f/s f_await  aqu-sz  %util
nvme0n1       11460.00 1456392.00     0.00   0.00    0.19   127.08    1.00      4.00     0.00   0.00   27.00     4.00    0.00      0.00     0.00   0.00    0.00     0.00    0.00    0.00    2.20  55.80


10/05/2026 09:30:45 PM
Device            r/s     rkB/s   rrqm/s  %rrqm r_await rareq-sz     w/s     wkB/s   wrqm/s  %wrqm w_await wareq-sz     d/s     dkB/s   drqm/s  %drqm d_await dareq-sz     f/s f_await  aqu-sz  %util
nvme0n1       11369.00 1447988.00     0.00   0.00    0.19   127.36    0.00      0.00     0.00   0.00    0.00     0.00    0.00      0.00     0.00   0.00    0.00     0.00    0.00    0.00    2.17  55.40


10/05/2026 09:30:46 PM
Device            r/s     rkB/s   rrqm/s  %rrqm r_await rareq-sz     w/s     wkB/s   wrqm/s  %wrqm w_await wareq-sz     d/s     dkB/s   drqm/s  %drqm d_await dareq-sz     f/s f_await  aqu-sz  %util
nvme0n1       10299.00 1313324.00     0.00   0.00    0.22   127.52  411.00  17712.00  4018.00  90.72   25.58    43.09    0.00      0.00     0.00   0.00    0.00     0.00    1.00    5.00   12.80  59.90


10/05/2026 09:30:47 PM
Device            r/s     rkB/s   rrqm/s  %rrqm r_await rareq-sz     w/s     wkB/s   wrqm/s  %wrqm w_await wareq-sz     d/s     dkB/s   drqm/s  %drqm d_await dareq-sz     f/s f_await  aqu-sz  %util
nvme0n1       11445.00 1463612.00     0.00   0.00    0.19   127.88  279.00   1296.00    14.00   4.78   10.61     4.65    0.00      0.00     0.00   0.00    0.00     0.00    0.00    0.00    5.17  56.30


10/05/2026 09:30:48 PM
Device            r/s     rkB/s   rrqm/s  %rrqm r_await rareq-sz     w/s     wkB/s   wrqm/s  %wrqm w_await wareq-sz     d/s     dkB/s   drqm/s  %drqm d_await dareq-sz     f/s f_await  aqu-sz  %util
nvme0n1       11878.00 1518208.00     5.00   0.04    0.19   127.82    6.00     88.00    16.00  72.73   26.83    14.67    0.00      0.00     0.00   0.00    0.00     0.00    0.00    0.00    2.36  53.70


10/05/2026 09:30:49 PM
Device            r/s     rkB/s   rrqm/s  %rrqm r_await rareq-sz     w/s     wkB/s   wrqm/s  %wrqm w_await wareq-sz     d/s     dkB/s   drqm/s  %drqm d_await dareq-sz     f/s f_await  aqu-sz  %util
nvme0n1       12094.00 1547780.00     0.00   0.00    0.18   127.98    1.00      4.00     0.00   0.00    0.00     4.00    0.00      0.00     0.00   0.00    0.00     0.00    0.00    0.00    2.22  54.40


10/05/2026 09:30:50 PM
Device            r/s     rkB/s   rrqm/s  %rrqm r_await rareq-sz     w/s     wkB/s   wrqm/s  %wrqm w_await wareq-sz     d/s     dkB/s   drqm/s  %drqm d_await dareq-sz     f/s f_await  aqu-sz  %util
nvme0n1       11105.00 1421316.00     0.00   0.00    0.19   127.99    0.00      0.00     0.00   0.00    0.00     0.00    0.00      0.00     0.00   0.00    0.00     0.00    0.00    0.00    2.13  54.80


10/05/2026 09:30:51 PM
Device            r/s     rkB/s   rrqm/s  %rrqm r_await rareq-sz     w/s     wkB/s   wrqm/s  %wrqm w_await wareq-sz     d/s     dkB/s   drqm/s  %drqm d_await dareq-sz     f/s f_await  aqu-sz  %util
nvme0n1       11701.00 1497560.00     0.00   0.00    0.19   127.99    0.00     32.00     7.00 100.00    0.00     0.00    0.00      0.00     0.00   0.00    0.00     0.00    0.00    0.00    2.21  56.20


10/05/2026 09:30:52 PM
Device            r/s     rkB/s   rrqm/s  %rrqm r_await rareq-sz     w/s     wkB/s   wrqm/s  %wrqm w_await wareq-sz     d/s     dkB/s   drqm/s  %drqm d_await dareq-sz     f/s f_await  aqu-sz  %util
nvme0n1       9538.00 1197664.00    41.00   0.43    0.22   125.57  130.00  10864.00  2588.00  95.22   11.62    83.57    0.00      0.00     0.00   0.00    0.00     0.00    1.00    0.00    3.61  53.50


10/05/2026 09:30:53 PM
Device            r/s     rkB/s   rrqm/s  %rrqm r_await rareq-sz     w/s     wkB/s   wrqm/s  %wrqm w_await wareq-sz     d/s     dkB/s   drqm/s  %drqm d_await dareq-sz     f/s f_await  aqu-sz  %util
nvme0n1       11288.00 1443744.00    31.00   0.27    0.19   127.90 1333.00   5916.00   146.00   9.87    3.76     4.44    0.00      0.00     0.00   0.00    0.00     0.00    0.00    0.00    7.19  59.20


10/05/2026 09:30:54 PM
Device            r/s     rkB/s   rrqm/s  %rrqm r_await rareq-sz     w/s     wkB/s   wrqm/s  %wrqm w_await wareq-sz     d/s     dkB/s   drqm/s  %drqm d_await dareq-sz     f/s f_await  aqu-sz  %util
nvme0n1       11085.00 1410664.00   121.00   1.08    0.19   127.26  366.00   1608.00    36.00   8.96   10.47     4.39    0.00      0.00     0.00   0.00    0.00     0.00    0.00    0.00    5.98  54.20


10/05/2026 09:30:55 PM
Device            r/s     rkB/s   rrqm/s  %rrqm r_await rareq-sz     w/s     wkB/s   wrqm/s  %wrqm w_await wareq-sz     d/s     dkB/s   drqm/s  %drqm d_await dareq-sz     f/s f_await  aqu-sz  %util
nvme0n1       11270.00 1442084.00     5.00   0.04    0.19   127.96   99.00    412.00     4.00   3.88   17.29     4.16    0.00      0.00     0.00   0.00    0.00     0.00    0.00    0.00    3.89  56.60


10/05/2026 09:30:56 PM
Device            r/s     rkB/s   rrqm/s  %rrqm r_await rareq-sz     w/s     wkB/s   wrqm/s  %wrqm w_await wareq-sz     d/s     dkB/s   drqm/s  %drqm d_await dareq-sz     f/s f_await  aqu-sz  %util
nvme0n1       10996.00 1405852.00     3.00   0.03    0.20   127.85  261.00   1116.00    22.00   7.77   13.39     4.28    0.00      0.00     0.00   0.00    0.00     0.00    0.00    0.00    5.70  57.40


10/05/2026 09:30:57 PM
Device            r/s     rkB/s   rrqm/s  %rrqm r_await rareq-sz     w/s     wkB/s   wrqm/s  %wrqm w_await wareq-sz     d/s     dkB/s   drqm/s  %drqm d_await dareq-sz     f/s f_await  aqu-sz  %util
nvme0n1       8650.00 1103924.00     7.00   0.08    0.27   127.62  544.00  30804.00 15237.00  96.55   45.98    56.62    0.00      0.00     0.00   0.00    0.00     0.00    1.00    1.00   27.35  59.80


10/05/2026 09:30:58 PM
Device            r/s     rkB/s   rrqm/s  %rrqm r_await rareq-sz     w/s     wkB/s   wrqm/s  %wrqm w_await wareq-sz     d/s     dkB/s   drqm/s  %drqm d_await dareq-sz     f/s f_await  aqu-sz  %util
nvme0n1       3670.00 253636.00  1482.00  28.77    0.73    69.11 3003.00 220148.00 43951.00  93.60   46.83    73.31    0.00      0.00     0.00   0.00    0.00     0.00    0.00    0.00  143.32  71.70


10/05/2026 09:30:59 PM
Device            r/s     rkB/s   rrqm/s  %rrqm r_await rareq-sz     w/s     wkB/s   wrqm/s  %wrqm w_await wareq-sz     d/s     dkB/s   drqm/s  %drqm d_await dareq-sz     f/s f_await  aqu-sz  %util
nvme0n1       6816.00 229724.00    23.00   0.34    0.15    33.70   96.00    400.00     4.00   4.00    8.81     4.17    0.00      0.00     0.00   0.00    0.00     0.00    0.00    0.00    1.86  77.90


10/05/2026 09:31:00 PM
Device            r/s     rkB/s   rrqm/s  %rrqm r_await rareq-sz     w/s     wkB/s   wrqm/s  %wrqm w_await wareq-sz     d/s     dkB/s   drqm/s  %drqm d_await dareq-sz     f/s f_await  aqu-sz  %util
nvme0n1       11925.00 1522768.00    51.00   0.43    0.19   127.70  963.00  92968.00 22279.00  95.86    6.08    96.54    0.00      0.00     0.00   0.00    0.00     0.00    0.00    0.00    8.09  54.30


10/05/2026 09:31:01 PM
Device            r/s     rkB/s   rrqm/s  %rrqm r_await rareq-sz     w/s     wkB/s   wrqm/s  %wrqm w_await wareq-sz     d/s     dkB/s   drqm/s  %drqm d_await dareq-sz     f/s f_await  aqu-sz  %util
nvme0n1       9191.00 1114256.00   152.00   1.63    0.19   121.23   34.00    184.00    15.00  30.61    0.09     5.41    0.00      0.00     0.00   0.00    0.00     0.00    0.00    0.00    1.76  49.60


10/05/2026 09:31:02 PM
Device            r/s     rkB/s   rrqm/s  %rrqm r_await rareq-sz     w/s     wkB/s   wrqm/s  %wrqm w_await wareq-sz     d/s     dkB/s   drqm/s  %drqm d_await dareq-sz     f/s f_await  aqu-sz  %util
nvme0n1       6151.00 734160.00   119.00   1.90    0.22   119.36  212.00   1088.00    59.00  21.77    9.37     5.13    0.00      0.00     0.00   0.00    0.00     0.00    1.00    1.00    3.37  47.30


10/05/2026 09:31:03 PM
Device            r/s     rkB/s   rrqm/s  %rrqm r_await rareq-sz     w/s     wkB/s   wrqm/s  %wrqm w_await wareq-sz     d/s     dkB/s   drqm/s  %drqm d_await dareq-sz     f/s f_await  aqu-sz  %util
nvme0n1       6025.00 743024.00    99.00   1.62    0.22   123.32  226.00    964.00    14.00   5.83   28.40     4.27    0.00      0.00     0.00   0.00    0.00     0.00    0.00    0.00    7.75  50.00


10/05/2026 09:31:04 PM
Device            r/s     rkB/s   rrqm/s  %rrqm r_await rareq-sz     w/s     wkB/s   wrqm/s  %wrqm w_await wareq-sz     d/s     dkB/s   drqm/s  %drqm d_await dareq-sz     f/s f_await  aqu-sz  %util
nvme0n1       5965.00 736580.00   110.00   1.81    0.22   123.48  190.00    780.00     4.00   2.06    9.22     4.11    0.00      0.00     0.00   0.00    0.00     0.00    0.00    0.00    3.10  46.50


10/05/2026 09:31:05 PM
Device            r/s     rkB/s   rrqm/s  %rrqm r_await rareq-sz     w/s     wkB/s   wrqm/s  %wrqm w_await wareq-sz     d/s     dkB/s   drqm/s  %drqm d_await dareq-sz     f/s f_await  aqu-sz  %util
nvme0n1       2896.00 357484.00    72.00   2.43    0.65   123.44  750.00  90652.00 21913.00  96.69  233.69   120.87    0.00      0.00     0.00   0.00    0.00     0.00    0.00    0.00  177.15  65.50


10/05/2026 09:31:06 PM
Device            r/s     rkB/s   rrqm/s  %rrqm r_await rareq-sz     w/s     wkB/s   wrqm/s  %wrqm w_await wareq-sz     d/s     dkB/s   drqm/s  %drqm d_await dareq-sz     f/s f_await  aqu-sz  %util
nvme0n1       6308.00 783896.00   100.00   1.56    0.22   124.27  699.00   3056.00    65.00   8.51    3.08     4.37    0.00      0.00     0.00   0.00    0.00     0.00    0.00    0.00    3.57  48.00


10/05/2026 09:31:07 PM
Device            r/s     rkB/s   rrqm/s  %rrqm r_await rareq-sz     w/s     wkB/s   wrqm/s  %wrqm w_await wareq-sz     d/s     dkB/s   drqm/s  %drqm d_await dareq-sz     f/s f_await  aqu-sz  %util
nvme0n1       11534.00 782224.00   379.00   3.18    0.14    67.82  347.00   1868.00   121.00  25.85    6.74     5.38    0.00      0.00     0.00   0.00    0.00     0.00    1.00    1.00    3.95  55.10


10/05/2026 09:31:08 PM
Device            r/s     rkB/s   rrqm/s  %rrqm r_await rareq-sz     w/s     wkB/s   wrqm/s  %wrqm w_await wareq-sz     d/s     dkB/s   drqm/s  %drqm d_await dareq-sz     f/s f_await  aqu-sz  %util
nvme0n1       6445.00 800340.00   155.00   2.35    0.23   124.18  211.00  10592.00  2437.00  92.03   27.74    50.20    0.00      0.00     0.00   0.00    0.00     0.00    0.00    0.00    7.34  48.00


10/05/2026 09:31:09 PM
Device            r/s     rkB/s   rrqm/s  %rrqm r_await rareq-sz     w/s     wkB/s   wrqm/s  %wrqm w_await wareq-sz     d/s     dkB/s   drqm/s  %drqm d_await dareq-sz     f/s f_await  aqu-sz  %util
nvme0n1       4837.00 585956.00   248.00   4.88    0.24   121.14    0.00      0.00     0.00   0.00    0.00     0.00    0.00      0.00     0.00   0.00    0.00     0.00    0.00    0.00    1.15  42.00


10/05/2026 09:31:10 PM
Device            r/s     rkB/s   rrqm/s  %rrqm r_await rareq-sz     w/s     wkB/s   wrqm/s  %wrqm w_await wareq-sz     d/s     dkB/s   drqm/s  %drqm d_await dareq-sz     f/s f_await  aqu-sz  %util
nvme0n1       4925.00 600136.00   240.00   4.65    0.23   121.86    2.00     12.00     1.00  33.33    0.00     6.00    0.00      0.00     0.00   0.00    0.00     0.00    0.00    0.00    1.13  39.10


10/05/2026 09:31:11 PM
Device            r/s     rkB/s   rrqm/s  %rrqm r_await rareq-sz     w/s     wkB/s   wrqm/s  %wrqm w_await wareq-sz     d/s     dkB/s   drqm/s  %drqm d_await dareq-sz     f/s f_await  aqu-sz  %util
nvme0n1       6023.00 742880.00   250.00   3.99    0.21   123.34   92.00    556.00    56.00  37.84    5.16     6.04    0.00      0.00     0.00   0.00    0.00     0.00    0.00    0.00    1.76  41.20


10/05/2026 09:31:12 PM
Device            r/s     rkB/s   rrqm/s  %rrqm r_await rareq-sz     w/s     wkB/s   wrqm/s  %wrqm w_await wareq-sz     d/s     dkB/s   drqm/s  %drqm d_await dareq-sz     f/s f_await  aqu-sz  %util
nvme0n1       5350.00 650520.00   197.00   3.55    0.22   121.59  232.00   1100.00    34.00  12.78    5.38     4.74    0.00      0.00     0.00   0.00    0.00     0.00    1.00    1.00    2.41  42.80


10/05/2026 09:31:13 PM
Device            r/s     rkB/s   rrqm/s  %rrqm r_await rareq-sz     w/s     wkB/s   wrqm/s  %wrqm w_await wareq-sz     d/s     dkB/s   drqm/s  %drqm d_await dareq-sz     f/s f_await  aqu-sz  %util
nvme0n1       8390.00 799876.00  1396.00  14.27    0.18    95.34  131.00   1900.00   344.00  72.42    3.61    14.50    0.00      0.00     0.00   0.00    0.00     0.00    0.00    0.00    1.97  47.70


10/05/2026 09:31:14 PM
Device            r/s     rkB/s   rrqm/s  %rrqm r_await rareq-sz     w/s     wkB/s   wrqm/s  %wrqm w_await wareq-sz     d/s     dkB/s   drqm/s  %drqm d_await dareq-sz     f/s f_await  aqu-sz  %util
nvme0n1       5865.00 295788.00   917.00  13.52    0.17    50.43   44.00    256.00    20.00  31.25   20.84     5.82    0.00      0.00     0.00   0.00    0.00     0.00    0.00    0.00    1.94  65.00


10/05/2026 09:31:15 PM
Device            r/s     rkB/s   rrqm/s  %rrqm r_await rareq-sz     w/s     wkB/s   wrqm/s  %wrqm w_await wareq-sz     d/s     dkB/s   drqm/s  %drqm d_await dareq-sz     f/s f_await  aqu-sz  %util
nvme0n1       5172.00 107080.00    67.00   1.28    0.16    20.70    0.00      0.00     0.00   0.00    0.00     0.00    0.00      0.00     0.00   0.00    0.00     0.00    0.00    0.00    0.81  70.30


10/05/2026 09:31:16 PM
Device            r/s     rkB/s   rrqm/s  %rrqm r_await rareq-sz     w/s     wkB/s   wrqm/s  %wrqm w_await wareq-sz     d/s     dkB/s   drqm/s  %drqm d_await dareq-sz     f/s f_await  aqu-sz  %util
nvme0n1       7899.00 951924.00   113.00   1.41    0.20   120.51   31.00    208.00    20.00  39.22   27.06     6.71    0.00      0.00     0.00   0.00    0.00     0.00    0.00    0.00    2.38  48.30


10/05/2026 09:31:17 PM
Device            r/s     rkB/s   rrqm/s  %rrqm r_await rareq-sz     w/s     wkB/s   wrqm/s  %wrqm w_await wareq-sz     d/s     dkB/s   drqm/s  %drqm d_await dareq-sz     f/s f_await  aqu-sz  %util
nvme0n1       9801.00 1249908.00     0.00   0.00    0.20   127.53   45.00    196.00     6.00  11.76   16.49     4.36    0.00      0.00     0.00   0.00    0.00     0.00    1.00    1.00    2.66  52.60


10/05/2026 09:31:18 PM
Device            r/s     rkB/s   rrqm/s  %rrqm r_await rareq-sz     w/s     wkB/s   wrqm/s  %wrqm w_await wareq-sz     d/s     dkB/s   drqm/s  %drqm d_await dareq-sz     f/s f_await  aqu-sz  %util
nvme0n1       11397.00 1455976.00     0.00   0.00    0.19   127.75   95.00    500.00     2.00   2.06    0.34     5.26    0.00      0.00     0.00   0.00    0.00     0.00    0.00    0.00    2.14  55.30


10/05/2026 09:31:19 PM
Device            r/s     rkB/s   rrqm/s  %rrqm r_await rareq-sz     w/s     wkB/s   wrqm/s  %wrqm w_await wareq-sz     d/s     dkB/s   drqm/s  %drqm d_await dareq-sz     f/s f_await  aqu-sz  %util
nvme0n1       10573.00 1350588.00     0.00   0.00    0.19   127.74    0.00      0.00     0.00   0.00    0.00     0.00    0.00      0.00     0.00   0.00    0.00     0.00    0.00    0.00    2.06  55.70


10/05/2026 09:31:20 PM
Device            r/s     rkB/s   rrqm/s  %rrqm r_await rareq-sz     w/s     wkB/s   wrqm/s  %wrqm w_await wareq-sz     d/s     dkB/s   drqm/s  %drqm d_await dareq-sz     f/s f_await  aqu-sz  %util
nvme0n1       8803.00 1117012.00    73.00   0.82    0.21   126.89   63.00   3024.00   693.00  91.67    3.76    48.00    0.00      0.00     0.00   0.00    0.00     0.00    0.00    0.00    2.08  52.70


10/05/2026 09:31:21 PM
Device            r/s     rkB/s   rrqm/s  %rrqm r_await rareq-sz     w/s     wkB/s   wrqm/s  %wrqm w_await wareq-sz     d/s     dkB/s   drqm/s  %drqm d_await dareq-sz     f/s f_await  aqu-sz  %util
nvme0n1       6560.00 821856.00   130.00   1.94    0.22   125.28   22.00     92.00     1.00   4.35   27.41     4.18    0.00      0.00     0.00   0.00    0.00     0.00    0.00    0.00    2.05  44.20


10/05/2026 09:31:22 PM
Device            r/s     rkB/s   rrqm/s  %rrqm r_await rareq-sz     w/s     wkB/s   wrqm/s  %wrqm w_await wareq-sz     d/s     dkB/s   drqm/s  %drqm d_await dareq-sz     f/s f_await  aqu-sz  %util
nvme0n1       3995.00 494968.00   161.00   3.87    0.23   123.90    3.00     36.00     7.00  70.00    0.67    12.00    0.00      0.00     0.00   0.00    0.00     0.00    1.00    1.00    0.93  35.10


10/05/2026 09:31:23 PM
Device            r/s     rkB/s   rrqm/s  %rrqm r_await rareq-sz     w/s     wkB/s   wrqm/s  %wrqm w_await wareq-sz     d/s     dkB/s   drqm/s  %drqm d_await dareq-sz     f/s f_await  aqu-sz  %util
nvme0n1       3233.00 399576.00   143.00   4.24    0.25   123.59    3.00     16.00     1.00  25.00   14.00     5.33    0.00      0.00     0.00   0.00    0.00     0.00    0.00    0.00    0.85  30.70


10/05/2026 09:31:24 PM
Device            r/s     rkB/s   rrqm/s  %rrqm r_await rareq-sz     w/s     wkB/s   wrqm/s  %wrqm w_await wareq-sz     d/s     dkB/s   drqm/s  %drqm d_await dareq-sz     f/s f_await  aqu-sz  %util
nvme0n1       7903.00 992180.00     1.00   0.01    0.19   125.54    1.00      4.00     0.00   0.00    0.00     4.00    0.00      0.00     0.00   0.00    0.00     0.00    0.00    0.00    1.51  45.10


10/05/2026 09:31:25 PM
Device            r/s     rkB/s   rrqm/s  %rrqm r_await rareq-sz     w/s     wkB/s   wrqm/s  %wrqm w_await wareq-sz     d/s     dkB/s   drqm/s  %drqm d_await dareq-sz     f/s f_await  aqu-sz  %util
nvme0n1       10182.00 1280812.00     0.00   0.00    0.19   125.79  476.00   2020.00    30.00   5.93   10.88     4.24    0.00      0.00     0.00   0.00    0.00     0.00    0.00    0.00    7.11  56.20


10/05/2026 09:31:26 PM
Device            r/s     rkB/s   rrqm/s  %rrqm r_await rareq-sz     w/s     wkB/s   wrqm/s  %wrqm w_await wareq-sz     d/s     dkB/s   drqm/s  %drqm d_await dareq-sz     f/s f_await  aqu-sz  %util
nvme0n1       10901.00 1392668.00    32.00   0.29    0.19   127.76  318.00   2520.00   311.00  49.44    9.08     7.92    0.00      0.00     0.00   0.00    0.00     0.00    0.00    0.00    4.95  55.30


10/05/2026 09:31:27 PM
Device            r/s     rkB/s   rrqm/s  %rrqm r_await rareq-sz     w/s     wkB/s   wrqm/s  %wrqm w_await wareq-sz     d/s     dkB/s   drqm/s  %drqm d_await dareq-sz     f/s f_await  aqu-sz  %util
nvme0n1       4067.00 499192.00    33.00   0.80    0.24   122.74  223.00   1096.00    52.00  18.91    2.39     4.91    0.00      0.00     0.00   0.00    0.00     0.00    1.00    1.00    1.53  35.90


10/05/2026 09:31:28 PM
Device            r/s     rkB/s   rrqm/s  %rrqm r_await rareq-sz     w/s     wkB/s   wrqm/s  %wrqm w_await wareq-sz     d/s     dkB/s   drqm/s  %drqm d_await dareq-sz     f/s f_await  aqu-sz  %util
nvme0n1       4468.00 552772.00    34.00   0.76    0.22   123.72  300.00   1256.00    14.00   4.46    8.67     4.19    0.00      0.00     0.00   0.00    0.00     0.00    0.00    0.00    3.60  34.30


10/05/2026 09:31:29 PM
Device            r/s     rkB/s   rrqm/s  %rrqm r_await rareq-sz     w/s     wkB/s   wrqm/s  %wrqm w_await wareq-sz     d/s     dkB/s   drqm/s  %drqm d_await dareq-sz     f/s f_await  aqu-sz  %util
nvme0n1       9394.00 1194860.00    98.00   1.03    0.22   127.19  683.00  13060.00  2582.00  79.08   15.32    19.12    0.00      0.00     0.00   0.00    0.00     0.00    0.00    0.00   12.52  56.90


10/05/2026 09:31:30 PM
Device            r/s     rkB/s   rrqm/s  %rrqm r_await rareq-sz     w/s     wkB/s   wrqm/s  %wrqm w_await wareq-sz     d/s     dkB/s   drqm/s  %drqm d_await dareq-sz     f/s f_await  aqu-sz  %util
nvme0n1       7278.00 348928.00  1279.00  14.95    0.15    47.94   25.00    104.00     1.00   3.85   23.12     4.16    0.00      0.00     0.00   0.00    0.00     0.00    0.00    0.00    1.67  73.30


10/05/2026 09:31:31 PM
Device            r/s     rkB/s   rrqm/s  %rrqm r_await rareq-sz     w/s     wkB/s   wrqm/s  %wrqm w_await wareq-sz     d/s     dkB/s   drqm/s  %drqm d_await dareq-sz     f/s f_await  aqu-sz  %util
nvme0n1       5126.00 487176.00   324.00   5.94    0.20    95.04   28.00    112.00     0.00   0.00   30.46     4.00    0.00      0.00     0.00   0.00    0.00     0.00    0.00    0.00    1.88  40.20


10/05/2026 09:31:32 PM
Device            r/s     rkB/s   rrqm/s  %rrqm r_await rareq-sz     w/s     wkB/s   wrqm/s  %wrqm w_await wareq-sz     d/s     dkB/s   drqm/s  %drqm d_await dareq-sz     f/s f_await  aqu-sz  %util
nvme0n1       5234.00 608036.00   167.00   3.09    0.22   116.17    1.00      4.00     4.00  80.00    0.00     4.00    0.00      0.00     0.00   0.00    0.00     0.00    0.00    0.00    1.15  36.00


10/05/2026 09:31:33 PM
Device            r/s     rkB/s   rrqm/s  %rrqm r_await rareq-sz     w/s     wkB/s   wrqm/s  %wrqm w_await wareq-sz     d/s     dkB/s   drqm/s  %drqm d_await dareq-sz     f/s f_await  aqu-sz  %util
nvme0n1       3693.00 422032.00   330.00   8.20    0.23   114.28    5.00     32.00     0.00   0.00   15.40     6.40    0.00      0.00     0.00   0.00    0.00     0.00    1.00    3.00    0.94  31.40


10/05/2026 09:31:34 PM
Device            r/s     rkB/s   rrqm/s  %rrqm r_await rareq-sz     w/s     wkB/s   wrqm/s  %wrqm w_await wareq-sz     d/s     dkB/s   drqm/s  %drqm d_await dareq-sz     f/s f_await  aqu-sz  %util
nvme0n1       3342.00 405180.00   216.00   6.07    0.24   121.24   27.00    124.00     4.00  12.90   30.63     4.59    0.00      0.00     0.00   0.00    0.00     0.00    0.00    0.00    1.63  35.50


10/05/2026 09:31:35 PM
Device            r/s     rkB/s   rrqm/s  %rrqm r_await rareq-sz     w/s     wkB/s   wrqm/s  %wrqm w_await wareq-sz     d/s     dkB/s   drqm/s  %drqm d_await dareq-sz     f/s f_await  aqu-sz  %util
nvme0n1       6589.00 805264.00   113.00   1.69    0.21   122.21   91.00    380.00     4.00   4.21   19.76     4.18    0.00      0.00     0.00   0.00    0.00     0.00    0.00    0.00    3.21  44.20


10/05/2026 09:31:36 PM
Device            r/s     rkB/s   rrqm/s  %rrqm r_await rareq-sz     w/s     wkB/s   wrqm/s  %wrqm w_await wareq-sz     d/s     dkB/s   drqm/s  %drqm d_await dareq-sz     f/s f_await  aqu-sz  %util
nvme0n1       8793.00 1087116.00    72.00   0.81    0.20   123.63  103.00    644.00    58.00  36.02   31.06     6.25    0.00      0.00     0.00   0.00    0.00     0.00    0.00    0.00    4.95  50.80


10/05/2026 09:31:37 PM
Device            r/s     rkB/s   rrqm/s  %rrqm r_await rareq-sz     w/s     wkB/s   wrqm/s  %wrqm w_await wareq-sz     d/s     dkB/s   drqm/s  %drqm d_await dareq-sz     f/s f_await  aqu-sz  %util
nvme0n1       9147.00 685344.00   141.00   1.52    0.14    74.93    5.00     36.00     4.00  44.44    0.20     7.20    0.00      0.00     0.00   0.00    0.00     0.00    0.00    0.00    1.32  49.40


10/05/2026 09:31:38 PM
Device            r/s     rkB/s   rrqm/s  %rrqm r_await rareq-sz     w/s     wkB/s   wrqm/s  %wrqm w_await wareq-sz     d/s     dkB/s   drqm/s  %drqm d_await dareq-sz     f/s f_await  aqu-sz  %util
nvme0n1       2784.00 338832.00     4.00   0.14    0.24   121.71    4.00     40.00     7.00  63.64    0.75    10.00    0.00      0.00     0.00   0.00    0.00     0.00    1.00    1.00    0.66  24.00


10/05/2026 09:31:39 PM
Device            r/s     rkB/s   rrqm/s  %rrqm r_await rareq-sz     w/s     wkB/s   wrqm/s  %wrqm w_await wareq-sz     d/s     dkB/s   drqm/s  %drqm d_await dareq-sz     f/s f_await  aqu-sz  %util
nvme0n1       3776.00 250960.00    55.00   1.44    0.19    66.46  200.00    928.00    26.00  11.50    0.69     4.64    0.00      0.00     0.00   0.00    0.00     0.00    0.00    0.00    0.87  42.20


10/05/2026 09:31:40 PM
Device            r/s     rkB/s   rrqm/s  %rrqm r_await rareq-sz     w/s     wkB/s   wrqm/s  %wrqm w_await wareq-sz     d/s     dkB/s   drqm/s  %drqm d_await dareq-sz     f/s f_await  aqu-sz  %util
nvme0n1       5568.00  22272.00     0.00   0.00    0.14     4.00    0.00      0.00     0.00   0.00    0.00     0.00    0.00      0.00     0.00   0.00    0.00     0.00    0.00    0.00    0.77  74.80


10/05/2026 09:31:41 PM
Device            r/s     rkB/s   rrqm/s  %rrqm r_await rareq-sz     w/s     wkB/s   wrqm/s  %wrqm w_await wareq-sz     d/s     dkB/s   drqm/s  %drqm d_await dareq-sz     f/s f_await  aqu-sz  %util
nvme0n1       3365.00 353924.00   225.00   6.27    0.22   105.18    0.00      0.00     0.00   0.00    0.00     0.00    0.00      0.00     0.00   0.00    0.00     0.00    0.00    0.00    0.74  32.10


10/05/2026 09:31:42 PM
Device            r/s     rkB/s   rrqm/s  %rrqm r_await rareq-sz     w/s     wkB/s   wrqm/s  %wrqm w_await wareq-sz     d/s     dkB/s   drqm/s  %drqm d_await dareq-sz     f/s f_await  aqu-sz  %util
nvme0n1       3710.00 455628.00     0.00   0.00    0.24   122.81    2.00     16.00     1.00  33.33    0.00     8.00    0.00      0.00     0.00   0.00    0.00     0.00    0.00    0.00    0.88  33.00


10/05/2026 09:31:43 PM
Device            r/s     rkB/s   rrqm/s  %rrqm r_await rareq-sz     w/s     wkB/s   wrqm/s  %wrqm w_await wareq-sz     d/s     dkB/s   drqm/s  %drqm d_await dareq-sz     f/s f_await  aqu-sz  %util
nvme0n1       5674.00 570984.00   198.00   3.37    0.19   100.63    8.00     56.00     7.00  46.67    7.88     7.00    0.00      0.00     0.00   0.00    0.00     0.00    1.00    1.00    1.17  41.20


10/05/2026 09:31:44 PM
Device            r/s     rkB/s   rrqm/s  %rrqm r_await rareq-sz     w/s     wkB/s   wrqm/s  %wrqm w_await wareq-sz     d/s     dkB/s   drqm/s  %drqm d_await dareq-sz     f/s f_await  aqu-sz  %util
nvme0n1       5919.00 739044.00     0.00   0.00    0.23   124.86    2.00      8.00     0.00   0.00    0.00     4.00    0.00      0.00     0.00   0.00    0.00     0.00    0.00    0.00    1.34  43.90


10/05/2026 09:31:45 PM
Device            r/s     rkB/s   rrqm/s  %rrqm r_await rareq-sz     w/s     wkB/s   wrqm/s  %wrqm w_await wareq-sz     d/s     dkB/s   drqm/s  %drqm d_await dareq-sz     f/s f_await  aqu-sz  %util
nvme0n1       7937.00 985688.00     0.00   0.00    0.20   124.19    0.00      0.00     0.00   0.00    0.00     0.00    0.00      0.00     0.00   0.00    0.00     0.00    0.00    0.00    1.60  49.70


10/05/2026 09:31:46 PM
Device            r/s     rkB/s   rrqm/s  %rrqm r_await rareq-sz     w/s     wkB/s   wrqm/s  %wrqm w_await wareq-sz     d/s     dkB/s   drqm/s  %drqm d_await dareq-sz     f/s f_await  aqu-sz  %util
nvme0n1       8136.00 1013152.00     0.00   0.00    0.20   124.53    0.00      0.00     0.00   0.00    0.00     0.00    0.00      0.00     0.00   0.00    0.00     0.00    0.00    0.00    1.65  51.00


10/05/2026 09:31:47 PM
Device            r/s     rkB/s   rrqm/s  %rrqm r_await rareq-sz     w/s     wkB/s   wrqm/s  %wrqm w_await wareq-sz     d/s     dkB/s   drqm/s  %drqm d_await dareq-sz     f/s f_await  aqu-sz  %util
nvme0n1       7314.00 910372.00     0.00   0.00    0.20   124.47  129.00    532.00     4.00   3.01    6.98     4.12    0.00      0.00     0.00   0.00    0.00     0.00    0.00    0.00    2.39  48.30


10/05/2026 09:31:48 PM
Device            r/s     rkB/s   rrqm/s  %rrqm r_await rareq-sz     w/s     wkB/s   wrqm/s  %wrqm w_await wareq-sz     d/s     dkB/s   drqm/s  %drqm d_await dareq-sz     f/s f_await  aqu-sz  %util
nvme0n1       4017.00 491596.00     0.00   0.00    0.24   122.38  199.00    836.00    10.00   4.78    9.52     4.20    0.00      0.00     0.00   0.00    0.00     0.00    0.00    0.00    2.85  34.30


10/05/2026 09:31:49 PM
Device            r/s     rkB/s   rrqm/s  %rrqm r_await rareq-sz     w/s     wkB/s   wrqm/s  %wrqm w_await wareq-sz     d/s     dkB/s   drqm/s  %drqm d_await dareq-sz     f/s f_await  aqu-sz  %util
nvme0n1       4178.00 518924.00     0.00   0.00    0.23   124.20  142.00   1064.00    92.00  39.32    0.93     7.49    0.00      0.00     0.00   0.00    0.00     0.00    1.00    1.00    1.10  36.50


10/05/2026 09:31:50 PM
Device            r/s     rkB/s   rrqm/s  %rrqm r_await rareq-sz     w/s     wkB/s   wrqm/s  %wrqm w_await wareq-sz     d/s     dkB/s   drqm/s  %drqm d_await dareq-sz     f/s f_await  aqu-sz  %util
nvme0n1       4200.00 527188.00     0.00   0.00    0.23   125.52  121.00    492.00     2.00   1.63    0.43     4.07    0.00      0.00     0.00   0.00    0.00     0.00    0.00    0.00    1.03  33.40


10/05/2026 09:31:51 PM
Device            r/s     rkB/s   rrqm/s  %rrqm r_await rareq-sz     w/s     wkB/s   wrqm/s  %wrqm w_await wareq-sz     d/s     dkB/s   drqm/s  %drqm d_await dareq-sz     f/s f_await  aqu-sz  %util
nvme0n1       4386.00 546696.00     0.00   0.00    0.23   124.65   71.00    288.00     1.00   1.39    3.17     4.06    0.00      0.00     0.00   0.00    0.00     0.00    0.00    0.00    1.22  36.00


10/05/2026 09:31:52 PM
Device            r/s     rkB/s   rrqm/s  %rrqm r_await rareq-sz     w/s     wkB/s   wrqm/s  %wrqm w_await wareq-sz     d/s     dkB/s   drqm/s  %drqm d_await dareq-sz     f/s f_await  aqu-sz  %util
nvme0n1       8236.00 498032.00   247.00   2.91    0.16    60.47    7.00     32.00     1.00  12.50    9.43     4.57    0.00      0.00     0.00   0.00    0.00     0.00    0.00    0.00    1.39  36.50


10/05/2026 09:31:53 PM
Device            r/s     rkB/s   rrqm/s  %rrqm r_await rareq-sz     w/s     wkB/s   wrqm/s  %wrqm w_await wareq-sz     d/s     dkB/s   drqm/s  %drqm d_await dareq-sz     f/s f_await  aqu-sz  %util
nvme0n1       6790.00 402336.00   400.00   5.56    0.18    59.25    1.00     44.00    10.00  90.91    0.00    44.00    0.00      0.00     0.00   0.00    0.00     0.00    0.00    0.00    1.23  24.00


10/05/2026 09:31:54 PM
Device            r/s     rkB/s   rrqm/s  %rrqm r_await rareq-sz     w/s     wkB/s   wrqm/s  %wrqm w_await wareq-sz     d/s     dkB/s   drqm/s  %drqm d_await dareq-sz     f/s f_await  aqu-sz  %util
nvme0n1       5524.00 343856.00     3.00   0.05    0.18    62.25   15.00     56.00     0.00   0.00    0.13     3.73    0.00      0.00     0.00   0.00    0.00     0.00    1.00    1.00    1.02  20.50


10/05/2026 09:31:55 PM
Device            r/s     rkB/s   rrqm/s  %rrqm r_await rareq-sz     w/s     wkB/s   wrqm/s  %wrqm w_await wareq-sz     d/s     dkB/s   drqm/s  %drqm d_await dareq-sz     f/s f_await  aqu-sz  %util
nvme0n1       5264.00 309420.00     8.00   0.15    0.18    58.78    0.00      0.00     0.00   0.00    0.00     0.00    0.00      0.00     0.00   0.00    0.00     0.00    0.00    0.00    0.96  18.30


10/05/2026 09:31:56 PM
Device            r/s     rkB/s   rrqm/s  %rrqm r_await rareq-sz     w/s     wkB/s   wrqm/s  %wrqm w_await wareq-sz     d/s     dkB/s   drqm/s  %drqm d_await dareq-sz     f/s f_await  aqu-sz  %util
nvme0n1       4324.00 236452.00     2.00   0.05    0.19    54.68   12.00     48.00     4.00  25.00    0.75     4.00    0.00      0.00     0.00   0.00    0.00     0.00    4.00    1.25    0.85  18.90


10/05/2026 09:31:57 PM
Device            r/s     rkB/s   rrqm/s  %rrqm r_await rareq-sz     w/s     wkB/s   wrqm/s  %wrqm w_await wareq-sz     d/s     dkB/s   drqm/s  %drqm d_await dareq-sz     f/s f_await  aqu-sz  %util
nvme0n1       4069.00 241988.00     0.00   0.00    0.19    59.47    0.00      0.00     0.00   0.00    0.00     0.00    0.00      0.00     0.00   0.00    0.00     0.00    0.00    0.00    0.76  16.90


10/05/2026 09:31:58 PM
Device            r/s     rkB/s   rrqm/s  %rrqm r_await rareq-sz     w/s     wkB/s   wrqm/s  %wrqm w_await wareq-sz     d/s     dkB/s   drqm/s  %drqm d_await dareq-sz     f/s f_await  aqu-sz  %util
nvme0n1       3422.00 204900.00     3.00   0.09    0.20    59.88    2.00      8.00     0.00   0.00    0.00     4.00    0.00      0.00     0.00   0.00    0.00     0.00    0.00    0.00    0.68  16.00


10/05/2026 09:31:59 PM
Device            r/s     rkB/s   rrqm/s  %rrqm r_await rareq-sz     w/s     wkB/s   wrqm/s  %wrqm w_await wareq-sz     d/s     dkB/s   drqm/s  %drqm d_await dareq-sz     f/s f_await  aqu-sz  %util
nvme0n1       4604.00 267960.00     0.00   0.00    0.17    58.20    0.00      0.00     0.00   0.00    0.00     0.00    0.00      0.00     0.00   0.00    0.00     0.00    0.00    0.00    0.80  17.40


10/05/2026 09:32:00 PM
Device            r/s     rkB/s   rrqm/s  %rrqm r_await rareq-sz     w/s     wkB/s   wrqm/s  %wrqm w_await wareq-sz     d/s     dkB/s   drqm/s  %drqm d_await dareq-sz     f/s f_await  aqu-sz  %util
nvme0n1       2716.00 152572.00     1.00   0.04    0.20    56.18    0.00      0.00     0.00   0.00    0.00     0.00    0.00      0.00     0.00   0.00    0.00     0.00    0.00    0.00    0.53  12.20


10/05/2026 09:32:01 PM
Device            r/s     rkB/s   rrqm/s  %rrqm r_await rareq-sz     w/s     wkB/s   wrqm/s  %wrqm w_await wareq-sz     d/s     dkB/s   drqm/s  %drqm d_await dareq-sz     f/s f_await  aqu-sz  %util
nvme0n1       2989.00 164828.00     1.00   0.03    0.18    55.14    5.00     24.00     2.00  28.57    0.60     4.80    0.00      0.00     0.00   0.00    0.00     0.00    1.00    1.00    0.54  13.50


10/05/2026 09:32:02 PM
Device            r/s     rkB/s   rrqm/s  %rrqm r_await rareq-sz     w/s     wkB/s   wrqm/s  %wrqm w_await wareq-sz     d/s     dkB/s   drqm/s  %drqm d_await dareq-sz     f/s f_await  aqu-sz  %util
nvme0n1       3327.00 181900.00     0.00   0.00    0.20    54.67    1.00      4.00     0.00   0.00    1.00     4.00    0.00      0.00     0.00   0.00    0.00     0.00    0.00    0.00    0.65  14.80


10/05/2026 09:32:03 PM
Device            r/s     rkB/s   rrqm/s  %rrqm r_await rareq-sz     w/s     wkB/s   wrqm/s  %wrqm w_await wareq-sz     d/s     dkB/s   drqm/s  %drqm d_await dareq-sz     f/s f_await  aqu-sz  %util
nvme0n1       3812.00 198432.00     4.00   0.10    0.17    52.05    0.00      0.00     0.00   0.00    0.00     0.00    0.00      0.00     0.00   0.00    0.00     0.00    0.00    0.00    0.66  15.40


10/05/2026 09:32:04 PM
Device            r/s     rkB/s   rrqm/s  %rrqm r_await rareq-sz     w/s     wkB/s   wrqm/s  %wrqm w_await wareq-sz     d/s     dkB/s   drqm/s  %drqm d_await dareq-sz     f/s f_await  aqu-sz  %util
nvme0n1       5025.00 307532.00     0.00   0.00    0.17    61.20   32.00    196.00    19.00  37.25   30.97     6.12    0.00      0.00     0.00   0.00    0.00     0.00    2.00    1.00    1.87  22.10


10/05/2026 09:32:05 PM
Device            r/s     rkB/s   rrqm/s  %rrqm r_await rareq-sz     w/s     wkB/s   wrqm/s  %wrqm w_await wareq-sz     d/s     dkB/s   drqm/s  %drqm d_await dareq-sz     f/s f_await  aqu-sz  %util
nvme0n1       5960.00 392936.00     0.00   0.00    0.18    65.93  107.00    480.00    12.00  10.08   25.75     4.49    0.00      0.00     0.00   0.00    0.00     0.00    0.00    0.00    3.84  25.60


10/05/2026 09:32:06 PM
Device            r/s     rkB/s   rrqm/s  %rrqm r_await rareq-sz     w/s     wkB/s   wrqm/s  %wrqm w_await wareq-sz     d/s     dkB/s   drqm/s  %drqm d_await dareq-sz     f/s f_await  aqu-sz  %util
nvme0n1       4943.00 282808.00     0.00   0.00    0.17    57.21   92.00    480.00     0.00   0.00    0.16     5.22    0.00      0.00     0.00   0.00    0.00     0.00    0.00    0.00    0.87  18.10


10/05/2026 09:32:07 PM
Device            r/s     rkB/s   rrqm/s  %rrqm r_await rareq-sz     w/s     wkB/s   wrqm/s  %wrqm w_await wareq-sz     d/s     dkB/s   drqm/s  %drqm d_await dareq-sz     f/s f_await  aqu-sz  %util
nvme0n1       5445.00 128992.00   136.00   2.44    0.11    23.69   28.00    132.00     5.00  15.15   41.07     4.71    0.00      0.00     0.00   0.00    0.00     0.00    0.00    0.00    1.76  31.30


10/05/2026 09:32:08 PM
Device            r/s     rkB/s   rrqm/s  %rrqm r_await rareq-sz     w/s     wkB/s   wrqm/s  %wrqm w_await wareq-sz     d/s     dkB/s   drqm/s  %drqm d_await dareq-sz     f/s f_await  aqu-sz  %util
nvme0n1       7695.00  59676.00    78.00   1.00    0.11     7.76   47.00    192.00     1.00   2.08   21.36     4.09    0.00      0.00     0.00   0.00    0.00     0.00    0.00    0.00    1.83  73.40


10/05/2026 09:32:09 PM
Device            r/s     rkB/s   rrqm/s  %rrqm r_await rareq-sz     w/s     wkB/s   wrqm/s  %wrqm w_await wareq-sz     d/s     dkB/s   drqm/s  %drqm d_await dareq-sz     f/s f_await  aqu-sz  %util
nvme0n1       5157.00 197628.00     0.00   0.00    0.17    38.32    8.00     92.00    16.00  66.67    0.50    11.50    0.00      0.00     0.00   0.00    0.00     0.00    1.00    1.00    0.86  64.70


10/05/2026 09:32:10 PM
Device            r/s     rkB/s   rrqm/s  %rrqm r_await rareq-sz     w/s     wkB/s   wrqm/s  %wrqm w_await wareq-sz     d/s     dkB/s   drqm/s  %drqm d_await dareq-sz     f/s f_await  aqu-sz  %util
nvme0n1       4656.00 565448.00     5.00   0.11    0.24   121.45   11.00     44.00     0.00   0.00   35.82     4.00    0.00      0.00     0.00   0.00    0.00     0.00    0.00    0.00    1.49  42.90


10/05/2026 09:32:11 PM
Device            r/s     rkB/s   rrqm/s  %rrqm r_await rareq-sz     w/s     wkB/s   wrqm/s  %wrqm w_await wareq-sz     d/s     dkB/s   drqm/s  %drqm d_await dareq-sz     f/s f_await  aqu-sz  %util
nvme0n1       4795.00 591700.00     0.00   0.00    0.23   123.40   35.00    580.00   118.00  77.12   15.29    16.57    0.00      0.00     0.00   0.00    0.00     0.00    0.00    0.00    1.62  39.30


10/05/2026 09:32:12 PM
Device            r/s     rkB/s   rrqm/s  %rrqm r_await rareq-sz     w/s     wkB/s   wrqm/s  %wrqm w_await wareq-sz     d/s     dkB/s   drqm/s  %drqm d_await dareq-sz     f/s f_await  aqu-sz  %util
nvme0n1       5047.00 627512.00     0.00   0.00    0.23   124.33  317.00   1344.00    14.00   4.23    8.33     4.24    0.00      0.00     0.00   0.00    0.00     0.00    0.00    0.00    3.79  41.70


10/05/2026 09:32:13 PM
Device            r/s     rkB/s   rrqm/s  %rrqm r_await rareq-sz     w/s     wkB/s   wrqm/s  %wrqm w_await wareq-sz     d/s     dkB/s   drqm/s  %drqm d_await dareq-sz     f/s f_await  aqu-sz  %util
nvme0n1       6184.00 771668.00     0.00   0.00    0.22   124.78   81.00    344.00     1.00   1.22   22.80     4.25    0.00      0.00     0.00   0.00    0.00     0.00    0.00    0.00    3.19  46.50


10/05/2026 09:32:14 PM
Device            r/s     rkB/s   rrqm/s  %rrqm r_await rareq-sz     w/s     wkB/s   wrqm/s  %wrqm w_await wareq-sz     d/s     dkB/s   drqm/s  %drqm d_await dareq-sz     f/s f_await  aqu-sz  %util
nvme0n1       5831.00 628992.00   506.00   7.98    0.22   107.87  264.00  17072.00  4005.00  93.82   36.48    64.67    0.00      0.00     0.00   0.00    0.00     0.00    1.00    1.00   10.93  48.30


10/05/2026 09:32:15 PM
Device            r/s     rkB/s   rrqm/s  %rrqm r_await rareq-sz     w/s     wkB/s   wrqm/s  %wrqm w_await wareq-sz     d/s     dkB/s   drqm/s  %drqm d_await dareq-sz     f/s f_await  aqu-sz  %util
nvme0n1       4689.00 574904.00     2.00   0.04    0.24   122.61    0.00      0.00     0.00   0.00    0.00     0.00    0.00      0.00     0.00   0.00    0.00     0.00    0.00    0.00    1.10  37.60


10/05/2026 09:32:16 PM
Device            r/s     rkB/s   rrqm/s  %rrqm r_await rareq-sz     w/s     wkB/s   wrqm/s  %wrqm w_await wareq-sz     d/s     dkB/s   drqm/s  %drqm d_await dareq-sz     f/s f_await  aqu-sz  %util
nvme0n1       6072.00 758016.00     0.00   0.00    0.23   124.84    0.00      0.00     0.00   0.00    0.00     0.00    0.00      0.00     0.00   0.00    0.00     0.00    0.00    0.00    1.39  48.40


10/05/2026 09:32:17 PM
Device            r/s     rkB/s   rrqm/s  %rrqm r_await rareq-sz     w/s     wkB/s   wrqm/s  %wrqm w_await wareq-sz     d/s     dkB/s   drqm/s  %drqm d_await dareq-sz     f/s f_await  aqu-sz  %util
nvme0n1       5575.00 686460.00     0.00   0.00    0.23   123.13    1.00      4.00     0.00   0.00   32.00     4.00    0.00      0.00     0.00   0.00    0.00     0.00    0.00    0.00    1.30  44.00


10/05/2026 09:32:18 PM
Device            r/s     rkB/s   rrqm/s  %rrqm r_await rareq-sz     w/s     wkB/s   wrqm/s  %wrqm w_await wareq-sz     d/s     dkB/s   drqm/s  %drqm d_await dareq-sz     f/s f_await  aqu-sz  %util
nvme0n1       5726.00 711832.00   133.00   2.27    0.23   124.32    0.00      0.00     0.00   0.00    0.00     0.00    0.00      0.00     0.00   0.00    0.00     0.00    0.00    0.00    1.32  46.60


10/05/2026 09:32:19 PM
Device            r/s     rkB/s   rrqm/s  %rrqm r_await rareq-sz     w/s     wkB/s   wrqm/s  %wrqm w_await wareq-sz     d/s     dkB/s   drqm/s  %drqm d_await dareq-sz     f/s f_await  aqu-sz  %util
nvme0n1       7961.00 984800.00    74.00   0.92    0.20   123.70   85.00    392.00    14.00  14.14    0.42     4.61    0.00      0.00     0.00   0.00    0.00     0.00    1.00    1.00    1.66  53.30


10/05/2026 09:32:20 PM
Device            r/s     rkB/s   rrqm/s  %rrqm r_await rareq-sz     w/s     wkB/s   wrqm/s  %wrqm w_await wareq-sz     d/s     dkB/s   drqm/s  %drqm d_await dareq-sz     f/s f_await  aqu-sz  %util
nvme0n1       7809.00 979004.00   110.00   1.39    0.21   125.37    2.00     12.00     1.00  33.33    0.00     6.00    0.00      0.00     0.00   0.00    0.00     0.00    0.00    0.00    1.67  52.00


10/05/2026 09:32:21 PM
Device            r/s     rkB/s   rrqm/s  %rrqm r_await rareq-sz     w/s     wkB/s   wrqm/s  %wrqm w_await wareq-sz     d/s     dkB/s   drqm/s  %drqm d_await dareq-sz     f/s f_await  aqu-sz  %util
nvme0n1       7511.00 938456.00    98.00   1.29    0.21   124.94   89.00    360.00     1.00   1.11    0.21     4.04    0.00      0.00     0.00   0.00    0.00     0.00    0.00    0.00    1.59  51.30


10/05/2026 09:32:22 PM
Device            r/s     rkB/s   rrqm/s  %rrqm r_await rareq-sz     w/s     wkB/s   wrqm/s  %wrqm w_await wareq-sz     d/s     dkB/s   drqm/s  %drqm d_await dareq-sz     f/s f_await  aqu-sz  %util
nvme0n1       8011.00 919732.00  1173.00  12.77    0.20   114.81  558.00   2328.00    24.00   4.12    3.79     4.17    0.00      0.00     0.00   0.00    0.00     0.00    0.00    0.00    3.75  54.00


10/05/2026 09:32:23 PM
Device            r/s     rkB/s   rrqm/s  %rrqm r_await rareq-sz     w/s     wkB/s   wrqm/s  %wrqm w_await wareq-sz     d/s     dkB/s   drqm/s  %drqm d_await dareq-sz     f/s f_await  aqu-sz  %util
nvme0n1       6982.00 712880.00     2.00   0.03    0.21   102.10  117.00    484.00     4.00   3.31    5.92     4.14    0.00      0.00     0.00   0.00    0.00     0.00    0.00    0.00    2.16  57.30


10/05/2026 09:32:24 PM
Device            r/s     rkB/s   rrqm/s  %rrqm r_await rareq-sz     w/s     wkB/s   wrqm/s  %wrqm w_await wareq-sz     d/s     dkB/s   drqm/s  %drqm d_await dareq-sz     f/s f_await  aqu-sz  %util
nvme0n1       6026.00 182704.00     0.00   0.00    0.16    30.32    0.00      0.00     4.00 100.00    0.00     0.00    0.00      0.00     0.00   0.00    0.00     0.00    0.00    0.00    0.96  77.60


10/05/2026 09:32:25 PM
Device            r/s     rkB/s   rrqm/s  %rrqm r_await rareq-sz     w/s     wkB/s   wrqm/s  %wrqm w_await wareq-sz     d/s     dkB/s   drqm/s  %drqm d_await dareq-sz     f/s f_await  aqu-sz  %util
nvme0n1       6465.00 777392.00    33.00   0.51    0.24   120.25 2551.00  11152.00   234.00   8.40    8.43     4.37    0.00      0.00     0.00   0.00    0.00     0.00    1.00    1.00   23.06  50.30


10/05/2026 09:32:26 PM
Device            r/s     rkB/s   rrqm/s  %rrqm r_await rareq-sz     w/s     wkB/s   wrqm/s  %wrqm w_await wareq-sz     d/s     dkB/s   drqm/s  %drqm d_await dareq-sz     f/s f_await  aqu-sz  %util
nvme0n1       4514.00 550220.00     0.00   0.00    0.24   121.89    6.00     24.00     0.00   0.00   14.17     4.00    0.00      0.00     0.00   0.00    0.00     0.00    0.00    0.00    1.16  41.70


10/05/2026 09:32:27 PM
Device            r/s     rkB/s   rrqm/s  %rrqm r_await rareq-sz     w/s     wkB/s   wrqm/s  %wrqm w_await wareq-sz     d/s     dkB/s   drqm/s  %drqm d_await dareq-sz     f/s f_await  aqu-sz  %util
nvme0n1       5554.00 680300.00    64.00   1.14    0.21   122.49    1.00      4.00     0.00   0.00    0.00     4.00    0.00      0.00     0.00   0.00    0.00     0.00    0.00    0.00    1.19  42.70


10/05/2026 09:32:28 PM
Device            r/s     rkB/s   rrqm/s  %rrqm r_await rareq-sz     w/s     wkB/s   wrqm/s  %wrqm w_await wareq-sz     d/s     dkB/s   drqm/s  %drqm d_await dareq-sz     f/s f_await  aqu-sz  %util
nvme0n1       4324.00 537916.00     0.00   0.00    0.23   124.40    0.00      0.00     0.00   0.00    0.00     0.00    0.00      0.00     0.00   0.00    0.00     0.00    0.00    0.00    1.00  35.80


10/05/2026 09:32:29 PM
Device            r/s     rkB/s   rrqm/s  %rrqm r_await rareq-sz     w/s     wkB/s   wrqm/s  %wrqm w_await wareq-sz     d/s     dkB/s   drqm/s  %drqm d_await dareq-sz     f/s f_await  aqu-sz  %util
nvme0n1       4659.00 584084.00     0.00   0.00    0.25   125.37  552.00   4484.00   569.00  50.76    1.52     8.12    0.00      0.00     0.00   0.00    0.00     0.00    0.00    0.00    2.01  40.50


10/05/2026 09:32:30 PM
Device            r/s     rkB/s   rrqm/s  %rrqm r_await rareq-sz     w/s     wkB/s   wrqm/s  %wrqm w_await wareq-sz     d/s     dkB/s   drqm/s  %drqm d_await dareq-sz     f/s f_await  aqu-sz  %util
nvme0n1       6139.00 748316.00     0.00   0.00    0.21   121.90    3.00     24.00     4.00  57.14    1.00     8.00    0.00      0.00     0.00   0.00    0.00     0.00    1.00    1.00    1.31  45.10


10/05/2026 09:32:31 PM
Device            r/s     rkB/s   rrqm/s  %rrqm r_await rareq-sz     w/s     wkB/s   wrqm/s  %wrqm w_await wareq-sz     d/s     dkB/s   drqm/s  %drqm d_await dareq-sz     f/s f_await  aqu-sz  %util
nvme0n1       6193.00 756468.00     0.00   0.00    0.22   122.15    2.00     16.00     2.00  50.00    0.00     8.00    0.00      0.00     0.00   0.00    0.00     0.00    0.00    0.00    1.38  44.70


10/05/2026 09:32:32 PM
Device            r/s     rkB/s   rrqm/s  %rrqm r_await rareq-sz     w/s     wkB/s   wrqm/s  %wrqm w_await wareq-sz     d/s     dkB/s   drqm/s  %drqm d_await dareq-sz     f/s f_await  aqu-sz  %util
nvme0n1       5212.00 616944.00    12.00   0.23    0.22   118.37    0.00      0.00     0.00   0.00    0.00     0.00    0.00      0.00     0.00   0.00    0.00     0.00    0.00    0.00    1.17  42.60


10/05/2026 09:32:33 PM
Device            r/s     rkB/s   rrqm/s  %rrqm r_await rareq-sz     w/s     wkB/s   wrqm/s  %wrqm w_await wareq-sz     d/s     dkB/s   drqm/s  %drqm d_await dareq-sz     f/s f_await  aqu-sz  %util
nvme0n1       6196.00 767020.00     1.00   0.02    0.22   123.79   58.00    268.00     9.00  13.43   11.31     4.62    0.00      0.00     0.00   0.00    0.00     0.00    0.00    0.00    2.03  47.60


10/05/2026 09:32:34 PM
Device            r/s     rkB/s   rrqm/s  %rrqm r_await rareq-sz     w/s     wkB/s   wrqm/s  %wrqm w_await wareq-sz     d/s     dkB/s   drqm/s  %drqm d_await dareq-sz     f/s f_await  aqu-sz  %util
nvme0n1       5809.00 716168.00     0.00   0.00    0.22   123.29  143.00    684.00    28.00  16.37   21.05     4.78    0.00      0.00     0.00   0.00    0.00     0.00    0.00    0.00    4.28  45.50


10/05/2026 09:32:35 PM
Device            r/s     rkB/s   rrqm/s  %rrqm r_await rareq-sz     w/s     wkB/s   wrqm/s  %wrqm w_await wareq-sz     d/s     dkB/s   drqm/s  %drqm d_await dareq-sz     f/s f_await  aqu-sz  %util
nvme0n1       3874.00 482716.00    17.00   0.44    0.32   124.60  953.00  28804.00  6248.00  86.77   36.08    30.22    0.00      0.00     0.00   0.00    0.00     0.00    0.00    0.00   35.63  46.10


10/05/2026 09:32:36 PM
Device            r/s     rkB/s   rrqm/s  %rrqm r_await rareq-sz     w/s     wkB/s   wrqm/s  %wrqm w_await wareq-sz     d/s     dkB/s   drqm/s  %drqm d_await dareq-sz     f/s f_await  aqu-sz  %util
nvme0n1       5264.00 651176.00   140.00   2.59    0.24   123.70  445.00   2212.00   109.00  19.68    5.01     4.97    0.00      0.00     0.00   0.00    0.00     0.00    1.00    1.00    3.48  46.30


10/05/2026 09:32:37 PM
Device            r/s     rkB/s   rrqm/s  %rrqm r_await rareq-sz     w/s     wkB/s   wrqm/s  %wrqm w_await wareq-sz     d/s     dkB/s   drqm/s  %drqm d_await dareq-sz     f/s f_await  aqu-sz  %util
nvme0n1       4882.00 378360.00   136.00   2.71    0.21    77.50   14.00     64.00     2.00  12.50    0.07     4.57    0.00      0.00     0.00   0.00    0.00     0.00    0.00    0.00    1.01  52.30


10/05/2026 09:32:38 PM
Device            r/s     rkB/s   rrqm/s  %rrqm r_await rareq-sz     w/s     wkB/s   wrqm/s  %wrqm w_await wareq-sz     d/s     dkB/s   drqm/s  %drqm d_await dareq-sz     f/s f_await  aqu-sz  %util
nvme0n1       13551.00 196820.00   824.00   5.73    0.09    14.52    0.00      0.00     0.00   0.00    0.00     0.00    0.00      0.00     0.00   0.00    0.00     0.00    0.00    0.00    1.23  67.90


10/05/2026 09:32:39 PM
Device            r/s     rkB/s   rrqm/s  %rrqm r_await rareq-sz     w/s     wkB/s   wrqm/s  %wrqm w_await wareq-sz     d/s     dkB/s   drqm/s  %drqm d_await dareq-sz     f/s f_await  aqu-sz  %util
nvme0n1       3676.00 451484.00    40.00   1.08    0.23   122.82   77.00   2856.00  2283.00  96.74    2.87    37.09    0.00      0.00     0.00   0.00    0.00     0.00    0.00    0.00    1.06  28.50


10/05/2026 09:32:40 PM
Device            r/s     rkB/s   rrqm/s  %rrqm r_await rareq-sz     w/s     wkB/s   wrqm/s  %wrqm w_await wareq-sz     d/s     dkB/s   drqm/s  %drqm d_await dareq-sz     f/s f_await  aqu-sz  %util
nvme0n1       3181.00 394604.00    43.00   1.33    0.26   124.05  415.00   8264.00     5.00   1.19   41.88    19.91    0.00      0.00     0.00   0.00    0.00     0.00    0.00    0.00   18.20  30.40


10/05/2026 09:32:41 PM
Device            r/s     rkB/s   rrqm/s  %rrqm r_await rareq-sz     w/s     wkB/s   wrqm/s  %wrqm w_await wareq-sz     d/s     dkB/s   drqm/s  %drqm d_await dareq-sz     f/s f_await  aqu-sz  %util
nvme0n1       3713.00 461276.00   207.00   5.28    0.24   124.23   10.00     40.00     1.00   9.09    0.30     4.00    0.00      0.00     0.00   0.00    0.00     0.00    1.00    1.00    0.89  30.90


10/05/2026 09:32:42 PM
Device            r/s     rkB/s   rrqm/s  %rrqm r_await rareq-sz     w/s     wkB/s   wrqm/s  %wrqm w_await wareq-sz     d/s     dkB/s   drqm/s  %drqm d_await dareq-sz     f/s f_await  aqu-sz  %util
nvme0n1       3486.00 425472.00   177.00   4.83    0.23   122.05    3.00     16.00     0.00   0.00    0.00     5.33    0.00      0.00     0.00   0.00    0.00     0.00    0.00    0.00    0.80  29.80


10/05/2026 09:32:43 PM
Device            r/s     rkB/s   rrqm/s  %rrqm r_await rareq-sz     w/s     wkB/s   wrqm/s  %wrqm w_await wareq-sz     d/s     dkB/s   drqm/s  %drqm d_await dareq-sz     f/s f_await  aqu-sz  %util
nvme0n1       3362.00 410996.00   223.00   6.22    0.24   122.25    0.00      0.00     0.00   0.00    0.00     0.00    0.00      0.00     0.00   0.00    0.00     0.00    0.00    0.00    0.81  32.00


10/05/2026 09:32:44 PM
Device            r/s     rkB/s   rrqm/s  %rrqm r_await rareq-sz     w/s     wkB/s   wrqm/s  %wrqm w_await wareq-sz     d/s     dkB/s   drqm/s  %drqm d_await dareq-sz     f/s f_await  aqu-sz  %util
nvme0n1       5004.00 476016.00   413.00   7.62    0.19    95.13    1.00      4.00     0.00   0.00    0.00     4.00    0.00      0.00     0.00   0.00    0.00     0.00    0.00    0.00    0.94  32.30


10/05/2026 09:32:45 PM
Device            r/s     rkB/s   rrqm/s  %rrqm r_await rareq-sz     w/s     wkB/s   wrqm/s  %wrqm w_await wareq-sz     d/s     dkB/s   drqm/s  %drqm d_await dareq-sz     f/s f_await  aqu-sz  %util
nvme0n1       2933.00 364896.00     0.00   0.00    0.24   124.41  145.00    716.00     2.00   1.36    0.61     4.94    0.00      0.00     0.00   0.00    0.00     0.00    0.00    0.00    0.78  25.40


10/05/2026 09:32:46 PM
Device            r/s     rkB/s   rrqm/s  %rrqm r_await rareq-sz     w/s     wkB/s   wrqm/s  %wrqm w_await wareq-sz     d/s     dkB/s   drqm/s  %drqm d_await dareq-sz     f/s f_await  aqu-sz  %util
nvme0n1       3323.00 410224.00     0.00   0.00    0.25   123.45    3.00     64.00    14.00  82.35    1.33    21.33    0.00      0.00     0.00   0.00    0.00     0.00    1.00    1.00    0.83  31.10


10/05/2026 09:32:47 PM
Device            r/s     rkB/s   rrqm/s  %rrqm r_await rareq-sz     w/s     wkB/s   wrqm/s  %wrqm w_await wareq-sz     d/s     dkB/s   drqm/s  %drqm d_await dareq-sz     f/s f_await  aqu-sz  %util
nvme0n1       5038.00 150936.00     9.00   0.18    0.17    29.96    2.00     12.00     1.00  33.33    0.50     6.00    0.00      0.00     0.00   0.00    0.00     0.00    0.00    0.00    0.83  66.40


10/05/2026 09:32:48 PM
Device            r/s     rkB/s   rrqm/s  %rrqm r_await rareq-sz     w/s     wkB/s   wrqm/s  %wrqm w_await wareq-sz     d/s     dkB/s   drqm/s  %drqm d_await dareq-sz     f/s f_await  aqu-sz  %util
nvme0n1       2701.00 330556.00     3.00   0.11    0.24   122.38    0.00      0.00     0.00   0.00    0.00     0.00    0.00      0.00     0.00   0.00    0.00     0.00    0.00    0.00    0.63  23.80


10/05/2026 09:32:49 PM
Device            r/s     rkB/s   rrqm/s  %rrqm r_await rareq-sz     w/s     wkB/s   wrqm/s  %wrqm w_await wareq-sz     d/s     dkB/s   drqm/s  %drqm d_await dareq-sz     f/s f_await  aqu-sz  %util
nvme0n1       3521.00 438392.00     0.00   0.00    0.24   124.51    3.00     12.00     0.00   0.00   48.67     4.00    0.00      0.00     0.00   0.00    0.00     0.00    0.00    0.00    0.98  33.10


10/05/2026 09:32:50 PM
Device            r/s     rkB/s   rrqm/s  %rrqm r_await rareq-sz     w/s     wkB/s   wrqm/s  %wrqm w_await wareq-sz     d/s     dkB/s   drqm/s  %drqm d_await dareq-sz     f/s f_await  aqu-sz  %util
nvme0n1       4367.00 548476.00     0.00   0.00    0.23   125.60   59.00    284.00    12.00  16.90   12.54     4.81    0.00      0.00     0.00   0.00    0.00     0.00    0.00    0.00    1.73  36.50


10/05/2026 09:32:51 PM
Device            r/s     rkB/s   rrqm/s  %rrqm r_await rareq-sz     w/s     wkB/s   wrqm/s  %wrqm w_await wareq-sz     d/s     dkB/s   drqm/s  %drqm d_await dareq-sz     f/s f_await  aqu-sz  %util
nvme0n1       3369.00 422476.00     0.00   0.00    0.28   125.40  234.00  17448.00  4129.00  94.64   29.05    74.56    0.00      0.00     0.00   0.00    0.00     0.00    1.00    1.00    7.75  37.10


10/05/2026 09:32:52 PM
Device            r/s     rkB/s   rrqm/s  %rrqm r_await rareq-sz     w/s     wkB/s   wrqm/s  %wrqm w_await wareq-sz     d/s     dkB/s   drqm/s  %drqm d_await dareq-sz     f/s f_await  aqu-sz  %util
nvme0n1       3448.00 421996.00     0.00   0.00    0.25   122.39    2.00     12.00     1.00  33.33    0.00     6.00    0.00      0.00     0.00   0.00    0.00     0.00    0.00    0.00    0.88  31.00


10/05/2026 09:32:53 PM
Device            r/s     rkB/s   rrqm/s  %rrqm r_await rareq-sz     w/s     wkB/s   wrqm/s  %wrqm w_await wareq-sz     d/s     dkB/s   drqm/s  %drqm d_await dareq-sz     f/s f_await  aqu-sz  %util
nvme0n1       4996.00 617868.00    29.00   0.58    0.23   123.67    0.00      0.00     0.00   0.00    0.00     0.00    0.00      0.00     0.00   0.00    0.00     0.00    0.00    0.00    1.16  39.60


10/05/2026 09:32:54 PM
Device            r/s     rkB/s   rrqm/s  %rrqm r_await rareq-sz     w/s     wkB/s   wrqm/s  %wrqm w_await wareq-sz     d/s     dkB/s   drqm/s  %drqm d_await dareq-sz     f/s f_await  aqu-sz  %util
nvme0n1       2908.00 362024.00     0.00   0.00    0.24   124.49    0.00      0.00     0.00   0.00    0.00     0.00    0.00      0.00     0.00   0.00    0.00     0.00    0.00    0.00    0.70  27.60


10/05/2026 09:32:55 PM
Device            r/s     rkB/s   rrqm/s  %rrqm r_await rareq-sz     w/s     wkB/s   wrqm/s  %wrqm w_await wareq-sz     d/s     dkB/s   drqm/s  %drqm d_await dareq-sz     f/s f_await  aqu-sz  %util
nvme0n1       4448.00 294404.00    42.00   0.94    0.19    66.19    0.00      0.00     0.00   0.00    0.00     0.00    0.00      0.00     0.00   0.00    0.00     0.00    0.00    0.00    0.83  50.30


10/05/2026 09:32:56 PM
Device            r/s     rkB/s   rrqm/s  %rrqm r_await rareq-sz     w/s     wkB/s   wrqm/s  %wrqm w_await wareq-sz     d/s     dkB/s   drqm/s  %drqm d_await dareq-sz     f/s f_await  aqu-sz  %util
nvme0n1       5946.00  60484.00     0.00   0.00    0.15    10.17    1.00     24.00     5.00  83.33    1.00    24.00    0.00      0.00     0.00   0.00    0.00     0.00    0.00    0.00    0.89  84.10


10/05/2026 09:32:57 PM
Device            r/s     rkB/s   rrqm/s  %rrqm r_await rareq-sz     w/s     wkB/s   wrqm/s  %wrqm w_await wareq-sz     d/s     dkB/s   drqm/s  %drqm d_await dareq-sz     f/s f_await  aqu-sz  %util
nvme0n1       4408.00 542440.00     0.00   0.00    0.24   123.06    4.00     12.00     0.00   0.00    0.25     3.00    0.00      0.00     0.00   0.00    0.00     0.00    1.00    1.00    1.06  38.90


10/05/2026 09:32:58 PM
Device            r/s     rkB/s   rrqm/s  %rrqm r_await rareq-sz     w/s     wkB/s   wrqm/s  %wrqm w_await wareq-sz     d/s     dkB/s   drqm/s  %drqm d_await dareq-sz     f/s f_await  aqu-sz  %util
nvme0n1       4647.00 576336.00     0.00   0.00    0.21   124.02  161.00    876.00    58.00  26.48   28.11     5.44    0.00      0.00     0.00   0.00    0.00     0.00    0.00    0.00    5.53  39.70


10/05/2026 09:32:59 PM
Device            r/s     rkB/s   rrqm/s  %rrqm r_await rareq-sz     w/s     wkB/s   wrqm/s  %wrqm w_await wareq-sz     d/s     dkB/s   drqm/s  %drqm d_await dareq-sz     f/s f_await  aqu-sz  %util
nvme0n1       4769.00 594616.00     0.00   0.00    0.23   124.68   46.00    192.00     2.00   4.17    1.63     4.17    0.00      0.00     0.00   0.00    0.00     0.00    0.00    0.00    1.19  40.00


10/05/2026 09:33:00 PM
Device            r/s     rkB/s   rrqm/s  %rrqm r_await rareq-sz     w/s     wkB/s   wrqm/s  %wrqm w_await wareq-sz     d/s     dkB/s   drqm/s  %drqm d_await dareq-sz     f/s f_await  aqu-sz  %util
nvme0n1       4564.00 570880.00     0.00   0.00    0.23   125.08   60.00    300.00    15.00  20.00    0.18     5.00    0.00      0.00     0.00   0.00    0.00     0.00    0.00    0.00    1.05  36.80


10/05/2026 09:33:01 PM
Device            r/s     rkB/s   rrqm/s  %rrqm r_await rareq-sz     w/s     wkB/s   wrqm/s  %wrqm w_await wareq-sz     d/s     dkB/s   drqm/s  %drqm d_await dareq-sz     f/s f_await  aqu-sz  %util
nvme0n1       4306.00 537708.00     0.00   0.00    0.23   124.87  146.00    628.00    11.00   7.01    1.45     4.30    0.00      0.00     0.00   0.00    0.00     0.00    0.00    0.00    1.21  36.00


10/05/2026 09:33:02 PM
Device            r/s     rkB/s   rrqm/s  %rrqm r_await rareq-sz     w/s     wkB/s   wrqm/s  %wrqm w_await wareq-sz     d/s     dkB/s   drqm/s  %drqm d_await dareq-sz     f/s f_await  aqu-sz  %util
nvme0n1       4379.00 541464.00     0.00   0.00    0.23   123.65  291.00   1412.00    63.00  17.80   11.26     4.85    0.00      0.00     0.00   0.00    0.00     0.00    1.00    0.00    4.28  36.80


10/05/2026 09:33:03 PM
Device            r/s     rkB/s   rrqm/s  %rrqm r_await rareq-sz     w/s     wkB/s   wrqm/s  %wrqm w_await wareq-sz     d/s     dkB/s   drqm/s  %drqm d_await dareq-sz     f/s f_await  aqu-sz  %util
nvme0n1       3906.93 485992.08     0.00   0.00    0.24   124.39   97.03    427.72     9.90   9.26    0.24     4.41    0.00      0.00     0.00   0.00    0.00     0.00    0.00    0.00    0.95  34.75


10/05/2026 09:33:04 PM
Device            r/s     rkB/s   rrqm/s  %rrqm r_await rareq-sz     w/s     wkB/s   wrqm/s  %wrqm w_await wareq-sz     d/s     dkB/s   drqm/s  %drqm d_await dareq-sz     f/s f_await  aqu-sz  %util
nvme0n1       4375.00 546832.00     0.00   0.00    0.30   124.99  405.00  27392.00 10111.00  96.15   35.26    67.63    0.00      0.00     0.00   0.00    0.00     0.00    0.00    0.00   15.58  47.00


10/05/2026 09:33:05 PM
Device            r/s     rkB/s   rrqm/s  %rrqm r_await rareq-sz     w/s     wkB/s   wrqm/s  %wrqm w_await wareq-sz     d/s     dkB/s   drqm/s  %drqm d_await dareq-sz     f/s f_await  aqu-sz  %util
nvme0n1       2754.00 333324.00   235.00   7.86    0.31   121.03  482.00  16620.00     5.00   1.03   58.91    34.48    0.00      0.00     0.00   0.00    0.00     0.00    0.00    0.00   29.25  35.40


10/05/2026 09:33:06 PM
Device            r/s     rkB/s   rrqm/s  %rrqm r_await rareq-sz     w/s     wkB/s   wrqm/s  %wrqm w_await wareq-sz     d/s     dkB/s   drqm/s  %drqm d_await dareq-sz     f/s f_await  aqu-sz  %util
nvme0n1       4229.00 515752.00   260.00   5.79    0.23   121.96   26.00    124.00     5.00  16.13    6.81     4.77    0.00      0.00     0.00   0.00    0.00     0.00    0.00    0.00    1.13  34.00


10/05/2026 09:33:07 PM
Device            r/s     rkB/s   rrqm/s  %rrqm r_await rareq-sz     w/s     wkB/s   wrqm/s  %wrqm w_await wareq-sz     d/s     dkB/s   drqm/s  %drqm d_await dareq-sz     f/s f_await  aqu-sz  %util
nvme0n1       6562.00 505500.00  1799.00  21.52    0.18    77.03    2.00      4.00     0.00   0.00    1.00     2.00    0.00      0.00     0.00   0.00    0.00     0.00    1.00    1.00    1.19  42.30


10/05/2026 09:33:08 PM
Device            r/s     rkB/s   rrqm/s  %rrqm r_await rareq-sz     w/s     wkB/s   wrqm/s  %wrqm w_await wareq-sz     d/s     dkB/s   drqm/s  %drqm d_await dareq-sz     f/s f_await  aqu-sz  %util
nvme0n1       11374.00 458880.00  6536.00  36.49    0.12    40.34    0.00      0.00     0.00   0.00    0.00     0.00    0.00      0.00     0.00   0.00    0.00     0.00    0.00    0.00    1.41  36.60


10/05/2026 09:33:09 PM
Device            r/s     rkB/s   rrqm/s  %rrqm r_await rareq-sz     w/s     wkB/s   wrqm/s  %wrqm w_await wareq-sz     d/s     dkB/s   drqm/s  %drqm d_await dareq-sz     f/s f_await  aqu-sz  %util
nvme0n1       6131.00 366532.00   144.00   2.29    0.19    59.78    3.00     12.00     0.00   0.00    0.67     4.00    0.00      0.00     0.00   0.00    0.00     0.00    0.00    0.00    1.15  21.00


10/05/2026 09:33:10 PM
Device            r/s     rkB/s   rrqm/s  %rrqm r_await rareq-sz     w/s     wkB/s   wrqm/s  %wrqm w_await wareq-sz     d/s     dkB/s   drqm/s  %drqm d_await dareq-sz     f/s f_await  aqu-sz  %util
nvme0n1       5779.00 352644.00     6.00   0.10    0.18    61.02    2.00     16.00     2.00  50.00    1.00     8.00    0.00      0.00     0.00   0.00    0.00     0.00    0.00    0.00    1.04  20.70


10/05/2026 09:33:11 PM
Device            r/s     rkB/s   rrqm/s  %rrqm r_await rareq-sz     w/s     wkB/s   wrqm/s  %wrqm w_await wareq-sz     d/s     dkB/s   drqm/s  %drqm d_await dareq-sz     f/s f_await  aqu-sz  %util
nvme0n1       4682.00 271716.00     9.00   0.19    0.19    58.03    1.00     44.00    10.00  90.91    0.00    44.00    0.00      0.00     0.00   0.00    0.00     0.00    0.00    0.00    0.88  17.60


10/05/2026 09:33:12 PM
Device            r/s     rkB/s   rrqm/s  %rrqm r_await rareq-sz     w/s     wkB/s   wrqm/s  %wrqm w_await wareq-sz     d/s     dkB/s   drqm/s  %drqm d_await dareq-sz     f/s f_await  aqu-sz  %util
nvme0n1       4172.00 240564.00     1.00   0.02    0.19    57.66   10.00     36.00     0.00   0.00    0.20     3.60    0.00      0.00     0.00   0.00    0.00     0.00    1.00    1.00    0.78  16.10


10/05/2026 09:33:13 PM
Device            r/s     rkB/s   rrqm/s  %rrqm r_await rareq-sz     w/s     wkB/s   wrqm/s  %wrqm w_await wareq-sz     d/s     dkB/s   drqm/s  %drqm d_await dareq-sz     f/s f_await  aqu-sz  %util
nvme0n1       3177.00 192008.00    10.00   0.31    0.19    60.44   51.00    216.00     3.00   5.56   10.78     4.24    0.00      0.00     0.00   0.00    0.00     0.00    0.00    0.00    1.15  13.80


10/05/2026 09:33:14 PM
Device            r/s     rkB/s   rrqm/s  %rrqm r_await rareq-sz     w/s     wkB/s   wrqm/s  %wrqm w_await wareq-sz     d/s     dkB/s   drqm/s  %drqm d_await dareq-sz     f/s f_await  aqu-sz  %util
nvme0n1       3579.00 222812.00    10.00   0.28    0.18    62.26   25.00    116.00     4.00  13.79   44.04     4.64    0.00      0.00     0.00   0.00    0.00     0.00    0.00    0.00    1.76  16.00


10/05/2026 09:33:15 PM
Device            r/s     rkB/s   rrqm/s  %rrqm r_await rareq-sz     w/s     wkB/s   wrqm/s  %wrqm w_await wareq-sz     d/s     dkB/s   drqm/s  %drqm d_await dareq-sz     f/s f_await  aqu-sz  %util
nvme0n1       6155.00 273988.00  1628.00  20.92    0.14    44.51   12.00     52.00     1.00   7.69   24.83     4.33    0.00      0.00     0.00   0.00    0.00     0.00    0.00    0.00    1.17  27.80


10/05/2026 09:33:16 PM
Device            r/s     rkB/s   rrqm/s  %rrqm r_await rareq-sz     w/s     wkB/s   wrqm/s  %wrqm w_await wareq-sz     d/s     dkB/s   drqm/s  %drqm d_await dareq-sz     f/s f_await  aqu-sz  %util
nvme0n1       2416.00 131516.00     7.00   0.29    0.19    54.44  108.00    552.00    14.00  11.48    0.29     5.11    0.00      0.00     0.00   0.00    0.00     0.00    0.00    0.00    0.49  11.20


10/05/2026 09:33:17 PM
Device            r/s     rkB/s   rrqm/s  %rrqm r_await rareq-sz     w/s     wkB/s   wrqm/s  %wrqm w_await wareq-sz     d/s     dkB/s   drqm/s  %drqm d_await dareq-sz     f/s f_await  aqu-sz  %util
nvme0n1       2859.00 164660.00     5.00   0.17    0.19    57.59    3.00     56.00     0.00   0.00    1.00    18.67    0.00      0.00     0.00   0.00    0.00     0.00    1.00    2.00    0.55  12.30


10/05/2026 09:33:18 PM
Device            r/s     rkB/s   rrqm/s  %rrqm r_await rareq-sz     w/s     wkB/s   wrqm/s  %wrqm w_await wareq-sz     d/s     dkB/s   drqm/s  %drqm d_await dareq-sz     f/s f_await  aqu-sz  %util
nvme0n1       2836.00 169764.00     4.00   0.14    0.19    59.86    0.00      0.00     0.00   0.00    0.00     0.00    0.00      0.00     0.00   0.00    0.00     0.00    0.00    0.00    0.54  12.40


10/05/2026 09:33:19 PM
Device            r/s     rkB/s   rrqm/s  %rrqm r_await rareq-sz     w/s     wkB/s   wrqm/s  %wrqm w_await wareq-sz     d/s     dkB/s   drqm/s  %drqm d_await dareq-sz     f/s f_await  aqu-sz  %util
nvme0n1       5117.00 317324.00    10.00   0.20    0.18    62.01    0.00      0.00     0.00   0.00    0.00     0.00    0.00      0.00     0.00   0.00    0.00     0.00    0.00    0.00    0.90  17.40


10/05/2026 09:33:20 PM
Device            r/s     rkB/s   rrqm/s  %rrqm r_await rareq-sz     w/s     wkB/s   wrqm/s  %wrqm w_await wareq-sz     d/s     dkB/s   drqm/s  %drqm d_await dareq-sz     f/s f_await  aqu-sz  %util
nvme0n1       5956.00 388500.00     0.00   0.00    0.18    65.23    5.00     24.00     0.00   0.00    0.00     4.80    0.00      0.00     0.00   0.00    0.00     0.00    0.00    0.00    1.06  21.70


10/05/2026 09:33:21 PM
Device            r/s     rkB/s   rrqm/s  %rrqm r_await rareq-sz     w/s     wkB/s   wrqm/s  %wrqm w_await wareq-sz     d/s     dkB/s   drqm/s  %drqm d_await dareq-sz     f/s f_await  aqu-sz  %util
nvme0n1       5311.00 341264.00     3.00   0.06    0.18    64.26  110.00    476.00     9.00   7.56    5.80     4.33    0.00      0.00     0.00   0.00    0.00     0.00    0.00    0.00    1.61  19.70


10/05/2026 09:33:22 PM
Device            r/s     rkB/s   rrqm/s  %rrqm r_await rareq-sz     w/s     wkB/s   wrqm/s  %wrqm w_await wareq-sz     d/s     dkB/s   drqm/s  %drqm d_await dareq-sz     f/s f_await  aqu-sz  %util
nvme0n1       3651.00 224680.00     0.00   0.00    0.18    61.54   18.00     72.00     1.00   5.26    0.83     4.00    0.00      0.00     0.00   0.00    0.00     0.00    1.00    1.00    0.67  14.90


10/05/2026 09:33:23 PM
Device            r/s     rkB/s   rrqm/s  %rrqm r_await rareq-sz     w/s     wkB/s   wrqm/s  %wrqm w_await wareq-sz     d/s     dkB/s   drqm/s  %drqm d_await dareq-sz     f/s f_await  aqu-sz  %util
nvme0n1       7254.00 101044.00   386.00   5.05    0.09    13.93    0.00      0.00     0.00   0.00    0.00     0.00    0.00      0.00     0.00   0.00    0.00     0.00    0.00    0.00    0.63  43.00


10/05/2026 09:33:24 PM
Device            r/s     rkB/s   rrqm/s  %rrqm r_await rareq-sz     w/s     wkB/s   wrqm/s  %wrqm w_await wareq-sz     d/s     dkB/s   drqm/s  %drqm d_await dareq-sz     f/s f_await  aqu-sz  %util
nvme0n1       4014.00  33884.00    49.00   1.21    0.21     8.44    0.00      0.00     0.00   0.00    0.00     0.00    0.00      0.00     0.00   0.00    0.00     0.00    0.00    0.00    0.82  80.30


10/05/2026 09:33:25 PM
Device            r/s     rkB/s   rrqm/s  %rrqm r_await rareq-sz     w/s     wkB/s   wrqm/s  %wrqm w_await wareq-sz     d/s     dkB/s   drqm/s  %drqm d_await dareq-sz     f/s f_await  aqu-sz  %util
nvme0n1       2653.00  10612.00     0.00   0.00    0.32     4.00    0.00      0.00     0.00   0.00    0.00     0.00    0.00      0.00     0.00   0.00    0.00     0.00    0.00    0.00    0.84  83.90


10/05/2026 09:33:26 PM
Device            r/s     rkB/s   rrqm/s  %rrqm r_await rareq-sz     w/s     wkB/s   wrqm/s  %wrqm w_await wareq-sz     d/s     dkB/s   drqm/s  %drqm d_await dareq-sz     f/s f_await  aqu-sz  %util
nvme0n1       4915.00 425764.00     0.00   0.00    0.20    86.63  100.00    444.00    11.00   9.91    0.49     4.44    0.00      0.00     0.00   0.00    0.00     0.00    0.00    0.00    1.03  46.40


10/05/2026 09:33:27 PM
Device            r/s     rkB/s   rrqm/s  %rrqm r_await rareq-sz     w/s     wkB/s   wrqm/s  %wrqm w_await wareq-sz     d/s     dkB/s   drqm/s  %drqm d_await dareq-sz     f/s f_await  aqu-sz  %util
nvme0n1       5478.00 678948.00    10.00   0.18    0.24   123.94  173.00    720.00     8.00   4.42    5.83     4.16    0.00      0.00     0.00   0.00    0.00     0.00    1.00    1.00    2.33  48.80


10/05/2026 09:33:28 PM
Device            r/s     rkB/s   rrqm/s  %rrqm r_await rareq-sz     w/s     wkB/s   wrqm/s  %wrqm w_await wareq-sz     d/s     dkB/s   drqm/s  %drqm d_await dareq-sz     f/s f_await  aqu-sz  %util
nvme0n1       4796.00 589456.00    29.00   0.60    0.23   122.91   70.00    296.00     4.00   5.41   14.93     4.23    0.00      0.00     0.00   0.00    0.00     0.00    0.00    0.00    2.15  39.50


10/05/2026 09:33:29 PM
Device            r/s     rkB/s   rrqm/s  %rrqm r_await rareq-sz     w/s     wkB/s   wrqm/s  %wrqm w_await wareq-sz     d/s     dkB/s   drqm/s  %drqm d_await dareq-sz     f/s f_await  aqu-sz  %util
nvme0n1       5164.00 638920.00    42.00   0.81    0.23   123.73   17.00   1564.00   374.00  95.65    3.00    92.00    0.00      0.00     0.00   0.00    0.00     0.00    0.00    0.00    1.26  47.50


10/05/2026 09:33:30 PM
Device            r/s     rkB/s   rrqm/s  %rrqm r_await rareq-sz     w/s     wkB/s   wrqm/s  %wrqm w_await wareq-sz     d/s     dkB/s   drqm/s  %drqm d_await dareq-sz     f/s f_await  aqu-sz  %util
nvme0n1       6424.00 801660.00     0.00   0.00    0.23   124.79    0.00      0.00     0.00   0.00    0.00     0.00    0.00      0.00     0.00   0.00    0.00     0.00    0.00    0.00    1.46  52.90


10/05/2026 09:33:31 PM
Device            r/s     rkB/s   rrqm/s  %rrqm r_await rareq-sz     w/s     wkB/s   wrqm/s  %wrqm w_await wareq-sz     d/s     dkB/s   drqm/s  %drqm d_await dareq-sz     f/s f_await  aqu-sz  %util
nvme0n1       5869.00 721712.00    74.00   1.25    0.23   122.97    0.00     20.00     4.00 100.00    0.00     0.00    0.00      0.00     0.00   0.00    0.00     0.00    0.00    0.00    1.36  50.70


10/05/2026 09:33:32 PM
Device            r/s     rkB/s   rrqm/s  %rrqm r_await rareq-sz     w/s     wkB/s   wrqm/s  %wrqm w_await wareq-sz     d/s     dkB/s   drqm/s  %drqm d_await dareq-sz     f/s f_await  aqu-sz  %util
nvme0n1       4734.00 570012.00   139.00   2.85    0.23   120.41   11.00     40.00     1.00   8.33    0.27     3.64    0.00      0.00     0.00   0.00    0.00     0.00    1.00    1.00    1.12  41.00


10/05/2026 09:33:33 PM
Device            r/s     rkB/s   rrqm/s  %rrqm r_await rareq-sz     w/s     wkB/s   wrqm/s  %wrqm w_await wareq-sz     d/s     dkB/s   drqm/s  %drqm d_await dareq-sz     f/s f_await  aqu-sz  %util
nvme0n1       5650.00 682932.00   145.00   2.50    0.22   120.87 1772.00   7460.00    93.00   4.99    0.24     4.21    0.00      0.00     0.00   0.00    0.00     0.00    0.00    0.00    1.66  47.90


10/05/2026 09:33:34 PM
Device            r/s     rkB/s   rrqm/s  %rrqm r_await rareq-sz     w/s     wkB/s   wrqm/s  %wrqm w_await wareq-sz     d/s     dkB/s   drqm/s  %drqm d_await dareq-sz     f/s f_await  aqu-sz  %util
nvme0n1       6451.00 773792.00    70.00   1.07    0.22   119.95   89.00    380.00     6.00   6.32    7.54     4.27    0.00      0.00     0.00   0.00    0.00     0.00    0.00    0.00    2.08  49.30


10/05/2026 09:33:35 PM
Device            r/s     rkB/s   rrqm/s  %rrqm r_await rareq-sz     w/s     wkB/s   wrqm/s  %wrqm w_await wareq-sz     d/s     dkB/s   drqm/s  %drqm d_await dareq-sz     f/s f_await  aqu-sz  %util
nvme0n1       6472.00 786536.00   137.00   2.07    0.22   121.53  122.00    504.00     4.00   3.17   13.91     4.13    0.00      0.00     0.00   0.00    0.00     0.00    0.00    0.00    3.12  46.80


10/05/2026 09:33:36 PM
Device            r/s     rkB/s   rrqm/s  %rrqm r_await rareq-sz     w/s     wkB/s   wrqm/s  %wrqm w_await wareq-sz     d/s     dkB/s   drqm/s  %drqm d_await dareq-sz     f/s f_await  aqu-sz  %util
nvme0n1       5676.00 697280.00   104.00   1.80    0.22   122.85   69.00    296.00     5.00   6.76   22.17     4.29    0.00      0.00     0.00   0.00    0.00     0.00    0.00    0.00    2.80  46.70


10/05/2026 09:33:37 PM
Device            r/s     rkB/s   rrqm/s  %rrqm r_await rareq-sz     w/s     wkB/s   wrqm/s  %wrqm w_await wareq-sz     d/s     dkB/s   drqm/s  %drqm d_await dareq-sz     f/s f_await  aqu-sz  %util
nvme0n1       6105.00 756400.00     0.00   0.00    0.22   123.90    5.00     36.00     5.00  50.00    1.40     7.20    0.00      0.00     0.00   0.00    0.00     0.00    1.00    1.00    1.37  46.00


10/05/2026 09:33:38 PM
Device            r/s     rkB/s   rrqm/s  %rrqm r_await rareq-sz     w/s     wkB/s   wrqm/s  %wrqm w_await wareq-sz     d/s     dkB/s   drqm/s  %drqm d_await dareq-sz     f/s f_await  aqu-sz  %util
nvme0n1       6612.00 824892.00     3.00   0.05    0.23   124.76  436.00   6440.00  1174.00  72.92    6.46    14.77    0.00      0.00     0.00   0.00    0.00     0.00    0.00    0.00    4.33  50.80


10/05/2026 09:33:39 PM
Device            r/s     rkB/s   rrqm/s  %rrqm r_await rareq-sz     w/s     wkB/s   wrqm/s  %wrqm w_await wareq-sz     d/s     dkB/s   drqm/s  %drqm d_await dareq-sz     f/s f_await  aqu-sz  %util
nvme0n1       11863.00 954028.00   134.00   1.12    0.15    80.42  214.00    948.00    23.00   9.70    6.08     4.43    0.00      0.00     0.00   0.00    0.00     0.00    0.00    0.00    3.12  59.10


10/05/2026 09:33:40 PM
Device            r/s     rkB/s   rrqm/s  %rrqm r_await rareq-sz     w/s     wkB/s   wrqm/s  %wrqm w_await wareq-sz     d/s     dkB/s   drqm/s  %drqm d_await dareq-sz     f/s f_await  aqu-sz  %util
nvme0n1       6891.00 403248.00     0.00   0.00    0.18    58.52    1.00      4.00     0.00   0.00    0.00     4.00    0.00      0.00     0.00   0.00    0.00     0.00    0.00    0.00    1.21  75.70


10/05/2026 09:33:41 PM
Device            r/s     rkB/s   rrqm/s  %rrqm r_await rareq-sz     w/s     wkB/s   wrqm/s  %wrqm w_await wareq-sz     d/s     dkB/s   drqm/s  %drqm d_await dareq-sz     f/s f_await  aqu-sz  %util
nvme0n1       4022.00 220568.00    38.00   0.94    0.20    54.84  487.00   3240.00   323.00  39.88    3.20     6.65    0.00      0.00     0.00   0.00    0.00     0.00    0.00    0.00    2.36  51.80


10/05/2026 09:33:42 PM
Device            r/s     rkB/s   rrqm/s  %rrqm r_await rareq-sz     w/s     wkB/s   wrqm/s  %wrqm w_await wareq-sz     d/s     dkB/s   drqm/s  %drqm d_await dareq-sz     f/s f_await  aqu-sz  %util
nvme0n1       4488.00 550444.00    76.00   1.67    0.24   122.65    1.00     32.00     7.00  87.50    0.00    32.00    0.00      0.00     0.00   0.00    0.00     0.00    0.00    0.00    1.07  41.20


10/05/2026 09:33:43 PM
Device            r/s     rkB/s   rrqm/s  %rrqm r_await rareq-sz     w/s     wkB/s   wrqm/s  %wrqm w_await wareq-sz     d/s     dkB/s   drqm/s  %drqm d_await dareq-sz     f/s f_await  aqu-sz  %util
nvme0n1       4886.00 589496.00    35.00   0.71    0.23   120.65    5.00     16.00     0.00   0.00    0.80     3.20    0.00      0.00     0.00   0.00    0.00     0.00    1.00    1.00    1.12  44.90


10/05/2026 09:33:44 PM
Device            r/s     rkB/s   rrqm/s  %rrqm r_await rareq-sz     w/s     wkB/s   wrqm/s  %wrqm w_await wareq-sz     d/s     dkB/s   drqm/s  %drqm d_await dareq-sz     f/s f_await  aqu-sz  %util
nvme0n1       4703.00 567496.00    42.00   0.89    0.23   120.67    0.00      0.00     0.00   0.00    0.00     0.00    0.00      0.00     0.00   0.00    0.00     0.00    0.00    0.00    1.10  39.80


10/05/2026 09:33:45 PM
Device            r/s     rkB/s   rrqm/s  %rrqm r_await rareq-sz     w/s     wkB/s   wrqm/s  %wrqm w_await wareq-sz     d/s     dkB/s   drqm/s  %drqm d_await dareq-sz     f/s f_await  aqu-sz  %util
nvme0n1       5819.00 649908.00    39.00   0.67    0.21   111.69   31.00    128.00     0.00   0.00    0.10     4.13    0.00      0.00     0.00   0.00    0.00     0.00    0.00    0.00    1.22  42.00


10/05/2026 09:33:46 PM
Device            r/s     rkB/s   rrqm/s  %rrqm r_await rareq-sz     w/s     wkB/s   wrqm/s  %wrqm w_await wareq-sz     d/s     dkB/s   drqm/s  %drqm d_await dareq-sz     f/s f_await  aqu-sz  %util
nvme0n1       5944.00 717124.00    30.00   0.50    0.21   120.65    1.00      4.00     0.00   0.00    0.00     4.00    0.00      0.00     0.00   0.00    0.00     0.00    0.00    0.00    1.27  43.00


10/05/2026 09:33:47 PM
Device            r/s     rkB/s   rrqm/s  %rrqm r_await rareq-sz     w/s     wkB/s   wrqm/s  %wrqm w_await wareq-sz     d/s     dkB/s   drqm/s  %drqm d_await dareq-sz     f/s f_await  aqu-sz  %util
nvme0n1       6300.00 759264.00     0.00   0.00    0.22   120.52    0.00      0.00     0.00   0.00    0.00     0.00    0.00      0.00     0.00   0.00    0.00     0.00    0.00    0.00    1.38  49.10


10/05/2026 09:33:48 PM
Device            r/s     rkB/s   rrqm/s  %rrqm r_await rareq-sz     w/s     wkB/s   wrqm/s  %wrqm w_await wareq-sz     d/s     dkB/s   drqm/s  %drqm d_await dareq-sz     f/s f_await  aqu-sz  %util
nvme0n1       4355.00 534920.00     1.00   0.02    0.22   122.83   63.00    296.00    12.00  16.00   10.05     4.70    0.00      0.00     0.00   0.00    0.00     0.00    1.00    1.00    1.59  33.60


10/05/2026 09:33:49 PM
Device            r/s     rkB/s   rrqm/s  %rrqm r_await rareq-sz     w/s     wkB/s   wrqm/s  %wrqm w_await wareq-sz     d/s     dkB/s   drqm/s  %drqm d_await dareq-sz     f/s f_await  aqu-sz  %util
nvme0n1       3923.00 486808.00     0.00   0.00    0.31   124.09  616.00  35436.00  9563.00  93.95   31.90    57.53    0.00      0.00     0.00   0.00    0.00     0.00    0.00    0.00   20.87  42.20


10/05/2026 09:33:50 PM
Device            r/s     rkB/s   rrqm/s  %rrqm r_await rareq-sz     w/s     wkB/s   wrqm/s  %wrqm w_await wareq-sz     d/s     dkB/s   drqm/s  %drqm d_await dareq-sz     f/s f_await  aqu-sz  %util
nvme0n1       4057.00 499676.00   130.00   3.10    0.27   123.16  317.00   6548.00     0.00   0.00   89.34    20.66    0.00      0.00     0.00   0.00    0.00     0.00    0.00    0.00   29.42  41.40


10/05/2026 09:33:51 PM
Device            r/s     rkB/s   rrqm/s  %rrqm r_await rareq-sz     w/s     wkB/s   wrqm/s  %wrqm w_await wareq-sz     d/s     dkB/s   drqm/s  %drqm d_await dareq-sz     f/s f_await  aqu-sz  %util
nvme0n1       5005.00 614208.00   147.00   2.85    0.23   122.72  153.00    768.00    11.00   6.71    6.79     5.02    0.00      0.00     0.00   0.00    0.00     0.00    0.00    0.00    2.17  40.10


10/05/2026 09:33:52 PM
Device            r/s     rkB/s   rrqm/s  %rrqm r_await rareq-sz     w/s     wkB/s   wrqm/s  %wrqm w_await wareq-sz     d/s     dkB/s   drqm/s  %drqm d_await dareq-sz     f/s f_await  aqu-sz  %util
nvme0n1       5021.00 627108.00     0.00   0.00    0.24   124.90  141.00    588.00     6.00   4.08    8.80     4.17    0.00      0.00     0.00   0.00    0.00     0.00    0.00    0.00    2.42  43.90


10/05/2026 09:33:53 PM
Device            r/s     rkB/s   rrqm/s  %rrqm r_await rareq-sz     w/s     wkB/s   wrqm/s  %wrqm w_await wareq-sz     d/s     dkB/s   drqm/s  %drqm d_await dareq-sz     f/s f_await  aqu-sz  %util
nvme0n1       5800.00 153848.00     6.00   0.10    0.16    26.53    6.00     68.00    12.00  66.67    0.67    11.33    0.00      0.00     0.00   0.00    0.00     0.00    1.00    1.00    0.94  78.10


10/05/2026 09:33:54 PM
Device            r/s     rkB/s   rrqm/s  %rrqm r_await rareq-sz     w/s     wkB/s   wrqm/s  %wrqm w_await wareq-sz     d/s     dkB/s   drqm/s  %drqm d_await dareq-sz     f/s f_await  aqu-sz  %util
nvme0n1       4605.00 194280.00     2.00   0.04    0.17    42.19   68.00   2612.00   718.00  91.35    1.90    38.41    0.00      0.00     0.00   0.00    0.00     0.00    0.00    0.00    0.93  54.80


10/05/2026 09:33:55 PM
Device            r/s     rkB/s   rrqm/s  %rrqm r_await rareq-sz     w/s     wkB/s   wrqm/s  %wrqm w_await wareq-sz     d/s     dkB/s   drqm/s  %drqm d_await dareq-sz     f/s f_await  aqu-sz  %util
nvme0n1       3693.00 447876.00   103.00   2.71    0.24   121.28   56.00    756.00     0.00   0.00    8.80    13.50    0.00      0.00     0.00   0.00    0.00     0.00    0.00    0.00    1.36  31.40


10/05/2026 09:33:56 PM
Device            r/s     rkB/s   rrqm/s  %rrqm r_await rareq-sz     w/s     wkB/s   wrqm/s  %wrqm w_await wareq-sz     d/s     dkB/s   drqm/s  %drqm d_await dareq-sz     f/s f_await  aqu-sz  %util
nvme0n1       3462.00 429308.00   117.00   3.27    0.24   124.01    0.00      0.00     0.00   0.00    0.00     0.00    0.00      0.00     0.00   0.00    0.00     0.00    0.00    0.00    0.83  30.50


10/05/2026 09:33:57 PM
Device            r/s     rkB/s   rrqm/s  %rrqm r_await rareq-sz     w/s     wkB/s   wrqm/s  %wrqm w_await wareq-sz     d/s     dkB/s   drqm/s  %drqm d_await dareq-sz     f/s f_await  aqu-sz  %util
nvme0n1       3671.00 458716.00    31.00   0.84    0.24   124.96    0.00      0.00     0.00   0.00    0.00     0.00    0.00      0.00     0.00   0.00    0.00     0.00    0.00    0.00    0.88  34.00


10/05/2026 09:33:58 PM
Device            r/s     rkB/s   rrqm/s  %rrqm r_await rareq-sz     w/s     wkB/s   wrqm/s  %wrqm w_await wareq-sz     d/s     dkB/s   drqm/s  %drqm d_await dareq-sz     f/s f_await  aqu-sz  %util
nvme0n1       3298.00 401868.00   176.00   5.07    0.24   121.85   11.00     52.00     2.00  15.38    0.09     4.73    0.00      0.00     0.00   0.00    0.00     0.00    0.00    0.00    0.80  29.60


10/05/2026 09:33:59 PM
Device            r/s     rkB/s   rrqm/s  %rrqm r_await rareq-sz     w/s     wkB/s   wrqm/s  %wrqm w_await wareq-sz     d/s     dkB/s   drqm/s  %drqm d_await dareq-sz     f/s f_await  aqu-sz  %util
nvme0n1       3807.00 468436.00    57.00   1.48    0.23   123.05    5.00     20.00     0.00   0.00    0.40     4.00    0.00      0.00     0.00   0.00    0.00     0.00    1.00    1.00    0.86  34.00


10/05/2026 09:34:00 PM
Device            r/s     rkB/s   rrqm/s  %rrqm r_await rareq-sz     w/s     wkB/s   wrqm/s  %wrqm w_await wareq-sz     d/s     dkB/s   drqm/s  %drqm d_await dareq-sz     f/s f_await  aqu-sz  %util
nvme0n1       3715.00 467272.00     0.00   0.00    0.24   125.78  319.00   1444.00    42.00  11.63    8.03     4.53    0.00      0.00     0.00   0.00    0.00     0.00    0.00    0.00    3.46  30.90


10/05/2026 09:34:01 PM
Device            r/s     rkB/s   rrqm/s  %rrqm r_await rareq-sz     w/s     wkB/s   wrqm/s  %wrqm w_await wareq-sz     d/s     dkB/s   drqm/s  %drqm d_await dareq-sz     f/s f_await  aqu-sz  %util
nvme0n1       3320.00 413376.00     0.00   0.00    0.25   124.51  139.00    732.00    44.00  24.04    9.20     5.27    0.00      0.00     0.00   0.00    0.00     0.00    0.00    0.00    2.10  31.00


10/05/2026 09:34:02 PM
Device            r/s     rkB/s   rrqm/s  %rrqm r_await rareq-sz     w/s     wkB/s   wrqm/s  %wrqm w_await wareq-sz     d/s     dkB/s   drqm/s  %drqm d_await dareq-sz     f/s f_await  aqu-sz  %util
nvme0n1       3174.00 392456.00     0.00   0.00    0.27   123.65 1365.00   5884.00   106.00   7.21   11.20     4.31    0.00      0.00     0.00   0.00    0.00     0.00    0.00    0.00   16.16  33.90


10/05/2026 09:34:03 PM
Device            r/s     rkB/s   rrqm/s  %rrqm r_await rareq-sz     w/s     wkB/s   wrqm/s  %wrqm w_await wareq-sz     d/s     dkB/s   drqm/s  %drqm d_await dareq-sz     f/s f_await  aqu-sz  %util
nvme0n1       5549.00 137852.00    60.00   1.07    0.16    24.84   37.00    204.00    14.00  27.45    3.14     5.51    0.00      0.00     0.00   0.00    0.00     0.00    0.00    0.00    0.99  71.80


10/05/2026 09:34:04 PM
Device            r/s     rkB/s   rrqm/s  %rrqm r_await rareq-sz     w/s     wkB/s   wrqm/s  %wrqm w_await wareq-sz     d/s     dkB/s   drqm/s  %drqm d_await dareq-sz     f/s f_await  aqu-sz  %util
nvme0n1       2686.00 329784.00     0.00   0.00    0.24   122.78  212.00    948.00    26.00  10.92    7.32     4.47    0.00      0.00     0.00   0.00    0.00     0.00    1.00    1.00    2.19  26.00


10/05/2026 09:34:05 PM
Device            r/s     rkB/s   rrqm/s  %rrqm r_await rareq-sz     w/s     wkB/s   wrqm/s  %wrqm w_await wareq-sz     d/s     dkB/s   drqm/s  %drqm d_await dareq-sz     f/s f_await  aqu-sz  %util
nvme0n1       2892.00 355984.00     0.00   0.00    0.25   123.09   48.00    200.00     2.00   4.00   10.48     4.17    0.00      0.00     0.00   0.00    0.00     0.00    0.00    0.00    1.22  27.30


10/05/2026 09:34:06 PM
Device            r/s     rkB/s   rrqm/s  %rrqm r_await rareq-sz     w/s     wkB/s   wrqm/s  %wrqm w_await wareq-sz     d/s     dkB/s   drqm/s  %drqm d_await dareq-sz     f/s f_await  aqu-sz  %util
nvme0n1       4087.00 511460.00     0.00   0.00    0.23   125.14  225.00    984.00    21.00   8.54    6.82     4.37    0.00      0.00     0.00   0.00    0.00     0.00    0.00    0.00    2.48  34.40


10/05/2026 09:34:07 PM
Device            r/s     rkB/s   rrqm/s  %rrqm r_await rareq-sz     w/s     wkB/s   wrqm/s  %wrqm w_await wareq-sz     d/s     dkB/s   drqm/s  %drqm d_await dareq-sz     f/s f_await  aqu-sz  %util
nvme0n1       3546.00 443244.00     0.00   0.00    0.24   125.00   41.00    164.00     0.00   0.00    6.37     4.00    0.00      0.00     0.00   0.00    0.00     0.00    0.00    0.00    1.13  32.20


10/05/2026 09:34:08 PM
Device            r/s     rkB/s   rrqm/s  %rrqm r_await rareq-sz     w/s     wkB/s   wrqm/s  %wrqm w_await wareq-sz     d/s     dkB/s   drqm/s  %drqm d_await dareq-sz     f/s f_await  aqu-sz  %util
nvme0n1       3630.00 450584.00     0.00   0.00    0.24   124.13   19.00     76.00     1.00   5.00   37.63     4.00    0.00      0.00     0.00   0.00    0.00     0.00    0.00    0.00    1.59  33.00


10/05/2026 09:34:09 PM
Device            r/s     rkB/s   rrqm/s  %rrqm r_await rareq-sz     w/s     wkB/s   wrqm/s  %wrqm w_await wareq-sz     d/s     dkB/s   drqm/s  %drqm d_await dareq-sz     f/s f_await  aqu-sz  %util
nvme0n1       6722.00 459944.00   154.00   2.24    0.14    68.42   35.00    172.00     7.00  16.67   31.29     4.91    0.00      0.00     0.00   0.00    0.00     0.00    0.00    0.00    2.07  40.70


10/05/2026 09:34:10 PM
Device            r/s     rkB/s   rrqm/s  %rrqm r_await rareq-sz     w/s     wkB/s   wrqm/s  %wrqm w_await wareq-sz     d/s     dkB/s   drqm/s  %drqm d_await dareq-sz     f/s f_await  aqu-sz  %util
nvme0n1       3549.00 443080.00     0.00   0.00    0.23   124.85   14.00     56.00     1.00   6.67    0.21     4.00    0.00      0.00     0.00   0.00    0.00     0.00    1.00    1.00    0.83  30.10


10/05/2026 09:34:11 PM
Device            r/s     rkB/s   rrqm/s  %rrqm r_await rareq-sz     w/s     wkB/s   wrqm/s  %wrqm w_await wareq-sz     d/s     dkB/s   drqm/s  %drqm d_await dareq-sz     f/s f_await  aqu-sz  %util
nvme0n1       5446.00  67812.00    35.00   0.64    0.14    12.45    0.00      0.00     0.00   0.00    0.00     0.00    0.00      0.00     0.00   0.00    0.00     0.00    0.00    0.00    0.78  70.30


10/05/2026 09:34:12 PM
Device            r/s     rkB/s   rrqm/s  %rrqm r_await rareq-sz     w/s     wkB/s   wrqm/s  %wrqm w_await wareq-sz     d/s     dkB/s   drqm/s  %drqm d_await dareq-sz     f/s f_await  aqu-sz  %util
nvme0n1       4232.00 221640.00     0.00   0.00    0.19    52.37    0.00      0.00     0.00   0.00    0.00     0.00    0.00      0.00     0.00   0.00    0.00     0.00    0.00    0.00    0.78  50.20


10/05/2026 09:34:13 PM
Device            r/s     rkB/s   rrqm/s  %rrqm r_await rareq-sz     w/s     wkB/s   wrqm/s  %wrqm w_await wareq-sz     d/s     dkB/s   drqm/s  %drqm d_await dareq-sz     f/s f_await  aqu-sz  %util
nvme0n1       4793.00 594612.00     0.00   0.00    0.23   124.06   58.00    288.00    14.00  19.44    7.52     4.97    0.00      0.00     0.00   0.00    0.00     0.00    0.00    0.00    1.54  39.70


10/05/2026 09:34:14 PM
Device            r/s     rkB/s   rrqm/s  %rrqm r_await rareq-sz     w/s     wkB/s   wrqm/s  %wrqm w_await wareq-sz     d/s     dkB/s   drqm/s  %drqm d_await dareq-sz     f/s f_await  aqu-sz  %util
nvme0n1       4708.00 583336.00     0.00   0.00    0.21   123.90   66.00    280.00     4.00   5.71    0.08     4.24    0.00      0.00     0.00   0.00    0.00     0.00    0.00    0.00    1.00  36.50


10/05/2026 09:34:15 PM
Device            r/s     rkB/s   rrqm/s  %rrqm r_await rareq-sz     w/s     wkB/s   wrqm/s  %wrqm w_await wareq-sz     d/s     dkB/s   drqm/s  %drqm d_await dareq-sz     f/s f_await  aqu-sz  %util
nvme0n1       4715.00 589884.00     0.00   0.00    0.22   125.11  104.00    492.00    19.00  15.45    5.45     4.73    0.00      0.00     0.00   0.00    0.00     0.00    1.00    1.00    1.61  41.10


10/05/2026 09:34:16 PM
Device            r/s     rkB/s   rrqm/s  %rrqm r_await rareq-sz     w/s     wkB/s   wrqm/s  %wrqm w_await wareq-sz     d/s     dkB/s   drqm/s  %drqm d_await dareq-sz     f/s f_await  aqu-sz  %util
nvme0n1       6891.00 640364.00    61.00   0.88    0.18    92.93  390.00   1624.00    16.00   3.94    8.14     4.16    0.00      0.00     0.00   0.00    0.00     0.00    0.00    0.00    4.39  39.60


10/05/2026 09:34:17 PM
Device            r/s     rkB/s   rrqm/s  %rrqm r_await rareq-sz     w/s     wkB/s   wrqm/s  %wrqm w_await wareq-sz     d/s     dkB/s   drqm/s  %drqm d_await dareq-sz     f/s f_await  aqu-sz  %util
nvme0n1       4302.00 532132.00     0.00   0.00    0.23   123.69   19.00     76.00     0.00   0.00   28.05     4.00    0.00      0.00     0.00   0.00    0.00     0.00    0.00    0.00    1.52  38.40


10/05/2026 09:34:18 PM
Device            r/s     rkB/s   rrqm/s  %rrqm r_await rareq-sz     w/s     wkB/s   wrqm/s  %wrqm w_await wareq-sz     d/s     dkB/s   drqm/s  %drqm d_await dareq-sz     f/s f_await  aqu-sz  %util
nvme0n1       3628.00 443612.00    13.00   0.36    0.39   122.27  446.00  39464.00  9433.00  95.49   65.12    88.48    0.00      0.00     0.00   0.00    0.00     0.00    0.00    0.00   30.44  48.70


10/05/2026 09:34:19 PM
Device            r/s     rkB/s   rrqm/s  %rrqm r_await rareq-sz     w/s     wkB/s   wrqm/s  %wrqm w_await wareq-sz     d/s     dkB/s   drqm/s  %drqm d_await dareq-sz     f/s f_await  aqu-sz  %util
nvme0n1       3901.00 472040.00   199.00   4.85    0.30   121.00  428.00  17960.00  4049.00  90.44   34.33    41.96    0.00      0.00     0.00   0.00    0.00     0.00    0.00    0.00   15.84  42.00


10/05/2026 09:34:20 PM
Device            r/s     rkB/s   rrqm/s  %rrqm r_await rareq-sz     w/s     wkB/s   wrqm/s  %wrqm w_await wareq-sz     d/s     dkB/s   drqm/s  %drqm d_await dareq-sz     f/s f_await  aqu-sz  %util
nvme0n1       3547.00 431516.00   293.00   7.63    0.24   121.66    5.00     72.00    14.00  73.68    0.40    14.40    0.00      0.00     0.00   0.00    0.00     0.00    1.00    1.00    0.85  32.00


10/05/2026 09:34:21 PM
Device            r/s     rkB/s   rrqm/s  %rrqm r_await rareq-sz     w/s     wkB/s   wrqm/s  %wrqm w_await wareq-sz     d/s     dkB/s   drqm/s  %drqm d_await dareq-sz     f/s f_await  aqu-sz  %util
nvme0n1       4257.00 518040.00   296.00   6.50    0.23   121.69   98.00    520.00     2.00   2.00    0.16     5.31    0.00      0.00     0.00   0.00    0.00     0.00    0.00    0.00    0.99  36.70


10/05/2026 09:34:22 PM
Device            r/s     rkB/s   rrqm/s  %rrqm r_await rareq-sz     w/s     wkB/s   wrqm/s  %wrqm w_await wareq-sz     d/s     dkB/s   drqm/s  %drqm d_await dareq-sz     f/s f_await  aqu-sz  %util
nvme0n1       4465.00 527340.00   306.00   6.41    0.22   118.11    2.00      8.00     0.00   0.00    0.00     4.00    0.00      0.00     0.00   0.00    0.00     0.00    0.00    0.00    1.00  38.10


10/05/2026 09:34:23 PM
Device            r/s     rkB/s   rrqm/s  %rrqm r_await rareq-sz     w/s     wkB/s   wrqm/s  %wrqm w_await wareq-sz     d/s     dkB/s   drqm/s  %drqm d_await dareq-sz     f/s f_await  aqu-sz  %util
nvme0n1       12279.00 577540.00  5644.00  31.49    0.14    47.03    0.00      0.00     0.00   0.00    0.00     0.00    0.00      0.00     0.00   0.00    0.00     0.00    0.00    0.00    1.68  42.40


10/05/2026 09:34:24 PM
Device            r/s     rkB/s   rrqm/s  %rrqm r_await rareq-sz     w/s     wkB/s   wrqm/s  %wrqm w_await wareq-sz     d/s     dkB/s   drqm/s  %drqm d_await dareq-sz     f/s f_await  aqu-sz  %util
nvme0n1       7965.00 412960.00  2961.00  27.10    0.16    51.85    0.00      0.00     0.00   0.00    0.00     0.00    0.00      0.00     0.00   0.00    0.00     0.00    0.00    0.00    1.26  28.00


10/05/2026 09:34:25 PM
Device            r/s     rkB/s   rrqm/s  %rrqm r_await rareq-sz     w/s     wkB/s   wrqm/s  %wrqm w_await wareq-sz     d/s     dkB/s   drqm/s  %drqm d_await dareq-sz     f/s f_await  aqu-sz  %util
nvme0n1       5730.00 347952.00    27.00   0.47    0.18    60.72   20.00    124.00    12.00  37.50    0.15     6.20    0.00      0.00     0.00   0.00    0.00     0.00    1.00    1.00    1.05  21.00


10/05/2026 09:34:26 PM
Device            r/s     rkB/s   rrqm/s  %rrqm r_await rareq-sz     w/s     wkB/s   wrqm/s  %wrqm w_await wareq-sz     d/s     dkB/s   drqm/s  %drqm d_await dareq-sz     f/s f_await  aqu-sz  %util
nvme0n1       5514.00 332864.00    39.00   0.70    0.18    60.37    2.00     12.00     1.00  33.33    1.00     6.00    0.00      0.00     0.00   0.00    0.00     0.00    0.00    0.00    0.98  19.90


10/05/2026 09:34:27 PM
Device            r/s     rkB/s   rrqm/s  %rrqm r_await rareq-sz     w/s     wkB/s   wrqm/s  %wrqm w_await wareq-sz     d/s     dkB/s   drqm/s  %drqm d_await dareq-sz     f/s f_await  aqu-sz  %util
nvme0n1       4512.00 246452.00     7.00   0.15    0.18    54.62    0.00      0.00     0.00   0.00    0.00     0.00    0.00      0.00     0.00   0.00    0.00     0.00    0.00    0.00    0.81  16.10


10/05/2026 09:34:28 PM
Device            r/s     rkB/s   rrqm/s  %rrqm r_await rareq-sz     w/s     wkB/s   wrqm/s  %wrqm w_await wareq-sz     d/s     dkB/s   drqm/s  %drqm d_await dareq-sz     f/s f_await  aqu-sz  %util
nvme0n1       4585.00 271188.00     5.00   0.11    0.18    59.15    2.00      8.00     0.00   0.00    0.00     4.00    0.00      0.00     0.00   0.00    0.00     0.00    0.00    0.00    0.83  15.90


10/05/2026 09:34:29 PM
Device            r/s     rkB/s   rrqm/s  %rrqm r_await rareq-sz     w/s     wkB/s   wrqm/s  %wrqm w_await wareq-sz     d/s     dkB/s   drqm/s  %drqm d_await dareq-sz     f/s f_await  aqu-sz  %util
nvme0n1       3775.00 223012.00     4.00   0.11    0.18    59.08    0.00      0.00     0.00   0.00    0.00     0.00    0.00      0.00     0.00   0.00    0.00     0.00    0.00    0.00    0.68  17.40


10/05/2026 09:34:30 PM
Device            r/s     rkB/s   rrqm/s  %rrqm r_await rareq-sz     w/s     wkB/s   wrqm/s  %wrqm w_await wareq-sz     d/s     dkB/s   drqm/s  %drqm d_await dareq-sz     f/s f_await  aqu-sz  %util
nvme0n1       5044.00 281520.00    13.00   0.26    0.17    55.81    1.00     20.00     4.00  80.00    0.00    20.00    0.00      0.00     0.00   0.00    0.00     0.00    0.00    0.00    0.86  17.60


10/05/2026 09:34:31 PM
Device            r/s     rkB/s   rrqm/s  %rrqm r_await rareq-sz     w/s     wkB/s   wrqm/s  %wrqm w_await wareq-sz     d/s     dkB/s   drqm/s  %drqm d_await dareq-sz     f/s f_await  aqu-sz  %util
nvme0n1       2140.00 125736.00     5.00   0.23    0.20    58.76    2.00      4.00     0.00   0.00    2.00     2.00    0.00      0.00     0.00   0.00    0.00     0.00    1.00    0.00    0.44  11.20


10/05/2026 09:34:32 PM
Device            r/s     rkB/s   rrqm/s  %rrqm r_await rareq-sz     w/s     wkB/s   wrqm/s  %wrqm w_await wareq-sz     d/s     dkB/s   drqm/s  %drqm d_await dareq-sz     f/s f_await  aqu-sz  %util
nvme0n1       3117.00 172544.00     0.00   0.00    0.18    55.36    2.00     12.00     1.00  33.33    0.00     6.00    0.00      0.00     0.00   0.00    0.00     0.00    0.00    0.00    0.57  11.90


10/05/2026 09:34:33 PM
Device            r/s     rkB/s   rrqm/s  %rrqm r_await rareq-sz     w/s     wkB/s   wrqm/s  %wrqm w_await wareq-sz     d/s     dkB/s   drqm/s  %drqm d_await dareq-sz     f/s f_await  aqu-sz  %util
nvme0n1       2590.00 149868.00     2.00   0.08    0.19    57.86    0.00      0.00     0.00   0.00    0.00     0.00    0.00      0.00     0.00   0.00    0.00     0.00    0.00    0.00    0.49  13.30


10/05/2026 09:34:34 PM
Device            r/s     rkB/s   rrqm/s  %rrqm r_await rareq-sz     w/s     wkB/s   wrqm/s  %wrqm w_await wareq-sz     d/s     dkB/s   drqm/s  %drqm d_await dareq-sz     f/s f_await  aqu-sz  %util
nvme0n1       4319.00 252188.00     2.00   0.05    0.17    58.39    0.00      0.00     0.00   0.00    0.00     0.00    0.00      0.00     0.00   0.00    0.00     0.00    0.00    0.00    0.72  16.90


10/05/2026 09:34:35 PM
Device            r/s     rkB/s   rrqm/s  %rrqm r_await rareq-sz     w/s     wkB/s   wrqm/s  %wrqm w_await wareq-sz     d/s     dkB/s   drqm/s  %drqm d_await dareq-sz     f/s f_await  aqu-sz  %util
nvme0n1       5365.00 330616.00     0.00   0.00    0.18    61.62    2.00      8.00     0.00   0.00    0.00     4.00    0.00      0.00     0.00   0.00    0.00     0.00    0.00    0.00    0.99  20.00


10/05/2026 09:34:36 PM
Device            r/s     rkB/s   rrqm/s  %rrqm r_await rareq-sz     w/s     wkB/s   wrqm/s  %wrqm w_await wareq-sz     d/s     dkB/s   drqm/s  %drqm d_await dareq-sz     f/s f_await  aqu-sz  %util
nvme0n1       5563.00 358640.00     0.00   0.00    0.18    64.47    3.00     24.00     4.00  57.14    0.67     8.00    0.00      0.00     0.00   0.00    0.00     0.00    1.00    1.00    1.01  21.50


10/05/2026 09:34:37 PM
Device            r/s     rkB/s   rrqm/s  %rrqm r_await rareq-sz     w/s     wkB/s   wrqm/s  %wrqm w_await wareq-sz     d/s     dkB/s   drqm/s  %drqm d_await dareq-sz     f/s f_await  aqu-sz  %util
nvme0n1       3804.00 231224.00     3.00   0.08    0.19    60.78    3.00     16.00     0.00   0.00    0.00     5.33    0.00      0.00     0.00   0.00    0.00     0.00    0.00    0.00    0.71  14.20


10/05/2026 09:34:38 PM
Device            r/s     rkB/s   rrqm/s  %rrqm r_await rareq-sz     w/s     wkB/s   wrqm/s  %wrqm w_await wareq-sz     d/s     dkB/s   drqm/s  %drqm d_await dareq-sz     f/s f_await  aqu-sz  %util
nvme0n1       2813.00  87788.00   347.00  10.98    0.12    31.21    2.00      8.00     0.00   0.00    0.00     4.00    0.00      0.00     0.00   0.00    0.00     0.00    0.00    0.00    0.35  11.30


10/05/2026 09:34:39 PM
Device            r/s     rkB/s   rrqm/s  %rrqm r_await rareq-sz     w/s     wkB/s   wrqm/s  %wrqm w_await wareq-sz     d/s     dkB/s   drqm/s  %drqm d_await dareq-sz     f/s f_await  aqu-sz  %util
nvme0n1       7208.00  80408.00 10290.00  58.81    0.08    11.16    0.00      0.00     0.00   0.00    0.00     0.00    0.00      0.00     0.00   0.00    0.00     0.00    0.00    0.00    0.58  49.60


10/05/2026 09:34:40 PM
Device            r/s     rkB/s   rrqm/s  %rrqm r_await rareq-sz     w/s     wkB/s   wrqm/s  %wrqm w_await wareq-sz     d/s     dkB/s   drqm/s  %drqm d_await dareq-sz     f/s f_await  aqu-sz  %util
nvme0n1       3163.00 108720.00  1179.00  27.15    0.08    34.37    0.00      0.00     0.00   0.00    0.00     0.00    0.00      0.00     0.00   0.00    0.00     0.00    0.00    0.00    0.27  21.80


10/05/2026 09:34:41 PM
Device            r/s     rkB/s   rrqm/s  %rrqm r_await rareq-sz     w/s     wkB/s   wrqm/s  %wrqm w_await wareq-sz     d/s     dkB/s   drqm/s  %drqm d_await dareq-sz     f/s f_await  aqu-sz  %util
nvme0n1          0.00      0.00     0.00   0.00    0.00     0.00    3.00     16.00    11.00  78.57    4.33     5.33    0.00      0.00     0.00   0.00    0.00     0.00    0.00    0.00    0.01   0.40


10/05/2026 09:34:42 PM
Device            r/s     rkB/s   rrqm/s  %rrqm r_await rareq-sz     w/s     wkB/s   wrqm/s  %wrqm w_await wareq-sz     d/s     dkB/s   drqm/s  %drqm d_await dareq-sz     f/s f_await  aqu-sz  %util
nvme0n1        590.00  73684.00    90.00  13.24    0.18   124.89    4.00     52.00     0.00   0.00    2.50    13.00    0.00      0.00     0.00   0.00    0.00     0.00    1.00    2.00    0.12   6.00


10/05/2026 09:34:43 PM
Device            r/s     rkB/s   rrqm/s  %rrqm r_await rareq-sz     w/s     wkB/s   wrqm/s  %wrqm w_await wareq-sz     d/s     dkB/s   drqm/s  %drqm d_await dareq-sz     f/s f_await  aqu-sz  %util
nvme0n1       1056.00  74580.00   110.00   9.43    0.12    70.62    0.00      0.00     0.00   0.00    0.00     0.00    0.00      0.00     0.00   0.00    0.00     0.00    0.00    0.00    0.13   8.40


10/05/2026 09:34:44 PM
Device            r/s     rkB/s   rrqm/s  %rrqm r_await rareq-sz     w/s     wkB/s   wrqm/s  %wrqm w_await wareq-sz     d/s     dkB/s   drqm/s  %drqm d_await dareq-sz     f/s f_await  aqu-sz  %util
nvme0n1          0.00      0.00     0.00   0.00    0.00     0.00    0.00      0.00     0.00   0.00    0.00     0.00    0.00      0.00     0.00   0.00    0.00     0.00    0.00    0.00    0.00   0.00


10/05/2026 09:34:45 PM
Device            r/s     rkB/s   rrqm/s  %rrqm r_await rareq-sz     w/s     wkB/s   wrqm/s  %wrqm w_await wareq-sz     d/s     dkB/s   drqm/s  %drqm d_await dareq-sz     f/s f_await  aqu-sz  %util
nvme0n1        251.00  26380.00     0.00   0.00    0.21   105.10   50.00    212.00     1.00   1.96    0.70     4.24    0.00      0.00     0.00   0.00    0.00     0.00    0.00    0.00    0.09   4.30


10/05/2026 09:34:46 PM
Device            r/s     rkB/s   rrqm/s  %rrqm r_await rareq-sz     w/s     wkB/s   wrqm/s  %wrqm w_await wareq-sz     d/s     dkB/s   drqm/s  %drqm d_await dareq-sz     f/s f_await  aqu-sz  %util
nvme0n1       3365.00 414888.00     0.00   0.00    0.23   123.30    0.00      0.00    11.00 100.00    0.00     0.00    0.00      0.00     0.00   0.00    0.00     0.00    0.00    0.00    0.78  24.30


10/05/2026 09:34:47 PM
Device            r/s     rkB/s   rrqm/s  %rrqm r_await rareq-sz     w/s     wkB/s   wrqm/s  %wrqm w_await wareq-sz     d/s     dkB/s   drqm/s  %drqm d_await dareq-sz     f/s f_await  aqu-sz  %util
nvme0n1       8651.00 1068660.00     0.00   0.00    0.20   123.53   13.00     92.00     0.00   0.00    1.38     7.08    0.00      0.00     0.00   0.00    0.00     0.00    1.00    1.00    1.78  56.20


10/05/2026 09:34:48 PM
Device            r/s     rkB/s   rrqm/s  %rrqm r_await rareq-sz     w/s     wkB/s   wrqm/s  %wrqm w_await wareq-sz     d/s     dkB/s   drqm/s  %drqm d_await dareq-sz     f/s f_await  aqu-sz  %util
nvme0n1       8043.00 1003224.00     0.00   0.00    0.22   124.73    2.00     12.00     1.00  33.33    8.00     6.00    0.00      0.00     0.00   0.00    0.00     0.00    0.00    0.00    1.75  53.20


10/05/2026 09:34:49 PM
Device            r/s     rkB/s   rrqm/s  %rrqm r_await rareq-sz     w/s     wkB/s   wrqm/s  %wrqm w_await wareq-sz     d/s     dkB/s   drqm/s  %drqm d_await dareq-sz     f/s f_await  aqu-sz  %util
nvme0n1       8611.00 1070824.00     0.00   0.00    0.20   124.36    8.00     44.00     3.00  27.27    7.50     5.50    0.00      0.00     0.00   0.00    0.00     0.00    0.00    0.00    1.81  54.30


10/05/2026 09:34:50 PM
Device            r/s     rkB/s   rrqm/s  %rrqm r_await rareq-sz     w/s     wkB/s   wrqm/s  %wrqm w_await wareq-sz     d/s     dkB/s   drqm/s  %drqm d_await dareq-sz     f/s f_await  aqu-sz  %util
nvme0n1       8774.00 1089620.00     0.00   0.00    0.21   124.19  225.00   1028.00     4.00   1.75    2.20     4.57    0.00      0.00     0.00   0.00    0.00     0.00    0.00    0.00    2.31  56.30


10/05/2026 09:34:51 PM
Device            r/s     rkB/s   rrqm/s  %rrqm r_await rareq-sz     w/s     wkB/s   wrqm/s  %wrqm w_await wareq-sz     d/s     dkB/s   drqm/s  %drqm d_await dareq-sz     f/s f_await  aqu-sz  %util
nvme0n1       9982.00 1246096.00     0.00   0.00    0.20   124.83   17.00    120.00    13.00  43.33    0.06     7.06    0.00      0.00     0.00   0.00    0.00     0.00    0.00    0.00    2.03  60.10


10/05/2026 09:34:52 PM
Device            r/s     rkB/s   rrqm/s  %rrqm r_await rareq-sz     w/s     wkB/s   wrqm/s  %wrqm w_await wareq-sz     d/s     dkB/s   drqm/s  %drqm d_await dareq-sz     f/s f_await  aqu-sz  %util
nvme0n1       9475.00 1187104.00     0.00   0.00    0.21   125.29    2.00      4.00     0.00   0.00    6.50     2.00    0.00      0.00     0.00   0.00    0.00     0.00    1.00    1.00    1.96  54.60


10/05/2026 09:34:53 PM
Device            r/s     rkB/s   rrqm/s  %rrqm r_await rareq-sz     w/s     wkB/s   wrqm/s  %wrqm w_await wareq-sz     d/s     dkB/s   drqm/s  %drqm d_await dareq-sz     f/s f_await  aqu-sz  %util
nvme0n1       10519.00 1314328.00     0.00   0.00    0.20   124.95   35.00    152.00     3.00   7.89    1.66     4.34    0.00      0.00     0.00   0.00    0.00     0.00    0.00    0.00    2.20  58.00


10/05/2026 09:34:54 PM
Device            r/s     rkB/s   rrqm/s  %rrqm r_await rareq-sz     w/s     wkB/s   wrqm/s  %wrqm w_await wareq-sz     d/s     dkB/s   drqm/s  %drqm d_await dareq-sz     f/s f_await  aqu-sz  %util
nvme0n1       11928.00 1499060.00     0.00   0.00    0.20   125.68    1.00      4.00     0.00   0.00    0.00     4.00    0.00      0.00     0.00   0.00    0.00     0.00    0.00    0.00    2.33  51.40


10/05/2026 09:34:55 PM
Device            r/s     rkB/s   rrqm/s  %rrqm r_await rareq-sz     w/s     wkB/s   wrqm/s  %wrqm w_await wareq-sz     d/s     dkB/s   drqm/s  %drqm d_await dareq-sz     f/s f_await  aqu-sz  %util
nvme0n1       11378.00 1437056.00     0.00   0.00    0.21   126.30  408.00   1744.00    28.00   6.42    5.47     4.27    0.00      0.00     0.00   0.00    0.00     0.00    0.00    0.00    4.64  55.40


10/05/2026 09:34:56 PM
Device            r/s     rkB/s   rrqm/s  %rrqm r_await rareq-sz     w/s     wkB/s   wrqm/s  %wrqm w_await wareq-sz     d/s     dkB/s   drqm/s  %drqm d_await dareq-sz     f/s f_await  aqu-sz  %util
nvme0n1       12386.00 1561052.00     0.00   0.00    0.20   126.03  136.00    596.00    13.00   8.72    4.29     4.38    0.00      0.00     0.00   0.00    0.00     0.00    0.00    0.00    3.02  53.70


10/05/2026 09:34:57 PM
Device            r/s     rkB/s   rrqm/s  %rrqm r_await rareq-sz     w/s     wkB/s   wrqm/s  %wrqm w_await wareq-sz     d/s     dkB/s   drqm/s  %drqm d_await dareq-sz     f/s f_await  aqu-sz  %util
nvme0n1       11408.00 1437852.00     0.00   0.00    0.21   126.04  481.00   2052.00    33.00   6.42    6.40     4.27    0.00      0.00     0.00   0.00    0.00     0.00    1.00    1.00    5.47  55.00


10/05/2026 09:34:58 PM
Device            r/s     rkB/s   rrqm/s  %rrqm r_await rareq-sz     w/s     wkB/s   wrqm/s  %wrqm w_await wareq-sz     d/s     dkB/s   drqm/s  %drqm d_await dareq-sz     f/s f_await  aqu-sz  %util
nvme0n1       11575.00 1458744.00     1.00   0.01    0.21   126.03  555.00   2364.00    36.00   6.09    5.75     4.26    0.00      0.00     0.00   0.00    0.00     0.00    0.00    0.00    5.67  54.70


10/05/2026 09:34:59 PM
Device            r/s     rkB/s   rrqm/s  %rrqm r_await rareq-sz     w/s     wkB/s   wrqm/s  %wrqm w_await wareq-sz     d/s     dkB/s   drqm/s  %drqm d_await dareq-sz     f/s f_await  aqu-sz  %util
nvme0n1       12698.00 1610736.00     0.00   0.00    0.20   126.85  547.00   2280.00    23.00   4.04    5.69     4.17    0.00      0.00     0.00   0.00    0.00     0.00    0.00    0.00    5.68  55.30


10/05/2026 09:35:00 PM
Device            r/s     rkB/s   rrqm/s  %rrqm r_await rareq-sz     w/s     wkB/s   wrqm/s  %wrqm w_await wareq-sz     d/s     dkB/s   drqm/s  %drqm d_await dareq-sz     f/s f_await  aqu-sz  %util
nvme0n1       14298.00 1811576.00     0.00   0.00    0.18   126.70  143.00    584.00     3.00   2.05    7.06     4.08    0.00      0.00     0.00   0.00    0.00     0.00    0.00    0.00    3.63  48.90


10/05/2026 09:35:01 PM
Device            r/s     rkB/s   rrqm/s  %rrqm r_await rareq-sz     w/s     wkB/s   wrqm/s  %wrqm w_await wareq-sz     d/s     dkB/s   drqm/s  %drqm d_await dareq-sz     f/s f_await  aqu-sz  %util
nvme0n1       12815.00 1611344.00   303.00   2.31    0.19   125.74  597.00   2832.00   111.00  15.68    8.93     4.74    0.00      0.00     0.00   0.00    0.00     0.00    0.00    0.00    7.71  52.20


10/05/2026 09:35:02 PM
Device            r/s     rkB/s   rrqm/s  %rrqm r_await rareq-sz     w/s     wkB/s   wrqm/s  %wrqm w_await wareq-sz     d/s     dkB/s   drqm/s  %drqm d_await dareq-sz     f/s f_await  aqu-sz  %util
nvme0n1       12287.00 1141148.00    31.00   0.25    0.18    92.87   90.00    372.00     4.00   4.26   15.49     4.13    0.00      0.00     0.00   0.00    0.00     0.00    1.00    1.00    3.63  42.30


10/05/2026 09:35:03 PM
Device            r/s     rkB/s   rrqm/s  %rrqm r_await rareq-sz     w/s     wkB/s   wrqm/s  %wrqm w_await wareq-sz     d/s     dkB/s   drqm/s  %drqm d_await dareq-sz     f/s f_await  aqu-sz  %util
nvme0n1       20063.00 1327876.00     0.00   0.00    0.18    66.19   72.00    304.00     4.00   5.26   19.53     4.22    0.00      0.00     0.00   0.00    0.00     0.00    0.00    0.00    5.02  50.50


10/05/2026 09:35:04 PM
Device            r/s     rkB/s   rrqm/s  %rrqm r_await rareq-sz     w/s     wkB/s   wrqm/s  %wrqm w_await wareq-sz     d/s     dkB/s   drqm/s  %drqm d_await dareq-sz     f/s f_await  aqu-sz  %util
nvme0n1       20206.00 1296220.00     0.00   0.00    0.18    64.15    0.00      0.00     0.00   0.00    0.00     0.00    0.00      0.00     0.00   0.00    0.00     0.00    0.00    0.00    3.54  50.10


10/05/2026 09:35:05 PM
Device            r/s     rkB/s   rrqm/s  %rrqm r_await rareq-sz     w/s     wkB/s   wrqm/s  %wrqm w_await wareq-sz     d/s     dkB/s   drqm/s  %drqm d_await dareq-sz     f/s f_await  aqu-sz  %util
nvme0n1       16424.00 1104860.00     0.00   0.00    0.18    67.27    0.00      0.00     0.00   0.00    0.00     0.00    0.00      0.00     0.00   0.00    0.00     0.00    0.00    0.00    2.93  44.60


10/05/2026 09:35:06 PM
Device            r/s     rkB/s   rrqm/s  %rrqm r_await rareq-sz     w/s     wkB/s   wrqm/s  %wrqm w_await wareq-sz     d/s     dkB/s   drqm/s  %drqm d_await dareq-sz     f/s f_await  aqu-sz  %util
nvme0n1       9794.00 659352.00     0.00   0.00    0.25    67.32  489.00  46364.00 11134.00  95.79    6.80    94.81    0.00      0.00     0.00   0.00    0.00     0.00    0.00    0.00    5.80  46.80


10/05/2026 09:35:07 PM
Device            r/s     rkB/s   rrqm/s  %rrqm r_await rareq-sz     w/s     wkB/s   wrqm/s  %wrqm w_await wareq-sz     d/s     dkB/s   drqm/s  %drqm d_await dareq-sz     f/s f_await  aqu-sz  %util
nvme0n1       10843.00 743368.00     4.00   0.04    0.19    68.56 1133.00 132532.00 31964.00  96.58    1.04   116.97    0.00      0.00     0.00   0.00    0.00     0.00    1.00   14.00    3.23  37.40


10/05/2026 09:35:08 PM
Device            r/s     rkB/s   rrqm/s  %rrqm r_await rareq-sz     w/s     wkB/s   wrqm/s  %wrqm w_await wareq-sz     d/s     dkB/s   drqm/s  %drqm d_await dareq-sz     f/s f_await  aqu-sz  %util
nvme0n1       8941.00 624924.00     0.00   0.00    0.18    69.89    0.00      0.00     0.00   0.00    0.00     0.00    0.00      0.00     0.00   0.00    0.00     0.00    0.00    0.00    1.60  29.60


10/05/2026 09:35:09 PM
Device            r/s     rkB/s   rrqm/s  %rrqm r_await rareq-sz     w/s     wkB/s   wrqm/s  %wrqm w_await wareq-sz     d/s     dkB/s   drqm/s  %drqm d_await dareq-sz     f/s f_await  aqu-sz  %util
nvme0n1       6193.00 448792.00     2.00   0.03    0.19    72.47    0.00      0.00     0.00   0.00    0.00     0.00    0.00      0.00     0.00   0.00    0.00     0.00    0.00    0.00    1.17  24.00


10/05/2026 09:35:10 PM
Device            r/s     rkB/s   rrqm/s  %rrqm r_await rareq-sz     w/s     wkB/s   wrqm/s  %wrqm w_await wareq-sz     d/s     dkB/s   drqm/s  %drqm d_await dareq-sz     f/s f_await  aqu-sz  %util
nvme0n1       9493.00 441908.00   441.00   4.44    0.14    46.55    0.00      0.00     0.00   0.00    0.00     0.00    0.00      0.00     0.00   0.00    0.00     0.00    0.00    0.00    1.29  36.70


10/05/2026 09:35:11 PM
Device            r/s     rkB/s   rrqm/s  %rrqm r_await rareq-sz     w/s     wkB/s   wrqm/s  %wrqm w_await wareq-sz     d/s     dkB/s   drqm/s  %drqm d_await dareq-sz     f/s f_await  aqu-sz  %util
nvme0n1       5640.00 405192.00     0.00   0.00    0.18    71.84    0.00      0.00     0.00   0.00    0.00     0.00    0.00      0.00     0.00   0.00    0.00     0.00    0.00    0.00    1.04  24.60


10/05/2026 09:35:12 PM
Device            r/s     rkB/s   rrqm/s  %rrqm r_await rareq-sz     w/s     wkB/s   wrqm/s  %wrqm w_await wareq-sz     d/s     dkB/s   drqm/s  %drqm d_await dareq-sz     f/s f_await  aqu-sz  %util
nvme0n1       7013.00 493652.00     2.00   0.03    0.18    70.39    5.00     44.00     7.00  58.33    0.80     8.80    0.00      0.00     0.00   0.00    0.00     0.00    1.00    1.00    1.30  26.90


10/05/2026 09:35:13 PM
Device            r/s     rkB/s   rrqm/s  %rrqm r_await rareq-sz     w/s     wkB/s   wrqm/s  %wrqm w_await wareq-sz     d/s     dkB/s   drqm/s  %drqm d_await dareq-sz     f/s f_await  aqu-sz  %util
nvme0n1       5532.00 372972.00    34.00   0.61    0.17    67.42  166.00    760.00    24.00  12.63   10.61     4.58    0.00      0.00     0.00   0.00    0.00     0.00    0.00    0.00    2.73  24.40


10/05/2026 09:35:14 PM
Device            r/s     rkB/s   rrqm/s  %rrqm r_await rareq-sz     w/s     wkB/s   wrqm/s  %wrqm w_await wareq-sz     d/s     dkB/s   drqm/s  %drqm d_await dareq-sz     f/s f_await  aqu-sz  %util
nvme0n1       5893.00 413600.00     0.00   0.00    0.19    70.18   13.00     64.00     3.00  18.75   39.46     4.92    0.00      0.00     0.00   0.00    0.00     0.00    0.00    0.00    1.62  22.10


10/05/2026 09:35:15 PM
Device            r/s     rkB/s   rrqm/s  %rrqm r_await rareq-sz     w/s     wkB/s   wrqm/s  %wrqm w_await wareq-sz     d/s     dkB/s   drqm/s  %drqm d_await dareq-sz     f/s f_await  aqu-sz  %util
nvme0n1       7646.00 534960.00     0.00   0.00    0.18    69.97   76.00    332.00     6.00   7.32    7.20     4.37    0.00      0.00     0.00   0.00    0.00     0.00    0.00    0.00    1.93  28.00


10/05/2026 09:35:16 PM
Device            r/s     rkB/s   rrqm/s  %rrqm r_await rareq-sz     w/s     wkB/s   wrqm/s  %wrqm w_await wareq-sz     d/s     dkB/s   drqm/s  %drqm d_await dareq-sz     f/s f_await  aqu-sz  %util
nvme0n1       5155.00 340312.00     0.00   0.00    0.18    66.02   33.00    152.00     5.00  13.16    1.33     4.61    0.00      0.00     0.00   0.00    0.00     0.00    0.00    0.00    0.99  18.70


10/05/2026 09:35:17 PM
Device            r/s     rkB/s   rrqm/s  %rrqm r_await rareq-sz     w/s     wkB/s   wrqm/s  %wrqm w_await wareq-sz     d/s     dkB/s   drqm/s  %drqm d_await dareq-sz     f/s f_await  aqu-sz  %util
nvme0n1       6032.00 317344.00   126.00   2.05    0.15    52.61    6.00     72.00    12.00  66.67    0.17    12.00    0.00      0.00     0.00   0.00    0.00     0.00    0.00    0.00    0.92  22.50


10/05/2026 09:35:18 PM
Device            r/s     rkB/s   rrqm/s  %rrqm r_await rareq-sz     w/s     wkB/s   wrqm/s  %wrqm w_await wareq-sz     d/s     dkB/s   drqm/s  %drqm d_await dareq-sz     f/s f_await  aqu-sz  %util
nvme0n1       5830.00 411936.00     0.00   0.00    0.19    70.66    3.00      8.00     0.00   0.00   12.33     2.67    0.00      0.00     0.00   0.00    0.00     0.00    1.00    1.00    1.13  24.40


10/05/2026 09:35:19 PM
Device            r/s     rkB/s   rrqm/s  %rrqm r_await rareq-sz     w/s     wkB/s   wrqm/s  %wrqm w_await wareq-sz     d/s     dkB/s   drqm/s  %drqm d_await dareq-sz     f/s f_await  aqu-sz  %util
nvme0n1       3199.00 213888.00     0.00   0.00    0.20    66.86    2.00     12.00     1.00  33.33    0.50     6.00    0.00      0.00     0.00   0.00    0.00     0.00    0.00    0.00    0.63  15.00


10/05/2026 09:35:20 PM
Device            r/s     rkB/s   rrqm/s  %rrqm r_await rareq-sz     w/s     wkB/s   wrqm/s  %wrqm w_await wareq-sz     d/s     dkB/s   drqm/s  %drqm d_await dareq-sz     f/s f_await  aqu-sz  %util
nvme0n1       3090.00 200160.00     0.00   0.00    0.20    64.78    0.00      0.00     0.00   0.00    0.00     0.00    0.00      0.00     0.00   0.00    0.00     0.00    0.00    0.00    0.62  15.30


10/05/2026 09:35:21 PM
Device            r/s     rkB/s   rrqm/s  %rrqm r_await rareq-sz     w/s     wkB/s   wrqm/s  %wrqm w_await wareq-sz     d/s     dkB/s   drqm/s  %drqm d_await dareq-sz     f/s f_await  aqu-sz  %util
nvme0n1       9596.00 659020.00     0.00   0.00    0.18    68.68    0.00      0.00     0.00   0.00    0.00     0.00    0.00      0.00     0.00   0.00    0.00     0.00    0.00    0.00    1.72  31.90


10/05/2026 09:35:22 PM
Device            r/s     rkB/s   rrqm/s  %rrqm r_await rareq-sz     w/s     wkB/s   wrqm/s  %wrqm w_await wareq-sz     d/s     dkB/s   drqm/s  %drqm d_await dareq-sz     f/s f_await  aqu-sz  %util
nvme0n1       6657.00 452940.00     0.00   0.00    0.18    68.04   96.00    504.00     2.00   2.04    0.06     5.25    0.00      0.00     0.00   0.00    0.00     0.00    0.00    0.00    1.20  24.00


10/05/2026 09:35:23 PM
Device            r/s     rkB/s   rrqm/s  %rrqm r_await rareq-sz     w/s     wkB/s   wrqm/s  %wrqm w_await wareq-sz     d/s     dkB/s   drqm/s  %drqm d_await dareq-sz     f/s f_await  aqu-sz  %util
nvme0n1       6189.00 423464.00     0.00   0.00    0.18    68.42   33.00    180.00    13.00  28.26   21.39     5.45    0.00      0.00     0.00   0.00    0.00     0.00    1.00    2.00    1.84  26.40


10/05/2026 09:35:24 PM
Device            r/s     rkB/s   rrqm/s  %rrqm r_await rareq-sz     w/s     wkB/s   wrqm/s  %wrqm w_await wareq-sz     d/s     dkB/s   drqm/s  %drqm d_await dareq-sz     f/s f_await  aqu-sz  %util
nvme0n1       3536.00 233396.00     0.00   0.00    0.19    66.01    0.00      0.00     0.00   0.00    0.00     0.00    0.00      0.00     0.00   0.00    0.00     0.00    0.00    0.00    0.68  15.90


10/05/2026 09:35:25 PM
Device            r/s     rkB/s   rrqm/s  %rrqm r_await rareq-sz     w/s     wkB/s   wrqm/s  %wrqm w_await wareq-sz     d/s     dkB/s   drqm/s  %drqm d_await dareq-sz     f/s f_await  aqu-sz  %util
nvme0n1       2708.00 184976.00     0.00   0.00    0.20    68.31    2.00     12.00     1.00  33.33    0.50     6.00    0.00      0.00     0.00   0.00    0.00     0.00    0.00    0.00    0.55  14.70


10/05/2026 09:35:26 PM
Device            r/s     rkB/s   rrqm/s  %rrqm r_await rareq-sz     w/s     wkB/s   wrqm/s  %wrqm w_await wareq-sz     d/s     dkB/s   drqm/s  %drqm d_await dareq-sz     f/s f_await  aqu-sz  %util
nvme0n1       1944.00 127252.00     0.00   0.00    0.20    65.46    0.00      0.00     0.00   0.00    0.00     0.00    0.00      0.00     0.00   0.00    0.00     0.00    0.00    0.00    0.39   9.70


10/05/2026 09:35:27 PM
Device            r/s     rkB/s   rrqm/s  %rrqm r_await rareq-sz     w/s     wkB/s   wrqm/s  %wrqm w_await wareq-sz     d/s     dkB/s   drqm/s  %drqm d_await dareq-sz     f/s f_await  aqu-sz  %util
nvme0n1       2923.00 194872.00     0.00   0.00    0.19    66.67    5.00     64.00    11.00  68.75    0.80    12.80    0.00      0.00     0.00   0.00    0.00     0.00    0.00    0.00    0.55  13.50


10/05/2026 09:35:28 PM
Device            r/s     rkB/s   rrqm/s  %rrqm r_await rareq-sz     w/s     wkB/s   wrqm/s  %wrqm w_await wareq-sz     d/s     dkB/s   drqm/s  %drqm d_await dareq-sz     f/s f_await  aqu-sz  %util
nvme0n1       3357.00 222496.00     3.00   0.09    0.19    66.28    4.00     16.00     4.00  50.00    0.75     4.00    0.00      0.00     0.00   0.00    0.00     0.00    0.00    0.00    0.64  15.70


10/05/2026 09:35:29 PM
Device            r/s     rkB/s   rrqm/s  %rrqm r_await rareq-sz     w/s     wkB/s   wrqm/s  %wrqm w_await wareq-sz     d/s     dkB/s   drqm/s  %drqm d_await dareq-sz     f/s f_await  aqu-sz  %util
nvme0n1       5669.00 402368.00     0.00   0.00    0.19    70.98    3.00     24.00     0.00   0.00    1.33     8.00    0.00      0.00     0.00   0.00    0.00     0.00    1.00    2.00    1.06  21.70


10/05/2026 09:35:30 PM
Device            r/s     rkB/s   rrqm/s  %rrqm r_await rareq-sz     w/s     wkB/s   wrqm/s  %wrqm w_await wareq-sz     d/s     dkB/s   drqm/s  %drqm d_await dareq-sz     f/s f_await  aqu-sz  %util
nvme0n1       1865.00 108796.00     0.00   0.00    0.22    58.34    0.00      0.00     0.00   0.00    0.00     0.00    0.00      0.00     0.00   0.00    0.00     0.00    0.00    0.00    0.41  11.00


10/05/2026 09:35:31 PM
Device            r/s     rkB/s   rrqm/s  %rrqm r_await rareq-sz     w/s     wkB/s   wrqm/s  %wrqm w_await wareq-sz     d/s     dkB/s   drqm/s  %drqm d_await dareq-sz     f/s f_await  aqu-sz  %util
nvme0n1       3621.00 234828.00     0.00   0.00    0.19    64.85   90.00    376.00     4.00   4.26    0.33     4.18    0.00      0.00     0.00   0.00    0.00     0.00    0.00    0.00    0.70  15.00


10/05/2026 09:35:32 PM
Device            r/s     rkB/s   rrqm/s  %rrqm r_await rareq-sz     w/s     wkB/s   wrqm/s  %wrqm w_await wareq-sz     d/s     dkB/s   drqm/s  %drqm d_await dareq-sz     f/s f_await  aqu-sz  %util
nvme0n1       3376.00 224064.00     0.00   0.00    0.19    66.37   53.00    220.00     2.00   3.64   21.57     4.15    0.00      0.00     0.00   0.00    0.00     0.00    0.00    0.00    1.78  15.50


10/05/2026 09:35:33 PM
Device            r/s     rkB/s   rrqm/s  %rrqm r_await rareq-sz     w/s     wkB/s   wrqm/s  %wrqm w_await wareq-sz     d/s     dkB/s   drqm/s  %drqm d_await dareq-sz     f/s f_await  aqu-sz  %util
nvme0n1       2294.00 143716.00     0.00   0.00    0.20    62.65   51.00    236.00     8.00  13.56    0.14     4.63    0.00      0.00     0.00   0.00    0.00     0.00    0.00    0.00    0.47  11.30


10/05/2026 09:35:34 PM
Device            r/s     rkB/s   rrqm/s  %rrqm r_await rareq-sz     w/s     wkB/s   wrqm/s  %wrqm w_await wareq-sz     d/s     dkB/s   drqm/s  %drqm d_await dareq-sz     f/s f_await  aqu-sz  %util
nvme0n1       3111.00 210096.00     5.00   0.16    0.20    67.53   33.00    128.00     0.00   0.00    0.21     3.88    0.00      0.00     0.00   0.00    0.00     0.00    1.00    1.00    0.62  16.10


10/05/2026 09:35:35 PM
Device            r/s     rkB/s   rrqm/s  %rrqm r_await rareq-sz     w/s     wkB/s   wrqm/s  %wrqm w_await wareq-sz     d/s     dkB/s   drqm/s  %drqm d_await dareq-sz     f/s f_await  aqu-sz  %util
nvme0n1       5222.00 338888.00     3.00   0.06    0.18    64.90    0.00      0.00     0.00   0.00    0.00     0.00    0.00      0.00     0.00   0.00    0.00     0.00    0.00    0.00    0.94  20.80


10/05/2026 09:35:36 PM
Device            r/s     rkB/s   rrqm/s  %rrqm r_await rareq-sz     w/s     wkB/s   wrqm/s  %wrqm w_await wareq-sz     d/s     dkB/s   drqm/s  %drqm d_await dareq-sz     f/s f_await  aqu-sz  %util
nvme0n1       4682.00 313628.00     2.00   0.04    0.26    66.99  105.00  12908.00  3122.00  96.75   16.13   122.93    0.00      0.00     0.00   0.00    0.00     0.00    0.00    0.00    2.93  24.30


10/05/2026 09:35:37 PM
Device            r/s     rkB/s   rrqm/s  %rrqm r_await rareq-sz     w/s     wkB/s   wrqm/s  %wrqm w_await wareq-sz     d/s     dkB/s   drqm/s  %drqm d_await dareq-sz     f/s f_await  aqu-sz  %util
nvme0n1       1889.00 112816.00     0.00   0.00    0.21    59.72    1.00      8.00     1.00  50.00    0.00     8.00    0.00      0.00     0.00   0.00    0.00     0.00    0.00    0.00    0.41  10.20


10/05/2026 09:35:38 PM
Device            r/s     rkB/s   rrqm/s  %rrqm r_await rareq-sz     w/s     wkB/s   wrqm/s  %wrqm w_await wareq-sz     d/s     dkB/s   drqm/s  %drqm d_await dareq-sz     f/s f_await  aqu-sz  %util
nvme0n1       1439.00  86480.00     0.00   0.00    0.24    60.10    1.00      4.00     5.00  83.33    0.00     4.00    0.00      0.00     0.00   0.00    0.00     0.00    0.00    0.00    0.34   9.90


10/05/2026 09:35:39 PM
Device            r/s     rkB/s   rrqm/s  %rrqm r_await rareq-sz     w/s     wkB/s   wrqm/s  %wrqm w_await wareq-sz     d/s     dkB/s   drqm/s  %drqm d_await dareq-sz     f/s f_await  aqu-sz  %util
nvme0n1       2175.00 136572.00     0.00   0.00    0.22    62.79    3.00     28.00     0.00   0.00    1.33     9.33    0.00      0.00     0.00   0.00    0.00     0.00    1.00    3.00    0.49  12.70


10/05/2026 09:35:40 PM
Device            r/s     rkB/s   rrqm/s  %rrqm r_await rareq-sz     w/s     wkB/s   wrqm/s  %wrqm w_await wareq-sz     d/s     dkB/s   drqm/s  %drqm d_await dareq-sz     f/s f_await  aqu-sz  %util
nvme0n1       2332.00  96508.00    61.00   2.55    0.14    41.38    0.00      0.00     0.00   0.00    0.00     0.00    0.00      0.00     0.00   0.00    0.00     0.00    0.00    0.00    0.34  11.00


10/05/2026 09:35:41 PM
Device            r/s     rkB/s   rrqm/s  %rrqm r_await rareq-sz     w/s     wkB/s   wrqm/s  %wrqm w_await wareq-sz     d/s     dkB/s   drqm/s  %drqm d_await dareq-sz     f/s f_await  aqu-sz  %util
nvme0n1       1852.00 116416.00     0.00   0.00    0.23    62.86    0.00      0.00     0.00   0.00    0.00     0.00    0.00      0.00     0.00   0.00    0.00     0.00    0.00    0.00    0.43  11.90


10/05/2026 09:35:42 PM
Device            r/s     rkB/s   rrqm/s  %rrqm r_await rareq-sz     w/s     wkB/s   wrqm/s  %wrqm w_await wareq-sz     d/s     dkB/s   drqm/s  %drqm d_await dareq-sz     f/s f_await  aqu-sz  %util
nvme0n1       1173.00  75208.00     0.00   0.00    0.22    64.12    0.00      0.00     0.00   0.00    0.00     0.00    0.00      0.00     0.00   0.00    0.00     0.00    0.00    0.00    0.25   7.90


10/05/2026 09:35:43 PM
Device            r/s     rkB/s   rrqm/s  %rrqm r_await rareq-sz     w/s     wkB/s   wrqm/s  %wrqm w_await wareq-sz     d/s     dkB/s   drqm/s  %drqm d_await dareq-sz     f/s f_await  aqu-sz  %util
nvme0n1       1118.00  62896.00     6.00   0.53    0.23    56.26    2.00     28.00     5.00  71.43    0.50    14.00    0.00      0.00     0.00   0.00    0.00     0.00    0.00    0.00    0.26   8.10


10/05/2026 09:35:44 PM
Device            r/s     rkB/s   rrqm/s  %rrqm r_await rareq-sz     w/s     wkB/s   wrqm/s  %wrqm w_await wareq-sz     d/s     dkB/s   drqm/s  %drqm d_await dareq-sz     f/s f_await  aqu-sz  %util
nvme0n1       1288.00  69216.00     0.00   0.00    0.23    53.74   10.00     36.00     0.00   0.00    0.20     3.60    0.00      0.00     0.00   0.00    0.00     0.00    1.00    1.00    0.30   9.00


10/05/2026 09:35:45 PM
Device            r/s     rkB/s   rrqm/s  %rrqm r_await rareq-sz     w/s     wkB/s   wrqm/s  %wrqm w_await wareq-sz     d/s     dkB/s   drqm/s  %drqm d_await dareq-sz     f/s f_await  aqu-sz  %util
nvme0n1       2442.00 156324.00     0.00   0.00    0.21    64.01   32.00    136.00     0.00   0.00    0.12     4.25    0.00      0.00     0.00   0.00    0.00     0.00    0.00    0.00    0.51  12.00


10/05/2026 09:35:46 PM
Device            r/s     rkB/s   rrqm/s  %rrqm r_await rareq-sz     w/s     wkB/s   wrqm/s  %wrqm w_await wareq-sz     d/s     dkB/s   drqm/s  %drqm d_await dareq-sz     f/s f_await  aqu-sz  %util
nvme0n1       1709.00 105260.00     0.00   0.00    0.19    61.59   15.00    108.00    12.00  44.44   27.20     7.20    0.00      0.00     0.00   0.00    0.00     0.00    0.00    0.00    0.73   9.60


10/05/2026 09:35:47 PM
Device            r/s     rkB/s   rrqm/s  %rrqm r_await rareq-sz     w/s     wkB/s   wrqm/s  %wrqm w_await wareq-sz     d/s     dkB/s   drqm/s  %drqm d_await dareq-sz     f/s f_await  aqu-sz  %util
nvme0n1       1422.00  83044.00     0.00   0.00    0.21    58.40    0.00      0.00     0.00   0.00    0.00     0.00    0.00      0.00     0.00   0.00    0.00     0.00    0.00    0.00    0.30   7.70


10/05/2026 09:35:48 PM
Device            r/s     rkB/s   rrqm/s  %rrqm r_await rareq-sz     w/s     wkB/s   wrqm/s  %wrqm w_await wareq-sz     d/s     dkB/s   drqm/s  %drqm d_await dareq-sz     f/s f_await  aqu-sz  %util
nvme0n1       3692.00 167032.00   452.00  10.91    0.16    45.24    1.00     36.00     8.00  88.89    0.00    36.00    0.00      0.00     0.00   0.00    0.00     0.00    0.00    0.00    0.61  36.10


10/05/2026 09:35:49 PM
Device            r/s     rkB/s   rrqm/s  %rrqm r_await rareq-sz     w/s     wkB/s   wrqm/s  %wrqm w_await wareq-sz     d/s     dkB/s   drqm/s  %drqm d_await dareq-sz     f/s f_await  aqu-sz  %util
nvme0n1       6494.00  25976.00     0.00   0.00    0.14     4.00    3.00     12.00     1.00  25.00    1.67     4.00    0.00      0.00     0.00   0.00    0.00     0.00    1.00    1.00    0.94  93.40


10/05/2026 09:35:50 PM
Device            r/s     rkB/s   rrqm/s  %rrqm r_await rareq-sz     w/s     wkB/s   wrqm/s  %wrqm w_await wareq-sz     d/s     dkB/s   drqm/s  %drqm d_await dareq-sz     f/s f_await  aqu-sz  %util
nvme0n1       4260.00 316592.00   611.00  12.54    0.17    74.32    1.00      4.00     0.00   0.00    0.00     4.00    0.00      0.00     0.00   0.00    0.00     0.00    0.00    0.00    0.74  36.80


10/05/2026 09:35:51 PM
Device            r/s     rkB/s   rrqm/s  %rrqm r_await rareq-sz     w/s     wkB/s   wrqm/s  %wrqm w_await wareq-sz     d/s     dkB/s   drqm/s  %drqm d_await dareq-sz     f/s f_await  aqu-sz  %util
nvme0n1       3714.00 447568.00    11.00   0.30    0.23   120.51    0.00      0.00     0.00   0.00    0.00     0.00    0.00      0.00     0.00   0.00    0.00     0.00    0.00    0.00    0.85  30.70


10/05/2026 09:35:52 PM
Device            r/s     rkB/s   rrqm/s  %rrqm r_await rareq-sz     w/s     wkB/s   wrqm/s  %wrqm w_await wareq-sz     d/s     dkB/s   drqm/s  %drqm d_await dareq-sz     f/s f_await  aqu-sz  %util
nvme0n1       6018.00 754472.00     0.00   0.00    0.23   125.37    0.00      0.00     0.00   0.00    0.00     0.00    0.00      0.00     0.00   0.00    0.00     0.00    0.00    0.00    1.38  43.00


10/05/2026 09:35:53 PM
Device            r/s     rkB/s   rrqm/s  %rrqm r_await rareq-sz     w/s     wkB/s   wrqm/s  %wrqm w_await wareq-sz     d/s     dkB/s   drqm/s  %drqm d_await dareq-sz     f/s f_await  aqu-sz  %util
nvme0n1       5944.00 742572.00     0.00   0.00    0.22   124.93   91.00    484.00     2.00   2.15    0.04     5.32    0.00      0.00     0.00   0.00    0.00     0.00    0.00    0.00    1.33  45.30


10/05/2026 09:35:54 PM
Device            r/s     rkB/s   rrqm/s  %rrqm r_await rareq-sz     w/s     wkB/s   wrqm/s  %wrqm w_await wareq-sz     d/s     dkB/s   drqm/s  %drqm d_await dareq-sz     f/s f_await  aqu-sz  %util
nvme0n1       5421.00 672804.00     0.00   0.00    0.22   124.11    6.00     56.00     9.00  60.00    0.50     9.33    0.00      0.00     0.00   0.00    0.00     0.00    1.00    1.00    1.20  41.60


10/05/2026 09:35:55 PM
Device            r/s     rkB/s   rrqm/s  %rrqm r_await rareq-sz     w/s     wkB/s   wrqm/s  %wrqm w_await wareq-sz     d/s     dkB/s   drqm/s  %drqm d_await dareq-sz     f/s f_await  aqu-sz  %util
nvme0n1       6593.00 829184.00     0.00   0.00    0.21   125.77    3.00     16.00     1.00  25.00   20.67     5.33    0.00      0.00     0.00   0.00    0.00     0.00    0.00    0.00    1.48  47.20


10/05/2026 09:35:56 PM
Device            r/s     rkB/s   rrqm/s  %rrqm r_await rareq-sz     w/s     wkB/s   wrqm/s  %wrqm w_await wareq-sz     d/s     dkB/s   drqm/s  %drqm d_await dareq-sz     f/s f_await  aqu-sz  %util
nvme0n1       4865.00 604960.00     0.00   0.00    0.23   124.35    3.00     12.00     0.00   0.00   19.67     4.00    0.00      0.00     0.00   0.00    0.00     0.00    0.00    0.00    1.20  41.50


10/05/2026 09:35:57 PM
Device            r/s     rkB/s   rrqm/s  %rrqm r_await rareq-sz     w/s     wkB/s   wrqm/s  %wrqm w_await wareq-sz     d/s     dkB/s   drqm/s  %drqm d_await dareq-sz     f/s f_await  aqu-sz  %util
nvme0n1       3854.00 365308.00     0.00   0.00    0.21    94.79    0.00      0.00     0.00   0.00    0.00     0.00    0.00      0.00     0.00   0.00    0.00     0.00    0.00    0.00    0.80  39.20


10/05/2026 09:35:58 PM
Device            r/s     rkB/s   rrqm/s  %rrqm r_await rareq-sz     w/s     wkB/s   wrqm/s  %wrqm w_await wareq-sz     d/s     dkB/s   drqm/s  %drqm d_await dareq-sz     f/s f_await  aqu-sz  %util
nvme0n1       6496.00  25984.00     0.00   0.00    0.14     4.00    0.00      0.00     0.00   0.00    0.00     0.00    0.00      0.00     0.00   0.00    0.00     0.00    0.00    0.00    0.93  93.10


10/05/2026 09:35:59 PM
Device            r/s     rkB/s   rrqm/s  %rrqm r_await rareq-sz     w/s     wkB/s   wrqm/s  %wrqm w_await wareq-sz     d/s     dkB/s   drqm/s  %drqm d_await dareq-sz     f/s f_await  aqu-sz  %util
nvme0n1       3063.00 259256.00     3.00   0.10    0.21    84.64    5.00     20.00     4.00  44.44    0.20     4.00    0.00      0.00     0.00   0.00    0.00     0.00    0.00    0.00    0.64  34.00


10/05/2026 09:36:00 PM
Device            r/s     rkB/s   rrqm/s  %rrqm r_await rareq-sz     w/s     wkB/s   wrqm/s  %wrqm w_await wareq-sz     d/s     dkB/s   drqm/s  %drqm d_await dareq-sz     f/s f_await  aqu-sz  %util
nvme0n1       3339.00 413236.00     0.00   0.00    0.23   123.76    3.00     24.00     0.00   0.00    0.33     8.00    0.00      0.00     0.00   0.00    0.00     0.00    1.00    1.00    0.78  27.80


10/05/2026 09:36:01 PM
Device            r/s     rkB/s   rrqm/s  %rrqm r_await rareq-sz     w/s     wkB/s   wrqm/s  %wrqm w_await wareq-sz     d/s     dkB/s   drqm/s  %drqm d_await dareq-sz     f/s f_await  aqu-sz  %util
nvme0n1       3641.00 451080.00     0.00   0.00    0.24   123.89    1.00      4.00     0.00   0.00    0.00     4.00    0.00      0.00     0.00   0.00    0.00     0.00    0.00    0.00    0.87  31.60


10/05/2026 09:36:02 PM
Device            r/s     rkB/s   rrqm/s  %rrqm r_await rareq-sz     w/s     wkB/s   wrqm/s  %wrqm w_await wareq-sz     d/s     dkB/s   drqm/s  %drqm d_await dareq-sz     f/s f_await  aqu-sz  %util
nvme0n1       3860.00 480792.00     0.00   0.00    0.24   124.56    1.00      4.00     0.00   0.00    0.00     4.00    0.00      0.00     0.00   0.00    0.00     0.00    0.00    0.00    0.91  30.50


10/05/2026 09:36:03 PM
Device            r/s     rkB/s   rrqm/s  %rrqm r_await rareq-sz     w/s     wkB/s   wrqm/s  %wrqm w_await wareq-sz     d/s     dkB/s   drqm/s  %drqm d_await dareq-sz     f/s f_await  aqu-sz  %util
nvme0n1       2450.00 305600.00     0.00   0.00    0.24   124.73    0.00      0.00     0.00   0.00    0.00     0.00    0.00      0.00     0.00   0.00    0.00     0.00    0.00    0.00    0.58  22.10


10/05/2026 09:36:04 PM
Device            r/s     rkB/s   rrqm/s  %rrqm r_await rareq-sz     w/s     wkB/s   wrqm/s  %wrqm w_await wareq-sz     d/s     dkB/s   drqm/s  %drqm d_await dareq-sz     f/s f_await  aqu-sz  %util
nvme0n1       6530.00  73116.00     0.00   0.00    0.15    11.20    1.00     12.00     2.00  66.67    0.00    12.00    0.00      0.00     0.00   0.00    0.00     0.00    0.00    0.00    0.97  93.20


10/05/2026 09:36:05 PM
Device            r/s     rkB/s   rrqm/s  %rrqm r_await rareq-sz     w/s     wkB/s   wrqm/s  %wrqm w_await wareq-sz     d/s     dkB/s   drqm/s  %drqm d_await dareq-sz     f/s f_await  aqu-sz  %util
nvme0n1       3284.00 131240.00     4.00   0.12    0.18    39.96   27.00   2736.00   658.00  96.06    2.78   101.33    0.00      0.00     0.00   0.00    0.00     0.00    1.00    1.00    0.68  45.30


10/05/2026 09:36:06 PM
Device            r/s     rkB/s   rrqm/s  %rrqm r_await rareq-sz     w/s     wkB/s   wrqm/s  %wrqm w_await wareq-sz     d/s     dkB/s   drqm/s  %drqm d_await dareq-sz     f/s f_await  aqu-sz  %util
nvme0n1       2429.00 299532.00     0.00   0.00    0.25   123.31    0.00      0.00     0.00   0.00    0.00     0.00    0.00      0.00     0.00   0.00    0.00     0.00    0.00    0.00    0.61  23.50


10/05/2026 09:36:07 PM
Device            r/s     rkB/s   rrqm/s  %rrqm r_await rareq-sz     w/s     wkB/s   wrqm/s  %wrqm w_await wareq-sz     d/s     dkB/s   drqm/s  %drqm d_await dareq-sz     f/s f_await  aqu-sz  %util
nvme0n1       3060.00 378760.00     0.00   0.00    0.24   123.78    1.00      8.00     1.00  50.00    0.00     8.00    0.00      0.00     0.00   0.00    0.00     0.00    0.00    0.00    0.73  26.50


10/05/2026 09:36:08 PM
Device            r/s     rkB/s   rrqm/s  %rrqm r_await rareq-sz     w/s     wkB/s   wrqm/s  %wrqm w_await wareq-sz     d/s     dkB/s   drqm/s  %drqm d_await dareq-sz     f/s f_await  aqu-sz  %util
nvme0n1       3183.00 399132.00     0.00   0.00    0.24   125.39    1.00      4.00     0.00   0.00    0.00     4.00    0.00      0.00     0.00   0.00    0.00     0.00    0.00    0.00    0.78  27.30


10/05/2026 09:36:09 PM
Device            r/s     rkB/s   rrqm/s  %rrqm r_await rareq-sz     w/s     wkB/s   wrqm/s  %wrqm w_await wareq-sz     d/s     dkB/s   drqm/s  %drqm d_await dareq-sz     f/s f_await  aqu-sz  %util
nvme0n1       3317.00 214964.00     0.00   0.00    0.20    64.81    0.00      0.00     0.00   0.00    0.00     0.00    0.00      0.00     0.00   0.00    0.00     0.00    0.00    0.00    0.66  40.60


10/05/2026 09:36:10 PM
Device            r/s     rkB/s   rrqm/s  %rrqm r_await rareq-sz     w/s     wkB/s   wrqm/s  %wrqm w_await wareq-sz     d/s     dkB/s   drqm/s  %drqm d_await dareq-sz     f/s f_await  aqu-sz  %util
nvme0n1       6698.00  35364.00     5.00   0.07    0.15     5.28    3.00     24.00     4.00  57.14    2.00     8.00    0.00      0.00     0.00   0.00    0.00     0.00    1.00    1.00    0.98  92.60


10/05/2026 09:36:11 PM
Device            r/s     rkB/s   rrqm/s  %rrqm r_await rareq-sz     w/s     wkB/s   wrqm/s  %wrqm w_await wareq-sz     d/s     dkB/s   drqm/s  %drqm d_await dareq-sz     f/s f_await  aqu-sz  %util
nvme0n1       1462.00 141744.00     3.00   0.20    0.25    96.95    0.00      0.00     0.00   0.00    0.00     0.00    0.00      0.00     0.00   0.00    0.00     0.00    0.00    0.00    0.36  17.80


10/05/2026 09:36:12 PM
Device            r/s     rkB/s   rrqm/s  %rrqm r_await rareq-sz     w/s     wkB/s   wrqm/s  %wrqm w_await wareq-sz     d/s     dkB/s   drqm/s  %drqm d_await dareq-sz     f/s f_await  aqu-sz  %util
nvme0n1       2748.00 341184.00     0.00   0.00    0.25   124.16    0.00      0.00     0.00   0.00    0.00     0.00    0.00      0.00     0.00   0.00    0.00     0.00    0.00    0.00    0.69  25.20


10/05/2026 09:36:13 PM
Device            r/s     rkB/s   rrqm/s  %rrqm r_await rareq-sz     w/s     wkB/s   wrqm/s  %wrqm w_await wareq-sz     d/s     dkB/s   drqm/s  %drqm d_await dareq-sz     f/s f_await  aqu-sz  %util
nvme0n1       1991.00 247236.00     0.00   0.00    0.26   124.18    1.00      4.00     0.00   0.00    0.00     4.00    0.00      0.00     0.00   0.00    0.00     0.00    0.00    0.00    0.53  20.30


10/05/2026 09:36:14 PM
Device            r/s     rkB/s   rrqm/s  %rrqm r_await rareq-sz     w/s     wkB/s   wrqm/s  %wrqm w_await wareq-sz     d/s     dkB/s   drqm/s  %drqm d_await dareq-sz     f/s f_await  aqu-sz  %util
nvme0n1       1847.00 230500.00     0.00   0.00    0.25   124.80    1.00      4.00     0.00   0.00    0.00     4.00    0.00      0.00     0.00   0.00    0.00     0.00    0.00    0.00    0.47  17.80


10/05/2026 09:36:15 PM
Device            r/s     rkB/s   rrqm/s  %rrqm r_await rareq-sz     w/s     wkB/s   wrqm/s  %wrqm w_await wareq-sz     d/s     dkB/s   drqm/s  %drqm d_await dareq-sz     f/s f_await  aqu-sz  %util
nvme0n1       6006.00  56948.00     0.00   0.00    0.15     9.48    3.00     32.00     5.00  62.50    0.00    10.67    0.00      0.00     0.00   0.00    0.00     0.00    0.00    0.00    0.90  86.60


10/05/2026 09:36:16 PM
Device            r/s     rkB/s   rrqm/s  %rrqm r_await rareq-sz     w/s     wkB/s   wrqm/s  %wrqm w_await wareq-sz     d/s     dkB/s   drqm/s  %drqm d_await dareq-sz     f/s f_await  aqu-sz  %util
nvme0n1       3397.00  96072.00     1.00   0.03    0.17    28.28   33.00    140.00     2.00   5.71    0.88     4.24    0.00      0.00     0.00   0.00    0.00     0.00    1.00    0.00    0.62  47.50


10/05/2026 09:36:17 PM
Device            r/s     rkB/s   rrqm/s  %rrqm r_await rareq-sz     w/s     wkB/s   wrqm/s  %wrqm w_await wareq-sz     d/s     dkB/s   drqm/s  %drqm d_await dareq-sz     f/s f_await  aqu-sz  %util
nvme0n1       1370.00 169060.00     1.00   0.07    0.28   123.40    0.00      0.00     0.00   0.00    0.00     0.00    0.00      0.00     0.00   0.00    0.00     0.00    0.00    0.00    0.38  16.20


10/05/2026 09:36:18 PM
Device            r/s     rkB/s   rrqm/s  %rrqm r_await rareq-sz     w/s     wkB/s   wrqm/s  %wrqm w_await wareq-sz     d/s     dkB/s   drqm/s  %drqm d_await dareq-sz     f/s f_await  aqu-sz  %util
nvme0n1       2779.00 250480.00     1.00   0.04    0.18    90.13    1.00      4.00     0.00   0.00    0.00     4.00    0.00      0.00     0.00   0.00    0.00     0.00    0.00    0.00    0.49  20.50


10/05/2026 09:36:19 PM
Device            r/s     rkB/s   rrqm/s  %rrqm r_await rareq-sz     w/s     wkB/s   wrqm/s  %wrqm w_await wareq-sz     d/s     dkB/s   drqm/s  %drqm d_await dareq-sz     f/s f_await  aqu-sz  %util
nvme0n1       2132.00 266300.00     0.00   0.00    0.26   124.91    1.00      8.00     1.00  50.00    0.00     8.00    0.00      0.00     0.00   0.00    0.00     0.00    0.00    0.00    0.55  20.20


10/05/2026 09:36:20 PM
Device            r/s     rkB/s   rrqm/s  %rrqm r_await rareq-sz     w/s     wkB/s   wrqm/s  %wrqm w_await wareq-sz     d/s     dkB/s   drqm/s  %drqm d_await dareq-sz     f/s f_await  aqu-sz  %util
nvme0n1       4654.00  88832.00     0.00   0.00    0.16    19.09    1.00     72.00    16.00  94.12    1.00    72.00    0.00      0.00     0.00   0.00    0.00     0.00    0.00    0.00    0.76  63.40


10/05/2026 09:36:21 PM
Device            r/s     rkB/s   rrqm/s  %rrqm r_await rareq-sz     w/s     wkB/s   wrqm/s  %wrqm w_await wareq-sz     d/s     dkB/s   drqm/s  %drqm d_await dareq-sz     f/s f_await  aqu-sz  %util
nvme0n1       4611.00  44840.00    42.00   0.90    0.15     9.72   18.00     64.00     0.00   0.00    0.17     3.56    0.00      0.00     0.00   0.00    0.00     0.00    1.00    1.00    0.70  65.80


10/05/2026 09:36:22 PM
Device            r/s     rkB/s   rrqm/s  %rrqm r_await rareq-sz     w/s     wkB/s   wrqm/s  %wrqm w_await wareq-sz     d/s     dkB/s   drqm/s  %drqm d_await dareq-sz     f/s f_await  aqu-sz  %util
nvme0n1       1223.00 148840.00     0.00   0.00    0.29   121.70    0.00      0.00     0.00   0.00    0.00     0.00    0.00      0.00     0.00   0.00    0.00     0.00    0.00    0.00    0.35  15.00


10/05/2026 09:36:23 PM
Device            r/s     rkB/s   rrqm/s  %rrqm r_await rareq-sz     w/s     wkB/s   wrqm/s  %wrqm w_await wareq-sz     d/s     dkB/s   drqm/s  %drqm d_await dareq-sz     f/s f_await  aqu-sz  %util
nvme0n1       1394.00 170448.00     0.00   0.00    0.28   122.27   97.00    500.00     1.00   1.02    0.05     5.15    0.00      0.00     0.00   0.00    0.00     0.00    0.00    0.00    0.39  16.20


10/05/2026 09:36:24 PM
Device            r/s     rkB/s   rrqm/s  %rrqm r_await rareq-sz     w/s     wkB/s   wrqm/s  %wrqm w_await wareq-sz     d/s     dkB/s   drqm/s  %drqm d_await dareq-sz     f/s f_await  aqu-sz  %util
nvme0n1       2210.00 277204.00     0.00   0.00    0.24   125.43    0.00      0.00     0.00   0.00    0.00     0.00    0.00      0.00     0.00   0.00    0.00     0.00    0.00    0.00    0.53  22.60


10/05/2026 09:36:25 PM
Device            r/s     rkB/s   rrqm/s  %rrqm r_await rareq-sz     w/s     wkB/s   wrqm/s  %wrqm w_await wareq-sz     d/s     dkB/s   drqm/s  %drqm d_await dareq-sz     f/s f_await  aqu-sz  %util
nvme0n1       3121.00 133668.00     4.00   0.13    0.19    42.83   37.00    176.00     7.00  15.91    2.62     4.76    0.00      0.00     0.00   0.00    0.00     0.00    0.00    0.00    0.68  42.40


10/05/2026 09:36:26 PM
Device            r/s     rkB/s   rrqm/s  %rrqm r_await rareq-sz     w/s     wkB/s   wrqm/s  %wrqm w_await wareq-sz     d/s     dkB/s   drqm/s  %drqm d_await dareq-sz     f/s f_await  aqu-sz  %util
nvme0n1       6093.00  24372.00     0.00   0.00    0.14     4.00   83.00    336.00     2.00   2.35    6.01     4.05    0.00      0.00     0.00   0.00    0.00     0.00    1.00    1.00    1.36  85.40


10/05/2026 09:36:27 PM
Device            r/s     rkB/s   rrqm/s  %rrqm r_await rareq-sz     w/s     wkB/s   wrqm/s  %wrqm w_await wareq-sz     d/s     dkB/s   drqm/s  %drqm d_await dareq-sz     f/s f_await  aqu-sz  %util
nvme0n1        536.00  41840.00     0.00   0.00    0.30    78.06    0.00      0.00     0.00   0.00    0.00     0.00    0.00      0.00     0.00   0.00    0.00     0.00    0.00    0.00    0.16  10.80


10/05/2026 09:36:28 PM
Device            r/s     rkB/s   rrqm/s  %rrqm r_await rareq-sz     w/s     wkB/s   wrqm/s  %wrqm w_await wareq-sz     d/s     dkB/s   drqm/s  %drqm d_await dareq-sz     f/s f_await  aqu-sz  %util
nvme0n1       1390.00 169636.00     0.00   0.00    0.28   122.04    0.00      0.00     0.00   0.00    0.00     0.00    0.00      0.00     0.00   0.00    0.00     0.00    0.00    0.00    0.39  15.70


10/05/2026 09:36:29 PM
Device            r/s     rkB/s   rrqm/s  %rrqm r_await rareq-sz     w/s     wkB/s   wrqm/s  %wrqm w_await wareq-sz     d/s     dkB/s   drqm/s  %drqm d_await dareq-sz     f/s f_await  aqu-sz  %util
nvme0n1       1125.00 139492.00     0.00   0.00    0.30   123.99   47.00    188.00     0.00   0.00    9.60     4.00    0.00      0.00     0.00   0.00    0.00     0.00    0.00    0.00    0.79  15.10


10/05/2026 09:36:30 PM
Device            r/s     rkB/s   rrqm/s  %rrqm r_await rareq-sz     w/s     wkB/s   wrqm/s  %wrqm w_await wareq-sz     d/s     dkB/s   drqm/s  %drqm d_await dareq-sz     f/s f_await  aqu-sz  %util
nvme0n1       2182.00 266568.00     0.00   0.00    0.25   122.17    0.00     12.00     2.00 100.00    0.00     0.00    0.00      0.00     0.00   0.00    0.00     0.00    0.00    0.00    0.56  21.30


10/05/2026 09:36:31 PM
Device            r/s     rkB/s   rrqm/s  %rrqm r_await rareq-sz     w/s     wkB/s   wrqm/s  %wrqm w_await wareq-sz     d/s     dkB/s   drqm/s  %drqm d_await dareq-sz     f/s f_await  aqu-sz  %util
nvme0n1       6431.00  28196.00     0.00   0.00    0.15     4.38    9.00     28.00     0.00   0.00    0.33     3.11    0.00      0.00     0.00   0.00    0.00     0.00    1.00    1.00    0.94  93.30


10/05/2026 09:36:32 PM
Device            r/s     rkB/s   rrqm/s  %rrqm r_await rareq-sz     w/s     wkB/s   wrqm/s  %wrqm w_await wareq-sz     d/s     dkB/s   drqm/s  %drqm d_await dareq-sz     f/s f_await  aqu-sz  %util
nvme0n1       2172.00  42244.00     0.00   0.00    0.17    19.45    2.00      8.00     0.00   0.00    0.50     4.00    0.00      0.00     0.00   0.00    0.00     0.00    0.00    0.00    0.37  31.50


10/05/2026 09:36:33 PM
Device            r/s     rkB/s   rrqm/s  %rrqm r_await rareq-sz     w/s     wkB/s   wrqm/s  %wrqm w_await wareq-sz     d/s     dkB/s   drqm/s  %drqm d_await dareq-sz     f/s f_await  aqu-sz  %util
nvme0n1       1297.00 159668.00     0.00   0.00    0.27   123.11    0.00      0.00     0.00   0.00    0.00     0.00    0.00      0.00     0.00   0.00    0.00     0.00    0.00    0.00    0.36  14.50


10/05/2026 09:36:34 PM
Device            r/s     rkB/s   rrqm/s  %rrqm r_await rareq-sz     w/s     wkB/s   wrqm/s  %wrqm w_await wareq-sz     d/s     dkB/s   drqm/s  %drqm d_await dareq-sz     f/s f_await  aqu-sz  %util
nvme0n1       1016.00 125484.00     0.00   0.00    0.32   123.51   10.00     44.00     1.00   9.09   27.40     4.40    0.00      0.00     0.00   0.00    0.00     0.00    0.00    0.00    0.60  14.30


10/05/2026 09:36:35 PM
Device            r/s     rkB/s   rrqm/s  %rrqm r_await rareq-sz     w/s     wkB/s   wrqm/s  %wrqm w_await wareq-sz     d/s     dkB/s   drqm/s  %drqm d_await dareq-sz     f/s f_await  aqu-sz  %util
nvme0n1       1031.68 126015.84     0.00   0.00    0.29   122.15  100.99    423.76     9.90   8.93    1.96     4.20    0.00      0.00     0.00   0.00    0.00     0.00    0.00    0.00    0.50  15.84


10/05/2026 09:36:36 PM
Device            r/s     rkB/s   rrqm/s  %rrqm r_await rareq-sz     w/s     wkB/s   wrqm/s  %wrqm w_await wareq-sz     d/s     dkB/s   drqm/s  %drqm d_await dareq-sz     f/s f_await  aqu-sz  %util
nvme0n1        459.00  13520.00   132.00  22.34    0.20    29.46   99.00    424.00     3.00   2.94    0.25     4.28    0.00      0.00     0.00   0.00    0.00     0.00    1.00    2.00    0.12   6.20


10/05/2026 09:36:37 PM
Device            r/s     rkB/s   rrqm/s  %rrqm r_await rareq-sz     w/s     wkB/s   wrqm/s  %wrqm w_await wareq-sz     d/s     dkB/s   drqm/s  %drqm d_await dareq-sz     f/s f_await  aqu-sz  %util
nvme0n1        508.00  22704.00     0.00   0.00    0.21    44.69    2.00      8.00     0.00   0.00    0.00     4.00    0.00      0.00     0.00   0.00    0.00     0.00    0.00    0.00    0.11   4.60


10/05/2026 09:36:38 PM
Device            r/s     rkB/s   rrqm/s  %rrqm r_await rareq-sz     w/s     wkB/s   wrqm/s  %wrqm w_await wareq-sz     d/s     dkB/s   drqm/s  %drqm d_await dareq-sz     f/s f_await  aqu-sz  %util
nvme0n1        347.00   9552.00     0.00   0.00    0.23    27.53    3.00     12.00     0.00   0.00    0.67     4.00    0.00      0.00     0.00   0.00    0.00     0.00    0.00    0.00    0.08   4.50


10/05/2026 09:36:39 PM
Device            r/s     rkB/s   rrqm/s  %rrqm r_await rareq-sz     w/s     wkB/s   wrqm/s  %wrqm w_await wareq-sz     d/s     dkB/s   drqm/s  %drqm d_await dareq-sz     f/s f_await  aqu-sz  %util
nvme0n1        525.00  20648.00     0.00   0.00    0.20    39.33    1.00      4.00     0.00   0.00    1.00     4.00    0.00      0.00     0.00   0.00    0.00     0.00    0.00    0.00    0.10   4.30


10/05/2026 09:36:40 PM
Device            r/s     rkB/s   rrqm/s  %rrqm r_await rareq-sz     w/s     wkB/s   wrqm/s  %wrqm w_await wareq-sz     d/s     dkB/s   drqm/s  %drqm d_await dareq-sz     f/s f_await  aqu-sz  %util
nvme0n1       2836.00  21200.00   117.00   3.96    0.08     7.48    1.00     20.00     4.00  80.00    0.00    20.00    0.00      0.00     0.00   0.00    0.00     0.00    0.00    0.00    0.24  16.80


10/05/2026 09:36:41 PM
Device            r/s     rkB/s   rrqm/s  %rrqm r_await rareq-sz     w/s     wkB/s   wrqm/s  %wrqm w_await wareq-sz     d/s     dkB/s   drqm/s  %drqm d_await dareq-sz     f/s f_await  aqu-sz  %util
nvme0n1       5156.00  34580.00   236.00   4.38    0.08     6.71    9.00     36.00     1.00  10.00    1.00     4.00    0.00      0.00     0.00   0.00    0.00     0.00    1.00    1.00    0.40  24.60


10/05/2026 09:36:42 PM
Device            r/s     rkB/s   rrqm/s  %rrqm r_await rareq-sz     w/s     wkB/s   wrqm/s  %wrqm w_await wareq-sz     d/s     dkB/s   drqm/s  %drqm d_await dareq-sz     f/s f_await  aqu-sz  %util
nvme0n1        417.00  14076.00     0.00   0.00    0.21    33.76    0.00      0.00     0.00   0.00    0.00     0.00    0.00      0.00     0.00   0.00    0.00     0.00    0.00    0.00    0.09   4.30


10/05/2026 09:36:43 PM
Device            r/s     rkB/s   rrqm/s  %rrqm r_await rareq-sz     w/s     wkB/s   wrqm/s  %wrqm w_await wareq-sz     d/s     dkB/s   drqm/s  %drqm d_await dareq-sz     f/s f_await  aqu-sz  %util
nvme0n1        286.00   6952.00    30.00   9.49    0.23    24.31    1.00      8.00     1.00  50.00    1.00     8.00    0.00      0.00     0.00   0.00    0.00     0.00    0.00    0.00    0.07   4.20


10/05/2026 09:36:44 PM
Device            r/s     rkB/s   rrqm/s  %rrqm r_await rareq-sz     w/s     wkB/s   wrqm/s  %wrqm w_await wareq-sz     d/s     dkB/s   drqm/s  %drqm d_await dareq-sz     f/s f_await  aqu-sz  %util
nvme0n1        667.00  31100.00     0.00   0.00    0.21    46.63    0.00      0.00     0.00   0.00    0.00     0.00    0.00      0.00     0.00   0.00    0.00     0.00    0.00    0.00    0.14   5.50


10/05/2026 09:36:45 PM
Device            r/s     rkB/s   rrqm/s  %rrqm r_await rareq-sz     w/s     wkB/s   wrqm/s  %wrqm w_await wareq-sz     d/s     dkB/s   drqm/s  %drqm d_await dareq-sz     f/s f_await  aqu-sz  %util
nvme0n1        232.00   4564.00     0.00   0.00    0.20    19.67    1.00      4.00     8.00  88.89    1.00     4.00    0.00      0.00     0.00   0.00    0.00     0.00    0.00    0.00    0.05   3.90


10/05/2026 09:36:46 PM
Device            r/s     rkB/s   rrqm/s  %rrqm r_await rareq-sz     w/s     wkB/s   wrqm/s  %wrqm w_await wareq-sz     d/s     dkB/s   drqm/s  %drqm d_await dareq-sz     f/s f_await  aqu-sz  %util
nvme0n1        488.00  21092.00     0.00   0.00    0.24    43.22   34.00    172.00     1.00   2.86    0.21     5.06    0.00      0.00     0.00   0.00    0.00     0.00    1.00    2.00    0.12   4.50


10/05/2026 09:36:47 PM
Device            r/s     rkB/s   rrqm/s  %rrqm r_await rareq-sz     w/s     wkB/s   wrqm/s  %wrqm w_await wareq-sz     d/s     dkB/s   drqm/s  %drqm d_await dareq-sz     f/s f_await  aqu-sz  %util
nvme0n1        303.00   9020.00     0.00   0.00    0.25    29.77    0.00      0.00     0.00   0.00    0.00     0.00    0.00      0.00     0.00   0.00    0.00     0.00    0.00    0.00    0.08   3.90


10/05/2026 09:36:48 PM
Device            r/s     rkB/s   rrqm/s  %rrqm r_await rareq-sz     w/s     wkB/s   wrqm/s  %wrqm w_await wareq-sz     d/s     dkB/s   drqm/s  %drqm d_await dareq-sz     f/s f_await  aqu-sz  %util
nvme0n1        897.00  46512.00     0.00   0.00    0.21    51.85    0.00      0.00     0.00   0.00    0.00     0.00    0.00      0.00     0.00   0.00    0.00     0.00    0.00    0.00    0.19   6.00


10/05/2026 09:36:49 PM
Device            r/s     rkB/s   rrqm/s  %rrqm r_await rareq-sz     w/s     wkB/s   wrqm/s  %wrqm w_await wareq-sz     d/s     dkB/s   drqm/s  %drqm d_await dareq-sz     f/s f_await  aqu-sz  %util
nvme0n1        441.00  13608.00     0.00   0.00    0.19    30.86    1.00      4.00     0.00   0.00    1.00     4.00    0.00      0.00     0.00   0.00    0.00     0.00    0.00    0.00    0.08   5.20


10/05/2026 09:36:50 PM
Device            r/s     rkB/s   rrqm/s  %rrqm r_await rareq-sz     w/s     wkB/s   wrqm/s  %wrqm w_await wareq-sz     d/s     dkB/s   drqm/s  %drqm d_await dareq-sz     f/s f_await  aqu-sz  %util
nvme0n1        577.00  22836.00     0.00   0.00    0.20    39.58    0.00      0.00     8.00 100.00    0.00     0.00    0.00      0.00     0.00   0.00    0.00     0.00    0.00    0.00    0.11   5.60


10/05/2026 09:36:51 PM
Device            r/s     rkB/s   rrqm/s  %rrqm r_await rareq-sz     w/s     wkB/s   wrqm/s  %wrqm w_await wareq-sz     d/s     dkB/s   drqm/s  %drqm d_await dareq-sz     f/s f_await  aqu-sz  %util
nvme0n1        223.00   2560.00     0.00   0.00    0.18    11.48   14.00     84.00     0.00   0.00    0.86     6.00    0.00      0.00     0.00   0.00    0.00     0.00    1.00    2.00    0.05   3.70


10/05/2026 09:36:52 PM
Device            r/s     rkB/s   rrqm/s  %rrqm r_await rareq-sz     w/s     wkB/s   wrqm/s  %wrqm w_await wareq-sz     d/s     dkB/s   drqm/s  %drqm d_await dareq-sz     f/s f_await  aqu-sz  %util
nvme0n1        506.00  23624.00     0.00   0.00    0.23    46.69    0.00      0.00     0.00   0.00    0.00     0.00    0.00      0.00     0.00   0.00    0.00     0.00    0.00    0.00    0.11   5.40


10/05/2026 09:36:53 PM
Device            r/s     rkB/s   rrqm/s  %rrqm r_await rareq-sz     w/s     wkB/s   wrqm/s  %wrqm w_await wareq-sz     d/s     dkB/s   drqm/s  %drqm d_await dareq-sz     f/s f_await  aqu-sz  %util
nvme0n1        386.00  15916.00     0.00   0.00    0.23    41.23    0.00      0.00     0.00   0.00    0.00     0.00    0.00      0.00     0.00   0.00    0.00     0.00    0.00    0.00    0.09   5.10


10/05/2026 09:36:54 PM
Device            r/s     rkB/s   rrqm/s  %rrqm r_await rareq-sz     w/s     wkB/s   wrqm/s  %wrqm w_await wareq-sz     d/s     dkB/s   drqm/s  %drqm d_await dareq-sz     f/s f_await  aqu-sz  %util
nvme0n1        530.00  23708.00     0.00   0.00    0.22    44.73   93.00    492.00     1.00   1.06    0.03     5.29    0.00      0.00     0.00   0.00    0.00     0.00    0.00    0.00    0.12   4.50


10/05/2026 09:36:55 PM
Device            r/s     rkB/s   rrqm/s  %rrqm r_await rareq-sz     w/s     wkB/s   wrqm/s  %wrqm w_await wareq-sz     d/s     dkB/s   drqm/s  %drqm d_await dareq-sz     f/s f_await  aqu-sz  %util
nvme0n1        338.00  13096.00     0.00   0.00    0.22    38.75    1.00      8.00     7.00  87.50    1.00     8.00    0.00      0.00     0.00   0.00    0.00     0.00    0.00    0.00    0.07   4.00


10/05/2026 09:36:56 PM
Device            r/s     rkB/s   rrqm/s  %rrqm r_await rareq-sz     w/s     wkB/s   wrqm/s  %wrqm w_await wareq-sz     d/s     dkB/s   drqm/s  %drqm d_await dareq-sz     f/s f_await  aqu-sz  %util
nvme0n1        304.00   8424.00     0.00   0.00    0.24    27.71    3.00     32.00     0.00   0.00    1.00    10.67    0.00      0.00     0.00   0.00    0.00     0.00    1.00    2.00    0.08   4.40


10/05/2026 09:36:57 PM
Device            r/s     rkB/s   rrqm/s  %rrqm r_await rareq-sz     w/s     wkB/s   wrqm/s  %wrqm w_await wareq-sz     d/s     dkB/s   drqm/s  %drqm d_await dareq-sz     f/s f_await  aqu-sz  %util
nvme0n1        425.00  19784.00     0.00   0.00    0.24    46.55    1.00      4.00     0.00   0.00    1.00     4.00    0.00      0.00     0.00   0.00    0.00     0.00    0.00    0.00    0.10   5.00


10/05/2026 09:36:58 PM
Device            r/s     rkB/s   rrqm/s  %rrqm r_await rareq-sz     w/s     wkB/s   wrqm/s  %wrqm w_await wareq-sz     d/s     dkB/s   drqm/s  %drqm d_await dareq-sz     f/s f_await  aqu-sz  %util
nvme0n1        268.00   6136.00     7.00   2.55    0.21    22.90    0.00      0.00     0.00   0.00    0.00     0.00    0.00      0.00     0.00   0.00    0.00     0.00    0.00    0.00    0.06   3.50


10/05/2026 09:36:59 PM
Device            r/s     rkB/s   rrqm/s  %rrqm r_await rareq-sz     w/s     wkB/s   wrqm/s  %wrqm w_await wareq-sz     d/s     dkB/s   drqm/s  %drqm d_await dareq-sz     f/s f_await  aqu-sz  %util
nvme0n1        287.00   9668.00     0.00   0.00    0.24    33.69    0.00      0.00     0.00   0.00    0.00     0.00    0.00      0.00     0.00   0.00    0.00     0.00    0.00    0.00    0.07   4.40


10/05/2026 09:37:00 PM
Device            r/s     rkB/s   rrqm/s  %rrqm r_await rareq-sz     w/s     wkB/s   wrqm/s  %wrqm w_await wareq-sz     d/s     dkB/s   drqm/s  %drqm d_await dareq-sz     f/s f_await  aqu-sz  %util
nvme0n1        244.00   4228.00     0.00   0.00    0.21    17.33    0.00      0.00     2.00 100.00    0.00     0.00    0.00      0.00     0.00   0.00    0.00     0.00    0.00    0.00    0.05   3.60


10/05/2026 09:37:01 PM
Device            r/s     rkB/s   rrqm/s  %rrqm r_await rareq-sz     w/s     wkB/s   wrqm/s  %wrqm w_await wareq-sz     d/s     dkB/s   drqm/s  %drqm d_await dareq-sz     f/s f_await  aqu-sz  %util
nvme0n1        270.00   8168.00     0.00   0.00    0.23    30.25    9.00     40.00     0.00   0.00    0.89     4.44    0.00      0.00     0.00   0.00    0.00     0.00    1.00    2.00    0.07   4.70


10/05/2026 09:37:02 PM
Device            r/s     rkB/s   rrqm/s  %rrqm r_await rareq-sz     w/s     wkB/s   wrqm/s  %wrqm w_await wareq-sz     d/s     dkB/s   drqm/s  %drqm d_await dareq-sz     f/s f_await  aqu-sz  %util
nvme0n1        745.00  39440.00     0.00   0.00    0.22    52.94    0.00      0.00     0.00   0.00    0.00     0.00    0.00      0.00     0.00   0.00    0.00     0.00    0.00    0.00    0.16   5.40


10/05/2026 09:37:03 PM
Device            r/s     rkB/s   rrqm/s  %rrqm r_await rareq-sz     w/s     wkB/s   wrqm/s  %wrqm w_await wareq-sz     d/s     dkB/s   drqm/s  %drqm d_await dareq-sz     f/s f_await  aqu-sz  %util
nvme0n1        413.00  13976.00     0.00   0.00    0.22    33.84    1.00      4.00     0.00   0.00    0.00     4.00    0.00      0.00     0.00   0.00    0.00     0.00    0.00    0.00    0.09   4.90


10/05/2026 09:37:04 PM
Device            r/s     rkB/s   rrqm/s  %rrqm r_await rareq-sz     w/s     wkB/s   wrqm/s  %wrqm w_await wareq-sz     d/s     dkB/s   drqm/s  %drqm d_await dareq-sz     f/s f_await  aqu-sz  %util
nvme0n1        450.00  16972.00     0.00   0.00    0.21    37.72   10.00     40.00     4.00  28.57    0.70     4.00    0.00      0.00     0.00   0.00    0.00     0.00    4.00    1.25    0.11   5.00


10/05/2026 09:37:05 PM
Device            r/s     rkB/s   rrqm/s  %rrqm r_await rareq-sz     w/s     wkB/s   wrqm/s  %wrqm w_await wareq-sz     d/s     dkB/s   drqm/s  %drqm d_await dareq-sz     f/s f_await  aqu-sz  %util
nvme0n1        401.00  16636.00     0.00   0.00    0.21    41.49    0.00      0.00     0.00   0.00    0.00     0.00    0.00      0.00     0.00   0.00    0.00     0.00    0.00    0.00    0.08   4.20


10/05/2026 09:37:06 PM
Device            r/s     rkB/s   rrqm/s  %rrqm r_await rareq-sz     w/s     wkB/s   wrqm/s  %wrqm w_await wareq-sz     d/s     dkB/s   drqm/s  %drqm d_await dareq-sz     f/s f_await  aqu-sz  %util
nvme0n1        202.00   2404.00     0.00   0.00    0.24    11.90    0.00      0.00     0.00   0.00    0.00     0.00    0.00      0.00     0.00   0.00    0.00     0.00    0.00    0.00    0.05   3.90


10/05/2026 09:37:07 PM
Device            r/s     rkB/s   rrqm/s  %rrqm r_await rareq-sz     w/s     wkB/s   wrqm/s  %wrqm w_await wareq-sz     d/s     dkB/s   drqm/s  %drqm d_await dareq-sz     f/s f_await  aqu-sz  %util
nvme0n1        421.00  17744.00     0.00   0.00    0.25    42.15    1.00      8.00     1.00  50.00    0.00     8.00    0.00      0.00     0.00   0.00    0.00     0.00    0.00    0.00    0.11   4.50


10/05/2026 09:37:08 PM
Device            r/s     rkB/s   rrqm/s  %rrqm r_await rareq-sz     w/s     wkB/s   wrqm/s  %wrqm w_await wareq-sz     d/s     dkB/s   drqm/s  %drqm d_await dareq-sz     f/s f_await  aqu-sz  %util
nvme0n1        344.00  12924.00     0.00   0.00    0.23    37.57    0.00      0.00     0.00   0.00    0.00     0.00    0.00      0.00     0.00   0.00    0.00     0.00    0.00    0.00    0.08   3.90


10/05/2026 09:37:09 PM
Device            r/s     rkB/s   rrqm/s  %rrqm r_await rareq-sz     w/s     wkB/s   wrqm/s  %wrqm w_await wareq-sz     d/s     dkB/s   drqm/s  %drqm d_await dareq-sz     f/s f_await  aqu-sz  %util
nvme0n1        372.00  13700.00     0.00   0.00    0.21    36.83    6.00     36.00     4.00  40.00    0.83     6.00    0.00      0.00     0.00   0.00    0.00     0.00    1.00    2.00    0.09   4.50


10/05/2026 09:37:10 PM
Device            r/s     rkB/s   rrqm/s  %rrqm r_await rareq-sz     w/s     wkB/s   wrqm/s  %wrqm w_await wareq-sz     d/s     dkB/s   drqm/s  %drqm d_await dareq-sz     f/s f_await  aqu-sz  %util
nvme0n1        626.00  29388.00     0.00   0.00    0.21    46.95    0.00      0.00     0.00   0.00    0.00     0.00    0.00      0.00     0.00   0.00    0.00     0.00    0.00    0.00    0.13   4.90


10/05/2026 09:37:11 PM
Device            r/s     rkB/s   rrqm/s  %rrqm r_await rareq-sz     w/s     wkB/s   wrqm/s  %wrqm w_await wareq-sz     d/s     dkB/s   drqm/s  %drqm d_await dareq-sz     f/s f_await  aqu-sz  %util
nvme0n1       2895.00  19732.00  1857.00  39.08    0.05     6.82    4.00     28.00     4.00  50.00    1.00     7.00    0.00      0.00     0.00   0.00    0.00     0.00    1.00    1.00    0.16  14.80


10/05/2026 09:37:12 PM
Device            r/s     rkB/s   rrqm/s  %rrqm r_await rareq-sz     w/s     wkB/s   wrqm/s  %wrqm w_await wareq-sz     d/s     dkB/s   drqm/s  %drqm d_await dareq-sz     f/s f_await  aqu-sz  %util
nvme0n1       5212.00 205324.00  9385.00  64.29    0.09    39.39    0.00      0.00     0.00   0.00    0.00     0.00    0.00      0.00     0.00   0.00    0.00     0.00    0.00    0.00    0.49  40.80


10/05/2026 09:37:13 PM
Device            r/s     rkB/s   rrqm/s  %rrqm r_await rareq-sz     w/s     wkB/s   wrqm/s  %wrqm w_await wareq-sz     d/s     dkB/s   drqm/s  %drqm d_await dareq-sz     f/s f_await  aqu-sz  %util
nvme0n1        102.00  12968.00     0.00   0.00    0.17   127.14    1.00      8.00     1.00  50.00    4.00     8.00    0.00      0.00     0.00   0.00    0.00     0.00    0.00    0.00    0.02   0.80


10/05/2026 09:37:14 PM
Device            r/s     rkB/s   rrqm/s  %rrqm r_await rareq-sz     w/s     wkB/s   wrqm/s  %wrqm w_await wareq-sz     d/s     dkB/s   drqm/s  %drqm d_await dareq-sz     f/s f_await  aqu-sz  %util
nvme0n1         39.00    752.00     9.00  18.75    0.51    19.28   38.00    188.00     9.00  19.15    1.37     4.95    0.00      0.00     0.00   0.00    0.00     0.00    1.00    2.00    0.07   1.50


10/05/2026 09:37:15 PM
Device            r/s     rkB/s   rrqm/s  %rrqm r_await rareq-sz     w/s     wkB/s   wrqm/s  %wrqm w_await wareq-sz     d/s     dkB/s   drqm/s  %drqm d_await dareq-sz     f/s f_await  aqu-sz  %util
nvme0n1       1042.00  70940.00    32.00   2.98    0.11    68.08    4.00     20.00     1.00  20.00    0.00     5.00    0.00      0.00     0.00   0.00    0.00     0.00    0.00    0.00    0.11   9.90


10/05/2026 09:37:16 PM
Device            r/s     rkB/s   rrqm/s  %rrqm r_await rareq-sz     w/s     wkB/s   wrqm/s  %wrqm w_await wareq-sz     d/s     dkB/s   drqm/s  %drqm d_await dareq-sz     f/s f_await  aqu-sz  %util
nvme0n1         37.00    572.00     2.00   5.13    1.32    15.46    2.00      8.00     0.00   0.00    4.00     4.00    0.00      0.00     0.00   0.00    0.00     0.00    0.00    0.00    0.06   1.70


10/05/2026 09:37:17 PM
Device            r/s     rkB/s   rrqm/s  %rrqm r_await rareq-sz     w/s     wkB/s   wrqm/s  %wrqm w_await wareq-sz     d/s     dkB/s   drqm/s  %drqm d_await dareq-sz     f/s f_await  aqu-sz  %util
nvme0n1        881.00 104896.00     0.00   0.00    0.24   119.06    0.00      0.00     0.00   0.00    0.00     0.00    0.00      0.00     0.00   0.00    0.00     0.00    0.00    0.00    0.21   8.50


10/05/2026 09:37:18 PM
Device            r/s     rkB/s   rrqm/s  %rrqm r_await rareq-sz     w/s     wkB/s   wrqm/s  %wrqm w_await wareq-sz     d/s     dkB/s   drqm/s  %drqm d_await dareq-sz     f/s f_await  aqu-sz  %util
nvme0n1       9063.00 1116576.00     0.00   0.00    0.22   123.20    7.00     32.00     1.00  12.50   15.86     4.57    0.00      0.00     0.00   0.00    0.00     0.00    0.00    0.00    2.08  55.70


10/05/2026 09:37:19 PM
Device            r/s     rkB/s   rrqm/s  %rrqm r_await rareq-sz     w/s     wkB/s   wrqm/s  %wrqm w_await wareq-sz     d/s     dkB/s   drqm/s  %drqm d_await dareq-sz     f/s f_await  aqu-sz  %util
nvme0n1       9811.00 1111756.00    36.00   0.37    0.18   113.32   66.00    400.00    17.00  20.48    0.71     6.06    0.00      0.00     0.00   0.00    0.00     0.00    1.00    3.00    1.85  52.70


10/05/2026 09:37:20 PM
Device            r/s     rkB/s   rrqm/s  %rrqm r_await rareq-sz     w/s     wkB/s   wrqm/s  %wrqm w_await wareq-sz     d/s     dkB/s   drqm/s  %drqm d_await dareq-sz     f/s f_await  aqu-sz  %util
nvme0n1       9363.00 1148756.00     0.00   0.00    0.20   122.69    1.00      4.00     0.00   0.00   15.00     4.00    0.00      0.00     0.00   0.00    0.00     0.00    0.00    0.00    1.92  57.90


10/05/2026 09:37:21 PM
Device            r/s     rkB/s   rrqm/s  %rrqm r_await rareq-sz     w/s     wkB/s   wrqm/s  %wrqm w_await wareq-sz     d/s     dkB/s   drqm/s  %drqm d_await dareq-sz     f/s f_await  aqu-sz  %util
nvme0n1       11203.00 1386580.00     0.00   0.00    0.20   123.77    0.00      0.00     0.00   0.00    0.00     0.00    0.00      0.00     0.00   0.00    0.00     0.00    0.00    0.00    2.26  54.60


10/05/2026 09:37:22 PM
Device            r/s     rkB/s   rrqm/s  %rrqm r_await rareq-sz     w/s     wkB/s   wrqm/s  %wrqm w_await wareq-sz     d/s     dkB/s   drqm/s  %drqm d_await dareq-sz     f/s f_await  aqu-sz  %util
nvme0n1       10778.00 1334088.00     0.00   0.00    0.20   123.78    4.00     16.00     0.00   0.00    0.00     4.00    0.00      0.00     0.00   0.00    0.00     0.00    0.00    0.00    2.19  52.30


10/05/2026 09:37:23 PM
Device            r/s     rkB/s   rrqm/s  %rrqm r_await rareq-sz     w/s     wkB/s   wrqm/s  %wrqm w_await wareq-sz     d/s     dkB/s   drqm/s  %drqm d_await dareq-sz     f/s f_await  aqu-sz  %util
nvme0n1       9915.00 1202212.00     0.00   0.00    0.21   121.25    0.00      0.00     0.00   0.00    0.00     0.00    0.00      0.00     0.00   0.00    0.00     0.00    0.00    0.00    2.08  59.20


10/05/2026 09:37:24 PM
Device            r/s     rkB/s   rrqm/s  %rrqm r_await rareq-sz     w/s     wkB/s   wrqm/s  %wrqm w_await wareq-sz     d/s     dkB/s   drqm/s  %drqm d_await dareq-sz     f/s f_await  aqu-sz  %util
nvme0n1       11054.00 1359676.00     0.00   0.00    0.20   123.00   79.00    472.00    13.00  14.13    0.25     5.97    0.00      0.00     0.00   0.00    0.00     0.00    1.00    3.00    2.28  56.10


10/05/2026 09:37:25 PM
Device            r/s     rkB/s   rrqm/s  %rrqm r_await rareq-sz     w/s     wkB/s   wrqm/s  %wrqm w_await wareq-sz     d/s     dkB/s   drqm/s  %drqm d_await dareq-sz     f/s f_await  aqu-sz  %util
nvme0n1       11659.00 1446624.00     0.00   0.00    0.20   124.08    1.00      8.00     1.00  50.00    0.00     8.00    0.00      0.00     0.00   0.00    0.00     0.00    0.00    0.00    2.33  52.70


10/05/2026 09:37:26 PM
Device            r/s     rkB/s   rrqm/s  %rrqm r_await rareq-sz     w/s     wkB/s   wrqm/s  %wrqm w_await wareq-sz     d/s     dkB/s   drqm/s  %drqm d_await dareq-sz     f/s f_await  aqu-sz  %util
nvme0n1       11734.00 1457080.00     3.00   0.03    0.20   124.18    0.00      0.00     0.00   0.00    0.00     0.00    0.00      0.00     0.00   0.00    0.00     0.00    0.00    0.00    2.31  56.00


10/05/2026 09:37:27 PM
Device            r/s     rkB/s   rrqm/s  %rrqm r_await rareq-sz     w/s     wkB/s   wrqm/s  %wrqm w_await wareq-sz     d/s     dkB/s   drqm/s  %drqm d_await dareq-sz     f/s f_await  aqu-sz  %util
nvme0n1       11019.00 1342488.00     0.00   0.00    0.20   121.83   12.00     48.00     0.00   0.00    2.58     4.00    0.00      0.00     0.00   0.00    0.00     0.00    0.00    0.00    2.20  58.90


10/05/2026 09:37:28 PM
Device            r/s     rkB/s   rrqm/s  %rrqm r_await rareq-sz     w/s     wkB/s   wrqm/s  %wrqm w_await wareq-sz     d/s     dkB/s   drqm/s  %drqm d_await dareq-sz     f/s f_await  aqu-sz  %util
nvme0n1       11379.00 1392176.00     0.00   0.00    0.20   122.35    4.00     60.00    11.00  73.33   19.50    15.00    0.00      0.00     0.00   0.00    0.00     0.00    0.00    0.00    2.34  56.40


10/05/2026 09:37:29 PM
Device            r/s     rkB/s   rrqm/s  %rrqm r_await rareq-sz     w/s     wkB/s   wrqm/s  %wrqm w_await wareq-sz     d/s     dkB/s   drqm/s  %drqm d_await dareq-sz     f/s f_await  aqu-sz  %util
nvme0n1       12258.00 1525108.00     0.00   0.00    0.20   124.42   10.00     64.00     6.00  37.50   14.30     6.40    0.00      0.00     0.00   0.00    0.00     0.00    0.00    0.00    2.58  49.90


10/05/2026 09:37:30 PM
Device            r/s     rkB/s   rrqm/s  %rrqm r_await rareq-sz     w/s     wkB/s   wrqm/s  %wrqm w_await wareq-sz     d/s     dkB/s   drqm/s  %drqm d_await dareq-sz     f/s f_await  aqu-sz  %util
nvme0n1       12026.00 1486480.00     0.00   0.00    0.20   123.61    2.00      4.00     0.00   0.00    1.00     2.00    0.00      0.00     0.00   0.00    0.00     0.00    1.00    1.00    2.39  53.10


10/05/2026 09:37:31 PM
Device            r/s     rkB/s   rrqm/s  %rrqm r_await rareq-sz     w/s     wkB/s   wrqm/s  %wrqm w_await wareq-sz     d/s     dkB/s   drqm/s  %drqm d_await dareq-sz     f/s f_await  aqu-sz  %util
nvme0n1       4239.00 528008.00     0.00   0.00    0.74   124.56 1587.00 175256.00 42227.00  96.38  166.44   110.43    0.00      0.00     0.00   0.00    0.00     0.00    0.00    0.00  267.29  69.00


10/05/2026 09:37:32 PM
Device            r/s     rkB/s   rrqm/s  %rrqm r_await rareq-sz     w/s     wkB/s   wrqm/s  %wrqm w_await wareq-sz     d/s     dkB/s   drqm/s  %drqm d_await dareq-sz     f/s f_await  aqu-sz  %util
nvme0n1       13464.00 1673184.00    18.00   0.13    0.19   124.27  471.00   2096.00    53.00  10.11    5.20     4.45    0.00      0.00     0.00   0.00    0.00     0.00    0.00    0.00    4.98  51.20


10/05/2026 09:37:33 PM
Device            r/s     rkB/s   rrqm/s  %rrqm r_await rareq-sz     w/s     wkB/s   wrqm/s  %wrqm w_await wareq-sz     d/s     dkB/s   drqm/s  %drqm d_await dareq-sz     f/s f_await  aqu-sz  %util
nvme0n1       13080.00 1592868.00   320.00   2.39    0.18   121.78  800.00  33176.00  7494.00  90.35    4.59    41.47    0.00      0.00     0.00   0.00    0.00     0.00    0.00    0.00    6.04  55.70


10/05/2026 09:37:34 PM
Device            r/s     rkB/s   rrqm/s  %rrqm r_await rareq-sz     w/s     wkB/s   wrqm/s  %wrqm w_await wareq-sz     d/s     dkB/s   drqm/s  %drqm d_await dareq-sz     f/s f_await  aqu-sz  %util
nvme0n1       11419.00 1118408.00  2572.00  18.38    0.13    97.94  193.00    812.00    14.00   6.76   10.11     4.21    0.00      0.00     0.00   0.00    0.00     0.00    0.00    0.00    3.45  38.70


10/05/2026 09:37:35 PM
Device            r/s     rkB/s   rrqm/s  %rrqm r_await rareq-sz     w/s     wkB/s   wrqm/s  %wrqm w_await wareq-sz     d/s     dkB/s   drqm/s  %drqm d_await dareq-sz     f/s f_await  aqu-sz  %util
nvme0n1       17449.00 1169648.00   551.00   3.06    0.20    67.03  242.00   1028.00    12.00   4.72    7.77     4.25    0.00      0.00     0.00   0.00    0.00     0.00    1.00    3.00    5.35  52.40


10/05/2026 09:37:36 PM
Device            r/s     rkB/s   rrqm/s  %rrqm r_await rareq-sz     w/s     wkB/s   wrqm/s  %wrqm w_await wareq-sz     d/s     dkB/s   drqm/s  %drqm d_await dareq-sz     f/s f_await  aqu-sz  %util
nvme0n1       20442.00 1322960.00   170.00   0.82    0.19    64.72  401.00   1892.00    73.00  15.40   21.94     4.72    0.00      0.00     0.00   0.00    0.00     0.00    0.00    0.00   12.59  53.60


10/05/2026 09:37:37 PM
Device            r/s     rkB/s   rrqm/s  %rrqm r_await rareq-sz     w/s     wkB/s   wrqm/s  %wrqm w_await wareq-sz     d/s     dkB/s   drqm/s  %drqm d_await dareq-sz     f/s f_await  aqu-sz  %util
nvme0n1       16601.00 1069496.00     0.00   0.00    0.18    64.42  409.00   1780.00    35.00   7.88    8.83     4.35    0.00      0.00     0.00   0.00    0.00     0.00    0.00    0.00    6.66  48.30


10/05/2026 09:37:38 PM
Device            r/s     rkB/s   rrqm/s  %rrqm r_await rareq-sz     w/s     wkB/s   wrqm/s  %wrqm w_await wareq-sz     d/s     dkB/s   drqm/s  %drqm d_await dareq-sz     f/s f_await  aqu-sz  %util
nvme0n1       9895.00 630232.00     4.00   0.04    0.27    63.69 6950.00  29396.00   423.00   5.74    9.12     4.23    0.00      0.00     0.00   0.00    0.00     0.00    0.00    0.00   66.06  44.50


10/05/2026 09:37:39 PM
Device            r/s     rkB/s   rrqm/s  %rrqm r_await rareq-sz     w/s     wkB/s   wrqm/s  %wrqm w_await wareq-sz     d/s     dkB/s   drqm/s  %drqm d_await dareq-sz     f/s f_await  aqu-sz  %util
nvme0n1       10584.00 730400.00    30.00   0.28    0.18    69.01  123.00    700.00    28.00  18.54   17.59     5.69    0.00      0.00     0.00   0.00    0.00     0.00    0.00    0.00    4.07  37.30


10/05/2026 09:37:40 PM
Device            r/s     rkB/s   rrqm/s  %rrqm r_await rareq-sz     w/s     wkB/s   wrqm/s  %wrqm w_await wareq-sz     d/s     dkB/s   drqm/s  %drqm d_await dareq-sz     f/s f_await  aqu-sz  %util
nvme0n1       7260.00 500720.00     1.00   0.01    0.18    68.97   42.00    172.00     2.00   4.55    6.02     4.10    0.00      0.00     0.00   0.00    0.00     0.00    1.00    1.00    1.58  26.10


10/05/2026 09:37:41 PM
Device            r/s     rkB/s   rrqm/s  %rrqm r_await rareq-sz     w/s     wkB/s   wrqm/s  %wrqm w_await wareq-sz     d/s     dkB/s   drqm/s  %drqm d_await dareq-sz     f/s f_await  aqu-sz  %util
nvme0n1       13476.00 433984.00   875.00   6.10    0.11    32.20    0.00      0.00     0.00   0.00    0.00     0.00    0.00      0.00     0.00   0.00    0.00     0.00    0.00    0.00    1.47  48.00


10/05/2026 09:37:42 PM
Device            r/s     rkB/s   rrqm/s  %rrqm r_await rareq-sz     w/s     wkB/s   wrqm/s  %wrqm w_await wareq-sz     d/s     dkB/s   drqm/s  %drqm d_await dareq-sz     f/s f_await  aqu-sz  %util
nvme0n1       14361.00 423652.00  1031.00   6.70    0.11    29.50    0.00      0.00     0.00   0.00    0.00     0.00    0.00      0.00     0.00   0.00    0.00     0.00    0.00    0.00    1.54  48.10


10/05/2026 09:37:43 PM
Device            r/s     rkB/s   rrqm/s  %rrqm r_await rareq-sz     w/s     wkB/s   wrqm/s  %wrqm w_await wareq-sz     d/s     dkB/s   drqm/s  %drqm d_await dareq-sz     f/s f_await  aqu-sz  %util
nvme0n1       6051.00 396796.00     0.00   0.00    0.18    65.58    0.00      0.00     0.00   0.00    0.00     0.00    0.00      0.00     0.00   0.00    0.00     0.00    0.00    0.00    1.10  24.10


10/05/2026 09:37:44 PM
Device            r/s     rkB/s   rrqm/s  %rrqm r_await rareq-sz     w/s     wkB/s   wrqm/s  %wrqm w_await wareq-sz     d/s     dkB/s   drqm/s  %drqm d_await dareq-sz     f/s f_await  aqu-sz  %util
nvme0n1       7627.00 499420.00     0.00   0.00    0.18    65.48    1.00     36.00     8.00  88.89    0.00    36.00    0.00      0.00     0.00   0.00    0.00     0.00    0.00    0.00    1.36  25.50


10/05/2026 09:37:45 PM
Device            r/s     rkB/s   rrqm/s  %rrqm r_await rareq-sz     w/s     wkB/s   wrqm/s  %wrqm w_await wareq-sz     d/s     dkB/s   drqm/s  %drqm d_await dareq-sz     f/s f_await  aqu-sz  %util
nvme0n1       5679.00 399592.00     0.00   0.00    0.18    70.36   12.00     48.00     1.00   7.69    6.50     4.00    0.00      0.00     0.00   0.00    0.00     0.00    1.00    1.00    1.11  23.30


10/05/2026 09:37:46 PM
Device            r/s     rkB/s   rrqm/s  %rrqm r_await rareq-sz     w/s     wkB/s   wrqm/s  %wrqm w_await wareq-sz     d/s     dkB/s   drqm/s  %drqm d_await dareq-sz     f/s f_await  aqu-sz  %util
nvme0n1       5281.00 373964.00     0.00   0.00    0.19    70.81  219.00   1036.00    40.00  15.44    3.59     4.73    0.00      0.00     0.00   0.00    0.00     0.00    0.00    0.00    1.79  24.20


10/05/2026 09:37:47 PM
Device            r/s     rkB/s   rrqm/s  %rrqm r_await rareq-sz     w/s     wkB/s   wrqm/s  %wrqm w_await wareq-sz     d/s     dkB/s   drqm/s  %drqm d_await dareq-sz     f/s f_await  aqu-sz  %util
nvme0n1       7752.00 542504.00     0.00   0.00    0.18    69.98   36.00    156.00     2.00   5.26    5.03     4.33    0.00      0.00     0.00   0.00    0.00     0.00    0.00    0.00    1.57  28.10


10/05/2026 09:37:48 PM
Device            r/s     rkB/s   rrqm/s  %rrqm r_await rareq-sz     w/s     wkB/s   wrqm/s  %wrqm w_await wareq-sz     d/s     dkB/s   drqm/s  %drqm d_await dareq-sz     f/s f_await  aqu-sz  %util
nvme0n1       5569.00 373352.00     0.00   0.00    0.19    67.04    0.00      0.00     0.00   0.00    0.00     0.00    0.00      0.00     0.00   0.00    0.00     0.00    0.00    0.00    1.04  18.30


10/05/2026 09:37:49 PM
Device            r/s     rkB/s   rrqm/s  %rrqm r_await rareq-sz     w/s     wkB/s   wrqm/s  %wrqm w_await wareq-sz     d/s     dkB/s   drqm/s  %drqm d_await dareq-sz     f/s f_await  aqu-sz  %util
nvme0n1       4532.00 298328.00    77.00   1.67    0.18    65.83   11.00     56.00     3.00  21.43    0.09     5.09    0.00      0.00     0.00   0.00    0.00     0.00    0.00    0.00    0.83  20.30


10/05/2026 09:37:50 PM
Device            r/s     rkB/s   rrqm/s  %rrqm r_await rareq-sz     w/s     wkB/s   wrqm/s  %wrqm w_await wareq-sz     d/s     dkB/s   drqm/s  %drqm d_await dareq-sz     f/s f_await  aqu-sz  %util
nvme0n1       7605.00 454996.00   106.00   1.37    0.16    59.83    4.00     48.00     9.00  69.23   11.25    12.00    0.00      0.00     0.00   0.00    0.00     0.00    1.00    1.00    1.28  28.10


10/05/2026 09:37:51 PM
Device            r/s     rkB/s   rrqm/s  %rrqm r_await rareq-sz     w/s     wkB/s   wrqm/s  %wrqm w_await wareq-sz     d/s     dkB/s   drqm/s  %drqm d_await dareq-sz     f/s f_await  aqu-sz  %util
nvme0n1       2993.00 185644.00     0.00   0.00    0.20    62.03    1.00      8.00     1.00  50.00    0.00     8.00    0.00      0.00     0.00   0.00    0.00     0.00    0.00    0.00    0.59  11.10


10/05/2026 09:37:52 PM
Device            r/s     rkB/s   rrqm/s  %rrqm r_await rareq-sz     w/s     wkB/s   wrqm/s  %wrqm w_await wareq-sz     d/s     dkB/s   drqm/s  %drqm d_await dareq-sz     f/s f_await  aqu-sz  %util
nvme0n1       3541.00 240496.00     0.00   0.00    0.20    67.92    1.00      4.00     0.00   0.00    0.00     4.00    0.00      0.00     0.00   0.00    0.00     0.00    0.00    0.00    0.70  16.10


10/05/2026 09:37:53 PM
Device            r/s     rkB/s   rrqm/s  %rrqm r_await rareq-sz     w/s     wkB/s   wrqm/s  %wrqm w_await wareq-sz     d/s     dkB/s   drqm/s  %drqm d_await dareq-sz     f/s f_await  aqu-sz  %util
nvme0n1       10502.00 725532.00    31.00   0.29    0.20    69.09  129.00   9304.00  2197.00  94.45    8.66    72.12    0.00      0.00     0.00   0.00    0.00     0.00    0.00    0.00    3.17  39.60


10/05/2026 09:37:54 PM
Device            r/s     rkB/s   rrqm/s  %rrqm r_await rareq-sz     w/s     wkB/s   wrqm/s  %wrqm w_await wareq-sz     d/s     dkB/s   drqm/s  %drqm d_await dareq-sz     f/s f_await  aqu-sz  %util
nvme0n1       7161.00 512552.00     0.00   0.00    0.18    71.58    0.00      0.00     0.00   0.00    0.00     0.00    0.00      0.00     0.00   0.00    0.00     0.00    0.00    0.00    1.28  28.70


10/05/2026 09:37:55 PM
Device            r/s     rkB/s   rrqm/s  %rrqm r_await rareq-sz     w/s     wkB/s   wrqm/s  %wrqm w_await wareq-sz     d/s     dkB/s   drqm/s  %drqm d_await dareq-sz     f/s f_await  aqu-sz  %util
nvme0n1       7531.00 508016.00     0.00   0.00    0.18    67.46   97.00    548.00    12.00  11.01    0.18     5.65    0.00      0.00     0.00   0.00    0.00     0.00    1.00    1.00    1.36  24.60


10/05/2026 09:37:56 PM
Device            r/s     rkB/s   rrqm/s  %rrqm r_await rareq-sz     w/s     wkB/s   wrqm/s  %wrqm w_await wareq-sz     d/s     dkB/s   drqm/s  %drqm d_await dareq-sz     f/s f_await  aqu-sz  %util
nvme0n1       5170.00 328480.00     0.00   0.00    0.19    63.54    0.00      0.00     0.00   0.00    0.00     0.00    0.00      0.00     0.00   0.00    0.00     0.00    0.00    0.00    0.96  18.70


10/05/2026 09:37:57 PM
Device            r/s     rkB/s   rrqm/s  %rrqm r_await rareq-sz     w/s     wkB/s   wrqm/s  %wrqm w_await wareq-sz     d/s     dkB/s   drqm/s  %drqm d_await dareq-sz     f/s f_await  aqu-sz  %util
nvme0n1       3259.00 210888.00     0.00   0.00    0.20    64.71    1.00      4.00     0.00   0.00    0.00     4.00    0.00      0.00     0.00   0.00    0.00     0.00    0.00    0.00    0.64  13.50


10/05/2026 09:37:58 PM
Device            r/s     rkB/s   rrqm/s  %rrqm r_await rareq-sz     w/s     wkB/s   wrqm/s  %wrqm w_await wareq-sz     d/s     dkB/s   drqm/s  %drqm d_await dareq-sz     f/s f_await  aqu-sz  %util
nvme0n1       2536.00 161924.00     0.00   0.00    0.20    63.85    1.00      4.00     0.00   0.00    1.00     4.00    0.00      0.00     0.00   0.00    0.00     0.00    0.00    0.00    0.51  11.40


10/05/2026 09:37:59 PM
Device            r/s     rkB/s   rrqm/s  %rrqm r_await rareq-sz     w/s     wkB/s   wrqm/s  %wrqm w_await wareq-sz     d/s     dkB/s   drqm/s  %drqm d_await dareq-sz     f/s f_await  aqu-sz  %util
nvme0n1       2967.00 203548.00     0.00   0.00    0.20    68.60    0.00      0.00     0.00   0.00    0.00     0.00    0.00      0.00     0.00   0.00    0.00     0.00    0.00    0.00    0.59  15.20


10/05/2026 09:38:00 PM
Device            r/s     rkB/s   rrqm/s  %rrqm r_await rareq-sz     w/s     wkB/s   wrqm/s  %wrqm w_await wareq-sz     d/s     dkB/s   drqm/s  %drqm d_await dareq-sz     f/s f_await  aqu-sz  %util
nvme0n1       3513.00 229296.00     0.00   0.00    0.19    65.27    8.00     48.00     4.00  33.33    0.00     6.00    0.00      0.00     0.00   0.00    0.00     0.00    0.00    0.00    0.67  16.60


10/05/2026 09:38:01 PM
Device            r/s     rkB/s   rrqm/s  %rrqm r_await rareq-sz     w/s     wkB/s   wrqm/s  %wrqm w_await wareq-sz     d/s     dkB/s   drqm/s  %drqm d_await dareq-sz     f/s f_await  aqu-sz  %util
nvme0n1       5906.00 409472.00    13.00   0.22    0.18    69.33    2.00      4.00     0.00   0.00    1.00     2.00    0.00      0.00     0.00   0.00    0.00     0.00    1.00    1.00    1.07  25.80


10/05/2026 09:38:02 PM
Device            r/s     rkB/s   rrqm/s  %rrqm r_await rareq-sz     w/s     wkB/s   wrqm/s  %wrqm w_await wareq-sz     d/s     dkB/s   drqm/s  %drqm d_await dareq-sz     f/s f_await  aqu-sz  %util
nvme0n1       2279.00 140796.00     0.00   0.00    0.21    61.78    0.00      0.00     0.00   0.00    0.00     0.00    0.00      0.00     0.00   0.00    0.00     0.00    0.00    0.00    0.47  12.50


10/05/2026 09:38:03 PM
Device            r/s     rkB/s   rrqm/s  %rrqm r_await rareq-sz     w/s     wkB/s   wrqm/s  %wrqm w_await wareq-sz     d/s     dkB/s   drqm/s  %drqm d_await dareq-sz     f/s f_await  aqu-sz  %util
nvme0n1       4283.00 279700.00     0.00   0.00    0.19    65.30    1.00      8.00     1.00  50.00    0.00     8.00    0.00      0.00     0.00   0.00    0.00     0.00    0.00    0.00    0.81  18.70


10/05/2026 09:38:04 PM
Device            r/s     rkB/s   rrqm/s  %rrqm r_await rareq-sz     w/s     wkB/s   wrqm/s  %wrqm w_await wareq-sz     d/s     dkB/s   drqm/s  %drqm d_await dareq-sz     f/s f_await  aqu-sz  %util
nvme0n1       3568.00 233376.00     0.00   0.00    0.19    65.41    0.00      0.00     0.00   0.00    0.00     0.00    0.00      0.00     0.00   0.00    0.00     0.00    0.00    0.00    0.68  15.60


10/05/2026 09:38:05 PM
Device            r/s     rkB/s   rrqm/s  %rrqm r_await rareq-sz     w/s     wkB/s   wrqm/s  %wrqm w_await wareq-sz     d/s     dkB/s   drqm/s  %drqm d_await dareq-sz     f/s f_await  aqu-sz  %util
nvme0n1       2539.00 174420.00     0.00   0.00    0.21    68.70    1.00      4.00     4.00  80.00    0.00     4.00    0.00      0.00     0.00   0.00    0.00     0.00    0.00    0.00    0.54  13.90


10/05/2026 09:38:06 PM
Device            r/s     rkB/s   rrqm/s  %rrqm r_await rareq-sz     w/s     wkB/s   wrqm/s  %wrqm w_await wareq-sz     d/s     dkB/s   drqm/s  %drqm d_await dareq-sz     f/s f_await  aqu-sz  %util
nvme0n1       3092.00 196524.00     0.00   0.00    0.19    63.56    8.00     44.00     0.00   0.00    0.88     5.50    0.00      0.00     0.00   0.00    0.00     0.00    1.00    2.00    0.59  13.30


10/05/2026 09:38:07 PM
Device            r/s     rkB/s   rrqm/s  %rrqm r_await rareq-sz     w/s     wkB/s   wrqm/s  %wrqm w_await wareq-sz     d/s     dkB/s   drqm/s  %drqm d_await dareq-sz     f/s f_await  aqu-sz  %util
nvme0n1       4671.00 308308.00     0.00   0.00    0.18    66.00    0.00      0.00     0.00   0.00    0.00     0.00    0.00      0.00     0.00   0.00    0.00     0.00    0.00    0.00    0.85  18.70


10/05/2026 09:38:08 PM
Device            r/s     rkB/s   rrqm/s  %rrqm r_await rareq-sz     w/s     wkB/s   wrqm/s  %wrqm w_await wareq-sz     d/s     dkB/s   drqm/s  %drqm d_await dareq-sz     f/s f_await  aqu-sz  %util
nvme0n1       4525.00 282268.00     0.00   0.00    0.19    62.38    0.00      0.00     0.00   0.00    0.00     0.00    0.00      0.00     0.00   0.00    0.00     0.00    0.00    0.00    0.84  18.90


10/05/2026 09:38:09 PM
Device            r/s     rkB/s   rrqm/s  %rrqm r_await rareq-sz     w/s     wkB/s   wrqm/s  %wrqm w_await wareq-sz     d/s     dkB/s   drqm/s  %drqm d_await dareq-sz     f/s f_await  aqu-sz  %util
nvme0n1       3760.00 240484.00     0.00   0.00    0.19    63.96    1.00      4.00     0.00   0.00    0.00     4.00    0.00      0.00     0.00   0.00    0.00     0.00    0.00    0.00    0.70  16.70


10/05/2026 09:38:10 PM
Device            r/s     rkB/s   rrqm/s  %rrqm r_await rareq-sz     w/s     wkB/s   wrqm/s  %wrqm w_await wareq-sz     d/s     dkB/s   drqm/s  %drqm d_await dareq-sz     f/s f_await  aqu-sz  %util
nvme0n1       2105.00 128348.00     0.00   0.00    0.22    60.97    0.00      0.00     2.00 100.00    0.00     0.00    0.00      0.00     0.00   0.00    0.00     0.00    0.00    0.00    0.46  11.10


10/05/2026 09:38:11 PM
Device            r/s     rkB/s   rrqm/s  %rrqm r_await rareq-sz     w/s     wkB/s   wrqm/s  %wrqm w_await wareq-sz     d/s     dkB/s   drqm/s  %drqm d_await dareq-sz     f/s f_await  aqu-sz  %util
nvme0n1       2172.00 129988.00     0.00   0.00    0.21    59.85    4.00     20.00     0.00   0.00    1.25     5.00    0.00      0.00     0.00   0.00    0.00     0.00    1.00    2.00    0.47  10.60


10/05/2026 09:38:12 PM
Device            r/s     rkB/s   rrqm/s  %rrqm r_await rareq-sz     w/s     wkB/s   wrqm/s  %wrqm w_await wareq-sz     d/s     dkB/s   drqm/s  %drqm d_await dareq-sz     f/s f_await  aqu-sz  %util
nvme0n1       2060.00 130180.00     1.00   0.05    0.19    63.19  101.00    416.00     3.00   2.88    1.50     4.12    0.00      0.00     0.00   0.00    0.00     0.00    0.00    0.00    0.55  10.70


10/05/2026 09:38:13 PM
Device            r/s     rkB/s   rrqm/s  %rrqm r_await rareq-sz     w/s     wkB/s   wrqm/s  %wrqm w_await wareq-sz     d/s     dkB/s   drqm/s  %drqm d_await dareq-sz     f/s f_await  aqu-sz  %util
nvme0n1       1877.00  99480.00     0.00   0.00    0.21    53.00   55.00    264.00    11.00  16.67    4.58     4.80    0.00      0.00     0.00   0.00    0.00     0.00    0.00    0.00    0.64  14.20


10/05/2026 09:38:14 PM
Device            r/s     rkB/s   rrqm/s  %rrqm r_await rareq-sz     w/s     wkB/s   wrqm/s  %wrqm w_await wareq-sz     d/s     dkB/s   drqm/s  %drqm d_await dareq-sz     f/s f_await  aqu-sz  %util
nvme0n1       1793.00 111324.00     3.00   0.17    0.20    62.09    0.00      0.00     0.00   0.00    0.00     0.00    0.00      0.00     0.00   0.00    0.00     0.00    0.00    0.00    0.36  10.70


10/05/2026 09:38:15 PM
Device            r/s     rkB/s   rrqm/s  %rrqm r_await rareq-sz     w/s     wkB/s   wrqm/s  %wrqm w_await wareq-sz     d/s     dkB/s   drqm/s  %drqm d_await dareq-sz     f/s f_await  aqu-sz  %util
nvme0n1       1189.00  60544.00     0.00   0.00    0.23    50.92   14.00     64.00     9.00  39.13   34.86     4.57    0.00      0.00     0.00   0.00    0.00     0.00    0.00    0.00    0.76  11.20


10/05/2026 09:38:16 PM
Device            r/s     rkB/s   rrqm/s  %rrqm r_await rareq-sz     w/s     wkB/s   wrqm/s  %wrqm w_await wareq-sz     d/s     dkB/s   drqm/s  %drqm d_await dareq-sz     f/s f_await  aqu-sz  %util
nvme0n1       1656.00  98164.00     0.00   0.00    0.25    59.28   91.00    400.00     3.00   3.19    6.63     4.40    0.00      0.00     0.00   0.00    0.00     0.00    1.00    2.00    1.02  14.30


10/05/2026 09:38:17 PM
Device            r/s     rkB/s   rrqm/s  %rrqm r_await rareq-sz     w/s     wkB/s   wrqm/s  %wrqm w_await wareq-sz     d/s     dkB/s   drqm/s  %drqm d_await dareq-sz     f/s f_await  aqu-sz  %util
nvme0n1       1998.00 126104.00     0.00   0.00    0.20    63.12  132.00    564.00     7.00   5.04    1.81     4.27    0.00      0.00     0.00   0.00    0.00     0.00    0.00    0.00    0.63  10.60


10/05/2026 09:38:18 PM
Device            r/s     rkB/s   rrqm/s  %rrqm r_await rareq-sz     w/s     wkB/s   wrqm/s  %wrqm w_await wareq-sz     d/s     dkB/s   drqm/s  %drqm d_await dareq-sz     f/s f_await  aqu-sz  %util
nvme0n1       1752.00 110044.00     0.00   0.00    0.20    62.81  147.00    632.00    11.00   6.96    5.31     4.30    0.00      0.00     0.00   0.00    0.00     0.00    0.00    0.00    1.13  12.30


10/05/2026 09:38:19 PM
Device            r/s     rkB/s   rrqm/s  %rrqm r_await rareq-sz     w/s     wkB/s   wrqm/s  %wrqm w_await wareq-sz     d/s     dkB/s   drqm/s  %drqm d_await dareq-sz     f/s f_await  aqu-sz  %util
nvme0n1       1476.00  86436.00     0.00   0.00    0.20    58.56    0.00      0.00     0.00   0.00    0.00     0.00    0.00      0.00     0.00   0.00    0.00     0.00    0.00    0.00    0.29   8.70


10/05/2026 09:38:20 PM
Device            r/s     rkB/s   rrqm/s  %rrqm r_await rareq-sz     w/s     wkB/s   wrqm/s  %wrqm w_await wareq-sz     d/s     dkB/s   drqm/s  %drqm d_await dareq-sz     f/s f_await  aqu-sz  %util
nvme0n1       3598.00 206704.00     6.00   0.17    0.15    57.45  247.00   1044.00    28.00  10.18    2.75     4.23    0.00      0.00     0.00   0.00    0.00     0.00    0.00    0.00    1.22  26.20


10/05/2026 09:38:21 PM
Device            r/s     rkB/s   rrqm/s  %rrqm r_await rareq-sz     w/s     wkB/s   wrqm/s  %wrqm w_await wareq-sz     d/s     dkB/s   drqm/s  %drqm d_await dareq-sz     f/s f_await  aqu-sz  %util
nvme0n1       6147.00  24588.00     0.00   0.00    0.14     4.00  106.00    528.00    13.00  10.92    1.76     4.98    0.00      0.00     0.00   0.00    0.00     0.00    1.00    1.00    1.08  87.80


10/05/2026 09:38:22 PM
Device            r/s     rkB/s   rrqm/s  %rrqm r_await rareq-sz     w/s     wkB/s   wrqm/s  %wrqm w_await wareq-sz     d/s     dkB/s   drqm/s  %drqm d_await dareq-sz     f/s f_await  aqu-sz  %util
nvme0n1       4939.00 270260.00   535.00   9.77    0.17    54.72  301.00   1260.00    14.00   4.44    4.47     4.19    0.00      0.00     0.00   0.00    0.00     0.00    0.00    0.00    2.17  53.10


10/05/2026 09:38:23 PM
Device            r/s     rkB/s   rrqm/s  %rrqm r_await rareq-sz     w/s     wkB/s   wrqm/s  %wrqm w_await wareq-sz     d/s     dkB/s   drqm/s  %drqm d_await dareq-sz     f/s f_await  aqu-sz  %util
nvme0n1       3199.00 378136.00    40.00   1.23    0.25   118.20  398.00   1728.00    34.00   7.87    3.43     4.34    0.00      0.00     0.00   0.00    0.00     0.00    0.00    0.00    2.15  30.40


10/05/2026 09:38:24 PM
Device            r/s     rkB/s   rrqm/s  %rrqm r_await rareq-sz     w/s     wkB/s   wrqm/s  %wrqm w_await wareq-sz     d/s     dkB/s   drqm/s  %drqm d_await dareq-sz     f/s f_await  aqu-sz  %util
nvme0n1       5990.00 750420.00     1.00   0.02    0.23   125.28  607.00   2556.00    32.00   5.01    4.85     4.21    0.00      0.00     0.00   0.00    0.00     0.00    0.00    0.00    4.30  44.70


10/05/2026 09:38:25 PM
Device            r/s     rkB/s   rrqm/s  %rrqm r_await rareq-sz     w/s     wkB/s   wrqm/s  %wrqm w_await wareq-sz     d/s     dkB/s   drqm/s  %drqm d_await dareq-sz     f/s f_await  aqu-sz  %util
nvme0n1       5949.00 745376.00     0.00   0.00    0.23   125.29  401.00   2112.00    99.00  19.80    4.04     5.27    0.00      0.00     0.00   0.00    0.00     0.00    0.00    0.00    2.98  46.30


10/05/2026 09:38:26 PM
Device            r/s     rkB/s   rrqm/s  %rrqm r_await rareq-sz     w/s     wkB/s   wrqm/s  %wrqm w_await wareq-sz     d/s     dkB/s   drqm/s  %drqm d_await dareq-sz     f/s f_await  aqu-sz  %util
nvme0n1       5203.00 647648.00     0.00   0.00    0.22   124.48  126.00   2532.00   508.00  80.13    4.92    20.10    0.00      0.00     0.00   0.00    0.00     0.00    1.00    1.00    1.75  38.70


10/05/2026 09:38:27 PM
Device            r/s     rkB/s   rrqm/s  %rrqm r_await rareq-sz     w/s     wkB/s   wrqm/s  %wrqm w_await wareq-sz     d/s     dkB/s   drqm/s  %drqm d_await dareq-sz     f/s f_await  aqu-sz  %util
nvme0n1       5034.00 620096.00     2.00   0.04    0.23   123.18  129.00    972.00   114.00  46.91    7.27     7.53    0.00      0.00     0.00   0.00    0.00     0.00    0.00    0.00    2.09  43.60


10/05/2026 09:38:28 PM
Device            r/s     rkB/s   rrqm/s  %rrqm r_await rareq-sz     w/s     wkB/s   wrqm/s  %wrqm w_await wareq-sz     d/s     dkB/s   drqm/s  %drqm d_await dareq-sz     f/s f_await  aqu-sz  %util
nvme0n1       3769.00 458956.00     0.00   0.00    0.23   121.77   86.00    496.00    38.00  30.65    7.50     5.77    0.00      0.00     0.00   0.00    0.00     0.00    0.00    0.00    1.51  36.50


10/05/2026 09:38:29 PM
Device            r/s     rkB/s   rrqm/s  %rrqm r_await rareq-sz     w/s     wkB/s   wrqm/s  %wrqm w_await wareq-sz     d/s     dkB/s   drqm/s  %drqm d_await dareq-sz     f/s f_await  aqu-sz  %util
nvme0n1       4067.00 337088.00     0.00   0.00    0.20    82.88  222.00    944.00    14.00   5.93    4.09     4.25    0.00      0.00     0.00   0.00    0.00     0.00    0.00    0.00    1.74  47.50


10/05/2026 09:38:30 PM
Device            r/s     rkB/s   rrqm/s  %rrqm r_await rareq-sz     w/s     wkB/s   wrqm/s  %wrqm w_await wareq-sz     d/s     dkB/s   drqm/s  %drqm d_await dareq-sz     f/s f_await  aqu-sz  %util
nvme0n1       6490.00  25960.00     0.00   0.00    0.14     4.00    0.00      0.00     0.00   0.00    0.00     0.00    0.00      0.00     0.00   0.00    0.00     0.00    0.00    0.00    0.93  93.20


10/05/2026 09:38:31 PM
Device            r/s     rkB/s   rrqm/s  %rrqm r_await rareq-sz     w/s     wkB/s   wrqm/s  %wrqm w_await wareq-sz     d/s     dkB/s   drqm/s  %drqm d_await dareq-sz     f/s f_await  aqu-sz  %util
nvme0n1       2431.00 231980.00     3.00   0.12    0.23    95.43    8.00     44.00     2.00  20.00    0.00     5.50    0.00      0.00     0.00   0.00    0.00     0.00    0.00    0.00    0.55  27.50


10/05/2026 09:38:32 PM
Device            r/s     rkB/s   rrqm/s  %rrqm r_await rareq-sz     w/s     wkB/s   wrqm/s  %wrqm w_await wareq-sz     d/s     dkB/s   drqm/s  %drqm d_await dareq-sz     f/s f_await  aqu-sz  %util
nvme0n1       3561.00 440172.00     0.00   0.00    0.23   123.61  306.00   1228.00     3.00   0.97    4.02     4.01    0.00      0.00     0.00   0.00    0.00     0.00    1.00    2.00    2.04  31.30


10/05/2026 09:38:33 PM
Device            r/s     rkB/s   rrqm/s  %rrqm r_await rareq-sz     w/s     wkB/s   wrqm/s  %wrqm w_await wareq-sz     d/s     dkB/s   drqm/s  %drqm d_await dareq-sz     f/s f_await  aqu-sz  %util
nvme0n1       3071.00 381444.00     0.00   0.00    0.34   124.21 1114.00  25700.00 15781.00  93.41   12.43    23.07    0.00      0.00     0.00   0.00    0.00     0.00    0.00    0.00   14.88  34.70


10/05/2026 09:38:34 PM
Device            r/s     rkB/s   rrqm/s  %rrqm r_await rareq-sz     w/s     wkB/s   wrqm/s  %wrqm w_await wareq-sz     d/s     dkB/s   drqm/s  %drqm d_await dareq-sz     f/s f_await  aqu-sz  %util
nvme0n1       3445.00 429552.00     0.00   0.00    0.35   124.69  399.00  48288.00  1203.00  75.09  204.84   121.02    0.00      0.00     0.00   0.00    0.00     0.00    0.00    0.00   82.95  45.40


10/05/2026 09:38:35 PM
Device            r/s     rkB/s   rrqm/s  %rrqm r_await rareq-sz     w/s     wkB/s   wrqm/s  %wrqm w_await wareq-sz     d/s     dkB/s   drqm/s  %drqm d_await dareq-sz     f/s f_await  aqu-sz  %util
nvme0n1       2155.00 268684.00     0.00   0.00    0.26   124.68  330.00   1344.00     6.00   1.79    1.36     4.07    0.00      0.00     0.00   0.00    0.00     0.00    0.00    0.00    1.01  22.50


10/05/2026 09:38:36 PM
Device            r/s     rkB/s   rrqm/s  %rrqm r_await rareq-sz     w/s     wkB/s   wrqm/s  %wrqm w_await wareq-sz     d/s     dkB/s   drqm/s  %drqm d_await dareq-sz     f/s f_await  aqu-sz  %util
nvme0n1       5715.00  74084.00     0.00   0.00    0.15    12.96    0.00      0.00     0.00   0.00    0.00     0.00    0.00      0.00     0.00   0.00    0.00     0.00    0.00    0.00    0.86  81.20


10/05/2026 09:38:37 PM
Device            r/s     rkB/s   rrqm/s  %rrqm r_await rareq-sz     w/s     wkB/s   wrqm/s  %wrqm w_await wareq-sz     d/s     dkB/s   drqm/s  %drqm d_await dareq-sz     f/s f_await  aqu-sz  %util
nvme0n1       3878.00  96952.00    59.00   1.50    0.17    25.00    3.00     24.00     4.00  57.14    0.33     8.00    0.00      0.00     0.00   0.00    0.00     0.00    1.00    0.00    0.64  53.80


10/05/2026 09:38:38 PM
Device            r/s     rkB/s   rrqm/s  %rrqm r_await rareq-sz     w/s     wkB/s   wrqm/s  %wrqm w_await wareq-sz     d/s     dkB/s   drqm/s  %drqm d_await dareq-sz     f/s f_await  aqu-sz  %util
nvme0n1       2055.00 252716.00     0.00   0.00    0.25   122.98    0.00      0.00     0.00   0.00    0.00     0.00    0.00      0.00     0.00   0.00    0.00     0.00    0.00    0.00    0.52  19.40


10/05/2026 09:38:39 PM
Device            r/s     rkB/s   rrqm/s  %rrqm r_await rareq-sz     w/s     wkB/s   wrqm/s  %wrqm w_await wareq-sz     d/s     dkB/s   drqm/s  %drqm d_await dareq-sz     f/s f_await  aqu-sz  %util
nvme0n1       3261.00 403432.00     0.00   0.00    0.24   123.71  386.00   1552.00     2.00   0.52    0.86     4.02    0.00      0.00     0.00   0.00    0.00     0.00    0.00    0.00    1.12  27.90


10/05/2026 09:38:40 PM
Device            r/s     rkB/s   rrqm/s  %rrqm r_await rareq-sz     w/s     wkB/s   wrqm/s  %wrqm w_await wareq-sz     d/s     dkB/s   drqm/s  %drqm d_await dareq-sz     f/s f_await  aqu-sz  %util
nvme0n1       3019.00 377712.00     0.00   0.00    0.24   125.11   50.00    204.00     1.00   1.96   10.28     4.08    0.00      0.00     0.00   0.00    0.00     0.00    0.00    0.00    1.23  25.60


10/05/2026 09:38:41 PM
Device            r/s     rkB/s   rrqm/s  %rrqm r_await rareq-sz     w/s     wkB/s   wrqm/s  %wrqm w_await wareq-sz     d/s     dkB/s   drqm/s  %drqm d_await dareq-sz     f/s f_await  aqu-sz  %util
nvme0n1       2662.00 185188.00     0.00   0.00    0.21    69.57    2.00      8.00     0.00   0.00    0.00     4.00    0.00      0.00     0.00   0.00    0.00     0.00    0.00    0.00    0.56  33.30


10/05/2026 09:38:42 PM
Device            r/s     rkB/s   rrqm/s  %rrqm r_await rareq-sz     w/s     wkB/s   wrqm/s  %wrqm w_await wareq-sz     d/s     dkB/s   drqm/s  %drqm d_await dareq-sz     f/s f_await  aqu-sz  %util
nvme0n1       6947.00  28904.00     1.00   0.01    0.13     4.16  173.00    720.00     7.00   3.89    1.77     4.16    0.00      0.00     0.00   0.00    0.00     0.00    0.00    0.00    1.23  88.10


10/05/2026 09:38:43 PM
Device            r/s     rkB/s   rrqm/s  %rrqm r_await rareq-sz     w/s     wkB/s   wrqm/s  %wrqm w_await wareq-sz     d/s     dkB/s   drqm/s  %drqm d_await dareq-sz     f/s f_await  aqu-sz  %util
nvme0n1       1702.00 113968.00     3.00   0.18    0.24    66.96    2.00      4.00     0.00   0.00    2.00     2.00    0.00      0.00     0.00   0.00    0.00     0.00    1.00    1.00    0.41  23.50


10/05/2026 09:38:44 PM
Device            r/s     rkB/s   rrqm/s  %rrqm r_await rareq-sz     w/s     wkB/s   wrqm/s  %wrqm w_await wareq-sz     d/s     dkB/s   drqm/s  %drqm d_await dareq-sz     f/s f_await  aqu-sz  %util
nvme0n1       2485.00 307404.00     0.00   0.00    0.24   123.70  267.00   1080.00     3.00   1.11    0.78     4.04    0.00      0.00     0.00   0.00    0.00     0.00    0.00    0.00    0.81  23.80


10/05/2026 09:38:45 PM
Device            r/s     rkB/s   rrqm/s  %rrqm r_await rareq-sz     w/s     wkB/s   wrqm/s  %wrqm w_await wareq-sz     d/s     dkB/s   drqm/s  %drqm d_await dareq-sz     f/s f_await  aqu-sz  %util
nvme0n1       2027.00 252312.00     0.00   0.00    0.25   124.48  302.00   1260.00    13.00   4.13    2.10     4.17    0.00      0.00     0.00   0.00    0.00     0.00    0.00    0.00    1.14  19.20


10/05/2026 09:38:46 PM
Device            r/s     rkB/s   rrqm/s  %rrqm r_await rareq-sz     w/s     wkB/s   wrqm/s  %wrqm w_await wareq-sz     d/s     dkB/s   drqm/s  %drqm d_await dareq-sz     f/s f_await  aqu-sz  %util
nvme0n1       1850.00 228556.00     1.00   0.05    0.26   123.54   47.00    188.00     0.00   0.00   10.53     4.00    0.00      0.00     0.00   0.00    0.00     0.00    0.00    0.00    0.98  19.40


10/05/2026 09:38:47 PM
Device            r/s     rkB/s   rrqm/s  %rrqm r_await rareq-sz     w/s     wkB/s   wrqm/s  %wrqm w_await wareq-sz     d/s     dkB/s   drqm/s  %drqm d_await dareq-sz     f/s f_await  aqu-sz  %util
nvme0n1       5633.00  62504.00     0.00   0.00    0.15    11.10    1.00      4.00     0.00   0.00    0.00     4.00    0.00      0.00     0.00   0.00    0.00     0.00    0.00    0.00    0.86  80.80


10/05/2026 09:38:48 PM
Device            r/s     rkB/s   rrqm/s  %rrqm r_await rareq-sz     w/s     wkB/s   wrqm/s  %wrqm w_await wareq-sz     d/s     dkB/s   drqm/s  %drqm d_await dareq-sz     f/s f_await  aqu-sz  %util
nvme0n1       3694.00  83796.00     1.00   0.03    0.16    22.68  204.00    860.00    11.00   5.12    0.24     4.22    0.00      0.00     0.00   0.00    0.00     0.00    1.00    1.00    0.64  48.90


10/05/2026 09:38:49 PM
Device            r/s     rkB/s   rrqm/s  %rrqm r_await rareq-sz     w/s     wkB/s   wrqm/s  %wrqm w_await wareq-sz     d/s     dkB/s   drqm/s  %drqm d_await dareq-sz     f/s f_await  aqu-sz  %util
nvme0n1        948.00 116252.00     0.00   0.00    0.35   122.63  726.00   3048.00    50.00   6.44    4.84     4.20    0.00      0.00     0.00   0.00    0.00     0.00    0.00    0.00    3.85  15.60


10/05/2026 09:38:50 PM
Device            r/s     rkB/s   rrqm/s  %rrqm r_await rareq-sz     w/s     wkB/s   wrqm/s  %wrqm w_await wareq-sz     d/s     dkB/s   drqm/s  %drqm d_await dareq-sz     f/s f_await  aqu-sz  %util
nvme0n1       1777.00 208564.00     6.00   0.34    0.26   117.37  307.00   1316.00     8.00   2.54    5.04     4.29    0.00      0.00     0.00   0.00    0.00     0.00    0.00    0.00    2.00  16.80


10/05/2026 09:38:51 PM
Device            r/s     rkB/s   rrqm/s  %rrqm r_await rareq-sz     w/s     wkB/s   wrqm/s  %wrqm w_await wareq-sz     d/s     dkB/s   drqm/s  %drqm d_await dareq-sz     f/s f_await  aqu-sz  %util
nvme0n1       2026.00 238152.00    33.00   1.60    0.25   117.55    2.00     12.00     1.00  33.33   15.50     6.00    0.00      0.00     0.00   0.00    0.00     0.00    0.00    0.00    0.54  21.70


10/05/2026 09:38:52 PM
Device            r/s     rkB/s   rrqm/s  %rrqm r_await rareq-sz     w/s     wkB/s   wrqm/s  %wrqm w_await wareq-sz     d/s     dkB/s   drqm/s  %drqm d_await dareq-sz     f/s f_await  aqu-sz  %util
nvme0n1       2438.00 164332.00     0.00   0.00    0.21    67.40    2.00     48.00    10.00  83.33   14.50    24.00    0.00      0.00     0.00   0.00    0.00     0.00    0.00    0.00    0.54  30.80


10/05/2026 09:38:53 PM
Device            r/s     rkB/s   rrqm/s  %rrqm r_await rareq-sz     w/s     wkB/s   wrqm/s  %wrqm w_await wareq-sz     d/s     dkB/s   drqm/s  %drqm d_await dareq-sz     f/s f_await  aqu-sz  %util
nvme0n1       5921.00  23684.00     0.00   0.00    0.14     4.00    3.00      8.00     0.00   0.00    2.00     2.67    0.00      0.00     0.00   0.00    0.00     0.00    1.00    1.00    0.85  84.20


10/05/2026 09:38:54 PM
Device            r/s     rkB/s   rrqm/s  %rrqm r_await rareq-sz     w/s     wkB/s   wrqm/s  %wrqm w_await wareq-sz     d/s     dkB/s   drqm/s  %drqm d_await dareq-sz     f/s f_await  aqu-sz  %util
nvme0n1       1805.00  57468.00    37.00   2.01    0.20    31.84    0.00      0.00     0.00   0.00    0.00     0.00    0.00      0.00     0.00   0.00    0.00     0.00    0.00    0.00    0.36  26.50


10/05/2026 09:38:55 PM
Device            r/s     rkB/s   rrqm/s  %rrqm r_await rareq-sz     w/s     wkB/s   wrqm/s  %wrqm w_await wareq-sz     d/s     dkB/s   drqm/s  %drqm d_await dareq-sz     f/s f_await  aqu-sz  %util
nvme0n1       1474.00 181088.00     0.00   0.00    0.27   122.85   99.00    456.00    15.00  13.16    1.21     4.61    0.00      0.00     0.00   0.00    0.00     0.00    0.00    0.00    0.51  16.60


10/05/2026 09:38:56 PM
Device            r/s     rkB/s   rrqm/s  %rrqm r_await rareq-sz     w/s     wkB/s   wrqm/s  %wrqm w_await wareq-sz     d/s     dkB/s   drqm/s  %drqm d_await dareq-sz     f/s f_await  aqu-sz  %util
nvme0n1       1634.00 202776.00     0.00   0.00    0.29   124.10  199.00    932.00     6.00   2.93    1.98     4.68    0.00      0.00     0.00   0.00    0.00     0.00    0.00    0.00    0.86  17.20


10/05/2026 09:38:57 PM
Device            r/s     rkB/s   rrqm/s  %rrqm r_await rareq-sz     w/s     wkB/s   wrqm/s  %wrqm w_await wareq-sz     d/s     dkB/s   drqm/s  %drqm d_await dareq-sz     f/s f_await  aqu-sz  %util
nvme0n1       1810.00 225092.00     0.00   0.00    0.26   124.36    1.00      4.00     5.00  83.33    1.00     4.00    0.00      0.00     0.00   0.00    0.00     0.00    0.00    0.00    0.47  17.40


10/05/2026 09:38:58 PM
Device            r/s     rkB/s   rrqm/s  %rrqm r_await rareq-sz     w/s     wkB/s   wrqm/s  %wrqm w_await wareq-sz     d/s     dkB/s   drqm/s  %drqm d_await dareq-sz     f/s f_await  aqu-sz  %util
nvme0n1       5765.00  60716.00     0.00   0.00    0.15    10.53   45.00    208.00     3.00   6.25   20.42     4.62    0.00      0.00     0.00   0.00    0.00     0.00    1.00    2.00    1.78  81.10


10/05/2026 09:38:59 PM
Device            r/s     rkB/s   rrqm/s  %rrqm r_await rareq-sz     w/s     wkB/s   wrqm/s  %wrqm w_await wareq-sz     d/s     dkB/s   drqm/s  %drqm d_await dareq-sz     f/s f_await  aqu-sz  %util
nvme0n1       3070.00  28244.00     0.00   0.00    0.15     9.20    1.00      4.00     0.00   0.00    0.00     4.00    0.00      0.00     0.00   0.00    0.00     0.00    0.00    0.00    0.47  44.20


10/05/2026 09:39:00 PM
Device            r/s     rkB/s   rrqm/s  %rrqm r_await rareq-sz     w/s     wkB/s   wrqm/s  %wrqm w_await wareq-sz     d/s     dkB/s   drqm/s  %drqm d_await dareq-sz     f/s f_await  aqu-sz  %util
nvme0n1       1096.00 134296.00     0.00   0.00    0.29   122.53    0.00      0.00     0.00   0.00    0.00     0.00    0.00      0.00     0.00   0.00    0.00     0.00    0.00    0.00    0.32  13.80


10/05/2026 09:39:01 PM
Device            r/s     rkB/s   rrqm/s  %rrqm r_await rareq-sz     w/s     wkB/s   wrqm/s  %wrqm w_await wareq-sz     d/s     dkB/s   drqm/s  %drqm d_await dareq-sz     f/s f_await  aqu-sz  %util
nvme0n1       1258.00 154624.00     0.00   0.00    0.29   122.91    0.00      0.00     0.00   0.00    0.00     0.00    0.00      0.00     0.00   0.00    0.00     0.00    0.00    0.00    0.37  13.70


10/05/2026 09:39:02 PM
Device            r/s     rkB/s   rrqm/s  %rrqm r_await rareq-sz     w/s     wkB/s   wrqm/s  %wrqm w_await wareq-sz     d/s     dkB/s   drqm/s  %drqm d_await dareq-sz     f/s f_await  aqu-sz  %util
nvme0n1       1742.00 217884.00     0.00   0.00    0.27   125.08    2.00     16.00     2.00  50.00   13.50     8.00    0.00      0.00     0.00   0.00    0.00     0.00    0.00    0.00    0.50  20.00


10/05/2026 09:39:03 PM
Device            r/s     rkB/s   rrqm/s  %rrqm r_await rareq-sz     w/s     wkB/s   wrqm/s  %wrqm w_await wareq-sz     d/s     dkB/s   drqm/s  %drqm d_await dareq-sz     f/s f_await  aqu-sz  %util
nvme0n1       5521.00  82796.00    30.00   0.54    0.16    15.00    3.00     12.00     1.00  25.00    0.67     4.00    0.00      0.00     0.00   0.00    0.00     0.00    1.00    1.00    0.87  78.10


10/05/2026 09:39:04 PM
Device            r/s     rkB/s   rrqm/s  %rrqm r_await rareq-sz     w/s     wkB/s   wrqm/s  %wrqm w_await wareq-sz     d/s     dkB/s   drqm/s  %drqm d_await dareq-sz     f/s f_await  aqu-sz  %util
nvme0n1       3566.00  41572.00     0.00   0.00    0.16    11.66    0.00      0.00     0.00   0.00    0.00     0.00    0.00      0.00     0.00   0.00    0.00     0.00    0.00    0.00    0.56  52.70


10/05/2026 09:39:05 PM
Device            r/s     rkB/s   rrqm/s  %rrqm r_await rareq-sz     w/s     wkB/s   wrqm/s  %wrqm w_await wareq-sz     d/s     dkB/s   drqm/s  %drqm d_await dareq-sz     f/s f_await  aqu-sz  %util
nvme0n1       1043.00 127948.00     0.00   0.00    0.28   122.67    0.00      0.00     0.00   0.00    0.00     0.00    0.00      0.00     0.00   0.00    0.00     0.00    0.00    0.00    0.29  13.00


10/05/2026 09:39:06 PM
Device            r/s     rkB/s   rrqm/s  %rrqm r_await rareq-sz     w/s     wkB/s   wrqm/s  %wrqm w_await wareq-sz     d/s     dkB/s   drqm/s  %drqm d_await dareq-sz     f/s f_await  aqu-sz  %util
nvme0n1       1112.00 136960.00     0.00   0.00    0.29   123.17   43.00    208.00     9.00  17.31    3.23     4.84    0.00      0.00     0.00   0.00    0.00     0.00    0.00    0.00    0.46  12.80


10/05/2026 09:39:07 PM
Device            r/s     rkB/s   rrqm/s  %rrqm r_await rareq-sz     w/s     wkB/s   wrqm/s  %wrqm w_await wareq-sz     d/s     dkB/s   drqm/s  %drqm d_await dareq-sz     f/s f_await  aqu-sz  %util
nvme0n1       1115.00 137268.00     4.00   0.36    0.29   123.11  192.00    800.00     8.00   4.00    1.22     4.17    0.00      0.00     0.00   0.00    0.00     0.00    0.00    0.00    0.56  13.30


10/05/2026 09:39:08 PM
Device            r/s     rkB/s   rrqm/s  %rrqm r_await rareq-sz     w/s     wkB/s   wrqm/s  %wrqm w_await wareq-sz     d/s     dkB/s   drqm/s  %drqm d_await dareq-sz     f/s f_await  aqu-sz  %util
nvme0n1        465.00  16604.00   200.00  30.08    0.20    35.71   94.00    392.00     5.00   5.05   12.57     4.17    0.00      0.00     0.00   0.00    0.00     0.00    1.00    2.00    1.28   8.40


10/05/2026 09:39:09 PM
Device            r/s     rkB/s   rrqm/s  %rrqm r_await rareq-sz     w/s     wkB/s   wrqm/s  %wrqm w_await wareq-sz     d/s     dkB/s   drqm/s  %drqm d_await dareq-sz     f/s f_await  aqu-sz  %util
nvme0n1        385.00  12336.00     0.00   0.00    0.21    32.04    1.00      8.00     1.00  50.00    1.00     8.00    0.00      0.00     0.00   0.00    0.00     0.00    0.00    0.00    0.08   4.30


10/05/2026 09:39:10 PM
Device            r/s     rkB/s   rrqm/s  %rrqm r_await rareq-sz     w/s     wkB/s   wrqm/s  %wrqm w_await wareq-sz     d/s     dkB/s   drqm/s  %drqm d_await dareq-sz     f/s f_await  aqu-sz  %util
nvme0n1        357.00  13604.00     0.00   0.00    0.25    38.11    0.00      0.00     0.00   0.00    0.00     0.00    0.00      0.00     0.00   0.00    0.00     0.00    0.00    0.00    0.09   4.50


10/05/2026 09:39:11 PM
Device            r/s     rkB/s   rrqm/s  %rrqm r_await rareq-sz     w/s     wkB/s   wrqm/s  %wrqm w_await wareq-sz     d/s     dkB/s   drqm/s  %drqm d_await dareq-sz     f/s f_await  aqu-sz  %util
nvme0n1        484.00  19796.00     0.00   0.00    0.20    40.90    0.00      0.00     0.00   0.00    0.00     0.00    0.00      0.00     0.00   0.00    0.00     0.00    0.00    0.00    0.10   4.10


10/05/2026 09:39:12 PM
Device            r/s     rkB/s   rrqm/s  %rrqm r_await rareq-sz     w/s     wkB/s   wrqm/s  %wrqm w_await wareq-sz     d/s     dkB/s   drqm/s  %drqm d_await dareq-sz     f/s f_await  aqu-sz  %util
nvme0n1        842.00  12288.00     1.00   0.12    0.12    14.59    1.00      4.00     0.00   0.00    0.00     4.00    0.00      0.00     0.00   0.00    0.00     0.00    0.00    0.00    0.10   7.00


10/05/2026 09:39:13 PM
Device            r/s     rkB/s   rrqm/s  %rrqm r_await rareq-sz     w/s     wkB/s   wrqm/s  %wrqm w_await wareq-sz     d/s     dkB/s   drqm/s  %drqm d_await dareq-sz     f/s f_await  aqu-sz  %util
nvme0n1        765.00  10396.00     3.00   0.39    0.11    13.59    5.00     20.00     7.00  58.33    0.20     4.00    0.00      0.00     0.00   0.00    0.00     0.00    0.00    0.00    0.09   5.90


10/05/2026 09:39:14 PM
Device            r/s     rkB/s   rrqm/s  %rrqm r_await rareq-sz     w/s     wkB/s   wrqm/s  %wrqm w_await wareq-sz     d/s     dkB/s   drqm/s  %drqm d_await dareq-sz     f/s f_await  aqu-sz  %util
nvme0n1        313.00   7440.00     0.00   0.00    0.27    23.77   10.00     64.00     0.00   0.00    0.90     6.40    0.00      0.00     0.00   0.00    0.00     0.00    1.00    2.00    0.10   4.40


10/05/2026 09:39:15 PM
Device            r/s     rkB/s   rrqm/s  %rrqm r_await rareq-sz     w/s     wkB/s   wrqm/s  %wrqm w_await wareq-sz     d/s     dkB/s   drqm/s  %drqm d_await dareq-sz     f/s f_await  aqu-sz  %util
nvme0n1        230.00   4924.00     0.00   0.00    0.23    21.41    1.00      4.00     0.00   0.00    1.00     4.00    0.00      0.00     0.00   0.00    0.00     0.00    0.00    0.00    0.05   4.30


10/05/2026 09:39:16 PM
Device            r/s     rkB/s   rrqm/s  %rrqm r_await rareq-sz     w/s     wkB/s   wrqm/s  %wrqm w_await wareq-sz     d/s     dkB/s   drqm/s  %drqm d_await dareq-sz     f/s f_await  aqu-sz  %util
nvme0n1        560.00  24960.00     0.00   0.00    0.23    44.57  163.00    708.00    14.00   7.91    0.34     4.34    0.00      0.00     0.00   0.00    0.00     0.00    0.00    0.00    0.18   5.40


10/05/2026 09:39:17 PM
Device            r/s     rkB/s   rrqm/s  %rrqm r_await rareq-sz     w/s     wkB/s   wrqm/s  %wrqm w_await wareq-sz     d/s     dkB/s   drqm/s  %drqm d_await dareq-sz     f/s f_await  aqu-sz  %util
nvme0n1        220.00   3228.00     0.00   0.00    0.20    14.67    0.00      0.00     0.00   0.00    0.00     0.00    0.00      0.00     0.00   0.00    0.00     0.00    0.00    0.00    0.04   3.80


10/05/2026 09:39:18 PM
Device            r/s     rkB/s   rrqm/s  %rrqm r_await rareq-sz     w/s     wkB/s   wrqm/s  %wrqm w_await wareq-sz     d/s     dkB/s   drqm/s  %drqm d_await dareq-sz     f/s f_await  aqu-sz  %util
nvme0n1        455.00  16152.00     0.00   0.00    0.23    35.50   32.00    132.00     2.00   5.88    0.12     4.12    0.00      0.00     0.00   0.00    0.00     0.00    0.00    0.00    0.11   4.50


10/05/2026 09:39:19 PM
Device            r/s     rkB/s   rrqm/s  %rrqm r_await rareq-sz     w/s     wkB/s   wrqm/s  %wrqm w_await wareq-sz     d/s     dkB/s   drqm/s  %drqm d_await dareq-sz     f/s f_await  aqu-sz  %util
nvme0n1        239.00   4588.00     0.00   0.00    0.20    19.20 1056.00   4640.00   103.00   8.89    0.26     4.39    0.00      0.00     0.00   0.00    0.00     0.00    1.00    2.00    0.32   5.60


10/05/2026 09:39:20 PM
Device            r/s     rkB/s   rrqm/s  %rrqm r_await rareq-sz     w/s     wkB/s   wrqm/s  %wrqm w_await wareq-sz     d/s     dkB/s   drqm/s  %drqm d_await dareq-sz     f/s f_await  aqu-sz  %util
nvme0n1        606.00  33980.00     0.00   0.00    0.34    56.07  854.00  25604.00  5547.00  86.66    5.30    29.98    0.00      0.00     0.00   0.00    0.00     0.00    0.00    0.00    4.73  15.00


10/05/2026 09:39:21 PM
Device            r/s     rkB/s   rrqm/s  %rrqm r_await rareq-sz     w/s     wkB/s   wrqm/s  %wrqm w_await wareq-sz     d/s     dkB/s   drqm/s  %drqm d_await dareq-sz     f/s f_await  aqu-sz  %util
nvme0n1       1251.00  32196.00    61.00   4.65    0.12    25.74    2.00     12.00     1.00  33.33    0.00     6.00    0.00      0.00     0.00   0.00    0.00     0.00    0.00    0.00    0.15  10.60


10/05/2026 09:39:22 PM
Device            r/s     rkB/s   rrqm/s  %rrqm r_await rareq-sz     w/s     wkB/s   wrqm/s  %wrqm w_await wareq-sz     d/s     dkB/s   drqm/s  %drqm d_await dareq-sz     f/s f_await  aqu-sz  %util
nvme0n1        378.00  15532.00     0.00   0.00    0.24    41.09    0.00      0.00     0.00   0.00    0.00     0.00    0.00      0.00     0.00   0.00    0.00     0.00    0.00    0.00    0.09   4.60


10/05/2026 09:39:23 PM
Device            r/s     rkB/s   rrqm/s  %rrqm r_await rareq-sz     w/s     wkB/s   wrqm/s  %wrqm w_await wareq-sz     d/s     dkB/s   drqm/s  %drqm d_await dareq-sz     f/s f_await  aqu-sz  %util
nvme0n1        329.00   8496.00     0.00   0.00    0.21    25.82    1.00      4.00    13.00  92.86    0.00     4.00    0.00      0.00     0.00   0.00    0.00     0.00    0.00    0.00    0.07   4.10


10/05/2026 09:39:24 PM
Device            r/s     rkB/s   rrqm/s  %rrqm r_await rareq-sz     w/s     wkB/s   wrqm/s  %wrqm w_await wareq-sz     d/s     dkB/s   drqm/s  %drqm d_await dareq-sz     f/s f_await  aqu-sz  %util
nvme0n1        324.00   8292.00     0.00   0.00    0.19    25.59   15.00    108.00     0.00   0.00    0.87     7.20    0.00      0.00     0.00   0.00    0.00     0.00    1.00    2.00    0.08   4.40


10/05/2026 09:39:25 PM
Device            r/s     rkB/s   rrqm/s  %rrqm r_await rareq-sz     w/s     wkB/s   wrqm/s  %wrqm w_await wareq-sz     d/s     dkB/s   drqm/s  %drqm d_await dareq-sz     f/s f_await  aqu-sz  %util
nvme0n1        540.00  22856.00     0.00   0.00    0.23    42.33    0.00      0.00     0.00   0.00    0.00     0.00    0.00      0.00     0.00   0.00    0.00     0.00    0.00    0.00    0.12   5.00


10/05/2026 09:39:26 PM
Device            r/s     rkB/s   rrqm/s  %rrqm r_await rareq-sz     w/s     wkB/s   wrqm/s  %wrqm w_await wareq-sz     d/s     dkB/s   drqm/s  %drqm d_await dareq-sz     f/s f_await  aqu-sz  %util
nvme0n1        558.00  23720.00     0.00   0.00    0.25    42.51   93.00    492.00     2.00   2.11    0.12     5.29    0.00      0.00     0.00   0.00    0.00     0.00    0.00    0.00    0.15   6.40


10/05/2026 09:39:27 PM
Device            r/s     rkB/s   rrqm/s  %rrqm r_await rareq-sz     w/s     wkB/s   wrqm/s  %wrqm w_await wareq-sz     d/s     dkB/s   drqm/s  %drqm d_await dareq-sz     f/s f_await  aqu-sz  %util
nvme0n1        295.00   7760.00     0.00   0.00    0.23    26.31   74.00    304.00     2.00   2.63    0.72     4.11    0.00      0.00     0.00   0.00    0.00     0.00    0.00    0.00    0.12   4.40


10/05/2026 09:39:28 PM
Device            r/s     rkB/s   rrqm/s  %rrqm r_await rareq-sz     w/s     wkB/s   wrqm/s  %wrqm w_await wareq-sz     d/s     dkB/s   drqm/s  %drqm d_await dareq-sz     f/s f_await  aqu-sz  %util
nvme0n1        297.00   8092.00     0.00   0.00    0.21    27.25    0.00      0.00     5.00 100.00    0.00     0.00    0.00      0.00     0.00   0.00    0.00     0.00    0.00    0.00    0.06   3.70


10/05/2026 09:39:29 PM
Device            r/s     rkB/s   rrqm/s  %rrqm r_await rareq-sz     w/s     wkB/s   wrqm/s  %wrqm w_await wareq-sz     d/s     dkB/s   drqm/s  %drqm d_await dareq-sz     f/s f_await  aqu-sz  %util
nvme0n1        460.00  18304.00     0.00   0.00    0.22    39.79    3.00     28.00     0.00   0.00    1.67     9.33    0.00      0.00     0.00   0.00    0.00     0.00    1.00    2.00    0.11   4.80


10/05/2026 09:39:30 PM
Device            r/s     rkB/s   rrqm/s  %rrqm r_await rareq-sz     w/s     wkB/s   wrqm/s  %wrqm w_await wareq-sz     d/s     dkB/s   drqm/s  %drqm d_await dareq-sz     f/s f_await  aqu-sz  %util
nvme0n1        306.00  10688.00     0.00   0.00    0.24    34.93    1.00      4.00     0.00   0.00    0.00     4.00    0.00      0.00     0.00   0.00    0.00     0.00    0.00    0.00    0.07   4.00


10/05/2026 09:39:31 PM
Device            r/s     rkB/s   rrqm/s  %rrqm r_await rareq-sz     w/s     wkB/s   wrqm/s  %wrqm w_await wareq-sz     d/s     dkB/s   drqm/s  %drqm d_await dareq-sz     f/s f_await  aqu-sz  %util
nvme0n1        274.00   7084.00     0.00   0.00    0.23    25.85    0.00      0.00     0.00   0.00    0.00     0.00    0.00      0.00     0.00   0.00    0.00     0.00    0.00    0.00    0.06   3.90


10/05/2026 09:39:32 PM
Device            r/s     rkB/s   rrqm/s  %rrqm r_await rareq-sz     w/s     wkB/s   wrqm/s  %wrqm w_await wareq-sz     d/s     dkB/s   drqm/s  %drqm d_await dareq-sz     f/s f_await  aqu-sz  %util
nvme0n1        221.00   3336.00     0.00   0.00    0.24    15.10    0.00      0.00     0.00   0.00    0.00     0.00    0.00      0.00     0.00   0.00    0.00     0.00    0.00    0.00    0.05   4.80


10/05/2026 09:39:33 PM
Device            r/s     rkB/s   rrqm/s  %rrqm r_await rareq-sz     w/s     wkB/s   wrqm/s  %wrqm w_await wareq-sz     d/s     dkB/s   drqm/s  %drqm d_await dareq-sz     f/s f_await  aqu-sz  %util
nvme0n1        247.00   4344.00     0.00   0.00    0.21    17.59    1.00      8.00     5.00  83.33    1.00     8.00    0.00      0.00     0.00   0.00    0.00     0.00    0.00    0.00    0.05   4.10


10/05/2026 09:39:34 PM
Device            r/s     rkB/s   rrqm/s  %rrqm r_await rareq-sz     w/s     wkB/s   wrqm/s  %wrqm w_await wareq-sz     d/s     dkB/s   drqm/s  %drqm d_await dareq-sz     f/s f_await  aqu-sz  %util
nvme0n1        464.00  19192.00     0.00   0.00    0.23    41.36    9.00     48.00     0.00   0.00    0.33     5.33    0.00      0.00     0.00   0.00    0.00     0.00    1.00    1.00    0.11   4.80


10/05/2026 09:39:35 PM
Device            r/s     rkB/s   rrqm/s  %rrqm r_await rareq-sz     w/s     wkB/s   wrqm/s  %wrqm w_await wareq-sz     d/s     dkB/s   drqm/s  %drqm d_await dareq-sz     f/s f_await  aqu-sz  %util
nvme0n1        565.00  24712.00     0.00   0.00    0.21    43.74    0.00      0.00     0.00   0.00    0.00     0.00    0.00      0.00     0.00   0.00    0.00     0.00    0.00    0.00    0.12   5.00


10/05/2026 09:39:36 PM
Device            r/s     rkB/s   rrqm/s  %rrqm r_await rareq-sz     w/s     wkB/s   wrqm/s  %wrqm w_await wareq-sz     d/s     dkB/s   drqm/s  %drqm d_await dareq-sz     f/s f_await  aqu-sz  %util
nvme0n1        253.00   5952.00     0.00   0.00    0.21    23.53    1.00      4.00     0.00   0.00    1.00     4.00    0.00      0.00     0.00   0.00    0.00     0.00    0.00    0.00    0.05   3.60


10/05/2026 09:39:37 PM
Device            r/s     rkB/s   rrqm/s  %rrqm r_await rareq-sz     w/s     wkB/s   wrqm/s  %wrqm w_await wareq-sz     d/s     dkB/s   drqm/s  %drqm d_await dareq-sz     f/s f_await  aqu-sz  %util
nvme0n1        348.00  12684.00     0.00   0.00    0.21    36.45   33.00    156.00     6.00  15.38    1.24     4.73    0.00      0.00     0.00   0.00    0.00     0.00    0.00    0.00    0.12   5.60


10/05/2026 09:39:38 PM
Device            r/s     rkB/s   rrqm/s  %rrqm r_await rareq-sz     w/s     wkB/s   wrqm/s  %wrqm w_await wareq-sz     d/s     dkB/s   drqm/s  %drqm d_await dareq-sz     f/s f_await  aqu-sz  %util
nvme0n1        318.00   9580.00     0.00   0.00    0.20    30.13    0.00      0.00     2.00 100.00    0.00     0.00    0.00      0.00     0.00   0.00    0.00     0.00    0.00    0.00    0.06   4.50


10/05/2026 09:39:39 PM
Device            r/s     rkB/s   rrqm/s  %rrqm r_await rareq-sz     w/s     wkB/s   wrqm/s  %wrqm w_await wareq-sz     d/s     dkB/s   drqm/s  %drqm d_await dareq-sz     f/s f_await  aqu-sz  %util
nvme0n1        468.00  19572.00     0.00   0.00    0.22    41.82    4.00     24.00     1.00  20.00    1.00     6.00    0.00      0.00     0.00   0.00    0.00     0.00    1.00    2.00    0.11   5.00


10/05/2026 09:39:40 PM
Device            r/s     rkB/s   rrqm/s  %rrqm r_await rareq-sz     w/s     wkB/s   wrqm/s  %wrqm w_await wareq-sz     d/s     dkB/s   drqm/s  %drqm d_await dareq-sz     f/s f_await  aqu-sz  %util
nvme0n1        294.00   9780.00     0.00   0.00    0.23    33.27    0.00      0.00     0.00   0.00    0.00     0.00    0.00      0.00     0.00   0.00    0.00     0.00    0.00    0.00    0.07   4.20


10/05/2026 09:39:41 PM
Device            r/s     rkB/s   rrqm/s  %rrqm r_await rareq-sz     w/s     wkB/s   wrqm/s  %wrqm w_await wareq-sz     d/s     dkB/s   drqm/s  %drqm d_await dareq-sz     f/s f_await  aqu-sz  %util
nvme0n1        283.00   8368.00     0.00   0.00    0.24    29.57    0.00      0.00     0.00   0.00    0.00     0.00    0.00      0.00     0.00   0.00    0.00     0.00    0.00    0.00    0.07   4.50


10/05/2026 09:39:42 PM
Device            r/s     rkB/s   rrqm/s  %rrqm r_await rareq-sz     w/s     wkB/s   wrqm/s  %wrqm w_await wareq-sz     d/s     dkB/s   drqm/s  %drqm d_await dareq-sz     f/s f_await  aqu-sz  %util
nvme0n1        322.00  11616.00     0.00   0.00    0.24    36.07    1.00      8.00     1.00  50.00    1.00     8.00    0.00      0.00     0.00   0.00    0.00     0.00    0.00    0.00    0.08   4.80


10/05/2026 09:39:43 PM
Device            r/s     rkB/s   rrqm/s  %rrqm r_await rareq-sz     w/s     wkB/s   wrqm/s  %wrqm w_await wareq-sz     d/s     dkB/s   drqm/s  %drqm d_await dareq-sz     f/s f_await  aqu-sz  %util
nvme0n1        588.00  25060.00    16.00   2.65    0.19    42.62   38.00    156.00     1.00   2.56    0.39     4.11    0.00      0.00     0.00   0.00    0.00     0.00    0.00    0.00    0.13   4.50


10/05/2026 09:39:44 PM
Device            r/s     rkB/s   rrqm/s  %rrqm r_await rareq-sz     w/s     wkB/s   wrqm/s  %wrqm w_await wareq-sz     d/s     dkB/s   drqm/s  %drqm d_await dareq-sz     f/s f_await  aqu-sz  %util
nvme0n1       6956.00 106228.00 11290.00  61.88    0.07    15.27    3.00     48.00    10.00  76.92    0.33    16.00    0.00      0.00     0.00   0.00    0.00     0.00    1.00    1.00    0.51  45.50


10/05/2026 09:39:45 PM
Device            r/s     rkB/s   rrqm/s  %rrqm r_await rareq-sz     w/s     wkB/s   wrqm/s  %wrqm w_await wareq-sz     d/s     dkB/s   drqm/s  %drqm d_await dareq-sz     f/s f_await  aqu-sz  %util
nvme0n1       1340.00 133204.00   144.00   9.70    0.15    99.41    1.00      4.00     0.00   0.00    0.00     4.00    0.00      0.00     0.00   0.00    0.00     0.00    0.00    0.00    0.21  12.10


10/05/2026 09:39:46 PM
Device            r/s     rkB/s   rrqm/s  %rrqm r_await rareq-sz     w/s     wkB/s   wrqm/s  %wrqm w_await wareq-sz     d/s     dkB/s   drqm/s  %drqm d_await dareq-sz     f/s f_await  aqu-sz  %util
nvme0n1         55.00   1204.00     9.00  14.06    0.47    21.89    0.00      0.00     0.00   0.00    0.00     0.00    0.00      0.00     0.00   0.00    0.00     0.00    0.00    0.00    0.03   0.70


10/05/2026 09:39:47 PM
Device            r/s     rkB/s   rrqm/s  %rrqm r_await rareq-sz     w/s     wkB/s   wrqm/s  %wrqm w_await wareq-sz     d/s     dkB/s   drqm/s  %drqm d_await dareq-sz     f/s f_await  aqu-sz  %util
nvme0n1        984.00  70296.00    61.00   5.84    0.12    71.44    1.00      8.00     0.00   0.00    0.00     8.00    0.00      0.00     0.00   0.00    0.00     0.00    0.00    0.00    0.11  10.30


10/05/2026 09:39:48 PM
Device            r/s     rkB/s   rrqm/s  %rrqm r_await rareq-sz     w/s     wkB/s   wrqm/s  %wrqm w_await wareq-sz     d/s     dkB/s   drqm/s  %drqm d_await dareq-sz     f/s f_await  aqu-sz  %util
nvme0n1          0.00      0.00     0.00   0.00    0.00     0.00   53.00    228.00     2.00   3.64    0.64     4.30    0.00      0.00     0.00   0.00    0.00     0.00    0.00    0.00    0.03   0.40


10/05/2026 09:39:49 PM
Device            r/s     rkB/s   rrqm/s  %rrqm r_await rareq-sz     w/s     wkB/s   wrqm/s  %wrqm w_await wareq-sz     d/s     dkB/s   drqm/s  %drqm d_await dareq-sz     f/s f_await  aqu-sz  %util
nvme0n1        264.00  26260.00     0.00   0.00    0.23    99.47    4.00     16.00    13.00  76.47    1.00     4.00    0.00      0.00     0.00   0.00    0.00     0.00    0.00    0.00    0.07   5.80


10/05/2026 09:39:50 PM
Device            r/s     rkB/s   rrqm/s  %rrqm r_await rareq-sz     w/s     wkB/s   wrqm/s  %wrqm w_await wareq-sz     d/s     dkB/s   drqm/s  %drqm d_await dareq-sz     f/s f_await  aqu-sz  %util
nvme0n1       8253.00 1024172.00     0.00   0.00    0.21   124.10    3.00     60.00     0.00   0.00    2.00    20.00    0.00      0.00     0.00   0.00    0.00     0.00    1.00    2.00    1.76  46.50


10/05/2026 09:39:51 PM
Device            r/s     rkB/s   rrqm/s  %rrqm r_await rareq-sz     w/s     wkB/s   wrqm/s  %wrqm w_await wareq-sz     d/s     dkB/s   drqm/s  %drqm d_await dareq-sz     f/s f_await  aqu-sz  %util
nvme0n1       9187.00 1124424.00     0.00   0.00    0.20   122.39  345.00   1428.00    12.00   3.36    1.00     4.14    0.00      0.00     0.00   0.00    0.00     0.00    0.00    0.00    2.20  52.60


10/05/2026 09:39:52 PM
Device            r/s     rkB/s   rrqm/s  %rrqm r_await rareq-sz     w/s     wkB/s   wrqm/s  %wrqm w_await wareq-sz     d/s     dkB/s   drqm/s  %drqm d_await dareq-sz     f/s f_await  aqu-sz  %util
nvme0n1       8254.00 1019092.00     0.00   0.00    0.21   123.47   60.00    252.00     3.00   4.76    7.60     4.20    0.00      0.00     0.00   0.00    0.00     0.00    0.00    0.00    2.21  49.30


10/05/2026 09:39:53 PM
Device            r/s     rkB/s   rrqm/s  %rrqm r_await rareq-sz     w/s     wkB/s   wrqm/s  %wrqm w_await wareq-sz     d/s     dkB/s   drqm/s  %drqm d_await dareq-sz     f/s f_await  aqu-sz  %util
nvme0n1       10027.00 1251628.00     0.00   0.00    0.21   124.83    0.00      0.00     0.00   0.00    0.00     0.00    0.00      0.00     0.00   0.00    0.00     0.00    0.00    0.00    2.08  55.00


10/05/2026 09:39:54 PM
Device            r/s     rkB/s   rrqm/s  %rrqm r_await rareq-sz     w/s     wkB/s   wrqm/s  %wrqm w_await wareq-sz     d/s     dkB/s   drqm/s  %drqm d_await dareq-sz     f/s f_await  aqu-sz  %util
nvme0n1       10003.00 1256924.00     0.00   0.00    0.21   125.65  116.00    656.00    19.00  14.07    1.89     5.66    0.00      0.00     0.00   0.00    0.00     0.00    0.00    0.00    2.29  55.70


10/05/2026 09:39:55 PM
Device            r/s     rkB/s   rrqm/s  %rrqm r_await rareq-sz     w/s     wkB/s   wrqm/s  %wrqm w_await wareq-sz     d/s     dkB/s   drqm/s  %drqm d_await dareq-sz     f/s f_await  aqu-sz  %util
nvme0n1       9726.00 1224300.00     0.00   0.00    0.22   125.88   68.00    292.00     6.00   8.11   17.56     4.29    0.00      0.00     0.00   0.00    0.00     0.00    1.00    1.00    3.30  54.30


10/05/2026 09:39:56 PM
Device            r/s     rkB/s   rrqm/s  %rrqm r_await rareq-sz     w/s     wkB/s   wrqm/s  %wrqm w_await wareq-sz     d/s     dkB/s   drqm/s  %drqm d_await dareq-sz     f/s f_await  aqu-sz  %util
nvme0n1       9244.00 1153500.00     0.00   0.00    0.22   124.78    2.00     40.00     8.00  80.00    9.50    20.00    0.00      0.00     0.00   0.00    0.00     0.00    0.00    0.00    2.02  57.50


10/05/2026 09:39:57 PM
Device            r/s     rkB/s   rrqm/s  %rrqm r_await rareq-sz     w/s     wkB/s   wrqm/s  %wrqm w_await wareq-sz     d/s     dkB/s   drqm/s  %drqm d_await dareq-sz     f/s f_await  aqu-sz  %util
nvme0n1       10584.00 1334092.00     0.00   0.00    0.21   126.05    1.00      4.00     0.00   0.00    0.00     4.00    0.00      0.00     0.00   0.00    0.00     0.00    0.00    0.00    2.24  53.70


10/05/2026 09:39:58 PM
Device            r/s     rkB/s   rrqm/s  %rrqm r_await rareq-sz     w/s     wkB/s   wrqm/s  %wrqm w_await wareq-sz     d/s     dkB/s   drqm/s  %drqm d_await dareq-sz     f/s f_await  aqu-sz  %util
nvme0n1       11011.00 1390148.00     0.00   0.00    0.21   126.25    0.00      0.00     0.00   0.00    0.00     0.00    0.00      0.00     0.00   0.00    0.00     0.00    0.00    0.00    2.32  56.60


10/05/2026 09:39:59 PM
Device            r/s     rkB/s   rrqm/s  %rrqm r_await rareq-sz     w/s     wkB/s   wrqm/s  %wrqm w_await wareq-sz     d/s     dkB/s   drqm/s  %drqm d_await dareq-sz     f/s f_await  aqu-sz  %util
nvme0n1       10651.00 1348228.00     0.00   0.00    0.22   126.58    0.00      0.00     2.00 100.00    0.00     0.00    0.00      0.00     0.00   0.00    0.00     0.00    0.00    0.00    2.33  54.80


10/05/2026 09:40:00 PM
Device            r/s     rkB/s   rrqm/s  %rrqm r_await rareq-sz     w/s     wkB/s   wrqm/s  %wrqm w_await wareq-sz     d/s     dkB/s   drqm/s  %drqm d_await dareq-sz     f/s f_await  aqu-sz  %util
nvme0n1       10473.00 1299960.00     0.00   0.00    0.20   124.12   24.00    104.00     1.00   4.00    0.83     4.33    0.00      0.00     0.00   0.00    0.00     0.00    1.00    1.00    2.14  60.20


10/05/2026 09:40:01 PM
Device            r/s     rkB/s   rrqm/s  %rrqm r_await rareq-sz     w/s     wkB/s   wrqm/s  %wrqm w_await wareq-sz     d/s     dkB/s   drqm/s  %drqm d_await dareq-sz     f/s f_await  aqu-sz  %util
nvme0n1       10952.00 1365776.00     0.00   0.00    0.20   124.71   53.00    232.00     5.00   8.62   16.45     4.38    0.00      0.00     0.00   0.00    0.00     0.00    0.00    0.00    3.11  55.80


10/05/2026 09:40:02 PM
Device            r/s     rkB/s   rrqm/s  %rrqm r_await rareq-sz     w/s     wkB/s   wrqm/s  %wrqm w_await wareq-sz     d/s     dkB/s   drqm/s  %drqm d_await dareq-sz     f/s f_await  aqu-sz  %util
nvme0n1       11638.00 1420964.00   303.00   2.54    0.21   122.10  412.00   1772.00    31.00   7.00    4.66     4.30    0.00      0.00     0.00   0.00    0.00     0.00    0.00    0.00    4.36  55.40


10/05/2026 09:40:03 PM
Device            r/s     rkB/s   rrqm/s  %rrqm r_await rareq-sz     w/s     wkB/s   wrqm/s  %wrqm w_await wareq-sz     d/s     dkB/s   drqm/s  %drqm d_await dareq-sz     f/s f_await  aqu-sz  %util
nvme0n1       11540.00 1450432.00     0.00   0.00    0.21   125.69  356.00   1476.00    13.00   3.52    5.34     4.15    0.00      0.00     0.00   0.00    0.00     0.00    0.00    0.00    4.30  53.20


10/05/2026 09:40:04 PM
Device            r/s     rkB/s   rrqm/s  %rrqm r_await rareq-sz     w/s     wkB/s   wrqm/s  %wrqm w_await wareq-sz     d/s     dkB/s   drqm/s  %drqm d_await dareq-sz     f/s f_await  aqu-sz  %util
nvme0n1       12105.00 1529020.00     0.00   0.00    0.20   126.31  396.00   1596.00     3.00   0.75    6.12     4.03    0.00      0.00     0.00   0.00    0.00     0.00    0.00    0.00    4.84  55.00


10/05/2026 09:40:05 PM
Device            r/s     rkB/s   rrqm/s  %rrqm r_await rareq-sz     w/s     wkB/s   wrqm/s  %wrqm w_await wareq-sz     d/s     dkB/s   drqm/s  %drqm d_await dareq-sz     f/s f_await  aqu-sz  %util
nvme0n1       9556.00 1217256.00     0.00   0.00    0.29   127.38 2279.00  50268.00 16279.00  87.72   22.83    22.06    0.00      0.00     0.00   0.00    0.00     0.00    0.00    0.00   54.81  60.30


10/05/2026 09:40:06 PM
Device            r/s     rkB/s   rrqm/s  %rrqm r_await rareq-sz     w/s     wkB/s   wrqm/s  %wrqm w_await wareq-sz     d/s     dkB/s   drqm/s  %drqm d_await dareq-sz     f/s f_await  aqu-sz  %util
nvme0n1       11117.00 1362420.00   343.00   2.99    0.23   122.55 1806.00 164440.00 33303.00  94.86   34.29    91.05    0.00      0.00     0.00   0.00    0.00     0.00    1.00   23.00   64.55  53.70


10/05/2026 09:40:07 PM
Device            r/s     rkB/s   rrqm/s  %rrqm r_await rareq-sz     w/s     wkB/s   wrqm/s  %wrqm w_await wareq-sz     d/s     dkB/s   drqm/s  %drqm d_await dareq-sz     f/s f_await  aqu-sz  %util
nvme0n1       12184.00 1541948.00    28.00   0.23    0.17   126.56   22.00    116.00     7.00  24.14   28.23     5.27    0.00      0.00     0.00   0.00    0.00     0.00    0.00    0.00    2.70  49.20


10/05/2026 09:40:08 PM
Device            r/s     rkB/s   rrqm/s  %rrqm r_await rareq-sz     w/s     wkB/s   wrqm/s  %wrqm w_await wareq-sz     d/s     dkB/s   drqm/s  %drqm d_await dareq-sz     f/s f_await  aqu-sz  %util
nvme0n1       18157.00 1055404.00  3007.00  14.21    0.16    58.13    0.00      0.00     0.00   0.00    0.00     0.00    0.00      0.00     0.00   0.00    0.00     0.00    0.00    0.00    2.90  44.80


10/05/2026 09:40:09 PM
Device            r/s     rkB/s   rrqm/s  %rrqm r_await rareq-sz     w/s     wkB/s   wrqm/s  %wrqm w_await wareq-sz     d/s     dkB/s   drqm/s  %drqm d_await dareq-sz     f/s f_await  aqu-sz  %util
nvme0n1       19537.00 1238500.00   310.00   1.56    0.18    63.39   79.00    368.00    13.00  14.13   21.15     4.66    0.00      0.00     0.00   0.00    0.00     0.00    0.00    0.00    5.13  49.10


10/05/2026 09:40:10 PM
Device            r/s     rkB/s   rrqm/s  %rrqm r_await rareq-sz     w/s     wkB/s   wrqm/s  %wrqm w_await wareq-sz     d/s     dkB/s   drqm/s  %drqm d_await dareq-sz     f/s f_await  aqu-sz  %util
nvme0n1       19698.00 1284976.00     0.00   0.00    0.18    65.23  151.00    676.00    18.00  10.65   13.52     4.48    0.00      0.00     0.00   0.00    0.00     0.00    0.00    0.00    5.59  49.40


10/05/2026 09:40:11 PM
Device            r/s     rkB/s   rrqm/s  %rrqm r_await rareq-sz     w/s     wkB/s   wrqm/s  %wrqm w_await wareq-sz     d/s     dkB/s   drqm/s  %drqm d_await dareq-sz     f/s f_await  aqu-sz  %util
nvme0n1       15038.00 981836.00     4.00   0.03    0.18    65.29  255.00   1060.00    11.00   4.14   19.85     4.16    0.00      0.00     0.00   0.00    0.00     0.00    1.00    1.00    7.72  47.70


10/05/2026 09:40:12 PM
Device            r/s     rkB/s   rrqm/s  %rrqm r_await rareq-sz     w/s     wkB/s   wrqm/s  %wrqm w_await wareq-sz     d/s     dkB/s   drqm/s  %drqm d_await dareq-sz     f/s f_await  aqu-sz  %util
nvme0n1       12259.00 825192.00     0.00   0.00    0.18    67.31  107.00    484.00    14.00  11.57   15.49     4.52    0.00      0.00     0.00   0.00    0.00     0.00    0.00    0.00    3.87  32.90


10/05/2026 09:40:13 PM
Device            r/s     rkB/s   rrqm/s  %rrqm r_await rareq-sz     w/s     wkB/s   wrqm/s  %wrqm w_await wareq-sz     d/s     dkB/s   drqm/s  %drqm d_await dareq-sz     f/s f_await  aqu-sz  %util
nvme0n1       13750.00 620920.00   201.00   1.44    0.14    45.16   68.00    320.00    12.00  15.00   43.93     4.71    0.00      0.00     0.00   0.00    0.00     0.00    0.00    0.00    4.87  44.90


10/05/2026 09:40:14 PM
Device            r/s     rkB/s   rrqm/s  %rrqm r_await rareq-sz     w/s     wkB/s   wrqm/s  %wrqm w_await wareq-sz     d/s     dkB/s   drqm/s  %drqm d_await dareq-sz     f/s f_await  aqu-sz  %util
nvme0n1       7179.00 477124.00     0.00   0.00    0.18    66.46    0.00      0.00     0.00   0.00    0.00     0.00    0.00      0.00     0.00   0.00    0.00     0.00    0.00    0.00    1.30  24.40


10/05/2026 09:40:15 PM
Device            r/s     rkB/s   rrqm/s  %rrqm r_await rareq-sz     w/s     wkB/s   wrqm/s  %wrqm w_await wareq-sz     d/s     dkB/s   drqm/s  %drqm d_await dareq-sz     f/s f_await  aqu-sz  %util
nvme0n1       6549.00 432460.00     1.00   0.02    0.18    66.03    0.00      0.00     0.00   0.00    0.00     0.00    0.00      0.00     0.00   0.00    0.00     0.00    0.00    0.00    1.16  21.60


10/05/2026 09:40:16 PM
Device            r/s     rkB/s   rrqm/s  %rrqm r_await rareq-sz     w/s     wkB/s   wrqm/s  %wrqm w_await wareq-sz     d/s     dkB/s   drqm/s  %drqm d_await dareq-sz     f/s f_await  aqu-sz  %util
nvme0n1       6345.00 403760.00     0.00   0.00    0.17    63.63    0.00      0.00     8.00 100.00    0.00     0.00    0.00      0.00     0.00   0.00    0.00     0.00    0.00    0.00    1.11  19.90


10/05/2026 09:40:17 PM
Device            r/s     rkB/s   rrqm/s  %rrqm r_await rareq-sz     w/s     wkB/s   wrqm/s  %wrqm w_await wareq-sz     d/s     dkB/s   drqm/s  %drqm d_await dareq-sz     f/s f_await  aqu-sz  %util
nvme0n1       7530.00 476536.00     0.00   0.00    0.18    63.28    3.00     40.00     0.00   0.00    1.00    13.33    0.00      0.00     0.00   0.00    0.00     0.00    1.00    1.00    1.36  25.20


10/05/2026 09:40:18 PM
Device            r/s     rkB/s   rrqm/s  %rrqm r_await rareq-sz     w/s     wkB/s   wrqm/s  %wrqm w_await wareq-sz     d/s     dkB/s   drqm/s  %drqm d_await dareq-sz     f/s f_await  aqu-sz  %util
nvme0n1       4974.00 325340.00     0.00   0.00    0.18    65.41   33.00    140.00     1.00   2.94    0.12     4.24    0.00      0.00     0.00   0.00    0.00     0.00    0.00    0.00    0.92  19.50


10/05/2026 09:40:19 PM
Device            r/s     rkB/s   rrqm/s  %rrqm r_await rareq-sz     w/s     wkB/s   wrqm/s  %wrqm w_await wareq-sz     d/s     dkB/s   drqm/s  %drqm d_await dareq-sz     f/s f_await  aqu-sz  %util
nvme0n1       5730.00 371500.00     7.00   0.12    0.18    64.83  548.00   2320.00    32.00   5.52    4.26     4.23    0.00      0.00     0.00   0.00    0.00     0.00    0.00    0.00    3.39  26.00


10/05/2026 09:40:20 PM
Device            r/s     rkB/s   rrqm/s  %rrqm r_await rareq-sz     w/s     wkB/s   wrqm/s  %wrqm w_await wareq-sz     d/s     dkB/s   drqm/s  %drqm d_await dareq-sz     f/s f_await  aqu-sz  %util
nvme0n1       6711.00 462264.00     0.00   0.00    0.18    68.88   93.00    392.00     5.00   5.10   32.91     4.22    0.00      0.00     0.00   0.00    0.00     0.00    0.00    0.00    4.28  26.70


10/05/2026 09:40:21 PM
Device            r/s     rkB/s   rrqm/s  %rrqm r_await rareq-sz     w/s     wkB/s   wrqm/s  %wrqm w_await wareq-sz     d/s     dkB/s   drqm/s  %drqm d_await dareq-sz     f/s f_await  aqu-sz  %util
nvme0n1       4412.00 297672.00     0.00   0.00    0.18    67.47    1.00     20.00     4.00  80.00    0.00    20.00    0.00      0.00     0.00   0.00    0.00     0.00    0.00    0.00    0.79  17.60


10/05/2026 09:40:22 PM
Device            r/s     rkB/s   rrqm/s  %rrqm r_await rareq-sz     w/s     wkB/s   wrqm/s  %wrqm w_await wareq-sz     d/s     dkB/s   drqm/s  %drqm d_await dareq-sz     f/s f_await  aqu-sz  %util
nvme0n1       4843.00 253456.00    83.00   1.68    0.15    52.33   33.00    136.00     2.00   5.71   30.55     4.12    0.00      0.00     0.00   0.00    0.00     0.00    1.00    2.00    1.74  20.90


10/05/2026 09:40:23 PM
Device            r/s     rkB/s   rrqm/s  %rrqm r_await rareq-sz     w/s     wkB/s   wrqm/s  %wrqm w_await wareq-sz     d/s     dkB/s   drqm/s  %drqm d_await dareq-sz     f/s f_await  aqu-sz  %util
nvme0n1       5839.00 400932.00     2.00   0.03    0.18    68.66    1.00      4.00     0.00   0.00    0.00     4.00    0.00      0.00     0.00   0.00    0.00     0.00    0.00    0.00    1.06  22.60


10/05/2026 09:40:24 PM
Device            r/s     rkB/s   rrqm/s  %rrqm r_await rareq-sz     w/s     wkB/s   wrqm/s  %wrqm w_await wareq-sz     d/s     dkB/s   drqm/s  %drqm d_await dareq-sz     f/s f_await  aqu-sz  %util
nvme0n1       2293.00 144252.00     0.00   0.00    0.20    62.91    2.00      8.00     0.00   0.00    0.50     4.00    0.00      0.00     0.00   0.00    0.00     0.00    0.00    0.00    0.47  11.90


10/05/2026 09:40:25 PM
Device            r/s     rkB/s   rrqm/s  %rrqm r_await rareq-sz     w/s     wkB/s   wrqm/s  %wrqm w_await wareq-sz     d/s     dkB/s   drqm/s  %drqm d_await dareq-sz     f/s f_await  aqu-sz  %util
nvme0n1       3849.00 234164.00     0.00   0.00    0.18    60.84    0.00      0.00     0.00   0.00    0.00     0.00    0.00      0.00     0.00   0.00    0.00     0.00    0.00    0.00    0.71  14.40


10/05/2026 09:40:26 PM
Device            r/s     rkB/s   rrqm/s  %rrqm r_await rareq-sz     w/s     wkB/s   wrqm/s  %wrqm w_await wareq-sz     d/s     dkB/s   drqm/s  %drqm d_await dareq-sz     f/s f_await  aqu-sz  %util
nvme0n1       8859.00 614832.00     0.00   0.00    0.18    69.40    1.00     44.00    10.00  90.91    0.00    44.00    0.00      0.00     0.00   0.00    0.00     0.00    0.00    0.00    1.60  30.40


10/05/2026 09:40:27 PM
Device            r/s     rkB/s   rrqm/s  %rrqm r_await rareq-sz     w/s     wkB/s   wrqm/s  %wrqm w_await wareq-sz     d/s     dkB/s   drqm/s  %drqm d_await dareq-sz     f/s f_await  aqu-sz  %util
nvme0n1       8258.00 568272.00     0.00   0.00    0.18    68.81  111.00   1928.00   341.00  75.44    2.56    17.37    0.00      0.00     0.00   0.00    0.00     0.00    1.00    1.00    1.79  29.40


10/05/2026 09:40:28 PM
Device            r/s     rkB/s   rrqm/s  %rrqm r_await rareq-sz     w/s     wkB/s   wrqm/s  %wrqm w_await wareq-sz     d/s     dkB/s   drqm/s  %drqm d_await dareq-sz     f/s f_await  aqu-sz  %util
nvme0n1       4894.00 328708.00     0.00   0.00    0.18    67.17  171.00    708.00     6.00   3.39    9.36     4.14    0.00      0.00     0.00   0.00    0.00     0.00    0.00    0.00    2.50  25.00


10/05/2026 09:40:29 PM
Device            r/s     rkB/s   rrqm/s  %rrqm r_await rareq-sz     w/s     wkB/s   wrqm/s  %wrqm w_await wareq-sz     d/s     dkB/s   drqm/s  %drqm d_await dareq-sz     f/s f_await  aqu-sz  %util
nvme0n1       4008.00 271620.00     0.00   0.00    0.19    67.77   22.00     92.00     1.00   4.35   45.23     4.18    0.00      0.00     0.00   0.00    0.00     0.00    0.00    0.00    1.77  19.00


10/05/2026 09:40:30 PM
Device            r/s     rkB/s   rrqm/s  %rrqm r_await rareq-sz     w/s     wkB/s   wrqm/s  %wrqm w_await wareq-sz     d/s     dkB/s   drqm/s  %drqm d_await dareq-sz     f/s f_await  aqu-sz  %util
nvme0n1       3241.00 219780.00     0.00   0.00    0.20    67.81   33.00    148.00     4.00  10.81   44.39     4.48    0.00      0.00     0.00   0.00    0.00     0.00    0.00    0.00    2.13  19.70


10/05/2026 09:40:31 PM
Device            r/s     rkB/s   rrqm/s  %rrqm r_await rareq-sz     w/s     wkB/s   wrqm/s  %wrqm w_await wareq-sz     d/s     dkB/s   drqm/s  %drqm d_await dareq-sz     f/s f_await  aqu-sz  %util
nvme0n1       1784.00 113244.00     0.00   0.00    0.21    63.48    2.00     44.00     9.00  81.82    0.50    22.00    0.00      0.00     0.00   0.00    0.00     0.00    0.00    0.00    0.37  10.40


10/05/2026 09:40:32 PM
Device            r/s     rkB/s   rrqm/s  %rrqm r_await rareq-sz     w/s     wkB/s   wrqm/s  %wrqm w_await wareq-sz     d/s     dkB/s   drqm/s  %drqm d_await dareq-sz     f/s f_await  aqu-sz  %util
nvme0n1       2808.00 195648.00     0.00   0.00    0.20    69.68   22.00     84.00     0.00   0.00   12.82     3.82    0.00      0.00     0.00   0.00    0.00     0.00    1.00    0.00    0.85  17.40


10/05/2026 09:40:33 PM
Device            r/s     rkB/s   rrqm/s  %rrqm r_await rareq-sz     w/s     wkB/s   wrqm/s  %wrqm w_await wareq-sz     d/s     dkB/s   drqm/s  %drqm d_await dareq-sz     f/s f_await  aqu-sz  %util
nvme0n1       3287.00 225372.00     0.00   0.00    0.19    68.56    0.00      0.00     0.00   0.00    0.00     0.00    0.00      0.00     0.00   0.00    0.00     0.00    0.00    0.00    0.63  13.10


10/05/2026 09:40:34 PM
Device            r/s     rkB/s   rrqm/s  %rrqm r_await rareq-sz     w/s     wkB/s   wrqm/s  %wrqm w_await wareq-sz     d/s     dkB/s   drqm/s  %drqm d_await dareq-sz     f/s f_await  aqu-sz  %util
nvme0n1       6468.00 442300.00     0.00   0.00    0.18    68.38    0.00      0.00     0.00   0.00    0.00     0.00    0.00      0.00     0.00   0.00    0.00     0.00    0.00    0.00    1.17  25.40


10/05/2026 09:40:35 PM
Device            r/s     rkB/s   rrqm/s  %rrqm r_await rareq-sz     w/s     wkB/s   wrqm/s  %wrqm w_await wareq-sz     d/s     dkB/s   drqm/s  %drqm d_await dareq-sz     f/s f_await  aqu-sz  %util
nvme0n1       1994.00 120200.00     0.00   0.00    0.22    60.28    0.00      0.00     0.00   0.00    0.00     0.00    0.00      0.00     0.00   0.00    0.00     0.00    0.00    0.00    0.43  11.40


10/05/2026 09:40:36 PM
Device            r/s     rkB/s   rrqm/s  %rrqm r_await rareq-sz     w/s     wkB/s   wrqm/s  %wrqm w_await wareq-sz     d/s     dkB/s   drqm/s  %drqm d_await dareq-sz     f/s f_await  aqu-sz  %util
nvme0n1       4046.00 273824.00     0.00   0.00    0.19    67.68    2.00     16.00     2.00  50.00    0.00     8.00    0.00      0.00     0.00   0.00    0.00     0.00    0.00    0.00    0.75  18.00


10/05/2026 09:40:37 PM
Device            r/s     rkB/s   rrqm/s  %rrqm r_await rareq-sz     w/s     wkB/s   wrqm/s  %wrqm w_await wareq-sz     d/s     dkB/s   drqm/s  %drqm d_await dareq-sz     f/s f_await  aqu-sz  %util
nvme0n1       3744.00 256032.00     0.00   0.00    0.20    68.38    3.00      8.00     0.00   0.00    1.00     2.67    0.00      0.00     0.00   0.00    0.00     0.00    1.00    2.00    0.74  17.20


10/05/2026 09:40:38 PM
Device            r/s     rkB/s   rrqm/s  %rrqm r_await rareq-sz     w/s     wkB/s   wrqm/s  %wrqm w_await wareq-sz     d/s     dkB/s   drqm/s  %drqm d_await dareq-sz     f/s f_await  aqu-sz  %util
nvme0n1       2462.00 158564.00     0.00   0.00    0.20    64.40    0.00      0.00     0.00   0.00    0.00     0.00    0.00      0.00     0.00   0.00    0.00     0.00    0.00    0.00    0.49  11.60


10/05/2026 09:40:39 PM
Device            r/s     rkB/s   rrqm/s  %rrqm r_await rareq-sz     w/s     wkB/s   wrqm/s  %wrqm w_await wareq-sz     d/s     dkB/s   drqm/s  %drqm d_await dareq-sz     f/s f_await  aqu-sz  %util
nvme0n1       3327.00 219124.00     0.00   0.00    0.20    65.86    0.00      0.00     0.00   0.00    0.00     0.00    0.00      0.00     0.00   0.00    0.00     0.00    0.00    0.00    0.65  14.80


10/05/2026 09:40:40 PM
Device            r/s     rkB/s   rrqm/s  %rrqm r_await rareq-sz     w/s     wkB/s   wrqm/s  %wrqm w_await wareq-sz     d/s     dkB/s   drqm/s  %drqm d_await dareq-sz     f/s f_await  aqu-sz  %util
nvme0n1       5717.00 372064.00     0.00   0.00    0.18    65.08    0.00      0.00     0.00   0.00    0.00     0.00    0.00      0.00     0.00   0.00    0.00     0.00    0.00    0.00    1.02  24.20


10/05/2026 09:40:41 PM
Device            r/s     rkB/s   rrqm/s  %rrqm r_await rareq-sz     w/s     wkB/s   wrqm/s  %wrqm w_await wareq-sz     d/s     dkB/s   drqm/s  %drqm d_await dareq-sz     f/s f_await  aqu-sz  %util
nvme0n1       4635.00 321160.00     0.00   0.00    0.19    69.29    1.00     12.00     2.00  66.67    0.00    12.00    0.00      0.00     0.00   0.00    0.00     0.00    0.00    0.00    0.90  19.60


10/05/2026 09:40:42 PM
Device            r/s     rkB/s   rrqm/s  %rrqm r_await rareq-sz     w/s     wkB/s   wrqm/s  %wrqm w_await wareq-sz     d/s     dkB/s   drqm/s  %drqm d_await dareq-sz     f/s f_await  aqu-sz  %util
nvme0n1       2062.00 124948.00     0.00   0.00    0.22    60.60    5.00     16.00     0.00   0.00    0.80     3.20    0.00      0.00     0.00   0.00    0.00     0.00    1.00    1.00    0.46  11.50


10/05/2026 09:40:43 PM
Device            r/s     rkB/s   rrqm/s  %rrqm r_await rareq-sz     w/s     wkB/s   wrqm/s  %wrqm w_await wareq-sz     d/s     dkB/s   drqm/s  %drqm d_await dareq-sz     f/s f_await  aqu-sz  %util
nvme0n1       1897.00 105456.00     5.00   0.26    0.21    55.59    1.00      4.00     0.00   0.00    0.00     4.00    0.00      0.00     0.00   0.00    0.00     0.00    0.00    0.00    0.40  12.20


10/05/2026 09:40:44 PM
Device            r/s     rkB/s   rrqm/s  %rrqm r_await rareq-sz     w/s     wkB/s   wrqm/s  %wrqm w_await wareq-sz     d/s     dkB/s   drqm/s  %drqm d_await dareq-sz     f/s f_await  aqu-sz  %util
nvme0n1       2264.00 142704.00     2.00   0.09    0.22    63.03    0.00      0.00     0.00   0.00    0.00     0.00    0.00      0.00     0.00   0.00    0.00     0.00    0.00    0.00    0.50  13.10


10/05/2026 09:40:45 PM
Device            r/s     rkB/s   rrqm/s  %rrqm r_await rareq-sz     w/s     wkB/s   wrqm/s  %wrqm w_await wareq-sz     d/s     dkB/s   drqm/s  %drqm d_await dareq-sz     f/s f_await  aqu-sz  %util
nvme0n1       1716.00 104008.00     0.00   0.00    0.20    60.61    0.00      0.00     0.00   0.00    0.00     0.00    0.00      0.00     0.00   0.00    0.00     0.00    0.00    0.00    0.34   9.20


10/05/2026 09:40:46 PM
Device            r/s     rkB/s   rrqm/s  %rrqm r_await rareq-sz     w/s     wkB/s   wrqm/s  %wrqm w_await wareq-sz     d/s     dkB/s   drqm/s  %drqm d_await dareq-sz     f/s f_await  aqu-sz  %util
nvme0n1       1641.00 105212.00     0.00   0.00    0.22    64.11    0.00      0.00     0.00   0.00    0.00     0.00    0.00      0.00     0.00   0.00    0.00     0.00    0.00    0.00    0.37  10.70


10/05/2026 09:40:47 PM
Device            r/s     rkB/s   rrqm/s  %rrqm r_await rareq-sz     w/s     wkB/s   wrqm/s  %wrqm w_await wareq-sz     d/s     dkB/s   drqm/s  %drqm d_await dareq-sz     f/s f_await  aqu-sz  %util
nvme0n1       1589.00  94636.00     3.00   0.19    0.22    59.56    3.00     36.00     7.00  70.00    1.33    12.00    0.00      0.00     0.00   0.00    0.00     0.00    1.00    1.00    0.35   9.30


10/05/2026 09:40:48 PM
Device            r/s     rkB/s   rrqm/s  %rrqm r_await rareq-sz     w/s     wkB/s   wrqm/s  %wrqm w_await wareq-sz     d/s     dkB/s   drqm/s  %drqm d_await dareq-sz     f/s f_await  aqu-sz  %util
nvme0n1       1070.00  62800.00     0.00   0.00    0.24    58.69   32.00    136.00     1.00   3.03    0.28     4.25    0.00      0.00     0.00   0.00    0.00     0.00    0.00    0.00    0.27   7.60


10/05/2026 09:40:49 PM
Device            r/s     rkB/s   rrqm/s  %rrqm r_await rareq-sz     w/s     wkB/s   wrqm/s  %wrqm w_await wareq-sz     d/s     dkB/s   drqm/s  %drqm d_await dareq-sz     f/s f_await  aqu-sz  %util
nvme0n1       1374.00  81436.00     0.00   0.00    0.23    59.27    2.00      8.00     0.00   0.00    0.50     4.00    0.00      0.00     0.00   0.00    0.00     0.00    0.00    0.00    0.31   9.50


10/05/2026 09:40:50 PM
Device            r/s     rkB/s   rrqm/s  %rrqm r_await rareq-sz     w/s     wkB/s   wrqm/s  %wrqm w_await wareq-sz     d/s     dkB/s   drqm/s  %drqm d_await dareq-sz     f/s f_await  aqu-sz  %util
nvme0n1       2464.00 159624.00     0.00   0.00    0.21    64.78    0.00      0.00     0.00   0.00    0.00     0.00    0.00      0.00     0.00   0.00    0.00     0.00    0.00    0.00    0.51  12.90


10/05/2026 09:40:51 PM
Device            r/s     rkB/s   rrqm/s  %rrqm r_await rareq-sz     w/s     wkB/s   wrqm/s  %wrqm w_await wareq-sz     d/s     dkB/s   drqm/s  %drqm d_await dareq-sz     f/s f_await  aqu-sz  %util
nvme0n1       1953.00 129952.00     0.00   0.00    0.21    66.54    0.00      0.00     0.00   0.00    0.00     0.00    0.00      0.00     0.00   0.00    0.00     0.00    0.00    0.00    0.40  10.30


10/05/2026 09:40:52 PM
Device            r/s     rkB/s   rrqm/s  %rrqm r_await rareq-sz     w/s     wkB/s   wrqm/s  %wrqm w_await wareq-sz     d/s     dkB/s   drqm/s  %drqm d_await dareq-sz     f/s f_await  aqu-sz  %util
nvme0n1       1280.00  77888.00     0.00   0.00    0.21    60.85    4.00     44.00     7.00  63.64    0.25    11.00    0.00      0.00     0.00   0.00    0.00     0.00    0.00    0.00    0.27   8.70


10/05/2026 09:40:53 PM
Device            r/s     rkB/s   rrqm/s  %rrqm r_await rareq-sz     w/s     wkB/s   wrqm/s  %wrqm w_await wareq-sz     d/s     dkB/s   drqm/s  %drqm d_await dareq-sz     f/s f_await  aqu-sz  %util
nvme0n1       3951.00 168824.00    11.00   0.28    0.16    42.73   20.00     88.00     3.00  13.04   22.55     4.40    0.00      0.00     0.00   0.00    0.00     0.00    1.00    1.00    1.08  41.10


10/05/2026 09:40:54 PM
Device            r/s     rkB/s   rrqm/s  %rrqm r_await rareq-sz     w/s     wkB/s   wrqm/s  %wrqm w_await wareq-sz     d/s     dkB/s   drqm/s  %drqm d_await dareq-sz     f/s f_await  aqu-sz  %util
nvme0n1       6214.00  24856.00     0.00   0.00    0.14     4.00    1.00      4.00     0.00   0.00    0.00     4.00    0.00      0.00     0.00   0.00    0.00     0.00    0.00    0.00    0.89  90.20


10/05/2026 09:40:55 PM
Device            r/s     rkB/s   rrqm/s  %rrqm r_await rareq-sz     w/s     wkB/s   wrqm/s  %wrqm w_await wareq-sz     d/s     dkB/s   drqm/s  %drqm d_await dareq-sz     f/s f_await  aqu-sz  %util
nvme0n1       4102.00 349960.00   600.00  12.76    0.18    85.31   14.00     72.00     4.00  22.22   30.57     5.14    0.00      0.00     0.00   0.00    0.00     0.00    0.00    0.00    1.18  33.90


10/05/2026 09:40:56 PM
Device            r/s     rkB/s   rrqm/s  %rrqm r_await rareq-sz     w/s     wkB/s   wrqm/s  %wrqm w_await wareq-sz     d/s     dkB/s   drqm/s  %drqm d_await dareq-sz     f/s f_await  aqu-sz  %util
nvme0n1       3700.00 444780.00    10.00   0.27    0.22   120.21    0.00      0.00     0.00   0.00    0.00     0.00    0.00      0.00     0.00   0.00    0.00     0.00    0.00    0.00    0.83  33.00


10/05/2026 09:40:57 PM
Device            r/s     rkB/s   rrqm/s  %rrqm r_await rareq-sz     w/s     wkB/s   wrqm/s  %wrqm w_await wareq-sz     d/s     dkB/s   drqm/s  %drqm d_await dareq-sz     f/s f_await  aqu-sz  %util
nvme0n1       5821.00 730004.00     0.00   0.00    0.23   125.41    0.00     36.00     8.00 100.00    0.00     0.00    0.00      0.00     0.00   0.00    0.00     0.00    0.00    0.00    1.34  46.60


10/05/2026 09:40:58 PM
Device            r/s     rkB/s   rrqm/s  %rrqm r_await rareq-sz     w/s     wkB/s   wrqm/s  %wrqm w_await wareq-sz     d/s     dkB/s   drqm/s  %drqm d_await dareq-sz     f/s f_await  aqu-sz  %util
nvme0n1       5863.00 733576.00     0.00   0.00    0.22   125.12  109.00    540.00     1.00   0.91    0.06     4.95    0.00      0.00     0.00   0.00    0.00     0.00    1.00    1.00    1.31  45.80


10/05/2026 09:40:59 PM
Device            r/s     rkB/s   rrqm/s  %rrqm r_await rareq-sz     w/s     wkB/s   wrqm/s  %wrqm w_await wareq-sz     d/s     dkB/s   drqm/s  %drqm d_await dareq-sz     f/s f_await  aqu-sz  %util
nvme0n1       4807.00 594588.00     0.00   0.00    0.23   123.69  115.00    472.00     3.00   2.54   13.34     4.10    0.00      0.00     0.00   0.00    0.00     0.00    0.00    0.00    2.66  37.70


10/05/2026 09:41:00 PM
Device            r/s     rkB/s   rrqm/s  %rrqm r_await rareq-sz     w/s     wkB/s   wrqm/s  %wrqm w_await wareq-sz     d/s     dkB/s   drqm/s  %drqm d_await dareq-sz     f/s f_await  aqu-sz  %util
nvme0n1       5994.00 751872.00     0.00   0.00    0.22   125.44    1.00      8.00     1.00  50.00    0.00     8.00    0.00      0.00     0.00   0.00    0.00     0.00    0.00    0.00    1.32  46.70


10/05/2026 09:41:01 PM
Device            r/s     rkB/s   rrqm/s  %rrqm r_await rareq-sz     w/s     wkB/s   wrqm/s  %wrqm w_await wareq-sz     d/s     dkB/s   drqm/s  %drqm d_await dareq-sz     f/s f_await  aqu-sz  %util
nvme0n1       4537.00 559420.00    55.00   1.20    0.26   123.30  227.00   5160.00  1063.00  82.40    7.16    22.73    0.00      0.00     0.00   0.00    0.00     0.00    0.00    0.00    2.79  44.00


10/05/2026 09:41:02 PM
Device            r/s     rkB/s   rrqm/s  %rrqm r_await rareq-sz     w/s     wkB/s   wrqm/s  %wrqm w_await wareq-sz     d/s     dkB/s   drqm/s  %drqm d_await dareq-sz     f/s f_await  aqu-sz  %util
nvme0n1       3824.00 468680.00    60.00   1.54    0.24   122.56   99.00    436.00    10.00   9.17   19.71     4.40    0.00      0.00     0.00   0.00    0.00     0.00    0.00    0.00    2.86  34.10


10/05/2026 09:41:03 PM
Device            r/s     rkB/s   rrqm/s  %rrqm r_await rareq-sz     w/s     wkB/s   wrqm/s  %wrqm w_await wareq-sz     d/s     dkB/s   drqm/s  %drqm d_await dareq-sz     f/s f_await  aqu-sz  %util
nvme0n1       6493.00  80648.00     0.00   0.00    0.14    12.42    3.00     32.00     6.00  66.67   16.00    10.67    0.00      0.00     0.00   0.00    0.00     0.00    1.00    1.00    0.99  91.00


10/05/2026 09:41:04 PM
Device            r/s     rkB/s   rrqm/s  %rrqm r_await rareq-sz     w/s     wkB/s   wrqm/s  %wrqm w_await wareq-sz     d/s     dkB/s   drqm/s  %drqm d_await dareq-sz     f/s f_await  aqu-sz  %util
nvme0n1       3974.00 208860.00     3.00   0.08    0.18    52.56    0.00      0.00     0.00   0.00    0.00     0.00    0.00      0.00     0.00   0.00    0.00     0.00    0.00    0.00    0.73  48.60


10/05/2026 09:41:05 PM
Device            r/s     rkB/s   rrqm/s  %rrqm r_await rareq-sz     w/s     wkB/s   wrqm/s  %wrqm w_await wareq-sz     d/s     dkB/s   drqm/s  %drqm d_await dareq-sz     f/s f_await  aqu-sz  %util
nvme0n1       2815.84 345053.47     0.00   0.00    0.24   122.54   21.78     91.09     0.99   4.35    0.18     4.18    0.00      0.00     0.00   0.00    0.00     0.00    0.00    0.00    0.69  27.23


10/05/2026 09:41:06 PM
Device            r/s     rkB/s   rrqm/s  %rrqm r_await rareq-sz     w/s     wkB/s   wrqm/s  %wrqm w_await wareq-sz     d/s     dkB/s   drqm/s  %drqm d_await dareq-sz     f/s f_await  aqu-sz  %util
nvme0n1       3762.00 466172.00     0.00   0.00    0.24   123.92   77.00    328.00     5.00   6.10   15.95     4.26    0.00      0.00     0.00   0.00    0.00     0.00    0.00    0.00    2.13  30.10


10/05/2026 09:41:07 PM
Device            r/s     rkB/s   rrqm/s  %rrqm r_await rareq-sz     w/s     wkB/s   wrqm/s  %wrqm w_await wareq-sz     d/s     dkB/s   drqm/s  %drqm d_await dareq-sz     f/s f_await  aqu-sz  %util
nvme0n1       3512.00 436368.00     0.00   0.00    0.24   124.25   99.00    400.00     1.00   1.00   10.68     4.04    0.00      0.00     0.00   0.00    0.00     0.00    0.00    0.00    1.89  30.00


10/05/2026 09:41:08 PM
Device            r/s     rkB/s   rrqm/s  %rrqm r_await rareq-sz     w/s     wkB/s   wrqm/s  %wrqm w_await wareq-sz     d/s     dkB/s   drqm/s  %drqm d_await dareq-sz     f/s f_await  aqu-sz  %util
nvme0n1       2747.00 342564.00     0.00   0.00    0.24   124.70   32.00    132.00     5.00  13.51   13.69     4.12    0.00      0.00     0.00   0.00    0.00     0.00    0.00    0.00    1.08  23.90


10/05/2026 09:41:09 PM
Device            r/s     rkB/s   rrqm/s  %rrqm r_await rareq-sz     w/s     wkB/s   wrqm/s  %wrqm w_await wareq-sz     d/s     dkB/s   drqm/s  %drqm d_await dareq-sz     f/s f_await  aqu-sz  %util
nvme0n1       5719.00  86568.00     0.00   0.00    0.16    15.14    3.00     24.00     0.00   0.00    1.00     8.00    0.00      0.00     0.00   0.00    0.00     0.00    1.00    2.00    0.91  82.60


10/05/2026 09:41:10 PM
Device            r/s     rkB/s   rrqm/s  %rrqm r_await rareq-sz     w/s     wkB/s   wrqm/s  %wrqm w_await wareq-sz     d/s     dkB/s   drqm/s  %drqm d_await dareq-sz     f/s f_await  aqu-sz  %util
nvme0n1       3691.00  70784.00     0.00   0.00    0.19    19.18  371.00  17380.00  3974.00  91.46   24.16    46.85    0.00      0.00     0.00   0.00    0.00     0.00    0.00    0.00    9.68  63.10


10/05/2026 09:41:11 PM
Device            r/s     rkB/s   rrqm/s  %rrqm r_await rareq-sz     w/s     wkB/s   wrqm/s  %wrqm w_await wareq-sz     d/s     dkB/s   drqm/s  %drqm d_await dareq-sz     f/s f_await  aqu-sz  %util
nvme0n1       1853.00 224516.00    18.00   0.96    0.26   121.16    0.00      0.00     0.00   0.00    0.00     0.00    0.00      0.00     0.00   0.00    0.00     0.00    0.00    0.00    0.47  19.50


10/05/2026 09:41:12 PM
Device            r/s     rkB/s   rrqm/s  %rrqm r_await rareq-sz     w/s     wkB/s   wrqm/s  %wrqm w_await wareq-sz     d/s     dkB/s   drqm/s  %drqm d_await dareq-sz     f/s f_await  aqu-sz  %util
nvme0n1       3421.00 423504.00     0.00   0.00    0.24   123.80    1.00      4.00     0.00   0.00    0.00     4.00    0.00      0.00     0.00   0.00    0.00     0.00    0.00    0.00    0.83  29.80


10/05/2026 09:41:13 PM
Device            r/s     rkB/s   rrqm/s  %rrqm r_await rareq-sz     w/s     wkB/s   wrqm/s  %wrqm w_await wareq-sz     d/s     dkB/s   drqm/s  %drqm d_await dareq-sz     f/s f_await  aqu-sz  %util
nvme0n1       4108.00 376984.00   103.00   2.45    0.18    91.77    0.00      0.00     4.00 100.00    0.00     0.00    0.00      0.00     0.00   0.00    0.00     0.00    0.00    0.00    0.76  30.30


10/05/2026 09:41:14 PM
Device            r/s     rkB/s   rrqm/s  %rrqm r_await rareq-sz     w/s     wkB/s   wrqm/s  %wrqm w_await wareq-sz     d/s     dkB/s   drqm/s  %drqm d_await dareq-sz     f/s f_await  aqu-sz  %util
nvme0n1       2440.00 299688.00     2.00   0.08    0.25   122.82    9.00     48.00     0.00   0.00    0.44     5.33    0.00      0.00     0.00   0.00    0.00     0.00    1.00    1.00    0.61  21.20


10/05/2026 09:41:15 PM
Device            r/s     rkB/s   rrqm/s  %rrqm r_await rareq-sz     w/s     wkB/s   wrqm/s  %wrqm w_await wareq-sz     d/s     dkB/s   drqm/s  %drqm d_await dareq-sz     f/s f_await  aqu-sz  %util
nvme0n1       5972.00  45188.00     0.00   0.00    0.15     7.57    0.00      0.00     0.00   0.00    0.00     0.00    0.00      0.00     0.00   0.00    0.00     0.00    0.00    0.00    0.88  86.50


10/05/2026 09:41:16 PM
Device            r/s     rkB/s   rrqm/s  %rrqm r_await rareq-sz     w/s     wkB/s   wrqm/s  %wrqm w_await wareq-sz     d/s     dkB/s   drqm/s  %drqm d_await dareq-sz     f/s f_await  aqu-sz  %util
nvme0n1       3326.00  96956.00     3.00   0.09    0.17    29.15    0.00      0.00     0.00   0.00    0.00     0.00    0.00      0.00     0.00   0.00    0.00     0.00    0.00    0.00    0.57  45.40


10/05/2026 09:41:17 PM
Device            r/s     rkB/s   rrqm/s  %rrqm r_await rareq-sz     w/s     wkB/s   wrqm/s  %wrqm w_await wareq-sz     d/s     dkB/s   drqm/s  %drqm d_await dareq-sz     f/s f_await  aqu-sz  %util
nvme0n1       2044.00 253504.00     0.00   0.00    0.26   124.02    0.00      0.00     0.00   0.00    0.00     0.00    0.00      0.00     0.00   0.00    0.00     0.00    0.00    0.00    0.53  20.30


10/05/2026 09:41:18 PM
Device            r/s     rkB/s   rrqm/s  %rrqm r_await rareq-sz     w/s     wkB/s   wrqm/s  %wrqm w_await wareq-sz     d/s     dkB/s   drqm/s  %drqm d_await dareq-sz     f/s f_await  aqu-sz  %util
nvme0n1       2294.00 283104.00     3.00   0.13    0.26   123.41    1.00      8.00     7.00  87.50    0.00     8.00    0.00      0.00     0.00   0.00    0.00     0.00    0.00    0.00    0.59  22.60


10/05/2026 09:41:19 PM
Device            r/s     rkB/s   rrqm/s  %rrqm r_await rareq-sz     w/s     wkB/s   wrqm/s  %wrqm w_await wareq-sz     d/s     dkB/s   drqm/s  %drqm d_await dareq-sz     f/s f_await  aqu-sz  %util
nvme0n1       2097.00 262240.00     0.00   0.00    0.26   125.05   34.00    168.00     1.00   2.86    0.06     4.94    0.00      0.00     0.00   0.00    0.00     0.00    1.00    1.00    0.55  19.80


10/05/2026 09:41:20 PM
Device            r/s     rkB/s   rrqm/s  %rrqm r_await rareq-sz     w/s     wkB/s   wrqm/s  %wrqm w_await wareq-sz     d/s     dkB/s   drqm/s  %drqm d_await dareq-sz     f/s f_await  aqu-sz  %util
nvme0n1       4123.00 103488.00     1.00   0.02    0.16    25.10    1.00      4.00     0.00   0.00    0.00     4.00    0.00      0.00     0.00   0.00    0.00     0.00    0.00    0.00    0.66  56.30


10/05/2026 09:41:21 PM
Device            r/s     rkB/s   rrqm/s  %rrqm r_await rareq-sz     w/s     wkB/s   wrqm/s  %wrqm w_await wareq-sz     d/s     dkB/s   drqm/s  %drqm d_await dareq-sz     f/s f_await  aqu-sz  %util
nvme0n1       5327.00  53172.00     0.00   0.00    0.15     9.98    0.00      0.00     0.00   0.00    0.00     0.00    0.00      0.00     0.00   0.00    0.00     0.00    0.00    0.00    0.80  75.90


10/05/2026 09:41:22 PM
Device            r/s     rkB/s   rrqm/s  %rrqm r_await rareq-sz     w/s     wkB/s   wrqm/s  %wrqm w_await wareq-sz     d/s     dkB/s   drqm/s  %drqm d_await dareq-sz     f/s f_await  aqu-sz  %util
nvme0n1        878.00 106420.00     1.00   0.11    0.29   121.21    0.00      0.00     0.00   0.00    0.00     0.00    0.00      0.00     0.00   0.00    0.00     0.00    0.00    0.00    0.26  12.10


10/05/2026 09:41:23 PM
Device            r/s     rkB/s   rrqm/s  %rrqm r_await rareq-sz     w/s     wkB/s   wrqm/s  %wrqm w_await wareq-sz     d/s     dkB/s   drqm/s  %drqm d_await dareq-sz     f/s f_await  aqu-sz  %util
nvme0n1       3167.00 284608.00   359.00  10.18    0.18    89.87    1.00      4.00    12.00  92.31    0.00     4.00    0.00      0.00     0.00   0.00    0.00     0.00    0.00    0.00    0.57  21.90


10/05/2026 09:41:24 PM
Device            r/s     rkB/s   rrqm/s  %rrqm r_await rareq-sz     w/s     wkB/s   wrqm/s  %wrqm w_await wareq-sz     d/s     dkB/s   drqm/s  %drqm d_await dareq-sz     f/s f_await  aqu-sz  %util
nvme0n1       2063.00 256924.00     0.00   0.00    0.25   124.54   14.00    100.00     0.00   0.00    0.29     7.14    0.00      0.00     0.00   0.00    0.00     0.00    1.00    1.00    0.53  19.60


10/05/2026 09:41:25 PM
Device            r/s     rkB/s   rrqm/s  %rrqm r_await rareq-sz     w/s     wkB/s   wrqm/s  %wrqm w_await wareq-sz     d/s     dkB/s   drqm/s  %drqm d_await dareq-sz     f/s f_await  aqu-sz  %util
nvme0n1       2915.00 161580.00     0.00   0.00    0.19    55.43    0.00      0.00     0.00   0.00    0.00     0.00    0.00      0.00     0.00   0.00    0.00     0.00    0.00    0.00    0.57  36.70


10/05/2026 09:41:26 PM
Device            r/s     rkB/s   rrqm/s  %rrqm r_await rareq-sz     w/s     wkB/s   wrqm/s  %wrqm w_await wareq-sz     d/s     dkB/s   drqm/s  %drqm d_await dareq-sz     f/s f_await  aqu-sz  %util
nvme0n1       6391.00  25564.00     0.00   0.00    0.14     4.00  101.00    516.00     1.00   0.98    0.04     5.11    0.00      0.00     0.00   0.00    0.00     0.00    0.00    0.00    0.93  91.60


10/05/2026 09:41:27 PM
Device            r/s     rkB/s   rrqm/s  %rrqm r_await rareq-sz     w/s     wkB/s   wrqm/s  %wrqm w_await wareq-sz     d/s     dkB/s   drqm/s  %drqm d_await dareq-sz     f/s f_await  aqu-sz  %util
nvme0n1       1050.00  82120.00    34.00   3.14    0.28    78.21    0.00      0.00     0.00   0.00    0.00     0.00    0.00      0.00     0.00   0.00    0.00     0.00    0.00    0.00    0.29  17.00


10/05/2026 09:41:28 PM
Device            r/s     rkB/s   rrqm/s  %rrqm r_await rareq-sz     w/s     wkB/s   wrqm/s  %wrqm w_await wareq-sz     d/s     dkB/s   drqm/s  %drqm d_await dareq-sz     f/s f_await  aqu-sz  %util
nvme0n1       1706.00 210476.00     0.00   0.00    0.28   123.37    0.00     28.00     6.00 100.00    0.00     0.00    0.00      0.00     0.00   0.00    0.00     0.00    0.00    0.00    0.47  19.40


10/05/2026 09:41:29 PM
Device            r/s     rkB/s   rrqm/s  %rrqm r_await rareq-sz     w/s     wkB/s   wrqm/s  %wrqm w_await wareq-sz     d/s     dkB/s   drqm/s  %drqm d_await dareq-sz     f/s f_await  aqu-sz  %util
nvme0n1       1809.00 224572.00     0.00   0.00    0.28   124.14    3.00      4.00     0.00   0.00    0.67     1.33    0.00      0.00     0.00   0.00    0.00     0.00    1.00    1.00    0.50  19.50


10/05/2026 09:41:30 PM
Device            r/s     rkB/s   rrqm/s  %rrqm r_await rareq-sz     w/s     wkB/s   wrqm/s  %wrqm w_await wareq-sz     d/s     dkB/s   drqm/s  %drqm d_await dareq-sz     f/s f_await  aqu-sz  %util
nvme0n1       1980.00 238704.00     0.00   0.00    0.26   120.56    1.00      8.00     1.00  50.00    0.00     8.00    0.00      0.00     0.00   0.00    0.00     0.00    0.00    0.00    0.51  18.40


10/05/2026 09:41:31 PM
Device            r/s     rkB/s   rrqm/s  %rrqm r_await rareq-sz     w/s     wkB/s   wrqm/s  %wrqm w_await wareq-sz     d/s     dkB/s   drqm/s  %drqm d_await dareq-sz     f/s f_await  aqu-sz  %util
nvme0n1       5505.00  22220.00     0.00   0.00    0.14     4.04    1.00      4.00     0.00   0.00    0.00     4.00    0.00      0.00     0.00   0.00    0.00     0.00    0.00    0.00    0.78  79.30


10/05/2026 09:41:32 PM
Device            r/s     rkB/s   rrqm/s  %rrqm r_await rareq-sz     w/s     wkB/s   wrqm/s  %wrqm w_await wareq-sz     d/s     dkB/s   drqm/s  %drqm d_await dareq-sz     f/s f_await  aqu-sz  %util
nvme0n1       2981.00  30200.00     0.00   0.00    0.16    10.13    0.00      0.00     0.00   0.00    0.00     0.00    0.00      0.00     0.00   0.00    0.00     0.00    0.00    0.00    0.47  43.90


10/05/2026 09:41:33 PM
Device            r/s     rkB/s   rrqm/s  %rrqm r_await rareq-sz     w/s     wkB/s   wrqm/s  %wrqm w_await wareq-sz     d/s     dkB/s   drqm/s  %drqm d_await dareq-sz     f/s f_await  aqu-sz  %util
nvme0n1       1202.00 146772.00     0.00   0.00    0.28   122.11    0.00      0.00     0.00   0.00    0.00     0.00    0.00      0.00     0.00   0.00    0.00     0.00    0.00    0.00    0.34  15.20


10/05/2026 09:41:34 PM
Device            r/s     rkB/s   rrqm/s  %rrqm r_await rareq-sz     w/s     wkB/s   wrqm/s  %wrqm w_await wareq-sz     d/s     dkB/s   drqm/s  %drqm d_await dareq-sz     f/s f_await  aqu-sz  %util
nvme0n1       1305.00 161444.00     0.00   0.00    0.28   123.71    5.00     36.00     4.00  44.44    0.00     7.20    0.00      0.00     0.00   0.00    0.00     0.00    0.00    0.00    0.36  14.50


10/05/2026 09:41:35 PM
Device            r/s     rkB/s   rrqm/s  %rrqm r_await rareq-sz     w/s     wkB/s   wrqm/s  %wrqm w_await wareq-sz     d/s     dkB/s   drqm/s  %drqm d_await dareq-sz     f/s f_await  aqu-sz  %util
nvme0n1       1856.00 231704.00     0.00   0.00    0.27   124.84    2.00      4.00     0.00   0.00    1.00     2.00    0.00      0.00     0.00   0.00    0.00     0.00    1.00    1.00    0.50  16.90


10/05/2026 09:41:36 PM
Device            r/s     rkB/s   rrqm/s  %rrqm r_await rareq-sz     w/s     wkB/s   wrqm/s  %wrqm w_await wareq-sz     d/s     dkB/s   drqm/s  %drqm d_await dareq-sz     f/s f_await  aqu-sz  %util
nvme0n1       5691.00  87016.00     0.00   0.00    0.16    15.29    1.00      8.00     1.00  50.00    0.00     8.00    0.00      0.00     0.00   0.00    0.00     0.00    0.00    0.00    0.89  79.60


10/05/2026 09:41:37 PM
Device            r/s     rkB/s   rrqm/s  %rrqm r_await rareq-sz     w/s     wkB/s   wrqm/s  %wrqm w_await wareq-sz     d/s     dkB/s   drqm/s  %drqm d_await dareq-sz     f/s f_await  aqu-sz  %util
nvme0n1       3415.00  41000.00     0.00   0.00    0.16    12.01    0.00      0.00     0.00   0.00    0.00     0.00    0.00      0.00     0.00   0.00    0.00     0.00    0.00    0.00    0.53  47.40


10/05/2026 09:41:38 PM
Device            r/s     rkB/s   rrqm/s  %rrqm r_await rareq-sz     w/s     wkB/s   wrqm/s  %wrqm w_await wareq-sz     d/s     dkB/s   drqm/s  %drqm d_await dareq-sz     f/s f_await  aqu-sz  %util
nvme0n1       1047.00 128056.00     0.00   0.00    0.27   122.31    1.00      4.00     0.00   0.00    1.00     4.00    0.00      0.00     0.00   0.00    0.00     0.00    0.00    0.00    0.28  11.80


10/05/2026 09:41:39 PM
Device            r/s     rkB/s   rrqm/s  %rrqm r_await rareq-sz     w/s     wkB/s   wrqm/s  %wrqm w_await wareq-sz     d/s     dkB/s   drqm/s  %drqm d_await dareq-sz     f/s f_await  aqu-sz  %util
nvme0n1       1125.00 138604.00     0.00   0.00    0.32   123.20    1.00     20.00     4.00  80.00    0.00    20.00    0.00      0.00     0.00   0.00    0.00     0.00    0.00    0.00    0.36  14.10


10/05/2026 09:41:40 PM
Device            r/s     rkB/s   rrqm/s  %rrqm r_await rareq-sz     w/s     wkB/s   wrqm/s  %wrqm w_await wareq-sz     d/s     dkB/s   drqm/s  %drqm d_await dareq-sz     f/s f_await  aqu-sz  %util
nvme0n1       1149.00 143612.00     0.00   0.00    0.29   124.99    5.00     16.00     0.00   0.00    0.40     3.20    0.00      0.00     0.00   0.00    0.00     0.00    1.00    1.00    0.34  13.90


10/05/2026 09:41:41 PM
Device            r/s     rkB/s   rrqm/s  %rrqm r_await rareq-sz     w/s     wkB/s   wrqm/s  %wrqm w_await wareq-sz     d/s     dkB/s   drqm/s  %drqm d_await dareq-sz     f/s f_await  aqu-sz  %util
nvme0n1        632.00  36160.00    60.00   8.67    0.28    57.22    1.00     12.00     2.00  66.67   30.00    12.00    0.00      0.00     0.00   0.00    0.00     0.00    0.00    0.00    0.21   7.10


10/05/2026 09:41:42 PM
Device            r/s     rkB/s   rrqm/s  %rrqm r_await rareq-sz     w/s     wkB/s   wrqm/s  %wrqm w_await wareq-sz     d/s     dkB/s   drqm/s  %drqm d_await dareq-sz     f/s f_await  aqu-sz  %util
nvme0n1        476.00  22876.00     0.00   0.00    0.22    48.06   12.00     72.00     6.00  33.33   30.67     6.00    0.00      0.00     0.00   0.00    0.00     0.00    0.00    0.00    0.47   5.50


10/05/2026 09:41:43 PM
Device            r/s     rkB/s   rrqm/s  %rrqm r_await rareq-sz     w/s     wkB/s   wrqm/s  %wrqm w_await wareq-sz     d/s     dkB/s   drqm/s  %drqm d_await dareq-sz     f/s f_await  aqu-sz  %util
nvme0n1        379.00  15152.00     0.00   0.00    0.24    39.98    0.00      0.00     0.00   0.00    0.00     0.00    0.00      0.00     0.00   0.00    0.00     0.00    0.00    0.00    0.09   4.30


10/05/2026 09:41:44 PM
Device            r/s     rkB/s   rrqm/s  %rrqm r_await rareq-sz     w/s     wkB/s   wrqm/s  %wrqm w_await wareq-sz     d/s     dkB/s   drqm/s  %drqm d_await dareq-sz     f/s f_await  aqu-sz  %util
nvme0n1        535.00  18396.00     5.00   0.93    0.24    34.39    1.00      4.00     5.00  83.33    0.00     4.00    0.00      0.00     0.00   0.00    0.00     0.00    0.00    0.00    0.13   5.50


10/05/2026 09:41:45 PM
Device            r/s     rkB/s   rrqm/s  %rrqm r_await rareq-sz     w/s     wkB/s   wrqm/s  %wrqm w_await wareq-sz     d/s     dkB/s   drqm/s  %drqm d_await dareq-sz     f/s f_await  aqu-sz  %util
nvme0n1        449.00  18312.00     0.00   0.00    0.27    40.78    3.00     28.00     0.00   0.00    1.33     9.33    0.00      0.00     0.00   0.00    0.00     0.00    1.00    2.00    0.13   5.60


10/05/2026 09:41:46 PM
Device            r/s     rkB/s   rrqm/s  %rrqm r_await rareq-sz     w/s     wkB/s   wrqm/s  %wrqm w_await wareq-sz     d/s     dkB/s   drqm/s  %drqm d_await dareq-sz     f/s f_await  aqu-sz  %util
nvme0n1        270.00   5452.00     0.00   0.00    0.20    20.19    0.00      0.00     0.00   0.00    0.00     0.00    0.00      0.00     0.00   0.00    0.00     0.00    0.00    0.00    0.05   4.00


10/05/2026 09:41:47 PM
Device            r/s     rkB/s   rrqm/s  %rrqm r_await rareq-sz     w/s     wkB/s   wrqm/s  %wrqm w_await wareq-sz     d/s     dkB/s   drqm/s  %drqm d_await dareq-sz     f/s f_await  aqu-sz  %util
nvme0n1        324.00  10940.00     0.00   0.00    0.24    33.77    0.00      0.00     0.00   0.00    0.00     0.00    0.00      0.00     0.00   0.00    0.00     0.00    0.00    0.00    0.08   4.20


10/05/2026 09:41:48 PM
Device            r/s     rkB/s   rrqm/s  %rrqm r_await rareq-sz     w/s     wkB/s   wrqm/s  %wrqm w_await wareq-sz     d/s     dkB/s   drqm/s  %drqm d_await dareq-sz     f/s f_await  aqu-sz  %util
nvme0n1        342.00  11372.00     0.00   0.00    0.21    33.25    1.00      8.00     1.00  50.00    0.00     8.00    0.00      0.00     0.00   0.00    0.00     0.00    0.00    0.00    0.07   4.40


10/05/2026 09:41:49 PM
Device            r/s     rkB/s   rrqm/s  %rrqm r_await rareq-sz     w/s     wkB/s   wrqm/s  %wrqm w_await wareq-sz     d/s     dkB/s   drqm/s  %drqm d_await dareq-sz     f/s f_await  aqu-sz  %util
nvme0n1        537.00  25144.00     0.00   0.00    0.25    46.82   31.00    136.00    11.00  26.19    0.03     4.39    0.00      0.00     0.00   0.00    0.00     0.00    0.00    0.00    0.14   5.20


10/05/2026 09:41:50 PM
Device            r/s     rkB/s   rrqm/s  %rrqm r_await rareq-sz     w/s     wkB/s   wrqm/s  %wrqm w_await wareq-sz     d/s     dkB/s   drqm/s  %drqm d_await dareq-sz     f/s f_await  aqu-sz  %util
nvme0n1        313.00  10084.00     1.00   0.32    0.23    32.22   14.00    108.00     5.00  26.32    1.00     7.71    0.00      0.00     0.00   0.00    0.00     0.00    1.00    2.00    0.09   4.90


10/05/2026 09:41:51 PM
Device            r/s     rkB/s   rrqm/s  %rrqm r_await rareq-sz     w/s     wkB/s   wrqm/s  %wrqm w_await wareq-sz     d/s     dkB/s   drqm/s  %drqm d_await dareq-sz     f/s f_await  aqu-sz  %util
nvme0n1        508.00  22212.00     0.00   0.00    0.21    43.72    0.00      0.00     0.00   0.00    0.00     0.00    0.00      0.00     0.00   0.00    0.00     0.00    0.00    0.00    0.11   4.40


10/05/2026 09:41:52 PM
Device            r/s     rkB/s   rrqm/s  %rrqm r_await rareq-sz     w/s     wkB/s   wrqm/s  %wrqm w_await wareq-sz     d/s     dkB/s   drqm/s  %drqm d_await dareq-sz     f/s f_await  aqu-sz  %util
nvme0n1        212.00   2672.00     0.00   0.00    0.22    12.60    0.00      0.00     0.00   0.00    0.00     0.00    0.00      0.00     0.00   0.00    0.00     0.00    0.00    0.00    0.05   3.60


10/05/2026 09:41:53 PM
Device            r/s     rkB/s   rrqm/s  %rrqm r_await rareq-sz     w/s     wkB/s   wrqm/s  %wrqm w_await wareq-sz     d/s     dkB/s   drqm/s  %drqm d_await dareq-sz     f/s f_await  aqu-sz  %util
nvme0n1        767.00  40116.00     1.00   0.13    0.23    52.30    0.00      0.00     0.00   0.00    0.00     0.00    0.00      0.00     0.00   0.00    0.00     0.00    0.00    0.00    0.18   5.20


10/05/2026 09:41:54 PM
Device            r/s     rkB/s   rrqm/s  %rrqm r_await rareq-sz     w/s     wkB/s   wrqm/s  %wrqm w_await wareq-sz     d/s     dkB/s   drqm/s  %drqm d_await dareq-sz     f/s f_await  aqu-sz  %util
nvme0n1        483.00  16628.00     0.00   0.00    0.18    34.43    1.00      8.00    11.00  91.67    1.00     8.00    0.00      0.00     0.00   0.00    0.00     0.00    0.00    0.00    0.09   4.30


10/05/2026 09:41:55 PM
Device            r/s     rkB/s   rrqm/s  %rrqm r_await rareq-sz     w/s     wkB/s   wrqm/s  %wrqm w_await wareq-sz     d/s     dkB/s   drqm/s  %drqm d_await dareq-sz     f/s f_await  aqu-sz  %util
nvme0n1        388.00  13908.00     0.00   0.00    0.21    35.85    3.00     48.00     0.00   0.00    1.00    16.00    0.00      0.00     0.00   0.00    0.00     0.00    1.00    1.00    0.09   4.50


10/05/2026 09:41:56 PM
Device            r/s     rkB/s   rrqm/s  %rrqm r_await rareq-sz     w/s     wkB/s   wrqm/s  %wrqm w_await wareq-sz     d/s     dkB/s   drqm/s  %drqm d_await dareq-sz     f/s f_await  aqu-sz  %util
nvme0n1        294.00   7916.00     0.00   0.00    0.21    26.93    3.00     12.00     0.00   0.00   10.67     4.00    0.00      0.00     0.00   0.00    0.00     0.00    0.00    0.00    0.10   7.10


10/05/2026 09:41:57 PM
Device            r/s     rkB/s   rrqm/s  %rrqm r_await rareq-sz     w/s     wkB/s   wrqm/s  %wrqm w_await wareq-sz     d/s     dkB/s   drqm/s  %drqm d_await dareq-sz     f/s f_await  aqu-sz  %util
nvme0n1        417.00  14196.00     0.00   0.00    0.22    34.04    0.00      0.00     0.00   0.00    0.00     0.00    0.00      0.00     0.00   0.00    0.00     0.00    0.00    0.00    0.09   4.50


10/05/2026 09:41:58 PM
Device            r/s     rkB/s   rrqm/s  %rrqm r_await rareq-sz     w/s     wkB/s   wrqm/s  %wrqm w_await wareq-sz     d/s     dkB/s   drqm/s  %drqm d_await dareq-sz     f/s f_await  aqu-sz  %util
nvme0n1        421.00  16932.00     0.00   0.00    0.23    40.22    0.00      0.00     0.00   0.00    0.00     0.00    0.00      0.00     0.00   0.00    0.00     0.00    0.00    0.00    0.10   5.10


10/05/2026 09:41:59 PM
Device            r/s     rkB/s   rrqm/s  %rrqm r_await rareq-sz     w/s     wkB/s   wrqm/s  %wrqm w_await wareq-sz     d/s     dkB/s   drqm/s  %drqm d_await dareq-sz     f/s f_await  aqu-sz  %util
nvme0n1        694.00  35312.00     0.00   0.00    0.26    50.88   91.00    512.00     8.00   8.08    0.04     5.63    0.00      0.00     0.00   0.00    0.00     0.00    0.00    0.00    0.18   5.90


10/05/2026 09:42:00 PM
Device            r/s     rkB/s   rrqm/s  %rrqm r_await rareq-sz     w/s     wkB/s   wrqm/s  %wrqm w_await wareq-sz     d/s     dkB/s   drqm/s  %drqm d_await dareq-sz     f/s f_await  aqu-sz  %util
nvme0n1        225.00   4472.00     0.00   0.00    0.21    19.88   16.00     60.00     0.00   0.00    0.12     3.75    0.00      0.00     0.00   0.00    0.00     0.00    1.00    1.00    0.05   3.80


10/05/2026 09:42:01 PM
Device            r/s     rkB/s   rrqm/s  %rrqm r_await rareq-sz     w/s     wkB/s   wrqm/s  %wrqm w_await wareq-sz     d/s     dkB/s   drqm/s  %drqm d_await dareq-sz     f/s f_await  aqu-sz  %util
nvme0n1        278.00   7888.00     0.00   0.00    0.24    28.37    1.00      4.00     0.00   0.00   31.00     4.00    0.00      0.00     0.00   0.00    0.00     0.00    0.00    0.00    0.10   7.00


10/05/2026 09:42:02 PM
Device            r/s     rkB/s   rrqm/s  %rrqm r_await rareq-sz     w/s     wkB/s   wrqm/s  %wrqm w_await wareq-sz     d/s     dkB/s   drqm/s  %drqm d_await dareq-sz     f/s f_await  aqu-sz  %util
nvme0n1        460.00  20220.00     0.00   0.00    0.25    43.96    1.00      4.00     0.00   0.00    1.00     4.00    0.00      0.00     0.00   0.00    0.00     0.00    0.00    0.00    0.11   5.00


10/05/2026 09:42:03 PM
Device            r/s     rkB/s   rrqm/s  %rrqm r_await rareq-sz     w/s     wkB/s   wrqm/s  %wrqm w_await wareq-sz     d/s     dkB/s   drqm/s  %drqm d_await dareq-sz     f/s f_await  aqu-sz  %util
nvme0n1        291.00   9920.00     3.00   1.02    0.23    34.09    0.00      0.00     0.00   0.00    0.00     0.00    0.00      0.00     0.00   0.00    0.00     0.00    0.00    0.00    0.07   4.20


10/05/2026 09:42:04 PM
Device            r/s     rkB/s   rrqm/s  %rrqm r_await rareq-sz     w/s     wkB/s   wrqm/s  %wrqm w_await wareq-sz     d/s     dkB/s   drqm/s  %drqm d_await dareq-sz     f/s f_await  aqu-sz  %util
nvme0n1        244.00   7448.00     0.00   0.00    0.25    30.52    2.00      8.00     2.00  50.00   25.50     4.00    0.00      0.00     0.00   0.00    0.00     0.00    0.00    0.00    0.11   6.40


10/05/2026 09:42:05 PM
Device            r/s     rkB/s   rrqm/s  %rrqm r_await rareq-sz     w/s     wkB/s   wrqm/s  %wrqm w_await wareq-sz     d/s     dkB/s   drqm/s  %drqm d_await dareq-sz     f/s f_await  aqu-sz  %util
nvme0n1        209.00   3600.00     0.00   0.00    0.22    17.22    3.00     16.00     0.00   0.00    1.00     5.33    0.00      0.00     0.00   0.00    0.00     0.00    1.00    2.00    0.05   4.30


10/05/2026 09:42:06 PM
Device            r/s     rkB/s   rrqm/s  %rrqm r_await rareq-sz     w/s     wkB/s   wrqm/s  %wrqm w_await wareq-sz     d/s     dkB/s   drqm/s  %drqm d_await dareq-sz     f/s f_await  aqu-sz  %util
nvme0n1        288.00   7392.00     0.00   0.00    0.24    25.67    1.00      8.00     1.00  50.00    1.00     8.00    0.00      0.00     0.00   0.00    0.00     0.00    0.00    0.00    0.07   4.40


10/05/2026 09:42:07 PM
Device            r/s     rkB/s   rrqm/s  %rrqm r_await rareq-sz     w/s     wkB/s   wrqm/s  %wrqm w_await wareq-sz     d/s     dkB/s   drqm/s  %drqm d_await dareq-sz     f/s f_await  aqu-sz  %util
nvme0n1        497.00  21100.00     0.00   0.00    0.22    42.45    0.00      0.00     0.00   0.00    0.00     0.00    0.00      0.00     0.00   0.00    0.00     0.00    0.00    0.00    0.11   4.70


10/05/2026 09:42:08 PM
Device            r/s     rkB/s   rrqm/s  %rrqm r_await rareq-sz     w/s     wkB/s   wrqm/s  %wrqm w_await wareq-sz     d/s     dkB/s   drqm/s  %drqm d_await dareq-sz     f/s f_await  aqu-sz  %util
nvme0n1        661.00  26152.00     0.00   0.00    0.20    39.56   11.00     44.00     0.00   0.00   22.73     4.00    0.00      0.00     0.00   0.00    0.00     0.00    0.00    0.00    0.38   7.90


10/05/2026 09:42:09 PM
Device            r/s     rkB/s   rrqm/s  %rrqm r_await rareq-sz     w/s     wkB/s   wrqm/s  %wrqm w_await wareq-sz     d/s     dkB/s   drqm/s  %drqm d_await dareq-sz     f/s f_await  aqu-sz  %util
nvme0n1        270.00   8412.00     0.00   0.00    0.24    31.16    0.00      0.00     0.00   0.00    0.00     0.00    0.00      0.00     0.00   0.00    0.00     0.00    0.00    0.00    0.07   3.40


10/05/2026 09:42:10 PM
Device            r/s     rkB/s   rrqm/s  %rrqm r_await rareq-sz     w/s     wkB/s   wrqm/s  %wrqm w_await wareq-sz     d/s     dkB/s   drqm/s  %drqm d_await dareq-sz     f/s f_await  aqu-sz  %util
nvme0n1        325.00   8624.00     0.00   0.00    0.21    26.54    0.00      0.00     4.00 100.00    0.00     0.00    0.00      0.00     0.00   0.00    0.00     0.00    0.00    0.00    0.07   4.10


10/05/2026 09:42:11 PM
Device            r/s     rkB/s   rrqm/s  %rrqm r_await rareq-sz     w/s     wkB/s   wrqm/s  %wrqm w_await wareq-sz     d/s     dkB/s   drqm/s  %drqm d_await dareq-sz     f/s f_await  aqu-sz  %util
nvme0n1        298.00  10060.00     0.00   0.00    0.21    33.76   13.00     60.00     3.00  18.75    0.77     4.62    0.00      0.00     0.00   0.00    0.00     0.00    5.00    1.40    0.08   5.40


10/05/2026 09:42:12 PM
Device            r/s     rkB/s   rrqm/s  %rrqm r_await rareq-sz     w/s     wkB/s   wrqm/s  %wrqm w_await wareq-sz     d/s     dkB/s   drqm/s  %drqm d_await dareq-sz     f/s f_await  aqu-sz  %util
nvme0n1        468.00  18120.00     0.00   0.00    0.24    38.72    1.00      4.00     0.00   0.00    1.00     4.00    0.00      0.00     0.00   0.00    0.00     0.00    0.00    0.00    0.11   4.70


10/05/2026 09:42:13 PM
Device            r/s     rkB/s   rrqm/s  %rrqm r_await rareq-sz     w/s     wkB/s   wrqm/s  %wrqm w_await wareq-sz     d/s     dkB/s   drqm/s  %drqm d_await dareq-sz     f/s f_await  aqu-sz  %util
nvme0n1        312.00  10244.00     0.00   0.00    0.23    32.83    0.00      0.00     0.00   0.00    0.00     0.00    0.00      0.00     0.00   0.00    0.00     0.00    0.00    0.00    0.07   4.50


10/05/2026 09:42:14 PM
Device            r/s     rkB/s   rrqm/s  %rrqm r_await rareq-sz     w/s     wkB/s   wrqm/s  %wrqm w_await wareq-sz     d/s     dkB/s   drqm/s  %drqm d_await dareq-sz     f/s f_await  aqu-sz  %util
nvme0n1        735.00  10240.00    12.00   1.61    0.13    13.93    5.00     32.00     4.00  44.44    0.80     6.40    0.00      0.00     0.00   0.00    0.00     0.00    1.00    2.00    0.10   6.70


10/05/2026 09:42:15 PM
Device            r/s     rkB/s   rrqm/s  %rrqm r_await rareq-sz     w/s     wkB/s   wrqm/s  %wrqm w_await wareq-sz     d/s     dkB/s   drqm/s  %drqm d_await dareq-sz     f/s f_await  aqu-sz  %util
nvme0n1        339.00  11840.00     0.00   0.00    0.22    34.93    0.00      0.00     0.00   0.00    0.00     0.00    0.00      0.00     0.00   0.00    0.00     0.00    0.00    0.00    0.08   4.20


10/05/2026 09:42:16 PM
Device            r/s     rkB/s   rrqm/s  %rrqm r_await rareq-sz     w/s     wkB/s   wrqm/s  %wrqm w_await wareq-sz     d/s     dkB/s   drqm/s  %drqm d_await dareq-sz     f/s f_await  aqu-sz  %util
nvme0n1        561.00  25760.00     0.00   0.00    0.22    45.92   33.00    140.00     1.00   2.94    2.03     4.24    0.00      0.00     0.00   0.00    0.00     0.00    0.00    0.00    0.19   4.20


10/05/2026 09:42:17 PM
Device            r/s     rkB/s   rrqm/s  %rrqm r_await rareq-sz     w/s     wkB/s   wrqm/s  %wrqm w_await wareq-sz     d/s     dkB/s   drqm/s  %drqm d_await dareq-sz     f/s f_await  aqu-sz  %util
nvme0n1       6886.00 145704.00 11400.00  62.34    0.07    21.16    0.00      0.00     0.00   0.00    0.00     0.00    0.00      0.00     0.00   0.00    0.00     0.00    0.00    0.00    0.49  44.70


10/05/2026 09:42:18 PM
Device            r/s     rkB/s   rrqm/s  %rrqm r_await rareq-sz     w/s     wkB/s   wrqm/s  %wrqm w_await wareq-sz     d/s     dkB/s   drqm/s  %drqm d_await dareq-sz     f/s f_await  aqu-sz  %util
nvme0n1       1955.00 161716.00   208.00   9.62    0.13    82.72    2.00     16.00     1.00  33.33    0.50     8.00    0.00      0.00     0.00   0.00    0.00     0.00    0.00    0.00    0.26  13.20


10/05/2026 09:42:19 PM
Device            r/s     rkB/s   rrqm/s  %rrqm r_await rareq-sz     w/s     wkB/s   wrqm/s  %wrqm w_await wareq-sz     d/s     dkB/s   drqm/s  %drqm d_await dareq-sz     f/s f_await  aqu-sz  %util
nvme0n1          0.00      0.00     0.00   0.00    0.00     0.00    4.00     72.00    15.00  78.95    2.50    18.00    0.00      0.00     0.00   0.00    0.00     0.00    1.00    2.00    0.01   0.60


10/05/2026 09:42:20 PM
Device            r/s     rkB/s   rrqm/s  %rrqm r_await rareq-sz     w/s     wkB/s   wrqm/s  %wrqm w_await wareq-sz     d/s     dkB/s   drqm/s  %drqm d_await dareq-sz     f/s f_await  aqu-sz  %util
nvme0n1        313.00  27068.00     7.00   2.19    0.27    86.48    4.00     20.00     2.00  33.33    0.25     5.00    0.00      0.00     0.00   0.00    0.00     0.00    1.00    1.00    0.09   5.80


10/05/2026 09:42:21 PM
Device            r/s     rkB/s   rrqm/s  %rrqm r_await rareq-sz     w/s     wkB/s   wrqm/s  %wrqm w_await wareq-sz     d/s     dkB/s   drqm/s  %drqm d_await dareq-sz     f/s f_await  aqu-sz  %util
nvme0n1       8442.00 1044264.00     0.00   0.00    0.21   123.70    5.00     24.00     1.00  16.67    7.60     4.80    0.00      0.00     0.00   0.00    0.00     0.00    0.00    0.00    1.81  50.50


10/05/2026 09:42:22 PM
Device            r/s     rkB/s   rrqm/s  %rrqm r_await rareq-sz     w/s     wkB/s   wrqm/s  %wrqm w_await wareq-sz     d/s     dkB/s   drqm/s  %drqm d_await dareq-sz     f/s f_await  aqu-sz  %util
nvme0n1       8392.00 1032416.00     0.00   0.00    0.21   123.02    0.00      0.00     0.00   0.00    0.00     0.00    0.00      0.00     0.00   0.00    0.00     0.00    0.00    0.00    1.73  53.80


10/05/2026 09:42:23 PM
Device            r/s     rkB/s   rrqm/s  %rrqm r_await rareq-sz     w/s     wkB/s   wrqm/s  %wrqm w_await wareq-sz     d/s     dkB/s   drqm/s  %drqm d_await dareq-sz     f/s f_await  aqu-sz  %util
nvme0n1       7988.00 983420.00     0.00   0.00    0.22   123.11   94.00    412.00     8.00   7.84    7.02     4.38    0.00      0.00     0.00   0.00    0.00     0.00    0.00    0.00    2.42  52.40


10/05/2026 09:42:24 PM
Device            r/s     rkB/s   rrqm/s  %rrqm r_await rareq-sz     w/s     wkB/s   wrqm/s  %wrqm w_await wareq-sz     d/s     dkB/s   drqm/s  %drqm d_await dareq-sz     f/s f_await  aqu-sz  %util
nvme0n1       11953.00 1407120.00    30.00   0.25    0.19   117.72  164.00    664.00     2.00   1.20    3.99     4.05    0.00      0.00     0.00   0.00    0.00     0.00    0.00    0.00    2.90  56.70


10/05/2026 09:42:25 PM
Device            r/s     rkB/s   rrqm/s  %rrqm r_await rareq-sz     w/s     wkB/s   wrqm/s  %wrqm w_await wareq-sz     d/s     dkB/s   drqm/s  %drqm d_await dareq-sz     f/s f_await  aqu-sz  %util
nvme0n1       9542.00 1192952.00     0.00   0.00    0.23   125.02  147.00    700.00    31.00  17.42    0.21     4.76    0.00      0.00     0.00   0.00    0.00     0.00    1.00    1.00    2.20  56.10


10/05/2026 09:42:26 PM
Device            r/s     rkB/s   rrqm/s  %rrqm r_await rareq-sz     w/s     wkB/s   wrqm/s  %wrqm w_await wareq-sz     d/s     dkB/s   drqm/s  %drqm d_await dareq-sz     f/s f_await  aqu-sz  %util
nvme0n1       9407.00 1161520.00     0.00   0.00    0.21   123.47   44.00    192.00     2.00   4.35   14.91     4.36    0.00      0.00     0.00   0.00    0.00     0.00    0.00    0.00    2.63  56.00


10/05/2026 09:42:27 PM
Device            r/s     rkB/s   rrqm/s  %rrqm r_await rareq-sz     w/s     wkB/s   wrqm/s  %wrqm w_await wareq-sz     d/s     dkB/s   drqm/s  %drqm d_await dareq-sz     f/s f_await  aqu-sz  %util
nvme0n1       10145.00 1256492.00     0.00   0.00    0.21   123.85    0.00      0.00     0.00   0.00    0.00     0.00    0.00      0.00     0.00   0.00    0.00     0.00    0.00    0.00    2.14  62.10


10/05/2026 09:42:28 PM
Device            r/s     rkB/s   rrqm/s  %rrqm r_await rareq-sz     w/s     wkB/s   wrqm/s  %wrqm w_await wareq-sz     d/s     dkB/s   drqm/s  %drqm d_await dareq-sz     f/s f_await  aqu-sz  %util
nvme0n1       10895.00 1366840.00     0.00   0.00    0.21   125.46   25.00    104.00     1.00   3.85   21.00     4.16    0.00      0.00     0.00   0.00    0.00     0.00    0.00    0.00    2.81  52.80


10/05/2026 09:42:29 PM
Device            r/s     rkB/s   rrqm/s  %rrqm r_await rareq-sz     w/s     wkB/s   wrqm/s  %wrqm w_await wareq-sz     d/s     dkB/s   drqm/s  %drqm d_await dareq-sz     f/s f_await  aqu-sz  %util
nvme0n1       10516.00 1319964.00     0.00   0.00    0.22   125.52   92.00    500.00     3.00   3.16    0.11     5.43    0.00      0.00     0.00   0.00    0.00     0.00    0.00    0.00    2.30  54.30


10/05/2026 09:42:30 PM
Device            r/s     rkB/s   rrqm/s  %rrqm r_await rareq-sz     w/s     wkB/s   wrqm/s  %wrqm w_await wareq-sz     d/s     dkB/s   drqm/s  %drqm d_await dareq-sz     f/s f_await  aqu-sz  %util
nvme0n1       10698.00 1336468.00     0.00   0.00    0.21   124.93   11.00     44.00     8.00  42.11    0.09     4.00    0.00      0.00     0.00   0.00    0.00     0.00    0.00    0.00    2.27  54.20


10/05/2026 09:42:31 PM
Device            r/s     rkB/s   rrqm/s  %rrqm r_await rareq-sz     w/s     wkB/s   wrqm/s  %wrqm w_await wareq-sz     d/s     dkB/s   drqm/s  %drqm d_await dareq-sz     f/s f_await  aqu-sz  %util
nvme0n1       10793.00 1344976.00     0.00   0.00    0.21   124.62    5.00     48.00     0.00   0.00    8.00     9.60    0.00      0.00     0.00   0.00    0.00     0.00    1.00    1.00    2.25  56.60


10/05/2026 09:42:32 PM
Device            r/s     rkB/s   rrqm/s  %rrqm r_await rareq-sz     w/s     wkB/s   wrqm/s  %wrqm w_await wareq-sz     d/s     dkB/s   drqm/s  %drqm d_await dareq-sz     f/s f_await  aqu-sz  %util
nvme0n1       12183.00 1528488.00     0.00   0.00    0.20   125.46    1.00      4.00     0.00   0.00   21.00     4.00    0.00      0.00     0.00   0.00    0.00     0.00    0.00    0.00    2.42  50.20


10/05/2026 09:42:33 PM
Device            r/s     rkB/s   rrqm/s  %rrqm r_await rareq-sz     w/s     wkB/s   wrqm/s  %wrqm w_await wareq-sz     d/s     dkB/s   drqm/s  %drqm d_await dareq-sz     f/s f_await  aqu-sz  %util
nvme0n1       11030.00 1389344.00    30.00   0.27    0.22   125.96    0.00      0.00     0.00   0.00    0.00     0.00    0.00      0.00     0.00   0.00    0.00     0.00    0.00    0.00    2.43  53.80


10/05/2026 09:42:34 PM
Device            r/s     rkB/s   rrqm/s  %rrqm r_await rareq-sz     w/s     wkB/s   wrqm/s  %wrqm w_await wareq-sz     d/s     dkB/s   drqm/s  %drqm d_await dareq-sz     f/s f_await  aqu-sz  %util
nvme0n1       7071.00 893112.00     0.00   0.00    0.41   126.31  783.00  78384.00 26380.00  97.12   30.74   100.11    0.00      0.00     0.00   0.00    0.00     0.00    0.00    0.00   26.94  61.00


10/05/2026 09:42:35 PM
Device            r/s     rkB/s   rrqm/s  %rrqm r_await rareq-sz     w/s     wkB/s   wrqm/s  %wrqm w_await wareq-sz     d/s     dkB/s   drqm/s  %drqm d_await dareq-sz     f/s f_await  aqu-sz  %util
nvme0n1       12476.00 1593068.00    18.00   0.14    0.22   127.69 1023.00 127704.00 23341.00  95.80   67.25   124.83    0.00      0.00     0.00   0.00    0.00     0.00    0.00    0.00   71.58  53.80


10/05/2026 09:42:36 PM
Device            r/s     rkB/s   rrqm/s  %rrqm r_await rareq-sz     w/s     wkB/s   wrqm/s  %wrqm w_await wareq-sz     d/s     dkB/s   drqm/s  %drqm d_await dareq-sz     f/s f_await  aqu-sz  %util
nvme0n1       12885.00 1574392.00   315.00   2.39    0.19   122.19 2449.00  10312.00   125.00   4.86    1.08     4.21    0.00      0.00     0.00   0.00    0.00     0.00    1.00    1.00    5.12  51.70


10/05/2026 09:42:37 PM
Device            r/s     rkB/s   rrqm/s  %rrqm r_await rareq-sz     w/s     wkB/s   wrqm/s  %wrqm w_await wareq-sz     d/s     dkB/s   drqm/s  %drqm d_await dareq-sz     f/s f_await  aqu-sz  %util
nvme0n1       12953.00 1645400.00    34.00   0.26    0.18   127.03  361.00   1532.00    22.00   5.74   10.26     4.24    0.00      0.00     0.00   0.00    0.00     0.00    0.00    0.00    6.02  52.60


10/05/2026 09:42:38 PM
Device            r/s     rkB/s   rrqm/s  %rrqm r_await rareq-sz     w/s     wkB/s   wrqm/s  %wrqm w_await wareq-sz     d/s     dkB/s   drqm/s  %drqm d_await dareq-sz     f/s f_await  aqu-sz  %util
nvme0n1       3435.00 258816.00  1949.00  36.20    0.12    75.35    0.00      0.00     0.00   0.00    0.00     0.00    0.00      0.00     0.00   0.00    0.00     0.00    0.00    0.00    0.42  11.90


10/05/2026 09:42:39 PM
Device            r/s     rkB/s   rrqm/s  %rrqm r_await rareq-sz     w/s     wkB/s   wrqm/s  %wrqm w_await wareq-sz     d/s     dkB/s   drqm/s  %drqm d_await dareq-sz     f/s f_await  aqu-sz  %util
nvme0n1       20027.00 1206876.00  1205.00   5.68    0.17    60.26    0.00      0.00     0.00   0.00    0.00     0.00    0.00      0.00     0.00   0.00    0.00     0.00    0.00    0.00    3.41  49.20


10/05/2026 09:42:40 PM
Device            r/s     rkB/s   rrqm/s  %rrqm r_await rareq-sz     w/s     wkB/s   wrqm/s  %wrqm w_await wareq-sz     d/s     dkB/s   drqm/s  %drqm d_await dareq-sz     f/s f_await  aqu-sz  %util
nvme0n1       23335.00 1416660.00   188.00   0.80    0.17    60.71    1.00     12.00     2.00  66.67    0.00    12.00    0.00      0.00     0.00   0.00    0.00     0.00    0.00    0.00    4.07  52.90


10/05/2026 09:42:41 PM
Device            r/s     rkB/s   rrqm/s  %rrqm r_await rareq-sz     w/s     wkB/s   wrqm/s  %wrqm w_await wareq-sz     d/s     dkB/s   drqm/s  %drqm d_await dareq-sz     f/s f_await  aqu-sz  %util
nvme0n1       18716.00 1190984.00     2.00   0.01    0.18    63.63  154.00    640.00     7.00   4.35   20.40     4.16    0.00      0.00     0.00   0.00    0.00     0.00    1.00    1.00    6.49  50.80


10/05/2026 09:42:42 PM
Device            r/s     rkB/s   rrqm/s  %rrqm r_await rareq-sz     w/s     wkB/s   wrqm/s  %wrqm w_await wareq-sz     d/s     dkB/s   drqm/s  %drqm d_await dareq-sz     f/s f_await  aqu-sz  %util
nvme0n1       14017.00 913160.00     0.00   0.00    0.18    65.15  116.00    468.00     2.00   1.69   27.44     4.03    0.00      0.00     0.00   0.00    0.00     0.00    0.00    0.00    5.71  40.70


10/05/2026 09:42:43 PM
Device            r/s     rkB/s   rrqm/s  %rrqm r_await rareq-sz     w/s     wkB/s   wrqm/s  %wrqm w_await wareq-sz     d/s     dkB/s   drqm/s  %drqm d_await dareq-sz     f/s f_await  aqu-sz  %util
nvme0n1       13214.00 884964.00     3.00   0.02    0.18    66.97  136.00    560.00     3.00   2.16   13.07     4.12    0.00      0.00     0.00   0.00    0.00     0.00    0.00    0.00    4.10  40.30


10/05/2026 09:42:44 PM
Device            r/s     rkB/s   rrqm/s  %rrqm r_await rareq-sz     w/s     wkB/s   wrqm/s  %wrqm w_await wareq-sz     d/s     dkB/s   drqm/s  %drqm d_await dareq-sz     f/s f_await  aqu-sz  %util
nvme0n1       12959.00 612504.00   652.00   4.79    0.14    47.26   21.00     84.00     0.00   0.00   47.05     4.00    0.00      0.00     0.00   0.00    0.00     0.00    0.00    0.00    2.79  41.50


10/05/2026 09:42:45 PM
Device            r/s     rkB/s   rrqm/s  %rrqm r_await rareq-sz     w/s     wkB/s   wrqm/s  %wrqm w_await wareq-sz     d/s     dkB/s   drqm/s  %drqm d_await dareq-sz     f/s f_await  aqu-sz  %util
nvme0n1       6728.00 455712.00     0.00   0.00    0.18    67.73    1.00     24.00     5.00  83.33    0.00    24.00    0.00      0.00     0.00   0.00    0.00     0.00    0.00    0.00    1.20  24.30


10/05/2026 09:42:46 PM
Device            r/s     rkB/s   rrqm/s  %rrqm r_await rareq-sz     w/s     wkB/s   wrqm/s  %wrqm w_await wareq-sz     d/s     dkB/s   drqm/s  %drqm d_await dareq-sz     f/s f_await  aqu-sz  %util
nvme0n1       6846.00 446740.00     1.00   0.01    0.18    65.26    6.00     24.00     1.00  14.29    0.33     4.00    0.00      0.00     0.00   0.00    0.00     0.00    1.00    1.00    1.23  27.30


10/05/2026 09:42:47 PM
Device            r/s     rkB/s   rrqm/s  %rrqm r_await rareq-sz     w/s     wkB/s   wrqm/s  %wrqm w_await wareq-sz     d/s     dkB/s   drqm/s  %drqm d_await dareq-sz     f/s f_await  aqu-sz  %util
nvme0n1       5837.00 388296.00     0.00   0.00    0.18    66.52   26.00    116.00     3.00  10.34   35.65     4.46    0.00      0.00     0.00   0.00    0.00     0.00    0.00    0.00    1.98  22.30


10/05/2026 09:42:48 PM
Device            r/s     rkB/s   rrqm/s  %rrqm r_await rareq-sz     w/s     wkB/s   wrqm/s  %wrqm w_await wareq-sz     d/s     dkB/s   drqm/s  %drqm d_await dareq-sz     f/s f_await  aqu-sz  %util
nvme0n1       7354.00 486048.00     0.00   0.00    0.18    66.09  220.00   1056.00    44.00  16.67   13.95     4.80    0.00      0.00     0.00   0.00    0.00     0.00    0.00    0.00    4.38  26.20


10/05/2026 09:42:49 PM
Device            r/s     rkB/s   rrqm/s  %rrqm r_await rareq-sz     w/s     wkB/s   wrqm/s  %wrqm w_await wareq-sz     d/s     dkB/s   drqm/s  %drqm d_await dareq-sz     f/s f_await  aqu-sz  %util
nvme0n1       6521.00 419820.00     0.00   0.00    0.18    64.38  221.00    980.00    23.00   9.43   11.28     4.43    0.00      0.00     0.00   0.00    0.00     0.00    0.00    0.00    3.68  30.30


10/05/2026 09:42:50 PM
Device            r/s     rkB/s   rrqm/s  %rrqm r_await rareq-sz     w/s     wkB/s   wrqm/s  %wrqm w_await wareq-sz     d/s     dkB/s   drqm/s  %drqm d_await dareq-sz     f/s f_await  aqu-sz  %util
nvme0n1       6682.00 435408.00     0.00   0.00    0.19    65.16  120.00    516.00     9.00   6.98    9.66     4.30    0.00      0.00     0.00   0.00    0.00     0.00    0.00    0.00    2.41  20.80


10/05/2026 09:42:51 PM
Device            r/s     rkB/s   rrqm/s  %rrqm r_await rareq-sz     w/s     wkB/s   wrqm/s  %wrqm w_await wareq-sz     d/s     dkB/s   drqm/s  %drqm d_await dareq-sz     f/s f_await  aqu-sz  %util
nvme0n1       7009.00 446860.00     0.00   0.00    0.18    63.76   14.00     92.00     9.00  39.13   37.50     6.57    0.00      0.00     0.00   0.00    0.00     0.00    0.00    0.00    1.79  25.90


10/05/2026 09:42:52 PM
Device            r/s     rkB/s   rrqm/s  %rrqm r_await rareq-sz     w/s     wkB/s   wrqm/s  %wrqm w_await wareq-sz     d/s     dkB/s   drqm/s  %drqm d_await dareq-sz     f/s f_await  aqu-sz  %util
nvme0n1       5049.00 335436.00     0.00   0.00    0.18    66.44    2.00      4.00     0.00   0.00    1.50     2.00    0.00      0.00     0.00   0.00    0.00     0.00    1.00    1.00    0.93  20.10


10/05/2026 09:42:53 PM
Device            r/s     rkB/s   rrqm/s  %rrqm r_await rareq-sz     w/s     wkB/s   wrqm/s  %wrqm w_await wareq-sz     d/s     dkB/s   drqm/s  %drqm d_await dareq-sz     f/s f_await  aqu-sz  %util
nvme0n1       5721.00 359744.00     0.00   0.00    0.18    62.88    2.00     12.00     1.00  33.33    0.50     6.00    0.00      0.00     0.00   0.00    0.00     0.00    0.00    0.00    1.03  19.60


10/05/2026 09:42:54 PM
Device            r/s     rkB/s   rrqm/s  %rrqm r_await rareq-sz     w/s     wkB/s   wrqm/s  %wrqm w_await wareq-sz     d/s     dkB/s   drqm/s  %drqm d_await dareq-sz     f/s f_await  aqu-sz  %util
nvme0n1       6546.00 388672.00    24.00   0.37    0.17    59.38    0.00      0.00     0.00   0.00    0.00     0.00    0.00      0.00     0.00   0.00    0.00     0.00    0.00    0.00    1.10  23.60


10/05/2026 09:42:55 PM
Device            r/s     rkB/s   rrqm/s  %rrqm r_await rareq-sz     w/s     wkB/s   wrqm/s  %wrqm w_await wareq-sz     d/s     dkB/s   drqm/s  %drqm d_await dareq-sz     f/s f_await  aqu-sz  %util
nvme0n1       2832.00 171076.00     0.00   0.00    0.19    60.41    0.00      0.00     0.00   0.00    0.00     0.00    0.00      0.00     0.00   0.00    0.00     0.00    0.00    0.00    0.55  14.00


10/05/2026 09:42:56 PM
Device            r/s     rkB/s   rrqm/s  %rrqm r_await rareq-sz     w/s     wkB/s   wrqm/s  %wrqm w_await wareq-sz     d/s     dkB/s   drqm/s  %drqm d_await dareq-sz     f/s f_await  aqu-sz  %util
nvme0n1       8903.00 595524.00     0.00   0.00    0.18    66.89   24.00    164.00    16.00  40.00   10.92     6.83    0.00      0.00     0.00   0.00    0.00     0.00    0.00    0.00    1.84  29.80


10/05/2026 09:42:57 PM
Device            r/s     rkB/s   rrqm/s  %rrqm r_await rareq-sz     w/s     wkB/s   wrqm/s  %wrqm w_await wareq-sz     d/s     dkB/s   drqm/s  %drqm d_await dareq-sz     f/s f_await  aqu-sz  %util
nvme0n1       8168.00 536340.00     0.00   0.00    0.18    65.66   61.00    248.00     3.00   4.69   10.41     4.07    0.00      0.00     0.00   0.00    0.00     0.00    1.00    1.00    2.14  27.40


10/05/2026 09:42:58 PM
Device            r/s     rkB/s   rrqm/s  %rrqm r_await rareq-sz     w/s     wkB/s   wrqm/s  %wrqm w_await wareq-sz     d/s     dkB/s   drqm/s  %drqm d_await dareq-sz     f/s f_await  aqu-sz  %util
nvme0n1       7763.00 514088.00     1.00   0.01    0.18    66.22    9.00     36.00     0.00   0.00   51.89     4.00    0.00      0.00     0.00   0.00    0.00     0.00    0.00    0.00    1.85  28.50


10/05/2026 09:42:59 PM
Device            r/s     rkB/s   rrqm/s  %rrqm r_await rareq-sz     w/s     wkB/s   wrqm/s  %wrqm w_await wareq-sz     d/s     dkB/s   drqm/s  %drqm d_await dareq-sz     f/s f_await  aqu-sz  %util
nvme0n1       4980.00 318760.00     0.00   0.00    0.19    64.01  110.00    560.00     1.00   0.90    7.47     5.09    0.00      0.00     0.00   0.00    0.00     0.00    0.00    0.00    1.75  21.60


10/05/2026 09:43:00 PM
Device            r/s     rkB/s   rrqm/s  %rrqm r_await rareq-sz     w/s     wkB/s   wrqm/s  %wrqm w_await wareq-sz     d/s     dkB/s   drqm/s  %drqm d_await dareq-sz     f/s f_await  aqu-sz  %util
nvme0n1       3522.00 216324.00     0.00   0.00    0.19    61.42    2.00      8.00     0.00   0.00   29.00     4.00    0.00      0.00     0.00   0.00    0.00     0.00    0.00    0.00    0.74  16.90


10/05/2026 09:43:01 PM
Device            r/s     rkB/s   rrqm/s  %rrqm r_await rareq-sz     w/s     wkB/s   wrqm/s  %wrqm w_await wareq-sz     d/s     dkB/s   drqm/s  %drqm d_await dareq-sz     f/s f_await  aqu-sz  %util
nvme0n1       2323.00 153784.00     0.00   0.00    0.20    66.20    0.00      0.00     7.00 100.00    0.00     0.00    0.00      0.00     0.00   0.00    0.00     0.00    0.00    0.00    0.47  12.60


10/05/2026 09:43:02 PM
Device            r/s     rkB/s   rrqm/s  %rrqm r_await rareq-sz     w/s     wkB/s   wrqm/s  %wrqm w_await wareq-sz     d/s     dkB/s   drqm/s  %drqm d_await dareq-sz     f/s f_await  aqu-sz  %util
nvme0n1       3335.00 213500.00     0.00   0.00    0.19    64.02    3.00     36.00     0.00   0.00    1.00    12.00    0.00      0.00     0.00   0.00    0.00     0.00    1.00    2.00    0.63  14.00


10/05/2026 09:43:03 PM
Device            r/s     rkB/s   rrqm/s  %rrqm r_await rareq-sz     w/s     wkB/s   wrqm/s  %wrqm w_await wareq-sz     d/s     dkB/s   drqm/s  %drqm d_await dareq-sz     f/s f_await  aqu-sz  %util
nvme0n1       3657.00 230736.00     0.00   0.00    0.20    63.09    0.00      0.00     0.00   0.00    0.00     0.00    0.00      0.00     0.00   0.00    0.00     0.00    0.00    0.00    0.72  16.20


10/05/2026 09:43:04 PM
Device            r/s     rkB/s   rrqm/s  %rrqm r_await rareq-sz     w/s     wkB/s   wrqm/s  %wrqm w_await wareq-sz     d/s     dkB/s   drqm/s  %drqm d_await dareq-sz     f/s f_await  aqu-sz  %util
nvme0n1       6307.00 427584.00     0.00   0.00    0.18    67.80    0.00      0.00     0.00   0.00    0.00     0.00    0.00      0.00     0.00   0.00    0.00     0.00    0.00    0.00    1.14  23.60


10/05/2026 09:43:05 PM
Device            r/s     rkB/s   rrqm/s  %rrqm r_await rareq-sz     w/s     wkB/s   wrqm/s  %wrqm w_await wareq-sz     d/s     dkB/s   drqm/s  %drqm d_await dareq-sz     f/s f_await  aqu-sz  %util
nvme0n1       2272.00 132960.00     0.00   0.00    0.22    58.52    1.00      8.00     1.00  50.00    1.00     8.00    0.00      0.00     0.00   0.00    0.00     0.00    0.00    0.00    0.49  11.90


10/05/2026 09:43:06 PM
Device            r/s     rkB/s   rrqm/s  %rrqm r_await rareq-sz     w/s     wkB/s   wrqm/s  %wrqm w_await wareq-sz     d/s     dkB/s   drqm/s  %drqm d_await dareq-sz     f/s f_await  aqu-sz  %util
nvme0n1       4190.00 266800.00     0.00   0.00    0.19    63.68    2.00     24.00     4.00  66.67    0.00    12.00    0.00      0.00     0.00   0.00    0.00     0.00    0.00    0.00    0.78  16.50


10/05/2026 09:43:07 PM
Device            r/s     rkB/s   rrqm/s  %rrqm r_await rareq-sz     w/s     wkB/s   wrqm/s  %wrqm w_await wareq-sz     d/s     dkB/s   drqm/s  %drqm d_await dareq-sz     f/s f_await  aqu-sz  %util
nvme0n1       3587.00 226492.00     0.00   0.00    0.18    63.14   10.00     36.00     0.00   0.00    0.10     3.60    0.00      0.00     0.00   0.00    0.00     0.00    1.00    1.00    0.66  14.70


10/05/2026 09:43:08 PM
Device            r/s     rkB/s   rrqm/s  %rrqm r_await rareq-sz     w/s     wkB/s   wrqm/s  %wrqm w_await wareq-sz     d/s     dkB/s   drqm/s  %drqm d_await dareq-sz     f/s f_await  aqu-sz  %util
nvme0n1       2811.00 170304.00     0.00   0.00    0.19    60.58    0.00      0.00     0.00   0.00    0.00     0.00    0.00      0.00     0.00   0.00    0.00     0.00    0.00    0.00    0.52  12.40


10/05/2026 09:43:09 PM
Device            r/s     rkB/s   rrqm/s  %rrqm r_await rareq-sz     w/s     wkB/s   wrqm/s  %wrqm w_await wareq-sz     d/s     dkB/s   drqm/s  %drqm d_await dareq-sz     f/s f_await  aqu-sz  %util
nvme0n1       3686.00 234908.00     0.00   0.00    0.20    63.73    0.00      0.00     0.00   0.00    0.00     0.00    0.00      0.00     0.00   0.00    0.00     0.00    0.00    0.00    0.73  16.10


10/05/2026 09:43:10 PM
Device            r/s     rkB/s   rrqm/s  %rrqm r_await rareq-sz     w/s     wkB/s   wrqm/s  %wrqm w_await wareq-sz     d/s     dkB/s   drqm/s  %drqm d_await dareq-sz     f/s f_await  aqu-sz  %util
nvme0n1       5319.00 340360.00     0.00   0.00    0.18    63.99    0.00      0.00     0.00   0.00    0.00     0.00    0.00      0.00     0.00   0.00    0.00     0.00    0.00    0.00    0.93  20.40


10/05/2026 09:43:11 PM
Device            r/s     rkB/s   rrqm/s  %rrqm r_await rareq-sz     w/s     wkB/s   wrqm/s  %wrqm w_await wareq-sz     d/s     dkB/s   drqm/s  %drqm d_await dareq-sz     f/s f_await  aqu-sz  %util
nvme0n1       4795.00 314884.00     0.00   0.00    0.18    65.67    1.00      4.00     2.00  66.67    1.00     4.00    0.00      0.00     0.00   0.00    0.00     0.00    0.00    0.00    0.88  18.00


10/05/2026 09:43:12 PM
Device            r/s     rkB/s   rrqm/s  %rrqm r_await rareq-sz     w/s     wkB/s   wrqm/s  %wrqm w_await wareq-sz     d/s     dkB/s   drqm/s  %drqm d_await dareq-sz     f/s f_await  aqu-sz  %util
nvme0n1       2243.00 129204.00     0.00   0.00    0.22    57.60    4.00     20.00     0.00   0.00    0.75     5.00    0.00      0.00     0.00   0.00    0.00     0.00    1.00    2.00    0.50  12.40


10/05/2026 09:43:13 PM
Device            r/s     rkB/s   rrqm/s  %rrqm r_await rareq-sz     w/s     wkB/s   wrqm/s  %wrqm w_await wareq-sz     d/s     dkB/s   drqm/s  %drqm d_await dareq-sz     f/s f_await  aqu-sz  %util
nvme0n1       1551.00  85072.00     0.00   0.00    0.23    54.85    0.00      0.00     0.00   0.00    0.00     0.00    0.00      0.00     0.00   0.00    0.00     0.00    0.00    0.00    0.35  10.80


10/05/2026 09:43:14 PM
Device            r/s     rkB/s   rrqm/s  %rrqm r_await rareq-sz     w/s     wkB/s   wrqm/s  %wrqm w_await wareq-sz     d/s     dkB/s   drqm/s  %drqm d_await dareq-sz     f/s f_await  aqu-sz  %util
nvme0n1       4351.00 186232.00    31.00   0.71    0.15    42.80    0.00      0.00     0.00   0.00    0.00     0.00    0.00      0.00     0.00   0.00    0.00     0.00    0.00    0.00    0.63  20.10


10/05/2026 09:43:15 PM
Device            r/s     rkB/s   rrqm/s  %rrqm r_await rareq-sz     w/s     wkB/s   wrqm/s  %wrqm w_await wareq-sz     d/s     dkB/s   drqm/s  %drqm d_await dareq-sz     f/s f_await  aqu-sz  %util
nvme0n1       1315.00  71080.00     0.00   0.00    0.21    54.05    0.00      0.00     0.00   0.00    0.00     0.00    0.00      0.00     0.00   0.00    0.00     0.00    0.00    0.00    0.27   9.20


10/05/2026 09:43:16 PM
Device            r/s     rkB/s   rrqm/s  %rrqm r_await rareq-sz     w/s     wkB/s   wrqm/s  %wrqm w_await wareq-sz     d/s     dkB/s   drqm/s  %drqm d_await dareq-sz     f/s f_await  aqu-sz  %util
nvme0n1       1726.00 105388.00     0.00   0.00    0.20    61.06    0.00      0.00     5.00 100.00    0.00     0.00    0.00      0.00     0.00   0.00    0.00     0.00    0.00    0.00    0.34   9.90


10/05/2026 09:43:17 PM
Device            r/s     rkB/s   rrqm/s  %rrqm r_await rareq-sz     w/s     wkB/s   wrqm/s  %wrqm w_await wareq-sz     d/s     dkB/s   drqm/s  %drqm d_await dareq-sz     f/s f_await  aqu-sz  %util
nvme0n1       1009.00  53876.00     0.00   0.00    0.25    53.40    9.00     52.00     0.00   0.00    0.89     5.78    0.00      0.00     0.00   0.00    0.00     0.00    1.00    2.00    0.26   7.90


10/05/2026 09:43:18 PM
Device            r/s     rkB/s   rrqm/s  %rrqm r_await rareq-sz     w/s     wkB/s   wrqm/s  %wrqm w_await wareq-sz     d/s     dkB/s   drqm/s  %drqm d_await dareq-sz     f/s f_await  aqu-sz  %util
nvme0n1       1573.00  92612.00     0.00   0.00    0.22    58.88    1.00      4.00     0.00   0.00    1.00     4.00    0.00      0.00     0.00   0.00    0.00     0.00    0.00    0.00    0.35  10.90


10/05/2026 09:43:19 PM
Device            r/s     rkB/s   rrqm/s  %rrqm r_await rareq-sz     w/s     wkB/s   wrqm/s  %wrqm w_await wareq-sz     d/s     dkB/s   drqm/s  %drqm d_await dareq-sz     f/s f_await  aqu-sz  %util
nvme0n1       2196.00 140408.00     0.00   0.00    0.20    63.94   32.00    132.00     0.00   0.00    0.03     4.12    0.00      0.00     0.00   0.00    0.00     0.00    0.00    0.00    0.45  10.20


10/05/2026 09:43:20 PM
Device            r/s     rkB/s   rrqm/s  %rrqm r_await rareq-sz     w/s     wkB/s   wrqm/s  %wrqm w_await wareq-sz     d/s     dkB/s   drqm/s  %drqm d_await dareq-sz     f/s f_await  aqu-sz  %util
nvme0n1       2243.00 140012.00     0.00   0.00    0.20    62.42   26.00    108.00     1.00   3.70    3.58     4.15    0.00      0.00     0.00   0.00    0.00     0.00    0.00    0.00    0.53  11.40


10/05/2026 09:43:21 PM
Device            r/s     rkB/s   rrqm/s  %rrqm r_await rareq-sz     w/s     wkB/s   wrqm/s  %wrqm w_await wareq-sz     d/s     dkB/s   drqm/s  %drqm d_await dareq-sz     f/s f_await  aqu-sz  %util
nvme0n1       1348.00  80148.00     0.00   0.00    0.21    59.46    0.00      0.00     0.00   0.00    0.00     0.00    0.00      0.00     0.00   0.00    0.00     0.00    0.00    0.00    0.28   8.50


10/05/2026 09:43:22 PM
Device            r/s     rkB/s   rrqm/s  %rrqm r_await rareq-sz     w/s     wkB/s   wrqm/s  %wrqm w_await wareq-sz     d/s     dkB/s   drqm/s  %drqm d_await dareq-sz     f/s f_await  aqu-sz  %util
nvme0n1       3748.00 145984.00    24.00   0.64    0.17    38.95    3.00     24.00     4.00  57.14    0.67     8.00    0.00      0.00     0.00   0.00    0.00     0.00    1.00    1.00    0.64  45.40


10/05/2026 09:43:23 PM
Device            r/s     rkB/s   rrqm/s  %rrqm r_await rareq-sz     w/s     wkB/s   wrqm/s  %wrqm w_await wareq-sz     d/s     dkB/s   drqm/s  %drqm d_await dareq-sz     f/s f_await  aqu-sz  %util
nvme0n1       6788.00  34916.00   340.00   4.77    0.14     5.14    1.00      8.00     1.00  50.00    0.00     8.00    0.00      0.00     0.00   0.00    0.00     0.00    0.00    0.00    0.93  90.40


10/05/2026 09:43:24 PM
Device            r/s     rkB/s   rrqm/s  %rrqm r_await rareq-sz     w/s     wkB/s   wrqm/s  %wrqm w_await wareq-sz     d/s     dkB/s   drqm/s  %drqm d_await dareq-sz     f/s f_await  aqu-sz  %util
nvme0n1       3525.00 387796.00   292.00   7.65    0.21   110.01    1.00      4.00     0.00   0.00    0.00     4.00    0.00      0.00     0.00   0.00    0.00     0.00    0.00    0.00    0.73  28.70


10/05/2026 09:43:25 PM
Device            r/s     rkB/s   rrqm/s  %rrqm r_await rareq-sz     w/s     wkB/s   wrqm/s  %wrqm w_await wareq-sz     d/s     dkB/s   drqm/s  %drqm d_await dareq-sz     f/s f_await  aqu-sz  %util
nvme0n1       5539.00 607140.00     7.00   0.13    0.18   109.61    1.00      4.00     0.00   0.00    0.00     4.00    0.00      0.00     0.00   0.00    0.00     0.00    0.00    0.00    1.02  38.90


10/05/2026 09:43:26 PM
Device            r/s     rkB/s   rrqm/s  %rrqm r_await rareq-sz     w/s     wkB/s   wrqm/s  %wrqm w_await wareq-sz     d/s     dkB/s   drqm/s  %drqm d_await dareq-sz     f/s f_await  aqu-sz  %util
nvme0n1       6158.00 770688.00     0.00   0.00    0.22   125.15    1.00      4.00     0.00   0.00   38.00     4.00    0.00      0.00     0.00   0.00    0.00     0.00    0.00    0.00    1.39  44.90


10/05/2026 09:43:27 PM
Device            r/s     rkB/s   rrqm/s  %rrqm r_await rareq-sz     w/s     wkB/s   wrqm/s  %wrqm w_await wareq-sz     d/s     dkB/s   drqm/s  %drqm d_await dareq-sz     f/s f_await  aqu-sz  %util
nvme0n1       4833.00 598448.00     0.00   0.00    0.23   123.83   12.00     88.00    24.00  66.67   33.25     7.33    0.00      0.00     0.00   0.00    0.00     0.00    0.00    0.00    1.49  40.00


10/05/2026 09:43:28 PM
Device            r/s     rkB/s   rrqm/s  %rrqm r_await rareq-sz     w/s     wkB/s   wrqm/s  %wrqm w_await wareq-sz     d/s     dkB/s   drqm/s  %drqm d_await dareq-sz     f/s f_await  aqu-sz  %util
nvme0n1       5679.00 709228.00     0.00   0.00    0.23   124.89   22.00    148.00     2.00   8.33    4.32     6.73    0.00      0.00     0.00   0.00    0.00     0.00    1.00    1.00    1.40  44.20


10/05/2026 09:43:29 PM
Device            r/s     rkB/s   rrqm/s  %rrqm r_await rareq-sz     w/s     wkB/s   wrqm/s  %wrqm w_await wareq-sz     d/s     dkB/s   drqm/s  %drqm d_await dareq-sz     f/s f_await  aqu-sz  %util
nvme0n1       4302.00 522556.00     0.00   0.00    0.24   121.47    7.00     36.00     2.00  22.22   27.86     5.14    0.00      0.00     0.00   0.00    0.00     0.00    0.00    0.00    1.21  40.70


10/05/2026 09:43:30 PM
Device            r/s     rkB/s   rrqm/s  %rrqm r_await rareq-sz     w/s     wkB/s   wrqm/s  %wrqm w_await wareq-sz     d/s     dkB/s   drqm/s  %drqm d_await dareq-sz     f/s f_await  aqu-sz  %util
nvme0n1       3829.00 286236.00     0.00   0.00    0.21    74.75   94.00    500.00     2.00   2.08    0.21     5.32    0.00      0.00     0.00   0.00    0.00     0.00    0.00    0.00    0.81  45.30


10/05/2026 09:43:31 PM
Device            r/s     rkB/s   rrqm/s  %rrqm r_await rareq-sz     w/s     wkB/s   wrqm/s  %wrqm w_await wareq-sz     d/s     dkB/s   drqm/s  %drqm d_await dareq-sz     f/s f_await  aqu-sz  %util
nvme0n1       6497.00  25988.00     0.00   0.00    0.14     4.00    0.00      0.00     0.00   0.00    0.00     0.00    0.00      0.00     0.00   0.00    0.00     0.00    0.00    0.00    0.94  94.20


10/05/2026 09:43:32 PM
Device            r/s     rkB/s   rrqm/s  %rrqm r_await rareq-sz     w/s     wkB/s   wrqm/s  %wrqm w_await wareq-sz     d/s     dkB/s   drqm/s  %drqm d_await dareq-sz     f/s f_await  aqu-sz  %util
nvme0n1       2203.00 226736.00     3.00   0.14    0.24   102.92    4.00     44.00     7.00  63.64   22.25    11.00    0.00      0.00     0.00   0.00    0.00     0.00    0.00    0.00    0.63  22.60


10/05/2026 09:43:33 PM
Device            r/s     rkB/s   rrqm/s  %rrqm r_await rareq-sz     w/s     wkB/s   wrqm/s  %wrqm w_await wareq-sz     d/s     dkB/s   drqm/s  %drqm d_await dareq-sz     f/s f_await  aqu-sz  %util
nvme0n1       3420.00 420864.00     0.00   0.00    0.24   123.06   15.00     64.00     2.00  11.76    0.20     4.27    0.00      0.00     0.00   0.00    0.00     0.00    1.00    2.00    0.81  28.90


10/05/2026 09:43:34 PM
Device            r/s     rkB/s   rrqm/s  %rrqm r_await rareq-sz     w/s     wkB/s   wrqm/s  %wrqm w_await wareq-sz     d/s     dkB/s   drqm/s  %drqm d_await dareq-sz     f/s f_await  aqu-sz  %util
nvme0n1       3400.00 419916.00     0.00   0.00    0.23   123.50    0.00      0.00     0.00   0.00    0.00     0.00    0.00      0.00     0.00   0.00    0.00     0.00    0.00    0.00    0.80  28.50


10/05/2026 09:43:35 PM
Device            r/s     rkB/s   rrqm/s  %rrqm r_await rareq-sz     w/s     wkB/s   wrqm/s  %wrqm w_await wareq-sz     d/s     dkB/s   drqm/s  %drqm d_await dareq-sz     f/s f_await  aqu-sz  %util
nvme0n1       3927.00 490980.00     0.00   0.00    0.24   125.03    1.00      8.00     1.00  50.00    0.00     8.00    0.00      0.00     0.00   0.00    0.00     0.00    0.00    0.00    0.95  34.30


10/05/2026 09:43:36 PM
Device            r/s     rkB/s   rrqm/s  %rrqm r_await rareq-sz     w/s     wkB/s   wrqm/s  %wrqm w_await wareq-sz     d/s     dkB/s   drqm/s  %drqm d_await dareq-sz     f/s f_await  aqu-sz  %util
nvme0n1       3088.00 115488.00     0.00   0.00    0.19    37.40    1.00      4.00     0.00   0.00    0.00     4.00    0.00      0.00     0.00   0.00    0.00     0.00    0.00    0.00    0.57  43.80


10/05/2026 09:43:37 PM
Device            r/s     rkB/s   rrqm/s  %rrqm r_await rareq-sz     w/s     wkB/s   wrqm/s  %wrqm w_await wareq-sz     d/s     dkB/s   drqm/s  %drqm d_await dareq-sz     f/s f_await  aqu-sz  %util
nvme0n1       6229.00  30964.00     0.00   0.00    0.15     4.97    0.00      0.00     0.00   0.00    0.00     0.00    0.00      0.00     0.00   0.00    0.00     0.00    0.00    0.00    0.91  89.60


10/05/2026 09:43:38 PM
Device            r/s     rkB/s   rrqm/s  %rrqm r_await rareq-sz     w/s     wkB/s   wrqm/s  %wrqm w_await wareq-sz     d/s     dkB/s   drqm/s  %drqm d_await dareq-sz     f/s f_await  aqu-sz  %util
nvme0n1       1290.00 151312.00    10.00   0.77    0.27   117.30    3.00     24.00     4.00  57.14    0.67     8.00    0.00      0.00     0.00   0.00    0.00     0.00    1.00    0.00    0.35  15.20


10/05/2026 09:43:39 PM
Device            r/s     rkB/s   rrqm/s  %rrqm r_await rareq-sz     w/s     wkB/s   wrqm/s  %wrqm w_await wareq-sz     d/s     dkB/s   drqm/s  %drqm d_await dareq-sz     f/s f_await  aqu-sz  %util
nvme0n1       3363.00 415604.00     0.00   0.00    0.24   123.58   22.00   2076.00   497.00  95.76    3.55    94.36    0.00      0.00     0.00   0.00    0.00     0.00    0.00    0.00    0.88  29.10


10/05/2026 09:43:40 PM
Device            r/s     rkB/s   rrqm/s  %rrqm r_await rareq-sz     w/s     wkB/s   wrqm/s  %wrqm w_await wareq-sz     d/s     dkB/s   drqm/s  %drqm d_await dareq-sz     f/s f_await  aqu-sz  %util
nvme0n1       2619.00 325052.00     0.00   0.00    0.24   124.11  286.00   1172.00     7.00   2.39    0.22     4.10    0.00      0.00     0.00   0.00    0.00     0.00    0.00    0.00    0.69  22.30


10/05/2026 09:43:41 PM
Device            r/s     rkB/s   rrqm/s  %rrqm r_await rareq-sz     w/s     wkB/s   wrqm/s  %wrqm w_await wareq-sz     d/s     dkB/s   drqm/s  %drqm d_await dareq-sz     f/s f_await  aqu-sz  %util
nvme0n1       2003.00 243260.00     5.00   0.25    0.25   121.45   97.00    396.00     2.00   2.02   10.15     4.08    0.00      0.00     0.00   0.00    0.00     0.00    0.00    0.00    1.48  18.20


10/05/2026 09:43:42 PM
Device            r/s     rkB/s   rrqm/s  %rrqm r_await rareq-sz     w/s     wkB/s   wrqm/s  %wrqm w_await wareq-sz     d/s     dkB/s   drqm/s  %drqm d_await dareq-sz     f/s f_await  aqu-sz  %util
nvme0n1       6096.00  65356.00     0.00   0.00    0.15    10.72   12.00     48.00     0.00   0.00   26.17     4.00    0.00      0.00     0.00   0.00    0.00     0.00    0.00    0.00    1.24  86.20


10/05/2026 09:43:43 PM
Device            r/s     rkB/s   rrqm/s  %rrqm r_await rareq-sz     w/s     wkB/s   wrqm/s  %wrqm w_await wareq-sz     d/s     dkB/s   drqm/s  %drqm d_await dareq-sz     f/s f_await  aqu-sz  %util
nvme0n1       3276.00  82336.00    22.00   0.67    0.18    25.13    0.00      0.00     5.00 100.00    0.00     0.00    0.00      0.00     0.00   0.00    0.00     0.00    0.00    0.00    0.58  46.60


10/05/2026 09:43:44 PM
Device            r/s     rkB/s   rrqm/s  %rrqm r_await rareq-sz     w/s     wkB/s   wrqm/s  %wrqm w_await wareq-sz     d/s     dkB/s   drqm/s  %drqm d_await dareq-sz     f/s f_await  aqu-sz  %util
nvme0n1       1863.00 215496.00     1.00   0.05    0.26   115.67   10.00     56.00     0.00   0.00   20.90     5.60    0.00      0.00     0.00   0.00    0.00     0.00    1.00    2.00    0.69  19.40


10/05/2026 09:43:45 PM
Device            r/s     rkB/s   rrqm/s  %rrqm r_await rareq-sz     w/s     wkB/s   wrqm/s  %wrqm w_await wareq-sz     d/s     dkB/s   drqm/s  %drqm d_await dareq-sz     f/s f_await  aqu-sz  %util
nvme0n1       2190.00 263116.00     4.00   0.18    0.24   120.14   37.00    152.00     1.00   2.63    4.03     4.11    0.00      0.00     0.00   0.00    0.00     0.00    0.00    0.00    0.68  18.70


10/05/2026 09:43:46 PM
Device            r/s     rkB/s   rrqm/s  %rrqm r_await rareq-sz     w/s     wkB/s   wrqm/s  %wrqm w_await wareq-sz     d/s     dkB/s   drqm/s  %drqm d_await dareq-sz     f/s f_await  aqu-sz  %util
nvme0n1       1803.00 223800.00     3.00   0.17    0.26   124.13    0.00      0.00     0.00   0.00    0.00     0.00    0.00      0.00     0.00   0.00    0.00     0.00    0.00    0.00    0.48  16.80


10/05/2026 09:43:47 PM
Device            r/s     rkB/s   rrqm/s  %rrqm r_await rareq-sz     w/s     wkB/s   wrqm/s  %wrqm w_await wareq-sz     d/s     dkB/s   drqm/s  %drqm d_await dareq-sz     f/s f_await  aqu-sz  %util
nvme0n1       4677.00  72368.00     6.00   0.13    0.16    15.47    1.00      4.00     0.00   0.00    0.00     4.00    0.00      0.00     0.00   0.00    0.00     0.00    0.00    0.00    0.75  66.50


10/05/2026 09:43:48 PM
Device            r/s     rkB/s   rrqm/s  %rrqm r_await rareq-sz     w/s     wkB/s   wrqm/s  %wrqm w_await wareq-sz     d/s     dkB/s   drqm/s  %drqm d_await dareq-sz     f/s f_await  aqu-sz  %util
nvme0n1       4720.00  72492.00     0.00   0.00    0.15    15.36    1.00      4.00     5.00  83.33    0.00     4.00    0.00      0.00     0.00   0.00    0.00     0.00    0.00    0.00    0.73  66.80


10/05/2026 09:43:49 PM
Device            r/s     rkB/s   rrqm/s  %rrqm r_await rareq-sz     w/s     wkB/s   wrqm/s  %wrqm w_await wareq-sz     d/s     dkB/s   drqm/s  %drqm d_await dareq-sz     f/s f_await  aqu-sz  %util
nvme0n1        955.00 115080.00     1.00   0.10    0.31   120.50   10.00     56.00     0.00   0.00    0.20     5.60    0.00      0.00     0.00   0.00    0.00     0.00    1.00    2.00    0.30  12.70


10/05/2026 09:43:50 PM
Device            r/s     rkB/s   rrqm/s  %rrqm r_await rareq-sz     w/s     wkB/s   wrqm/s  %wrqm w_await wareq-sz     d/s     dkB/s   drqm/s  %drqm d_await dareq-sz     f/s f_await  aqu-sz  %util
nvme0n1       1675.00 204816.00     0.00   0.00    0.26   122.28   30.00    128.00     1.00   3.23    0.13     4.27    0.00      0.00     0.00   0.00    0.00     0.00    0.00    0.00    0.44  18.00


10/05/2026 09:43:51 PM
Device            r/s     rkB/s   rrqm/s  %rrqm r_await rareq-sz     w/s     wkB/s   wrqm/s  %wrqm w_await wareq-sz     d/s     dkB/s   drqm/s  %drqm d_await dareq-sz     f/s f_await  aqu-sz  %util
nvme0n1       1914.00 238588.00     0.00   0.00    0.28   124.65    0.00      0.00     0.00   0.00    0.00     0.00    0.00      0.00     0.00   0.00    0.00     0.00    0.00    0.00    0.54  20.20


10/05/2026 09:43:52 PM
Device            r/s     rkB/s   rrqm/s  %rrqm r_await rareq-sz     w/s     wkB/s   wrqm/s  %wrqm w_await wareq-sz     d/s     dkB/s   drqm/s  %drqm d_await dareq-sz     f/s f_await  aqu-sz  %util
nvme0n1       4288.00  77428.00     0.00   0.00    0.16    18.06    0.00      0.00     0.00   0.00    0.00     0.00    0.00      0.00     0.00   0.00    0.00     0.00    0.00    0.00    0.69  61.70


10/05/2026 09:43:53 PM
Device            r/s     rkB/s   rrqm/s  %rrqm r_await rareq-sz     w/s     wkB/s   wrqm/s  %wrqm w_await wareq-sz     d/s     dkB/s   drqm/s  %drqm d_await dareq-sz     f/s f_await  aqu-sz  %util
nvme0n1       4813.00  36300.00    23.00   0.48    0.15     7.54    1.00      8.00     9.00  90.00    0.00     8.00    0.00      0.00     0.00   0.00    0.00     0.00    0.00    0.00    0.72  69.20


10/05/2026 09:43:54 PM
Device            r/s     rkB/s   rrqm/s  %rrqm r_await rareq-sz     w/s     wkB/s   wrqm/s  %wrqm w_await wareq-sz     d/s     dkB/s   drqm/s  %drqm d_await dareq-sz     f/s f_await  aqu-sz  %util
nvme0n1       1086.00 130368.00     0.00   0.00    0.32   120.04    4.00     44.00     0.00   0.00    0.75    11.00    0.00      0.00     0.00   0.00    0.00     0.00    1.00    1.00    0.35  13.60


10/05/2026 09:43:55 PM
Device            r/s     rkB/s   rrqm/s  %rrqm r_await rareq-sz     w/s     wkB/s   wrqm/s  %wrqm w_await wareq-sz     d/s     dkB/s   drqm/s  %drqm d_await dareq-sz     f/s f_await  aqu-sz  %util
nvme0n1       1468.00 156600.00     0.00   0.00    0.25   106.68    0.00      0.00     0.00   0.00    0.00     0.00    0.00      0.00     0.00   0.00    0.00     0.00    0.00    0.00    0.37  14.30


10/05/2026 09:43:56 PM
Device            r/s     rkB/s   rrqm/s  %rrqm r_await rareq-sz     w/s     wkB/s   wrqm/s  %wrqm w_await wareq-sz     d/s     dkB/s   drqm/s  %drqm d_await dareq-sz     f/s f_await  aqu-sz  %util
nvme0n1       2070.00 259044.00     0.00   0.00    0.25   125.14    0.00      0.00     0.00   0.00    0.00     0.00    0.00      0.00     0.00   0.00    0.00     0.00    0.00    0.00    0.51  20.00


10/05/2026 09:43:57 PM
Device            r/s     rkB/s   rrqm/s  %rrqm r_await rareq-sz     w/s     wkB/s   wrqm/s  %wrqm w_await wareq-sz     d/s     dkB/s   drqm/s  %drqm d_await dareq-sz     f/s f_await  aqu-sz  %util
nvme0n1       4497.00  64048.00     0.00   0.00    0.16    14.24    0.00      0.00     0.00   0.00    0.00     0.00    0.00      0.00     0.00   0.00    0.00     0.00    0.00    0.00    0.71  65.30


10/05/2026 09:43:58 PM
Device            r/s     rkB/s   rrqm/s  %rrqm r_await rareq-sz     w/s     wkB/s   wrqm/s  %wrqm w_await wareq-sz     d/s     dkB/s   drqm/s  %drqm d_await dareq-sz     f/s f_await  aqu-sz  %util
nvme0n1       4362.00  27660.00     0.00   0.00    0.15     6.34    0.00      0.00     8.00 100.00    0.00     0.00    0.00      0.00     0.00   0.00    0.00     0.00    0.00    0.00    0.65  63.00


10/05/2026 09:43:59 PM
Device            r/s     rkB/s   rrqm/s  %rrqm r_await rareq-sz     w/s     wkB/s   wrqm/s  %wrqm w_await wareq-sz     d/s     dkB/s   drqm/s  %drqm d_await dareq-sz     f/s f_await  aqu-sz  %util
nvme0n1        821.00 100056.00     0.00   0.00    0.30   121.87   16.00     92.00     0.00   0.00    0.69     5.75    0.00      0.00     0.00   0.00    0.00     0.00    1.00    2.00    0.26  11.20


10/05/2026 09:44:00 PM
Device            r/s     rkB/s   rrqm/s  %rrqm r_await rareq-sz     w/s     wkB/s   wrqm/s  %wrqm w_await wareq-sz     d/s     dkB/s   drqm/s  %drqm d_await dareq-sz     f/s f_await  aqu-sz  %util
nvme0n1       1250.00 150904.00     0.00   0.00    0.27   120.72  182.00   1692.00   213.00  53.92    0.19     9.30    0.00      0.00     0.00   0.00    0.00     0.00    0.00    0.00    0.37  13.60


10/05/2026 09:44:01 PM
Device            r/s     rkB/s   rrqm/s  %rrqm r_await rareq-sz     w/s     wkB/s   wrqm/s  %wrqm w_await wareq-sz     d/s     dkB/s   drqm/s  %drqm d_await dareq-sz     f/s f_await  aqu-sz  %util
nvme0n1       1713.00 213692.00     0.00   0.00    0.26   124.75    0.00      0.00     0.00   0.00    0.00     0.00    0.00      0.00     0.00   0.00    0.00     0.00    0.00    0.00    0.45  15.50


10/05/2026 09:44:02 PM
Device            r/s     rkB/s   rrqm/s  %rrqm r_await rareq-sz     w/s     wkB/s   wrqm/s  %wrqm w_await wareq-sz     d/s     dkB/s   drqm/s  %drqm d_await dareq-sz     f/s f_await  aqu-sz  %util
nvme0n1       5225.00  49228.00     0.00   0.00    0.15     9.42    0.00      0.00     0.00   0.00    0.00     0.00    0.00      0.00     0.00   0.00    0.00     0.00    0.00    0.00    0.80  76.50


10/05/2026 09:44:03 PM
Device            r/s     rkB/s   rrqm/s  %rrqm r_await rareq-sz     w/s     wkB/s   wrqm/s  %wrqm w_await wareq-sz     d/s     dkB/s   drqm/s  %drqm d_await dareq-sz     f/s f_await  aqu-sz  %util
nvme0n1       3579.00  40108.00     0.00   0.00    0.16    11.21    0.00      0.00     5.00 100.00    0.00     0.00    0.00      0.00     0.00   0.00    0.00     0.00    0.00    0.00    0.56  52.90


10/05/2026 09:44:04 PM
Device            r/s     rkB/s   rrqm/s  %rrqm r_await rareq-sz     w/s     wkB/s   wrqm/s  %wrqm w_await wareq-sz     d/s     dkB/s   drqm/s  %drqm d_await dareq-sz     f/s f_await  aqu-sz  %util
nvme0n1       1009.00 122996.00     0.00   0.00    0.29   121.90    3.00     28.00     0.00   0.00    0.67     9.33    0.00      0.00     0.00   0.00    0.00     0.00    1.00    1.00    0.30  13.60


10/05/2026 09:44:05 PM
Device            r/s     rkB/s   rrqm/s  %rrqm r_await rareq-sz     w/s     wkB/s   wrqm/s  %wrqm w_await wareq-sz     d/s     dkB/s   drqm/s  %drqm d_await dareq-sz     f/s f_await  aqu-sz  %util
nvme0n1       1100.00 134852.00     0.00   0.00    0.28   122.59    1.00      8.00     1.00  50.00    0.00     8.00    0.00      0.00     0.00   0.00    0.00     0.00    0.00    0.00    0.31  12.90


10/05/2026 09:44:06 PM
Device            r/s     rkB/s   rrqm/s  %rrqm r_await rareq-sz     w/s     wkB/s   wrqm/s  %wrqm w_await wareq-sz     d/s     dkB/s   drqm/s  %drqm d_await dareq-sz     f/s f_await  aqu-sz  %util
nvme0n1        982.00 122568.00     0.00   0.00    0.33   124.81    0.00      0.00     0.00   0.00    0.00     0.00    0.00      0.00     0.00   0.00    0.00     0.00    0.00    0.00    0.32  13.30


10/05/2026 09:44:07 PM
Device            r/s     rkB/s   rrqm/s  %rrqm r_await rareq-sz     w/s     wkB/s   wrqm/s  %wrqm w_await wareq-sz     d/s     dkB/s   drqm/s  %drqm d_await dareq-sz     f/s f_await  aqu-sz  %util
nvme0n1        335.00  10368.00    49.00  12.76    0.24    30.95    2.00      8.00     0.00   0.00    0.00     4.00    0.00      0.00     0.00   0.00    0.00     0.00    0.00    0.00    0.08   4.70


10/05/2026 09:44:08 PM
Device            r/s     rkB/s   rrqm/s  %rrqm r_await rareq-sz     w/s     wkB/s   wrqm/s  %wrqm w_await wareq-sz     d/s     dkB/s   drqm/s  %drqm d_await dareq-sz     f/s f_await  aqu-sz  %util
nvme0n1        261.00   6904.00     0.00   0.00    0.20    26.45    0.00      0.00     0.00   0.00    0.00     0.00    0.00      0.00     0.00   0.00    0.00     0.00    0.00    0.00    0.05   4.40


10/05/2026 09:44:09 PM
Device            r/s     rkB/s   rrqm/s  %rrqm r_await rareq-sz     w/s     wkB/s   wrqm/s  %wrqm w_await wareq-sz     d/s     dkB/s   drqm/s  %drqm d_await dareq-sz     f/s f_await  aqu-sz  %util
nvme0n1        383.00  13364.00     0.00   0.00    0.24    34.89    3.00     12.00     7.00  70.00    0.67     4.00    0.00      0.00     0.00   0.00    0.00     0.00    0.00    0.00    0.10   5.00


10/05/2026 09:44:10 PM
Device            r/s     rkB/s   rrqm/s  %rrqm r_await rareq-sz     w/s     wkB/s   wrqm/s  %wrqm w_await wareq-sz     d/s     dkB/s   drqm/s  %drqm d_await dareq-sz     f/s f_await  aqu-sz  %util
nvme0n1        261.00   4696.00     0.00   0.00    0.21    17.99    3.00     36.00     0.00   0.00    1.33    12.00    0.00      0.00     0.00   0.00    0.00     0.00    1.00    2.00    0.06   4.30


10/05/2026 09:44:11 PM
Device            r/s     rkB/s   rrqm/s  %rrqm r_await rareq-sz     w/s     wkB/s   wrqm/s  %wrqm w_await wareq-sz     d/s     dkB/s   drqm/s  %drqm d_await dareq-sz     f/s f_await  aqu-sz  %util
nvme0n1        274.00   6548.00     2.00   0.72    0.23    23.90    1.00      8.00     1.00  50.00    0.00     8.00    0.00      0.00     0.00   0.00    0.00     0.00    0.00    0.00    0.06   4.10


10/05/2026 09:44:12 PM
Device            r/s     rkB/s   rrqm/s  %rrqm r_await rareq-sz     w/s     wkB/s   wrqm/s  %wrqm w_await wareq-sz     d/s     dkB/s   drqm/s  %drqm d_await dareq-sz     f/s f_await  aqu-sz  %util
nvme0n1        281.00   6796.00     0.00   0.00    0.21    24.19    0.00      0.00     0.00   0.00    0.00     0.00    0.00      0.00     0.00   0.00    0.00     0.00    0.00    0.00    0.06   4.10


10/05/2026 09:44:13 PM
Device            r/s     rkB/s   rrqm/s  %rrqm r_await rareq-sz     w/s     wkB/s   wrqm/s  %wrqm w_await wareq-sz     d/s     dkB/s   drqm/s  %drqm d_await dareq-sz     f/s f_await  aqu-sz  %util
nvme0n1        222.00   2788.00     0.00   0.00    0.21    12.56    1.00      4.00     0.00   0.00    1.00     4.00    0.00      0.00     0.00   0.00    0.00     0.00    0.00    0.00    0.05   4.10


10/05/2026 09:44:14 PM
Device            r/s     rkB/s   rrqm/s  %rrqm r_await rareq-sz     w/s     wkB/s   wrqm/s  %wrqm w_await wareq-sz     d/s     dkB/s   drqm/s  %drqm d_await dareq-sz     f/s f_await  aqu-sz  %util
nvme0n1        421.00  18460.00     0.00   0.00    0.25    43.85    1.00     20.00     4.00  80.00    0.00    20.00    0.00      0.00     0.00   0.00    0.00     0.00    0.00    0.00    0.11   4.80


10/05/2026 09:44:15 PM
Device            r/s     rkB/s   rrqm/s  %rrqm r_await rareq-sz     w/s     wkB/s   wrqm/s  %wrqm w_await wareq-sz     d/s     dkB/s   drqm/s  %drqm d_await dareq-sz     f/s f_await  aqu-sz  %util
nvme0n1        695.00   8932.00    20.00   2.80    0.12    12.85    8.00     28.00     0.00   0.00    0.25     3.50    0.00      0.00     0.00   0.00    0.00     0.00    1.00    1.00    0.09   6.10


10/05/2026 09:44:16 PM
Device            r/s     rkB/s   rrqm/s  %rrqm r_await rareq-sz     w/s     wkB/s   wrqm/s  %wrqm w_await wareq-sz     d/s     dkB/s   drqm/s  %drqm d_await dareq-sz     f/s f_await  aqu-sz  %util
nvme0n1        353.00  10144.00     0.00   0.00    0.22    28.74    0.00      0.00     0.00   0.00    0.00     0.00    0.00      0.00     0.00   0.00    0.00     0.00    0.00    0.00    0.08   4.60


10/05/2026 09:44:17 PM
Device            r/s     rkB/s   rrqm/s  %rrqm r_await rareq-sz     w/s     wkB/s   wrqm/s  %wrqm w_await wareq-sz     d/s     dkB/s   drqm/s  %drqm d_await dareq-sz     f/s f_await  aqu-sz  %util
nvme0n1        317.00   9384.00     0.00   0.00    0.23    29.60    1.00      4.00     0.00   0.00    1.00     4.00    0.00      0.00     0.00   0.00    0.00     0.00    0.00    0.00    0.07   4.40


10/05/2026 09:44:18 PM
Device            r/s     rkB/s   rrqm/s  %rrqm r_await rareq-sz     w/s     wkB/s   wrqm/s  %wrqm w_await wareq-sz     d/s     dkB/s   drqm/s  %drqm d_await dareq-sz     f/s f_await  aqu-sz  %util
nvme0n1        563.00  15256.00     4.00   0.71    0.23    27.10    0.00      0.00     0.00   0.00    0.00     0.00    0.00      0.00     0.00   0.00    0.00     0.00    0.00    0.00    0.13   5.40


10/05/2026 09:44:19 PM
Device            r/s     rkB/s   rrqm/s  %rrqm r_await rareq-sz     w/s     wkB/s   wrqm/s  %wrqm w_await wareq-sz     d/s     dkB/s   drqm/s  %drqm d_await dareq-sz     f/s f_await  aqu-sz  %util
nvme0n1        379.00  13048.00     0.00   0.00    0.22    34.43    1.00      4.00     5.00  83.33    0.00     4.00    0.00      0.00     0.00   0.00    0.00     0.00    0.00    0.00    0.09   4.40


10/05/2026 09:44:20 PM
Device            r/s     rkB/s   rrqm/s  %rrqm r_await rareq-sz     w/s     wkB/s   wrqm/s  %wrqm w_await wareq-sz     d/s     dkB/s   drqm/s  %drqm d_await dareq-sz     f/s f_await  aqu-sz  %util
nvme0n1        443.00  14828.00     0.00   0.00    0.19    33.47   34.00    156.00     0.00   0.00    0.21     4.59    0.00      0.00     0.00   0.00    0.00     0.00    1.00    2.00    0.10   5.30


10/05/2026 09:44:21 PM
Device            r/s     rkB/s   rrqm/s  %rrqm r_await rareq-sz     w/s     wkB/s   wrqm/s  %wrqm w_await wareq-sz     d/s     dkB/s   drqm/s  %drqm d_await dareq-sz     f/s f_await  aqu-sz  %util
nvme0n1        226.00   2812.00     0.00   0.00    0.19    12.44    0.00      0.00     0.00   0.00    0.00     0.00    0.00      0.00     0.00   0.00    0.00     0.00    0.00    0.00    0.04   4.10


10/05/2026 09:44:22 PM
Device            r/s     rkB/s   rrqm/s  %rrqm r_await rareq-sz     w/s     wkB/s   wrqm/s  %wrqm w_await wareq-sz     d/s     dkB/s   drqm/s  %drqm d_await dareq-sz     f/s f_await  aqu-sz  %util
nvme0n1        440.00  16316.00     0.00   0.00    0.22    37.08    0.00      0.00     0.00   0.00    0.00     0.00    0.00      0.00     0.00   0.00    0.00     0.00    0.00    0.00    0.10   4.40


10/05/2026 09:44:23 PM
Device            r/s     rkB/s   rrqm/s  %rrqm r_await rareq-sz     w/s     wkB/s   wrqm/s  %wrqm w_await wareq-sz     d/s     dkB/s   drqm/s  %drqm d_await dareq-sz     f/s f_await  aqu-sz  %util
nvme0n1        422.00  15436.00     0.00   0.00    0.23    36.58    1.00      8.00     1.00  50.00    1.00     8.00    0.00      0.00     0.00   0.00    0.00     0.00    0.00    0.00    0.10   5.00


10/05/2026 09:44:24 PM
Device            r/s     rkB/s   rrqm/s  %rrqm r_await rareq-sz     w/s     wkB/s   wrqm/s  %wrqm w_await wareq-sz     d/s     dkB/s   drqm/s  %drqm d_await dareq-sz     f/s f_await  aqu-sz  %util
nvme0n1        410.00  14204.00     0.00   0.00    0.23    34.64    0.00      0.00     4.00 100.00    0.00     0.00    0.00      0.00     0.00   0.00    0.00     0.00    0.00    0.00    0.09   4.60


10/05/2026 09:44:25 PM
Device            r/s     rkB/s   rrqm/s  %rrqm r_await rareq-sz     w/s     wkB/s   wrqm/s  %wrqm w_await wareq-sz     d/s     dkB/s   drqm/s  %drqm d_await dareq-sz     f/s f_await  aqu-sz  %util
nvme0n1        242.00   4656.00     0.00   0.00    0.20    19.24   10.00     52.00     0.00   0.00    0.90     5.20    0.00      0.00     0.00   0.00    0.00     0.00    1.00    2.00    0.06   4.60


10/05/2026 09:44:26 PM
Device            r/s     rkB/s   rrqm/s  %rrqm r_await rareq-sz     w/s     wkB/s   wrqm/s  %wrqm w_await wareq-sz     d/s     dkB/s   drqm/s  %drqm d_await dareq-sz     f/s f_await  aqu-sz  %util
nvme0n1        997.00  21380.00     8.00   0.80    0.12    21.44    1.00      4.00     0.00   0.00    1.00     4.00    0.00      0.00     0.00   0.00    0.00     0.00    0.00    0.00    0.12   8.60


10/05/2026 09:44:27 PM
Device            r/s     rkB/s   rrqm/s  %rrqm r_await rareq-sz     w/s     wkB/s   wrqm/s  %wrqm w_await wareq-sz     d/s     dkB/s   drqm/s  %drqm d_await dareq-sz     f/s f_await  aqu-sz  %util
nvme0n1        443.00  20872.00     0.00   0.00    0.24    47.12    0.00      0.00     0.00   0.00    0.00     0.00    0.00      0.00     0.00   0.00    0.00     0.00    0.00    0.00    0.11   5.20


10/05/2026 09:44:28 PM
Device            r/s     rkB/s   rrqm/s  %rrqm r_await rareq-sz     w/s     wkB/s   wrqm/s  %wrqm w_await wareq-sz     d/s     dkB/s   drqm/s  %drqm d_await dareq-sz     f/s f_await  aqu-sz  %util
nvme0n1        406.00  12532.00     0.00   0.00    0.21    30.87    0.00      0.00     0.00   0.00    0.00     0.00    0.00      0.00     0.00   0.00    0.00     0.00    0.00    0.00    0.09   4.70


10/05/2026 09:44:29 PM
Device            r/s     rkB/s   rrqm/s  %rrqm r_await rareq-sz     w/s     wkB/s   wrqm/s  %wrqm w_await wareq-sz     d/s     dkB/s   drqm/s  %drqm d_await dareq-sz     f/s f_await  aqu-sz  %util
nvme0n1        195.00   2400.00     0.00   0.00    0.23    12.31    1.00      4.00    12.00  92.31    1.00     4.00    0.00      0.00     0.00   0.00    0.00     0.00    0.00    0.00    0.04   4.00


10/05/2026 09:44:30 PM
Device            r/s     rkB/s   rrqm/s  %rrqm r_await rareq-sz     w/s     wkB/s   wrqm/s  %wrqm w_await wareq-sz     d/s     dkB/s   drqm/s  %drqm d_await dareq-sz     f/s f_await  aqu-sz  %util
nvme0n1        263.00   3904.00     3.00   1.13    0.21    14.84    3.00     56.00     0.00   0.00    1.00    18.67    0.00      0.00     0.00   0.00    0.00     0.00    1.00    2.00    0.06   4.60


10/05/2026 09:44:31 PM
Device            r/s     rkB/s   rrqm/s  %rrqm r_await rareq-sz     w/s     wkB/s   wrqm/s  %wrqm w_await wareq-sz     d/s     dkB/s   drqm/s  %drqm d_await dareq-sz     f/s f_await  aqu-sz  %util
nvme0n1        308.00  10384.00     0.00   0.00    0.26    33.71   90.00    496.00     3.00   3.23    0.07     5.51    0.00      0.00     0.00   0.00    0.00     0.00    0.00    0.00    0.08   4.60


10/05/2026 09:44:32 PM
Device            r/s     rkB/s   rrqm/s  %rrqm r_await rareq-sz     w/s     wkB/s   wrqm/s  %wrqm w_await wareq-sz     d/s     dkB/s   drqm/s  %drqm d_await dareq-sz     f/s f_await  aqu-sz  %util
nvme0n1        435.00  14236.00     0.00   0.00    0.22    32.73    0.00      0.00     0.00   0.00    0.00     0.00    0.00      0.00     0.00   0.00    0.00     0.00    0.00    0.00    0.09   5.00


10/05/2026 09:44:33 PM
Device            r/s     rkB/s   rrqm/s  %rrqm r_await rareq-sz     w/s     wkB/s   wrqm/s  %wrqm w_await wareq-sz     d/s     dkB/s   drqm/s  %drqm d_await dareq-sz     f/s f_await  aqu-sz  %util
nvme0n1        299.00   7496.00     0.00   0.00    0.19    25.07    0.00      0.00     0.00   0.00    0.00     0.00    0.00      0.00     0.00   0.00    0.00     0.00    0.00    0.00    0.06   4.30


10/05/2026 09:44:34 PM
Device            r/s     rkB/s   rrqm/s  %rrqm r_await rareq-sz     w/s     wkB/s   wrqm/s  %wrqm w_await wareq-sz     d/s     dkB/s   drqm/s  %drqm d_await dareq-sz     f/s f_await  aqu-sz  %util
nvme0n1        263.00   6660.00     0.00   0.00    0.23    25.32    0.00      0.00     9.00 100.00    0.00     0.00    0.00      0.00     0.00   0.00    0.00     0.00    0.00    0.00    0.06   3.70


10/05/2026 09:44:35 PM
Device            r/s     rkB/s   rrqm/s  %rrqm r_await rareq-sz     w/s     wkB/s   wrqm/s  %wrqm w_await wareq-sz     d/s     dkB/s   drqm/s  %drqm d_await dareq-sz     f/s f_await  aqu-sz  %util
nvme0n1        341.00   9632.00     0.00   0.00    0.21    28.25   16.00    104.00     2.00  11.11    0.25     6.50    0.00      0.00     0.00   0.00    0.00     0.00    1.00    2.00    0.08   4.40


10/05/2026 09:44:36 PM
Device            r/s     rkB/s   rrqm/s  %rrqm r_await rareq-sz     w/s     wkB/s   wrqm/s  %wrqm w_await wareq-sz     d/s     dkB/s   drqm/s  %drqm d_await dareq-sz     f/s f_await  aqu-sz  %util
nvme0n1        349.00   9916.00     0.00   0.00    0.24    28.41    0.00      0.00     0.00   0.00    0.00     0.00    0.00      0.00     0.00   0.00    0.00     0.00    0.00    0.00    0.09   4.40


10/05/2026 09:44:37 PM
Device            r/s     rkB/s   rrqm/s  %rrqm r_await rareq-sz     w/s     wkB/s   wrqm/s  %wrqm w_await wareq-sz     d/s     dkB/s   drqm/s  %drqm d_await dareq-sz     f/s f_await  aqu-sz  %util
nvme0n1        246.00   6704.00     0.00   0.00    0.23    27.25    1.00      4.00     0.00   0.00    1.00     4.00    0.00      0.00     0.00   0.00    0.00     0.00    0.00    0.00    0.06   3.90


10/05/2026 09:44:38 PM
Device            r/s     rkB/s   rrqm/s  %rrqm r_await rareq-sz     w/s     wkB/s   wrqm/s  %wrqm w_await wareq-sz     d/s     dkB/s   drqm/s  %drqm d_await dareq-sz     f/s f_await  aqu-sz  %util
nvme0n1        342.00  10048.00     0.00   0.00    0.23    29.38    0.00      0.00     0.00   0.00    0.00     0.00    0.00      0.00     0.00   0.00    0.00     0.00    0.00    0.00    0.08   5.10


10/05/2026 09:44:39 PM
Device            r/s     rkB/s   rrqm/s  %rrqm r_await rareq-sz     w/s     wkB/s   wrqm/s  %wrqm w_await wareq-sz     d/s     dkB/s   drqm/s  %drqm d_await dareq-sz     f/s f_await  aqu-sz  %util
nvme0n1        550.00  20912.00     0.00   0.00    0.21    38.02    0.00      0.00     0.00   0.00    0.00     0.00    0.00      0.00     0.00   0.00    0.00     0.00    0.00    0.00    0.12   5.40


10/05/2026 09:44:40 PM
Device            r/s     rkB/s   rrqm/s  %rrqm r_await rareq-sz     w/s     wkB/s   wrqm/s  %wrqm w_await wareq-sz     d/s     dkB/s   drqm/s  %drqm d_await dareq-sz     f/s f_await  aqu-sz  %util
nvme0n1        210.00   8992.00     0.00   0.00    0.23    42.82    4.00     28.00     4.00  50.00    1.50     7.00    0.00      0.00     0.00   0.00    0.00     0.00    1.00    1.00    0.06   2.50


10/05/2026 09:44:41 PM
Device            r/s     rkB/s   rrqm/s  %rrqm r_await rareq-sz     w/s     wkB/s   wrqm/s  %wrqm w_await wareq-sz     d/s     dkB/s   drqm/s  %drqm d_await dareq-sz     f/s f_await  aqu-sz  %util
nvme0n1       7471.00 164552.00 11296.00  60.19    0.07    22.03    1.00      8.00     1.00  50.00    0.00     8.00    0.00      0.00     0.00   0.00    0.00     0.00    0.00    0.00    0.54  51.50


10/05/2026 09:44:42 PM
Device            r/s     rkB/s   rrqm/s  %rrqm r_await rareq-sz     w/s     wkB/s   wrqm/s  %wrqm w_await wareq-sz     d/s     dkB/s   drqm/s  %drqm d_await dareq-sz     f/s f_await  aqu-sz  %util
nvme0n1        606.00  73748.00    90.00  12.93    0.19   121.70    0.00      0.00     0.00   0.00    0.00     0.00    0.00      0.00     0.00   0.00    0.00     0.00    0.00    0.00    0.11   4.30


10/05/2026 09:44:43 PM
Device            r/s     rkB/s   rrqm/s  %rrqm r_await rareq-sz     w/s     wkB/s   wrqm/s  %wrqm w_await wareq-sz     d/s     dkB/s   drqm/s  %drqm d_await dareq-sz     f/s f_await  aqu-sz  %util
nvme0n1         47.00    856.00     5.00   9.62    0.38    18.21    1.00      4.00     0.00   0.00    4.00     4.00    0.00      0.00     0.00   0.00    0.00     0.00    0.00    0.00    0.02   1.00


10/05/2026 09:44:44 PM
Device            r/s     rkB/s   rrqm/s  %rrqm r_await rareq-sz     w/s     wkB/s   wrqm/s  %wrqm w_await wareq-sz     d/s     dkB/s   drqm/s  %drqm d_await dareq-sz     f/s f_await  aqu-sz  %util
nvme0n1        979.00  70512.00    30.00   2.97    0.11    72.02    1.00      8.00     0.00   0.00    0.00     8.00    0.00      0.00     0.00   0.00    0.00     0.00    0.00    0.00    0.11   7.20


10/05/2026 09:44:45 PM
Device            r/s     rkB/s   rrqm/s  %rrqm r_await rareq-sz     w/s     wkB/s   wrqm/s  %wrqm w_await wareq-sz     d/s     dkB/s   drqm/s  %drqm d_await dareq-sz     f/s f_await  aqu-sz  %util
nvme0n1         12.00    404.00     0.00   0.00    1.50    33.67    0.00      0.00    16.00 100.00    0.00     0.00    0.00      0.00     0.00   0.00    0.00     0.00    0.00    0.00    0.02   0.80


10/05/2026 09:44:46 PM
Device            r/s     rkB/s   rrqm/s  %rrqm r_await rareq-sz     w/s     wkB/s   wrqm/s  %wrqm w_await wareq-sz     d/s     dkB/s   drqm/s  %drqm d_await dareq-sz     f/s f_await  aqu-sz  %util
nvme0n1       1015.00 113380.00     2.00   0.20    0.23   111.70    3.00     72.00     0.00   0.00    0.67    24.00    0.00      0.00     0.00   0.00    0.00     0.00    1.00    2.00    0.23   9.60


10/05/2026 09:44:47 PM
Device            r/s     rkB/s   rrqm/s  %rrqm r_await rareq-sz     w/s     wkB/s   wrqm/s  %wrqm w_await wareq-sz     d/s     dkB/s   drqm/s  %drqm d_await dareq-sz     f/s f_await  aqu-sz  %util
nvme0n1       9425.00 1160092.00     0.00   0.00    0.21   123.09    8.00     60.00     7.00  46.67   18.25     7.50    0.00      0.00     0.00   0.00    0.00     0.00    0.00    0.00    2.16  53.90


10/05/2026 09:44:48 PM
Device            r/s     rkB/s   rrqm/s  %rrqm r_await rareq-sz     w/s     wkB/s   wrqm/s  %wrqm w_await wareq-sz     d/s     dkB/s   drqm/s  %drqm d_await dareq-sz     f/s f_await  aqu-sz  %util
nvme0n1       8880.00 1077688.00    30.00   0.34    0.21   121.36  103.00    412.00     0.00   0.00   11.94     4.00    0.00      0.00     0.00   0.00    0.00     0.00    0.00    0.00    3.07  53.60


10/05/2026 09:44:49 PM
Device            r/s     rkB/s   rrqm/s  %rrqm r_await rareq-sz     w/s     wkB/s   wrqm/s  %wrqm w_await wareq-sz     d/s     dkB/s   drqm/s  %drqm d_await dareq-sz     f/s f_await  aqu-sz  %util
nvme0n1       8219.00 990268.00     0.00   0.00    0.22   120.49   57.00    240.00     1.00   1.72    0.09     4.21    0.00      0.00     0.00   0.00    0.00     0.00    0.00    0.00    1.79  53.90


10/05/2026 09:44:50 PM
Device            r/s     rkB/s   rrqm/s  %rrqm r_await rareq-sz     w/s     wkB/s   wrqm/s  %wrqm w_await wareq-sz     d/s     dkB/s   drqm/s  %drqm d_await dareq-sz     f/s f_await  aqu-sz  %util
nvme0n1       10720.00 1328920.00    30.00   0.28    0.20   123.97    2.00      8.00     8.00  80.00   14.50     4.00    0.00      0.00     0.00   0.00    0.00     0.00    0.00    0.00    2.22  54.60


10/05/2026 09:44:51 PM
Device            r/s     rkB/s   rrqm/s  %rrqm r_await rareq-sz     w/s     wkB/s   wrqm/s  %wrqm w_await wareq-sz     d/s     dkB/s   drqm/s  %drqm d_await dareq-sz     f/s f_await  aqu-sz  %util
nvme0n1       10317.00 1281520.00     0.00   0.00    0.21   124.21   19.00    112.00     2.00   9.52    0.32     5.89    0.00      0.00     0.00   0.00    0.00     0.00    1.00    1.00    2.19  59.30


10/05/2026 09:44:52 PM
Device            r/s     rkB/s   rrqm/s  %rrqm r_await rareq-sz     w/s     wkB/s   wrqm/s  %wrqm w_await wareq-sz     d/s     dkB/s   drqm/s  %drqm d_await dareq-sz     f/s f_await  aqu-sz  %util
nvme0n1       8732.00 1052492.00     0.00   0.00    0.21   120.53    0.00      0.00     0.00   0.00    0.00     0.00    0.00      0.00     0.00   0.00    0.00     0.00    0.00    0.00    1.86  54.20


10/05/2026 09:44:53 PM
Device            r/s     rkB/s   rrqm/s  %rrqm r_await rareq-sz     w/s     wkB/s   wrqm/s  %wrqm w_await wareq-sz     d/s     dkB/s   drqm/s  %drqm d_await dareq-sz     f/s f_await  aqu-sz  %util
nvme0n1       10328.00 1283208.00     0.00   0.00    0.20   124.25    2.00     28.00     5.00  71.43    8.50    14.00    0.00      0.00     0.00   0.00    0.00     0.00    0.00    0.00    2.13  54.60


10/05/2026 09:44:54 PM
Device            r/s     rkB/s   rrqm/s  %rrqm r_await rareq-sz     w/s     wkB/s   wrqm/s  %wrqm w_await wareq-sz     d/s     dkB/s   drqm/s  %drqm d_await dareq-sz     f/s f_await  aqu-sz  %util
nvme0n1       10992.00 1370400.00     0.00   0.00    0.20   124.67    0.00      0.00     0.00   0.00    0.00     0.00    0.00      0.00     0.00   0.00    0.00     0.00    0.00    0.00    2.19  55.00


10/05/2026 09:44:55 PM
Device            r/s     rkB/s   rrqm/s  %rrqm r_await rareq-sz     w/s     wkB/s   wrqm/s  %wrqm w_await wareq-sz     d/s     dkB/s   drqm/s  %drqm d_await dareq-sz     f/s f_await  aqu-sz  %util
nvme0n1       11091.00 1384760.00     0.00   0.00    0.20   124.85    1.00      4.00     0.00   0.00    0.00     4.00    0.00      0.00     0.00   0.00    0.00     0.00    0.00    0.00    2.20  56.30


10/05/2026 09:44:56 PM
Device            r/s     rkB/s   rrqm/s  %rrqm r_await rareq-sz     w/s     wkB/s   wrqm/s  %wrqm w_await wareq-sz     d/s     dkB/s   drqm/s  %drqm d_await dareq-sz     f/s f_await  aqu-sz  %util
nvme0n1       11153.00 1316452.00   612.00   5.20    0.19   118.04   57.00    276.00    12.00  17.39    8.74     4.84    0.00      0.00     0.00   0.00    0.00     0.00    0.00    0.00    2.58  59.80


10/05/2026 09:44:57 PM
Device            r/s     rkB/s   rrqm/s  %rrqm r_await rareq-sz     w/s     wkB/s   wrqm/s  %wrqm w_await wareq-sz     d/s     dkB/s   drqm/s  %drqm d_await dareq-sz     f/s f_await  aqu-sz  %util
nvme0n1       12122.00 1455532.00    29.00   0.24    0.19   120.07    2.00      4.00     0.00   0.00    1.00     2.00    0.00      0.00     0.00   0.00    0.00     0.00    1.00    1.00    2.35  54.30


10/05/2026 09:44:58 PM
Device            r/s     rkB/s   rrqm/s  %rrqm r_await rareq-sz     w/s     wkB/s   wrqm/s  %wrqm w_await wareq-sz     d/s     dkB/s   drqm/s  %drqm d_await dareq-sz     f/s f_await  aqu-sz  %util
nvme0n1       12632.00 1564280.00     0.00   0.00    0.20   123.83    1.00      4.00     0.00   0.00    0.00     4.00    0.00      0.00     0.00   0.00    0.00     0.00    0.00    0.00    2.47  51.80


10/05/2026 09:44:59 PM
Device            r/s     rkB/s   rrqm/s  %rrqm r_await rareq-sz     w/s     wkB/s   wrqm/s  %wrqm w_await wareq-sz     d/s     dkB/s   drqm/s  %drqm d_await dareq-sz     f/s f_await  aqu-sz  %util
nvme0n1       15266.00 1949644.00     0.00   0.00    0.17   127.71   30.00    136.00     4.00  11.76   14.27     4.53    0.00      0.00     0.00   0.00    0.00     0.00    0.00    0.00    3.04  49.30


10/05/2026 09:45:00 PM
Device            r/s     rkB/s   rrqm/s  %rrqm r_await rareq-sz     w/s     wkB/s   wrqm/s  %wrqm w_await wareq-sz     d/s     dkB/s   drqm/s  %drqm d_await dareq-sz     f/s f_await  aqu-sz  %util
nvme0n1       15886.00 2032572.00     0.00   0.00    0.17   127.95  662.00   2776.00    32.00   4.61    5.82     4.19    0.00      0.00     0.00   0.00    0.00     0.00    0.00    0.00    6.48  48.20


10/05/2026 09:45:01 PM
Device            r/s     rkB/s   rrqm/s  %rrqm r_await rareq-sz     w/s     wkB/s   wrqm/s  %wrqm w_await wareq-sz     d/s     dkB/s   drqm/s  %drqm d_await dareq-sz     f/s f_await  aqu-sz  %util
nvme0n1       7173.00 899428.00   128.00   1.75    0.47   125.39 1146.00  80728.00 26146.00  95.80  135.83    70.44    0.00      0.00     0.00   0.00    0.00     0.00    0.00    0.00  159.04  66.70


10/05/2026 09:45:02 PM
Device            r/s     rkB/s   rrqm/s  %rrqm r_await rareq-sz     w/s     wkB/s   wrqm/s  %wrqm w_await wareq-sz     d/s     dkB/s   drqm/s  %drqm d_await dareq-sz     f/s f_await  aqu-sz  %util
nvme0n1       10404.00 1313632.00    30.00   0.29    0.25   126.26 1849.00 128204.00 23060.00  92.58   74.04    69.34    0.00      0.00     0.00   0.00    0.00     0.00    1.00    7.00  139.48  61.50


10/05/2026 09:45:03 PM
Device            r/s     rkB/s   rrqm/s  %rrqm r_await rareq-sz     w/s     wkB/s   wrqm/s  %wrqm w_await wareq-sz     d/s     dkB/s   drqm/s  %drqm d_await dareq-sz     f/s f_await  aqu-sz  %util
nvme0n1       4264.00 223884.00  2467.00  36.65    0.10    52.51  127.00    528.00     4.00   3.05    8.18     4.16    0.00      0.00     0.00   0.00    0.00     0.00    0.00    0.00    1.48  17.10


10/05/2026 09:45:04 PM
Device            r/s     rkB/s   rrqm/s  %rrqm r_await rareq-sz     w/s     wkB/s   wrqm/s  %wrqm w_await wareq-sz     d/s     dkB/s   drqm/s  %drqm d_await dareq-sz     f/s f_await  aqu-sz  %util
nvme0n1       18323.00 1251348.00   570.00   3.02    0.18    68.29   52.00    212.00     1.00   1.89   13.56     4.08    0.00      0.00     0.00   0.00    0.00     0.00    0.00    0.00    4.05  49.00


10/05/2026 09:45:05 PM
Device            r/s     rkB/s   rrqm/s  %rrqm r_await rareq-sz     w/s     wkB/s   wrqm/s  %wrqm w_await wareq-sz     d/s     dkB/s   drqm/s  %drqm d_await dareq-sz     f/s f_await  aqu-sz  %util
nvme0n1       20710.00 1289096.00   182.00   0.87    0.18    62.25    1.00      4.00     0.00   0.00    0.00     4.00    0.00      0.00     0.00   0.00    0.00     0.00    0.00    0.00    3.70  50.10


10/05/2026 09:45:06 PM
Device            r/s     rkB/s   rrqm/s  %rrqm r_await rareq-sz     w/s     wkB/s   wrqm/s  %wrqm w_await wareq-sz     d/s     dkB/s   drqm/s  %drqm d_await dareq-sz     f/s f_await  aqu-sz  %util
nvme0n1       17059.00 1125056.00     5.00   0.03    0.18    65.95  849.00   3512.00    35.00   3.96    2.43     4.14    0.00      0.00     0.00   0.00    0.00     0.00    0.00    0.00    5.21  47.60


10/05/2026 09:45:07 PM
Device            r/s     rkB/s   rrqm/s  %rrqm r_await rareq-sz     w/s     wkB/s   wrqm/s  %wrqm w_await wareq-sz     d/s     dkB/s   drqm/s  %drqm d_await dareq-sz     f/s f_await  aqu-sz  %util
nvme0n1       11573.00 777756.00     4.00   0.03    0.17    67.20    5.00     40.00     0.00   0.00    0.60     8.00    0.00      0.00     0.00   0.00    0.00     0.00    1.00    1.00    2.02  34.60


10/05/2026 09:45:08 PM
Device            r/s     rkB/s   rrqm/s  %rrqm r_await rareq-sz     w/s     wkB/s   wrqm/s  %wrqm w_await wareq-sz     d/s     dkB/s   drqm/s  %drqm d_await dareq-sz     f/s f_await  aqu-sz  %util
nvme0n1       10730.00 716680.00     0.00   0.00    0.17    66.79    3.00     16.00     1.00  25.00    0.33     5.33    0.00      0.00     0.00   0.00    0.00     0.00    0.00    0.00    1.88  34.10


10/05/2026 09:45:09 PM
Device            r/s     rkB/s   rrqm/s  %rrqm r_await rareq-sz     w/s     wkB/s   wrqm/s  %wrqm w_await wareq-sz     d/s     dkB/s   drqm/s  %drqm d_await dareq-sz     f/s f_await  aqu-sz  %util
nvme0n1       7721.00 514052.00     0.00   0.00    0.17    66.58    0.00      0.00     0.00   0.00    0.00     0.00    0.00      0.00     0.00   0.00    0.00     0.00    0.00    0.00    1.34  27.10


10/05/2026 09:45:10 PM
Device            r/s     rkB/s   rrqm/s  %rrqm r_await rareq-sz     w/s     wkB/s   wrqm/s  %wrqm w_await wareq-sz     d/s     dkB/s   drqm/s  %drqm d_await dareq-sz     f/s f_await  aqu-sz  %util
nvme0n1       6274.00 430276.00     0.00   0.00    0.19    68.58    0.00      0.00     0.00   0.00    0.00     0.00    0.00      0.00     0.00   0.00    0.00     0.00    0.00    0.00    1.17  22.00


10/05/2026 09:45:11 PM
Device            r/s     rkB/s   rrqm/s  %rrqm r_await rareq-sz     w/s     wkB/s   wrqm/s  %wrqm w_await wareq-sz     d/s     dkB/s   drqm/s  %drqm d_await dareq-sz     f/s f_await  aqu-sz  %util
nvme0n1       6914.00 452900.00     1.00   0.01    0.18    65.50    1.00      8.00     8.00  88.89    0.00     8.00    0.00      0.00     0.00   0.00    0.00     0.00    0.00    0.00    1.22  25.50


10/05/2026 09:45:12 PM
Device            r/s     rkB/s   rrqm/s  %rrqm r_await rareq-sz     w/s     wkB/s   wrqm/s  %wrqm w_await wareq-sz     d/s     dkB/s   drqm/s  %drqm d_await dareq-sz     f/s f_await  aqu-sz  %util
nvme0n1       6344.00 442148.00     0.00   0.00    0.18    69.70   13.00     76.00     0.00   0.00    0.23     5.85    0.00      0.00     0.00   0.00    0.00     0.00    1.00    1.00    1.16  23.60


10/05/2026 09:45:13 PM
Device            r/s     rkB/s   rrqm/s  %rrqm r_await rareq-sz     w/s     wkB/s   wrqm/s  %wrqm w_await wareq-sz     d/s     dkB/s   drqm/s  %drqm d_await dareq-sz     f/s f_await  aqu-sz  %util
nvme0n1       6381.19 432087.13     0.00   0.00    0.18    67.71    0.99      3.96     0.00   0.00    1.00     4.00    0.00      0.00     0.00   0.00    0.00     0.00    0.00    0.00    1.18  26.14


10/05/2026 09:45:14 PM
Device            r/s     rkB/s   rrqm/s  %rrqm r_await rareq-sz     w/s     wkB/s   wrqm/s  %wrqm w_await wareq-sz     d/s     dkB/s   drqm/s  %drqm d_await dareq-sz     f/s f_await  aqu-sz  %util
nvme0n1       6409.00 421956.00     0.00   0.00    0.19    65.84    0.00      0.00     0.00   0.00    0.00     0.00    0.00      0.00     0.00   0.00    0.00     0.00    0.00    0.00    1.20  24.70


10/05/2026 09:45:15 PM
Device            r/s     rkB/s   rrqm/s  %rrqm r_await rareq-sz     w/s     wkB/s   wrqm/s  %wrqm w_await wareq-sz     d/s     dkB/s   drqm/s  %drqm d_await dareq-sz     f/s f_await  aqu-sz  %util
nvme0n1       7261.00 504960.00     0.00   0.00    0.20    69.54  714.00   3072.00    64.00   8.23    0.17     4.30    0.00      0.00     0.00   0.00    0.00     0.00    0.00    0.00    1.59  28.60


10/05/2026 09:45:16 PM
Device            r/s     rkB/s   rrqm/s  %rrqm r_await rareq-sz     w/s     wkB/s   wrqm/s  %wrqm w_await wareq-sz     d/s     dkB/s   drqm/s  %drqm d_await dareq-sz     f/s f_await  aqu-sz  %util
nvme0n1       9937.00 351352.00   393.00   3.80    0.12    35.36   12.00    108.00     5.00  29.41   40.25     9.00    0.00      0.00     0.00   0.00    0.00     0.00    0.00    0.00    1.64  35.20


10/05/2026 09:45:17 PM
Device            r/s     rkB/s   rrqm/s  %rrqm r_await rareq-sz     w/s     wkB/s   wrqm/s  %wrqm w_await wareq-sz     d/s     dkB/s   drqm/s  %drqm d_await dareq-sz     f/s f_await  aqu-sz  %util
nvme0n1       6329.00 415660.00     0.00   0.00    0.18    65.68   93.00    480.00    28.00  23.14    0.42     5.16    0.00      0.00     0.00   0.00    0.00     0.00    1.00    1.00    1.16  23.20


10/05/2026 09:45:18 PM
Device            r/s     rkB/s   rrqm/s  %rrqm r_await rareq-sz     w/s     wkB/s   wrqm/s  %wrqm w_await wareq-sz     d/s     dkB/s   drqm/s  %drqm d_await dareq-sz     f/s f_await  aqu-sz  %util
nvme0n1       6445.00 432328.00     0.00   0.00    0.18    67.08    0.00      0.00     0.00   0.00    0.00     0.00    0.00      0.00     0.00   0.00    0.00     0.00    0.00    0.00    1.17  23.30


10/05/2026 09:45:19 PM
Device            r/s     rkB/s   rrqm/s  %rrqm r_await rareq-sz     w/s     wkB/s   wrqm/s  %wrqm w_await wareq-sz     d/s     dkB/s   drqm/s  %drqm d_await dareq-sz     f/s f_await  aqu-sz  %util
nvme0n1       4071.00 259664.00     0.00   0.00    0.19    63.78   79.00    380.00    16.00  16.84   13.44     4.81    0.00      0.00     0.00   0.00    0.00     0.00    0.00    0.00    1.83  17.20


10/05/2026 09:45:20 PM
Device            r/s     rkB/s   rrqm/s  %rrqm r_await rareq-sz     w/s     wkB/s   wrqm/s  %wrqm w_await wareq-sz     d/s     dkB/s   drqm/s  %drqm d_await dareq-sz     f/s f_await  aqu-sz  %util
nvme0n1       3473.00 221820.00     0.00   0.00    0.21    63.87    2.00      8.00     0.00   0.00   36.00     4.00    0.00      0.00     0.00   0.00    0.00     0.00    0.00    0.00    0.80  14.00


10/05/2026 09:45:21 PM
Device            r/s     rkB/s   rrqm/s  %rrqm r_await rareq-sz     w/s     wkB/s   wrqm/s  %wrqm w_await wareq-sz     d/s     dkB/s   drqm/s  %drqm d_await dareq-sz     f/s f_await  aqu-sz  %util
nvme0n1       9127.00 621748.00     0.00   0.00    0.17    68.12   34.00    148.00     2.00   5.56    2.38     4.35    0.00      0.00     0.00   0.00    0.00     0.00    0.00    0.00    1.66  30.50


10/05/2026 09:45:22 PM
Device            r/s     rkB/s   rrqm/s  %rrqm r_await rareq-sz     w/s     wkB/s   wrqm/s  %wrqm w_await wareq-sz     d/s     dkB/s   drqm/s  %drqm d_await dareq-sz     f/s f_await  aqu-sz  %util
nvme0n1       8384.00 589544.00     0.00   0.00    0.18    70.32    6.00     24.00     1.00  14.29    0.17     4.00    0.00      0.00     0.00   0.00    0.00     0.00    1.00    1.00    1.51  29.00


10/05/2026 09:45:23 PM
Device            r/s     rkB/s   rrqm/s  %rrqm r_await rareq-sz     w/s     wkB/s   wrqm/s  %wrqm w_await wareq-sz     d/s     dkB/s   drqm/s  %drqm d_await dareq-sz     f/s f_await  aqu-sz  %util
nvme0n1       6593.00 451652.00     0.00   0.00    0.19    68.50    1.00      8.00     1.00  50.00    0.00     8.00    0.00      0.00     0.00   0.00    0.00     0.00    0.00    0.00    1.22  24.50


10/05/2026 09:45:24 PM
Device            r/s     rkB/s   rrqm/s  %rrqm r_await rareq-sz     w/s     wkB/s   wrqm/s  %wrqm w_await wareq-sz     d/s     dkB/s   drqm/s  %drqm d_await dareq-sz     f/s f_await  aqu-sz  %util
nvme0n1       3965.00 258540.00     0.00   0.00    0.19    65.21    0.00      0.00     0.00   0.00    0.00     0.00    0.00      0.00     0.00   0.00    0.00     0.00    0.00    0.00    0.76  16.60


10/05/2026 09:45:25 PM
Device            r/s     rkB/s   rrqm/s  %rrqm r_await rareq-sz     w/s     wkB/s   wrqm/s  %wrqm w_await wareq-sz     d/s     dkB/s   drqm/s  %drqm d_await dareq-sz     f/s f_await  aqu-sz  %util
nvme0n1       3606.00 232340.00     0.00   0.00    0.19    64.43    1.00      4.00     0.00   0.00    0.00     4.00    0.00      0.00     0.00   0.00    0.00     0.00    0.00    0.00    0.69  15.80


10/05/2026 09:45:26 PM
Device            r/s     rkB/s   rrqm/s  %rrqm r_await rareq-sz     w/s     wkB/s   wrqm/s  %wrqm w_await wareq-sz     d/s     dkB/s   drqm/s  %drqm d_await dareq-sz     f/s f_await  aqu-sz  %util
nvme0n1       2192.00 141852.00     0.00   0.00    0.20    64.71    0.00      0.00     0.00   0.00    0.00     0.00    0.00      0.00     0.00   0.00    0.00     0.00    0.00    0.00    0.44  12.10


10/05/2026 09:45:27 PM
Device            r/s     rkB/s   rrqm/s  %rrqm r_await rareq-sz     w/s     wkB/s   wrqm/s  %wrqm w_await wareq-sz     d/s     dkB/s   drqm/s  %drqm d_await dareq-sz     f/s f_await  aqu-sz  %util
nvme0n1       4092.00 208048.00  1573.00  27.77    0.15    50.84    4.00     56.00    11.00  73.33    1.00    14.00    0.00      0.00     0.00   0.00    0.00     0.00    1.00    1.00    0.62  20.80


10/05/2026 09:45:28 PM
Device            r/s     rkB/s   rrqm/s  %rrqm r_await rareq-sz     w/s     wkB/s   wrqm/s  %wrqm w_await wareq-sz     d/s     dkB/s   drqm/s  %drqm d_await dareq-sz     f/s f_await  aqu-sz  %util
nvme0n1       3503.00 221972.00     0.00   0.00    0.19    63.37    0.00      0.00     0.00   0.00    0.00     0.00    0.00      0.00     0.00   0.00    0.00     0.00    0.00    0.00    0.66  15.90


10/05/2026 09:45:29 PM
Device            r/s     rkB/s   rrqm/s  %rrqm r_await rareq-sz     w/s     wkB/s   wrqm/s  %wrqm w_await wareq-sz     d/s     dkB/s   drqm/s  %drqm d_await dareq-sz     f/s f_await  aqu-sz  %util
nvme0n1       6069.00 414828.00     0.00   0.00    0.18    68.35    1.00      8.00     1.00  50.00    0.00     8.00    0.00      0.00     0.00   0.00    0.00     0.00    0.00    0.00    1.12  22.50


10/05/2026 09:45:30 PM
Device            r/s     rkB/s   rrqm/s  %rrqm r_await rareq-sz     w/s     wkB/s   wrqm/s  %wrqm w_await wareq-sz     d/s     dkB/s   drqm/s  %drqm d_await dareq-sz     f/s f_await  aqu-sz  %util
nvme0n1       1661.00  93524.00     0.00   0.00    0.22    56.31    0.00      0.00     0.00   0.00    0.00     0.00    0.00      0.00     0.00   0.00    0.00     0.00    0.00    0.00    0.37  10.30


10/05/2026 09:45:31 PM
Device            r/s     rkB/s   rrqm/s  %rrqm r_await rareq-sz     w/s     wkB/s   wrqm/s  %wrqm w_await wareq-sz     d/s     dkB/s   drqm/s  %drqm d_await dareq-sz     f/s f_await  aqu-sz  %util
nvme0n1       4250.00 283620.00     0.00   0.00    0.18    66.73    0.00      0.00     0.00   0.00    0.00     0.00    0.00      0.00     0.00   0.00    0.00     0.00    0.00    0.00    0.76  17.20


10/05/2026 09:45:32 PM
Device            r/s     rkB/s   rrqm/s  %rrqm r_await rareq-sz     w/s     wkB/s   wrqm/s  %wrqm w_await wareq-sz     d/s     dkB/s   drqm/s  %drqm d_await dareq-sz     f/s f_await  aqu-sz  %util
nvme0n1       3152.00 200612.00     0.00   0.00    0.19    63.65   98.00    548.00    12.00  10.91    0.17     5.59    0.00      0.00     0.00   0.00    0.00     0.00    1.00    2.00    0.62  15.10


10/05/2026 09:45:33 PM
Device            r/s     rkB/s   rrqm/s  %rrqm r_await rareq-sz     w/s     wkB/s   wrqm/s  %wrqm w_await wareq-sz     d/s     dkB/s   drqm/s  %drqm d_await dareq-sz     f/s f_await  aqu-sz  %util
nvme0n1       2897.00 192492.00     0.00   0.00    0.19    66.45   11.00     44.00     0.00   0.00    0.00     4.00    0.00      0.00     0.00   0.00    0.00     0.00    0.00    0.00    0.55  14.10


10/05/2026 09:45:34 PM
Device            r/s     rkB/s   rrqm/s  %rrqm r_await rareq-sz     w/s     wkB/s   wrqm/s  %wrqm w_await wareq-sz     d/s     dkB/s   drqm/s  %drqm d_await dareq-sz     f/s f_await  aqu-sz  %util
nvme0n1       2691.00 157688.00     0.00   0.00    0.20    58.60    0.00      0.00     0.00   0.00    0.00     0.00    0.00      0.00     0.00   0.00    0.00     0.00    0.00    0.00    0.54  12.80


10/05/2026 09:45:35 PM
Device            r/s     rkB/s   rrqm/s  %rrqm r_await rareq-sz     w/s     wkB/s   wrqm/s  %wrqm w_await wareq-sz     d/s     dkB/s   drqm/s  %drqm d_await dareq-sz     f/s f_await  aqu-sz  %util
nvme0n1       5293.00 345252.00     7.00   0.13    0.18    65.23    1.00      4.00     0.00   0.00    0.00     4.00    0.00      0.00     0.00   0.00    0.00     0.00    0.00    0.00    0.94  20.20


10/05/2026 09:45:36 PM
Device            r/s     rkB/s   rrqm/s  %rrqm r_await rareq-sz     w/s     wkB/s   wrqm/s  %wrqm w_await wareq-sz     d/s     dkB/s   drqm/s  %drqm d_await dareq-sz     f/s f_await  aqu-sz  %util
nvme0n1       4517.00 299828.00     0.00   0.00    0.19    66.38    0.00      0.00     0.00   0.00    0.00     0.00    0.00      0.00     0.00   0.00    0.00     0.00    0.00    0.00    0.84  19.20


10/05/2026 09:45:37 PM
Device            r/s     rkB/s   rrqm/s  %rrqm r_await rareq-sz     w/s     wkB/s   wrqm/s  %wrqm w_await wareq-sz     d/s     dkB/s   drqm/s  %drqm d_await dareq-sz     f/s f_await  aqu-sz  %util
nvme0n1       1944.00 126488.00     0.00   0.00    0.23    65.07    0.00      0.00     2.00 100.00    0.00     0.00    0.00      0.00     0.00   0.00    0.00     0.00    0.00    0.00    0.44  11.60


10/05/2026 09:45:38 PM
Device            r/s     rkB/s   rrqm/s  %rrqm r_await rareq-sz     w/s     wkB/s   wrqm/s  %wrqm w_await wareq-sz     d/s     dkB/s   drqm/s  %drqm d_await dareq-sz     f/s f_await  aqu-sz  %util
nvme0n1       1892.00 111340.00     0.00   0.00    0.20    58.85    4.00     20.00     0.00   0.00    1.00     5.00    0.00      0.00     0.00   0.00    0.00     0.00    1.00    2.00    0.38  10.00


10/05/2026 09:45:39 PM
Device            r/s     rkB/s   rrqm/s  %rrqm r_await rareq-sz     w/s     wkB/s   wrqm/s  %wrqm w_await wareq-sz     d/s     dkB/s   drqm/s  %drqm d_await dareq-sz     f/s f_await  aqu-sz  %util
nvme0n1       1873.00 114144.00     0.00   0.00    0.20    60.94    0.00      0.00     0.00   0.00    0.00     0.00    0.00      0.00     0.00   0.00    0.00     0.00    0.00    0.00    0.37   9.30


10/05/2026 09:45:40 PM
Device            r/s     rkB/s   rrqm/s  %rrqm r_await rareq-sz     w/s     wkB/s   wrqm/s  %wrqm w_await wareq-sz     d/s     dkB/s   drqm/s  %drqm d_await dareq-sz     f/s f_await  aqu-sz  %util
nvme0n1       1394.00  76680.00     0.00   0.00    0.23    55.01    0.00      0.00     0.00   0.00    0.00     0.00    0.00      0.00     0.00   0.00    0.00     0.00    0.00    0.00    0.33   9.70


10/05/2026 09:45:41 PM
Device            r/s     rkB/s   rrqm/s  %rrqm r_await rareq-sz     w/s     wkB/s   wrqm/s  %wrqm w_await wareq-sz     d/s     dkB/s   drqm/s  %drqm d_await dareq-sz     f/s f_await  aqu-sz  %util
nvme0n1       1546.00  95600.00     0.00   0.00    0.21    61.84    1.00      8.00     1.00  50.00    0.00     8.00    0.00      0.00     0.00   0.00    0.00     0.00    0.00    0.00    0.32   9.20


10/05/2026 09:45:42 PM
Device            r/s     rkB/s   rrqm/s  %rrqm r_await rareq-sz     w/s     wkB/s   wrqm/s  %wrqm w_await wareq-sz     d/s     dkB/s   drqm/s  %drqm d_await dareq-sz     f/s f_await  aqu-sz  %util
nvme0n1       1119.00  64560.00     0.00   0.00    0.24    57.69    1.00     20.00     4.00  80.00    0.00    20.00    0.00      0.00     0.00   0.00    0.00     0.00    0.00    0.00    0.27   7.70


10/05/2026 09:45:43 PM
Device            r/s     rkB/s   rrqm/s  %rrqm r_await rareq-sz     w/s     wkB/s   wrqm/s  %wrqm w_await wareq-sz     d/s     dkB/s   drqm/s  %drqm d_await dareq-sz     f/s f_await  aqu-sz  %util
nvme0n1       1542.00  84712.00     0.00   0.00    0.22    54.94    4.00     12.00     0.00   0.00    0.75     3.00    0.00      0.00     0.00   0.00    0.00     0.00    1.00    1.00    0.35   9.70


10/05/2026 09:45:44 PM
Device            r/s     rkB/s   rrqm/s  %rrqm r_await rareq-sz     w/s     wkB/s   wrqm/s  %wrqm w_await wareq-sz     d/s     dkB/s   drqm/s  %drqm d_await dareq-sz     f/s f_await  aqu-sz  %util
nvme0n1       2269.00 145180.00     0.00   0.00    0.20    63.98    1.00      4.00     0.00   0.00    1.00     4.00    0.00      0.00     0.00   0.00    0.00     0.00    0.00    0.00    0.45  11.40


10/05/2026 09:45:45 PM
Device            r/s     rkB/s   rrqm/s  %rrqm r_await rareq-sz     w/s     wkB/s   wrqm/s  %wrqm w_await wareq-sz     d/s     dkB/s   drqm/s  %drqm d_await dareq-sz     f/s f_await  aqu-sz  %util
nvme0n1       2159.00 132724.00     0.00   0.00    0.19    61.47    0.00      0.00     0.00   0.00    0.00     0.00    0.00      0.00     0.00   0.00    0.00     0.00    0.00    0.00    0.41  11.00


10/05/2026 09:45:46 PM
Device            r/s     rkB/s   rrqm/s  %rrqm r_await rareq-sz     w/s     wkB/s   wrqm/s  %wrqm w_await wareq-sz     d/s     dkB/s   drqm/s  %drqm d_await dareq-sz     f/s f_await  aqu-sz  %util
nvme0n1       1362.00  73928.00     1.00   0.07    0.20    54.28    0.00      0.00     0.00   0.00    0.00     0.00    0.00      0.00     0.00   0.00    0.00     0.00    0.00    0.00    0.27   8.30


10/05/2026 09:45:47 PM
Device            r/s     rkB/s   rrqm/s  %rrqm r_await rareq-sz     w/s     wkB/s   wrqm/s  %wrqm w_await wareq-sz     d/s     dkB/s   drqm/s  %drqm d_await dareq-sz     f/s f_await  aqu-sz  %util
nvme0n1       4621.00 141496.00    24.00   0.52    0.17    30.62    2.00     28.00     5.00  71.43    0.00    14.00    0.00      0.00     0.00   0.00    0.00     0.00    0.00    0.00    0.79  58.40


10/05/2026 09:45:48 PM
Device            r/s     rkB/s   rrqm/s  %rrqm r_await rareq-sz     w/s     wkB/s   wrqm/s  %wrqm w_await wareq-sz     d/s     dkB/s   drqm/s  %drqm d_await dareq-sz     f/s f_await  aqu-sz  %util
nvme0n1       6218.00  43096.00   519.00   7.70    0.13     6.93    2.00      4.00     0.00   0.00    2.00     2.00    0.00      0.00     0.00   0.00    0.00     0.00    1.00    1.00    0.84  82.70


10/05/2026 09:45:49 PM
Device            r/s     rkB/s   rrqm/s  %rrqm r_await rareq-sz     w/s     wkB/s   wrqm/s  %wrqm w_await wareq-sz     d/s     dkB/s   drqm/s  %drqm d_await dareq-sz     f/s f_await  aqu-sz  %util
nvme0n1       3451.00 401732.00    53.00   1.51    0.22   116.41    0.00      0.00     0.00   0.00    0.00     0.00    0.00      0.00     0.00   0.00    0.00     0.00    0.00    0.00    0.77  29.10


10/05/2026 09:45:50 PM
Device            r/s     rkB/s   rrqm/s  %rrqm r_await rareq-sz     w/s     wkB/s   wrqm/s  %wrqm w_await wareq-sz     d/s     dkB/s   drqm/s  %drqm d_await dareq-sz     f/s f_await  aqu-sz  %util
nvme0n1       4749.00 582944.00    10.00   0.21    0.21   122.75    1.00      4.00     0.00   0.00    0.00     4.00    0.00      0.00     0.00   0.00    0.00     0.00    0.00    0.00    1.01  33.20


10/05/2026 09:45:51 PM
Device            r/s     rkB/s   rrqm/s  %rrqm r_await rareq-sz     w/s     wkB/s   wrqm/s  %wrqm w_await wareq-sz     d/s     dkB/s   drqm/s  %drqm d_await dareq-sz     f/s f_await  aqu-sz  %util
nvme0n1       6135.00 766244.00     0.00   0.00    0.22   124.90    5.00     28.00     2.00  28.57   28.80     5.60    0.00      0.00     0.00   0.00    0.00     0.00    0.00    0.00    1.49  44.90


10/05/2026 09:45:52 PM
Device            r/s     rkB/s   rrqm/s  %rrqm r_await rareq-sz     w/s     wkB/s   wrqm/s  %wrqm w_await wareq-sz     d/s     dkB/s   drqm/s  %drqm d_await dareq-sz     f/s f_await  aqu-sz  %util
nvme0n1       4722.00 586240.00     0.00   0.00    0.23   124.15   72.00    328.00     9.00  11.11    2.82     4.56    0.00      0.00     0.00   0.00    0.00     0.00    0.00    0.00    1.29  40.00


10/05/2026 09:45:53 PM
Device            r/s     rkB/s   rrqm/s  %rrqm r_await rareq-sz     w/s     wkB/s   wrqm/s  %wrqm w_await wareq-sz     d/s     dkB/s   drqm/s  %drqm d_await dareq-sz     f/s f_await  aqu-sz  %util
nvme0n1       5892.00 739356.00     0.00   0.00    0.22   125.48   11.00     44.00     1.00   8.33    0.45     4.00    0.00      0.00     0.00   0.00    0.00     0.00    1.00    1.00    1.33  42.40


10/05/2026 09:45:54 PM
Device            r/s     rkB/s   rrqm/s  %rrqm r_await rareq-sz     w/s     wkB/s   wrqm/s  %wrqm w_await wareq-sz     d/s     dkB/s   drqm/s  %drqm d_await dareq-sz     f/s f_await  aqu-sz  %util
nvme0n1       5481.00 664216.00     0.00   0.00    0.23   121.19    0.00      0.00     0.00   0.00    0.00     0.00    0.00      0.00     0.00   0.00    0.00     0.00    0.00    0.00    1.24  45.80


10/05/2026 09:45:55 PM
Device            r/s     rkB/s   rrqm/s  %rrqm r_await rareq-sz     w/s     wkB/s   wrqm/s  %wrqm w_await wareq-sz     d/s     dkB/s   drqm/s  %drqm d_await dareq-sz     f/s f_await  aqu-sz  %util
nvme0n1       3279.00 371220.00     0.00   0.00    0.24   113.21    3.00     12.00     0.00   0.00   33.67     4.00    0.00      0.00     0.00   0.00    0.00     0.00    0.00    0.00    0.88  31.90


10/05/2026 09:45:56 PM
Device            r/s     rkB/s   rrqm/s  %rrqm r_await rareq-sz     w/s     wkB/s   wrqm/s  %wrqm w_await wareq-sz     d/s     dkB/s   drqm/s  %drqm d_await dareq-sz     f/s f_await  aqu-sz  %util
nvme0n1       6388.00  52488.00     0.00   0.00    0.15     8.22    1.00      4.00     0.00   0.00    0.00     4.00    0.00      0.00     0.00   0.00    0.00     0.00    0.00    0.00    0.94  88.50


10/05/2026 09:45:57 PM
Device            r/s     rkB/s   rrqm/s  %rrqm r_await rareq-sz     w/s     wkB/s   wrqm/s  %wrqm w_await wareq-sz     d/s     dkB/s   drqm/s  %drqm d_await dareq-sz     f/s f_await  aqu-sz  %util
nvme0n1       3728.00 187924.00    64.00   1.69    0.18    50.41    0.00      0.00     0.00   0.00    0.00     0.00    0.00      0.00     0.00   0.00    0.00     0.00    0.00    0.00    0.66  43.40


10/05/2026 09:45:58 PM
Device            r/s     rkB/s   rrqm/s  %rrqm r_await rareq-sz     w/s     wkB/s   wrqm/s  %wrqm w_await wareq-sz     d/s     dkB/s   drqm/s  %drqm d_await dareq-sz     f/s f_await  aqu-sz  %util
nvme0n1       2769.00 334584.00     0.00   0.00    0.24   120.83    3.00     40.00     8.00  72.73    1.00    13.33    0.00      0.00     0.00   0.00    0.00     0.00    1.00    1.00    0.68  23.20


10/05/2026 09:45:59 PM
Device            r/s     rkB/s   rrqm/s  %rrqm r_await rareq-sz     w/s     wkB/s   wrqm/s  %wrqm w_await wareq-sz     d/s     dkB/s   drqm/s  %drqm d_await dareq-sz     f/s f_await  aqu-sz  %util
nvme0n1       3698.00 456772.00     0.00   0.00    0.23   123.52    1.00      8.00     1.00  50.00    0.00     8.00    0.00      0.00     0.00   0.00    0.00     0.00    0.00    0.00    0.86  29.70


10/05/2026 09:46:00 PM
Device            r/s     rkB/s   rrqm/s  %rrqm r_await rareq-sz     w/s     wkB/s   wrqm/s  %wrqm w_await wareq-sz     d/s     dkB/s   drqm/s  %drqm d_await dareq-sz     f/s f_await  aqu-sz  %util
nvme0n1       3770.00 469800.00     0.00   0.00    0.24   124.62   52.00   3196.00   764.00  93.63    2.35    61.46    0.00      0.00     0.00   0.00    0.00     0.00    0.00    0.00    1.04  30.40


10/05/2026 09:46:01 PM
Device            r/s     rkB/s   rrqm/s  %rrqm r_await rareq-sz     w/s     wkB/s   wrqm/s  %wrqm w_await wareq-sz     d/s     dkB/s   drqm/s  %drqm d_await dareq-sz     f/s f_await  aqu-sz  %util
nvme0n1       2876.00 231388.00    61.00   2.08    0.20    80.45   10.00    116.00     2.00  16.67   68.80    11.60    0.00      0.00     0.00   0.00    0.00     0.00    0.00    0.00    1.25  32.70


10/05/2026 09:46:02 PM
Device            r/s     rkB/s   rrqm/s  %rrqm r_await rareq-sz     w/s     wkB/s   wrqm/s  %wrqm w_await wareq-sz     d/s     dkB/s   drqm/s  %drqm d_await dareq-sz     f/s f_await  aqu-sz  %util
nvme0n1       6471.00  25884.00     0.00   0.00    0.14     4.00    1.00      4.00     0.00   0.00    0.00     4.00    0.00      0.00     0.00   0.00    0.00     0.00    0.00    0.00    0.93  92.00


10/05/2026 09:46:03 PM
Device            r/s     rkB/s   rrqm/s  %rrqm r_await rareq-sz     w/s     wkB/s   wrqm/s  %wrqm w_await wareq-sz     d/s     dkB/s   drqm/s  %drqm d_await dareq-sz     f/s f_await  aqu-sz  %util
nvme0n1       1910.00 116624.00    36.00   1.85    0.20    61.06   96.00    536.00    11.00  10.28    0.43     5.58    0.00      0.00     0.00   0.00    0.00     0.00    1.00    3.00    0.43  23.20


10/05/2026 09:46:04 PM
Device            r/s     rkB/s   rrqm/s  %rrqm r_await rareq-sz     w/s     wkB/s   wrqm/s  %wrqm w_await wareq-sz     d/s     dkB/s   drqm/s  %drqm d_await dareq-sz     f/s f_await  aqu-sz  %util
nvme0n1       2746.00 330216.00     5.00   0.18    0.23   120.25    0.00      0.00     0.00   0.00    0.00     0.00    0.00      0.00     0.00   0.00    0.00     0.00    0.00    0.00    0.64  21.00


10/05/2026 09:46:05 PM
Device            r/s     rkB/s   rrqm/s  %rrqm r_await rareq-sz     w/s     wkB/s   wrqm/s  %wrqm w_await wareq-sz     d/s     dkB/s   drqm/s  %drqm d_await dareq-sz     f/s f_await  aqu-sz  %util
nvme0n1       2510.00 309480.00     0.00   0.00    0.24   123.30    2.00      8.00     0.00   0.00   14.50     4.00    0.00      0.00     0.00   0.00    0.00     0.00    0.00    0.00    0.64  22.90


10/05/2026 09:46:06 PM
Device            r/s     rkB/s   rrqm/s  %rrqm r_await rareq-sz     w/s     wkB/s   wrqm/s  %wrqm w_await wareq-sz     d/s     dkB/s   drqm/s  %drqm d_await dareq-sz     f/s f_await  aqu-sz  %util
nvme0n1       2819.00 352976.00     0.00   0.00    0.24   125.21    0.00      0.00     0.00   0.00    0.00     0.00    0.00      0.00     0.00   0.00    0.00     0.00    0.00    0.00    0.68  25.60


10/05/2026 09:46:07 PM
Device            r/s     rkB/s   rrqm/s  %rrqm r_await rareq-sz     w/s     wkB/s   wrqm/s  %wrqm w_await wareq-sz     d/s     dkB/s   drqm/s  %drqm d_await dareq-sz     f/s f_await  aqu-sz  %util
nvme0n1       4886.00  98892.00     0.00   0.00    0.16    20.24    0.00      0.00     0.00   0.00    0.00     0.00    0.00      0.00     0.00   0.00    0.00     0.00    0.00    0.00    0.79  67.50


10/05/2026 09:46:08 PM
Device            r/s     rkB/s   rrqm/s  %rrqm r_await rareq-sz     w/s     wkB/s   wrqm/s  %wrqm w_await wareq-sz     d/s     dkB/s   drqm/s  %drqm d_await dareq-sz     f/s f_await  aqu-sz  %util
nvme0n1       4547.00  59720.00     3.00   0.07    0.16    13.13   10.00     56.00     5.00  33.33    0.20     5.60    0.00      0.00     0.00   0.00    0.00     0.00    1.00    1.00    0.73  66.10


10/05/2026 09:46:09 PM
Device            r/s     rkB/s   rrqm/s  %rrqm r_await rareq-sz     w/s     wkB/s   wrqm/s  %wrqm w_await wareq-sz     d/s     dkB/s   drqm/s  %drqm d_await dareq-sz     f/s f_await  aqu-sz  %util
nvme0n1       1466.00 178924.00     0.00   0.00    0.29   122.05    0.00      0.00     0.00   0.00    0.00     0.00    0.00      0.00     0.00   0.00    0.00     0.00    0.00    0.00    0.43  17.90


10/05/2026 09:46:10 PM
Device            r/s     rkB/s   rrqm/s  %rrqm r_await rareq-sz     w/s     wkB/s   wrqm/s  %wrqm w_await wareq-sz     d/s     dkB/s   drqm/s  %drqm d_await dareq-sz     f/s f_await  aqu-sz  %util
nvme0n1       2359.00 290768.00     0.00   0.00    0.25   123.26    0.00      0.00     0.00   0.00    0.00     0.00    0.00      0.00     0.00   0.00    0.00     0.00    0.00    0.00    0.60  23.40


10/05/2026 09:46:11 PM
Device            r/s     rkB/s   rrqm/s  %rrqm r_await rareq-sz     w/s     wkB/s   wrqm/s  %wrqm w_await wareq-sz     d/s     dkB/s   drqm/s  %drqm d_await dareq-sz     f/s f_await  aqu-sz  %util
nvme0n1       1921.00 238540.00     3.00   0.16    0.28   124.17    1.00      8.00     1.00  50.00    1.00     8.00    0.00      0.00     0.00   0.00    0.00     0.00    0.00    0.00    0.53  21.00


10/05/2026 09:46:12 PM
Device            r/s     rkB/s   rrqm/s  %rrqm r_await rareq-sz     w/s     wkB/s   wrqm/s  %wrqm w_await wareq-sz     d/s     dkB/s   drqm/s  %drqm d_await dareq-sz     f/s f_await  aqu-sz  %util
nvme0n1       4159.00  82980.00     0.00   0.00    0.17    19.95    0.00      0.00     0.00   0.00    0.00     0.00    0.00      0.00     0.00   0.00    0.00     0.00    0.00    0.00    0.69  57.60


10/05/2026 09:46:13 PM
Device            r/s     rkB/s   rrqm/s  %rrqm r_await rareq-sz     w/s     wkB/s   wrqm/s  %wrqm w_await wareq-sz     d/s     dkB/s   drqm/s  %drqm d_await dareq-sz     f/s f_await  aqu-sz  %util
nvme0n1       5101.00  57596.00     0.00   0.00    0.15    11.29    4.00     32.00     4.00  50.00    0.00     8.00    0.00      0.00     0.00   0.00    0.00     0.00    0.00    0.00    0.77  72.20


10/05/2026 09:46:14 PM
Device            r/s     rkB/s   rrqm/s  %rrqm r_await rareq-sz     w/s     wkB/s   wrqm/s  %wrqm w_await wareq-sz     d/s     dkB/s   drqm/s  %drqm d_await dareq-sz     f/s f_await  aqu-sz  %util
nvme0n1        953.00 113188.00     1.00   0.10    0.31   118.77    4.00     12.00     0.00   0.00    0.50     3.00    0.00      0.00     0.00   0.00    0.00     0.00    1.00    1.00    0.30  13.20


10/05/2026 09:46:15 PM
Device            r/s     rkB/s   rrqm/s  %rrqm r_await rareq-sz     w/s     wkB/s   wrqm/s  %wrqm w_await wareq-sz     d/s     dkB/s   drqm/s  %drqm d_await dareq-sz     f/s f_await  aqu-sz  %util
nvme0n1       1655.00 202708.00     0.00   0.00    0.26   122.48    0.00      0.00     0.00   0.00    0.00     0.00    0.00      0.00     0.00   0.00    0.00     0.00    0.00    0.00    0.43  16.50


10/05/2026 09:46:16 PM
Device            r/s     rkB/s   rrqm/s  %rrqm r_await rareq-sz     w/s     wkB/s   wrqm/s  %wrqm w_await wareq-sz     d/s     dkB/s   drqm/s  %drqm d_await dareq-sz     f/s f_await  aqu-sz  %util
nvme0n1       2712.00 253172.00    24.00   0.88    0.21    93.35    1.00      4.00     0.00   0.00   19.00     4.00    0.00      0.00     0.00   0.00    0.00     0.00    0.00    0.00    0.58  22.30


10/05/2026 09:46:17 PM
Device            r/s     rkB/s   rrqm/s  %rrqm r_await rareq-sz     w/s     wkB/s   wrqm/s  %wrqm w_await wareq-sz     d/s     dkB/s   drqm/s  %drqm d_await dareq-sz     f/s f_await  aqu-sz  %util
nvme0n1       4344.00 101332.00     0.00   0.00    0.16    23.33    4.00     36.00     5.00  55.56   16.00     9.00    0.00      0.00     0.00   0.00    0.00     0.00    0.00    0.00    0.75  58.30


10/05/2026 09:46:18 PM
Device            r/s     rkB/s   rrqm/s  %rrqm r_await rareq-sz     w/s     wkB/s   wrqm/s  %wrqm w_await wareq-sz     d/s     dkB/s   drqm/s  %drqm d_await dareq-sz     f/s f_await  aqu-sz  %util
nvme0n1       4914.00  31968.00    30.00   0.61    0.15     6.51    0.00      0.00    10.00 100.00    0.00     0.00    0.00      0.00     0.00   0.00    0.00     0.00    0.00    0.00    0.74  70.40


10/05/2026 09:46:19 PM
Device            r/s     rkB/s   rrqm/s  %rrqm r_await rareq-sz     w/s     wkB/s   wrqm/s  %wrqm w_await wareq-sz     d/s     dkB/s   drqm/s  %drqm d_await dareq-sz     f/s f_await  aqu-sz  %util
nvme0n1       1047.00 126432.00     5.00   0.48    0.33   120.76   12.00     84.00     0.00   0.00    0.33     7.00    0.00      0.00     0.00   0.00    0.00     0.00    1.00    2.00    0.35  13.60


10/05/2026 09:46:20 PM
Device            r/s     rkB/s   rrqm/s  %rrqm r_await rareq-sz     w/s     wkB/s   wrqm/s  %wrqm w_await wareq-sz     d/s     dkB/s   drqm/s  %drqm d_await dareq-sz     f/s f_await  aqu-sz  %util
nvme0n1       1296.00 158240.00     0.00   0.00    0.30   122.10    1.00      4.00     0.00   0.00    0.00     4.00    0.00      0.00     0.00   0.00    0.00     0.00    0.00    0.00    0.39  13.60


10/05/2026 09:46:21 PM
Device            r/s     rkB/s   rrqm/s  %rrqm r_await rareq-sz     w/s     wkB/s   wrqm/s  %wrqm w_await wareq-sz     d/s     dkB/s   drqm/s  %drqm d_await dareq-sz     f/s f_await  aqu-sz  %util
nvme0n1       2056.00 256408.00     0.00   0.00    0.25   124.71    0.00      0.00     0.00   0.00    0.00     0.00    0.00      0.00     0.00   0.00    0.00     0.00    0.00    0.00    0.52  19.80


10/05/2026 09:46:22 PM
Device            r/s     rkB/s   rrqm/s  %rrqm r_await rareq-sz     w/s     wkB/s   wrqm/s  %wrqm w_await wareq-sz     d/s     dkB/s   drqm/s  %drqm d_await dareq-sz     f/s f_await  aqu-sz  %util
nvme0n1       4227.00  84192.00     0.00   0.00    0.16    19.92   31.00    136.00     1.00   3.12    0.03     4.39    0.00      0.00     0.00   0.00    0.00     0.00    0.00    0.00    0.68  57.50


10/05/2026 09:46:23 PM
Device            r/s     rkB/s   rrqm/s  %rrqm r_await rareq-sz     w/s     wkB/s   wrqm/s  %wrqm w_await wareq-sz     d/s     dkB/s   drqm/s  %drqm d_await dareq-sz     f/s f_await  aqu-sz  %util
nvme0n1       4801.00  28108.00     0.00   0.00    0.15     5.85    1.00      4.00     3.00  75.00    0.00     4.00    0.00      0.00     0.00   0.00    0.00     0.00    0.00    0.00    0.71  69.30


10/05/2026 09:46:24 PM
Device            r/s     rkB/s   rrqm/s  %rrqm r_await rareq-sz     w/s     wkB/s   wrqm/s  %wrqm w_await wareq-sz     d/s     dkB/s   drqm/s  %drqm d_await dareq-sz     f/s f_await  aqu-sz  %util
nvme0n1        635.00  76648.00     0.00   0.00    0.37   120.71    3.00     20.00     0.00   0.00    1.00     6.67    0.00      0.00     0.00   0.00    0.00     0.00    1.00    2.00    0.24  10.50


10/05/2026 09:46:25 PM
Device            r/s     rkB/s   rrqm/s  %rrqm r_await rareq-sz     w/s     wkB/s   wrqm/s  %wrqm w_await wareq-sz     d/s     dkB/s   drqm/s  %drqm d_await dareq-sz     f/s f_await  aqu-sz  %util
nvme0n1       1309.00 159520.00     0.00   0.00    0.29   121.86    0.00      0.00     0.00   0.00    0.00     0.00    0.00      0.00     0.00   0.00    0.00     0.00    0.00    0.00    0.38  17.50


10/05/2026 09:46:26 PM
Device            r/s     rkB/s   rrqm/s  %rrqm r_await rareq-sz     w/s     wkB/s   wrqm/s  %wrqm w_await wareq-sz     d/s     dkB/s   drqm/s  %drqm d_await dareq-sz     f/s f_await  aqu-sz  %util
nvme0n1       1532.00 190876.00     0.00   0.00    0.28   124.59    1.00      4.00     0.00   0.00    0.00     4.00    0.00      0.00     0.00   0.00    0.00     0.00    0.00    0.00    0.43  17.50


10/05/2026 09:46:27 PM
Device            r/s     rkB/s   rrqm/s  %rrqm r_await rareq-sz     w/s     wkB/s   wrqm/s  %wrqm w_await wareq-sz     d/s     dkB/s   drqm/s  %drqm d_await dareq-sz     f/s f_await  aqu-sz  %util
nvme0n1       4793.00  76072.00     0.00   0.00    0.16    15.87    0.00      0.00     0.00   0.00    0.00     0.00    0.00      0.00     0.00   0.00    0.00     0.00    0.00    0.00    0.75  65.70


10/05/2026 09:46:28 PM
Device            r/s     rkB/s   rrqm/s  %rrqm r_await rareq-sz     w/s     wkB/s   wrqm/s  %wrqm w_await wareq-sz     d/s     dkB/s   drqm/s  %drqm d_await dareq-sz     f/s f_await  aqu-sz  %util
nvme0n1       5001.00  57804.00     0.00   0.00    0.15    11.56    1.00      4.00    11.00  91.67    0.00     4.00    0.00      0.00     0.00   0.00    0.00     0.00    0.00    0.00    0.76  55.20


10/05/2026 09:46:29 PM
Device            r/s     rkB/s   rrqm/s  %rrqm r_await rareq-sz     w/s     wkB/s   wrqm/s  %wrqm w_await wareq-sz     d/s     dkB/s   drqm/s  %drqm d_await dareq-sz     f/s f_await  aqu-sz  %util
nvme0n1        877.00 107852.00     0.00   0.00    0.26   122.98   12.00     92.00     1.00   7.69    0.33     7.67    0.00      0.00     0.00   0.00    0.00     0.00    1.00    1.00    0.24  10.70


10/05/2026 09:46:30 PM
Device            r/s     rkB/s   rrqm/s  %rrqm r_await rareq-sz     w/s     wkB/s   wrqm/s  %wrqm w_await wareq-sz     d/s     dkB/s   drqm/s  %drqm d_await dareq-sz     f/s f_await  aqu-sz  %util
nvme0n1        961.00 117848.00     0.00   0.00    0.30   122.63    1.00     36.00     8.00  88.89   27.00    36.00    0.00      0.00     0.00   0.00    0.00     0.00    0.00    0.00    0.32  12.80


10/05/2026 09:46:31 PM
Device            r/s     rkB/s   rrqm/s  %rrqm r_await rareq-sz     w/s     wkB/s   wrqm/s  %wrqm w_await wareq-sz     d/s     dkB/s   drqm/s  %drqm d_await dareq-sz     f/s f_await  aqu-sz  %util
nvme0n1       1037.00 128816.00     0.00   0.00    0.31   124.22    0.00      0.00     0.00   0.00    0.00     0.00    0.00      0.00     0.00   0.00    0.00     0.00    0.00    0.00    0.32  13.00


10/05/2026 09:46:32 PM
Device            r/s     rkB/s   rrqm/s  %rrqm r_await rareq-sz     w/s     wkB/s   wrqm/s  %wrqm w_await wareq-sz     d/s     dkB/s   drqm/s  %drqm d_await dareq-sz     f/s f_await  aqu-sz  %util
nvme0n1        577.00  39380.00   135.00  18.96    0.24    68.25    6.00     36.00     3.00  33.33   16.33     6.00    0.00      0.00     0.00   0.00    0.00     0.00    0.00    0.00    0.24  12.10


10/05/2026 09:46:33 PM
Device            r/s     rkB/s   rrqm/s  %rrqm r_await rareq-sz     w/s     wkB/s   wrqm/s  %wrqm w_await wareq-sz     d/s     dkB/s   drqm/s  %drqm d_await dareq-sz     f/s f_await  aqu-sz  %util
nvme0n1        188.00    944.00     0.00   0.00    0.20     5.02   92.00    496.00     2.00   2.13    0.11     5.39    0.00      0.00     0.00   0.00    0.00     0.00    0.00    0.00    0.05   4.00


10/05/2026 09:46:34 PM
Device            r/s     rkB/s   rrqm/s  %rrqm r_await rareq-sz     w/s     wkB/s   wrqm/s  %wrqm w_await wareq-sz     d/s     dkB/s   drqm/s  %drqm d_await dareq-sz     f/s f_await  aqu-sz  %util
nvme0n1        313.00  10612.00     0.00   0.00    0.20    33.90    3.00     48.00    10.00  76.92    1.00    16.00    0.00      0.00     0.00   0.00    0.00     0.00    1.00    2.00    0.07   4.90


10/05/2026 09:46:35 PM
Device            r/s     rkB/s   rrqm/s  %rrqm r_await rareq-sz     w/s     wkB/s   wrqm/s  %wrqm w_await wareq-sz     d/s     dkB/s   drqm/s  %drqm d_await dareq-sz     f/s f_await  aqu-sz  %util
nvme0n1        345.00  11124.00     0.00   0.00    0.25    32.24    1.00      4.00     0.00   0.00    1.00     4.00    0.00      0.00     0.00   0.00    0.00     0.00    0.00    0.00    0.09   4.90


10/05/2026 09:46:36 PM
Device            r/s     rkB/s   rrqm/s  %rrqm r_await rareq-sz     w/s     wkB/s   wrqm/s  %wrqm w_await wareq-sz     d/s     dkB/s   drqm/s  %drqm d_await dareq-sz     f/s f_await  aqu-sz  %util
nvme0n1        308.00  10560.00     0.00   0.00    0.23    34.29    0.00      0.00     0.00   0.00    0.00     0.00    0.00      0.00     0.00   0.00    0.00     0.00    0.00    0.00    0.07   4.00


10/05/2026 09:46:37 PM
Device            r/s     rkB/s   rrqm/s  %rrqm r_await rareq-sz     w/s     wkB/s   wrqm/s  %wrqm w_await wareq-sz     d/s     dkB/s   drqm/s  %drqm d_await dareq-sz     f/s f_await  aqu-sz  %util
nvme0n1        261.00   4264.00     0.00   0.00    0.25    16.34    0.00      0.00     0.00   0.00    0.00     0.00    0.00      0.00     0.00   0.00    0.00     0.00    0.00    0.00    0.07   4.20


10/05/2026 09:46:38 PM
Device            r/s     rkB/s   rrqm/s  %rrqm r_await rareq-sz     w/s     wkB/s   wrqm/s  %wrqm w_await wareq-sz     d/s     dkB/s   drqm/s  %drqm d_await dareq-sz     f/s f_await  aqu-sz  %util
nvme0n1        236.00   4720.00     0.00   0.00    0.22    20.00    0.00      0.00     0.00   0.00    0.00     0.00    0.00      0.00     0.00   0.00    0.00     0.00    0.00    0.00    0.05   3.70


10/05/2026 09:46:39 PM
Device            r/s     rkB/s   rrqm/s  %rrqm r_await rareq-sz     w/s     wkB/s   wrqm/s  %wrqm w_await wareq-sz     d/s     dkB/s   drqm/s  %drqm d_await dareq-sz     f/s f_await  aqu-sz  %util
nvme0n1        291.00   6768.00     0.00   0.00    0.22    23.26    9.00     36.00     2.00  18.18    0.89     4.00    0.00      0.00     0.00   0.00    0.00     0.00    0.00    0.00    0.07   4.80


10/05/2026 09:46:40 PM
Device            r/s     rkB/s   rrqm/s  %rrqm r_await rareq-sz     w/s     wkB/s   wrqm/s  %wrqm w_await wareq-sz     d/s     dkB/s   drqm/s  %drqm d_await dareq-sz     f/s f_await  aqu-sz  %util
nvme0n1        494.00  18256.00     0.00   0.00    0.21    36.96    3.00     16.00     0.00   0.00    1.00     5.33    0.00      0.00     0.00   0.00    0.00     0.00    1.00    2.00    0.11   4.60


10/05/2026 09:46:41 PM
Device            r/s     rkB/s   rrqm/s  %rrqm r_await rareq-sz     w/s     wkB/s   wrqm/s  %wrqm w_await wareq-sz     d/s     dkB/s   drqm/s  %drqm d_await dareq-sz     f/s f_await  aqu-sz  %util
nvme0n1        246.00   6084.00     0.00   0.00    0.22    24.73    1.00      8.00     1.00  50.00    1.00     8.00    0.00      0.00     0.00   0.00    0.00     0.00    0.00    0.00    0.06   4.30


10/05/2026 09:46:42 PM
Device            r/s     rkB/s   rrqm/s  %rrqm r_await rareq-sz     w/s     wkB/s   wrqm/s  %wrqm w_await wareq-sz     d/s     dkB/s   drqm/s  %drqm d_await dareq-sz     f/s f_await  aqu-sz  %util
nvme0n1        367.00  10528.00     0.00   0.00    0.28    28.69    0.00      0.00     0.00   0.00    0.00     0.00    0.00      0.00     0.00   0.00    0.00     0.00    0.00    0.00    0.10   5.10


10/05/2026 09:46:43 PM
Device            r/s     rkB/s   rrqm/s  %rrqm r_await rareq-sz     w/s     wkB/s   wrqm/s  %wrqm w_await wareq-sz     d/s     dkB/s   drqm/s  %drqm d_await dareq-sz     f/s f_await  aqu-sz  %util
nvme0n1        244.00   4000.00     1.00   0.41    0.21    16.39    0.00      0.00     0.00   0.00    0.00     0.00    0.00      0.00     0.00   0.00    0.00     0.00    0.00    0.00    0.05   4.20


10/05/2026 09:46:44 PM
Device            r/s     rkB/s   rrqm/s  %rrqm r_await rareq-sz     w/s     wkB/s   wrqm/s  %wrqm w_await wareq-sz     d/s     dkB/s   drqm/s  %drqm d_await dareq-sz     f/s f_await  aqu-sz  %util
nvme0n1        377.00  14860.00     0.00   0.00    0.24    39.42    0.00      0.00     0.00   0.00    0.00     0.00    0.00      0.00     0.00   0.00    0.00     0.00    0.00    0.00    0.09   5.00


10/05/2026 09:46:45 PM
Device            r/s     rkB/s   rrqm/s  %rrqm r_await rareq-sz     w/s     wkB/s   wrqm/s  %wrqm w_await wareq-sz     d/s     dkB/s   drqm/s  %drqm d_await dareq-sz     f/s f_await  aqu-sz  %util
nvme0n1        259.00   8228.00     0.00   0.00    0.24    31.77    1.00      4.00     4.00  80.00    0.00     4.00    0.00      0.00     0.00   0.00    0.00     0.00    0.00    0.00    0.06   3.80


10/05/2026 09:46:46 PM
Device            r/s     rkB/s   rrqm/s  %rrqm r_await rareq-sz     w/s     wkB/s   wrqm/s  %wrqm w_await wareq-sz     d/s     dkB/s   drqm/s  %drqm d_await dareq-sz     f/s f_await  aqu-sz  %util
nvme0n1        383.00  10980.00     1.00   0.26    0.21    28.67    3.00     24.00     0.00   0.00    1.00     8.00    0.00      0.00     0.00   0.00    0.00     0.00    1.00    2.00    0.09   5.50


10/05/2026 09:46:47 PM
Device            r/s     rkB/s   rrqm/s  %rrqm r_await rareq-sz     w/s     wkB/s   wrqm/s  %wrqm w_await wareq-sz     d/s     dkB/s   drqm/s  %drqm d_await dareq-sz     f/s f_await  aqu-sz  %util
nvme0n1        292.00   7916.00     1.00   0.34    0.21    27.11    1.00      8.00     1.00  50.00    1.00     8.00    0.00      0.00     0.00   0.00    0.00     0.00    0.00    0.00    0.06   4.00


10/05/2026 09:46:48 PM
Device            r/s     rkB/s   rrqm/s  %rrqm r_await rareq-sz     w/s     wkB/s   wrqm/s  %wrqm w_await wareq-sz     d/s     dkB/s   drqm/s  %drqm d_await dareq-sz     f/s f_await  aqu-sz  %util
nvme0n1        521.00  19664.00     0.00   0.00    0.20    37.74    0.00      0.00     0.00   0.00    0.00     0.00    0.00      0.00     0.00   0.00    0.00     0.00    0.00    0.00    0.11   5.20


10/05/2026 09:46:49 PM
Device            r/s     rkB/s   rrqm/s  %rrqm r_await rareq-sz     w/s     wkB/s   wrqm/s  %wrqm w_await wareq-sz     d/s     dkB/s   drqm/s  %drqm d_await dareq-sz     f/s f_await  aqu-sz  %util
nvme0n1        434.00  19344.00     0.00   0.00    0.24    44.57    0.00      0.00     0.00   0.00    0.00     0.00    0.00      0.00     0.00   0.00    0.00     0.00    0.00    0.00    0.11   5.70


10/05/2026 09:46:50 PM
Device            r/s     rkB/s   rrqm/s  %rrqm r_await rareq-sz     w/s     wkB/s   wrqm/s  %wrqm w_await wareq-sz     d/s     dkB/s   drqm/s  %drqm d_await dareq-sz     f/s f_await  aqu-sz  %util
nvme0n1        204.00   1352.00     0.00   0.00    0.21     6.63    0.00      0.00     7.00 100.00    0.00     0.00    0.00      0.00     0.00   0.00    0.00     0.00    0.00    0.00    0.04   3.70


10/05/2026 09:46:51 PM
Device            r/s     rkB/s   rrqm/s  %rrqm r_await rareq-sz     w/s     wkB/s   wrqm/s  %wrqm w_await wareq-sz     d/s     dkB/s   drqm/s  %drqm d_await dareq-sz     f/s f_await  aqu-sz  %util
nvme0n1        316.00   8748.00     0.00   0.00    0.20    27.68   10.00     64.00     0.00   0.00    0.70     6.40    0.00      0.00     0.00   0.00    0.00     0.00    1.00    2.00    0.07   4.70


10/05/2026 09:46:52 PM
Device            r/s     rkB/s   rrqm/s  %rrqm r_await rareq-sz     w/s     wkB/s   wrqm/s  %wrqm w_await wareq-sz     d/s     dkB/s   drqm/s  %drqm d_await dareq-sz     f/s f_await  aqu-sz  %util
nvme0n1        441.00  19856.00     0.00   0.00    0.23    45.02   31.00    136.00     1.00   3.12    0.13     4.39    0.00      0.00     0.00   0.00    0.00     0.00    0.00    0.00    0.10   5.60


10/05/2026 09:46:53 PM
Device            r/s     rkB/s   rrqm/s  %rrqm r_await rareq-sz     w/s     wkB/s   wrqm/s  %wrqm w_await wareq-sz     d/s     dkB/s   drqm/s  %drqm d_await dareq-sz     f/s f_await  aqu-sz  %util
nvme0n1        260.00   6012.00     0.00   0.00    0.23    23.12    1.00      4.00     0.00   0.00    1.00     4.00    0.00      0.00     0.00   0.00    0.00     0.00    0.00    0.00    0.06   4.00


10/05/2026 09:46:54 PM
Device            r/s     rkB/s   rrqm/s  %rrqm r_await rareq-sz     w/s     wkB/s   wrqm/s  %wrqm w_await wareq-sz     d/s     dkB/s   drqm/s  %drqm d_await dareq-sz     f/s f_await  aqu-sz  %util
nvme0n1        292.00   9040.00     0.00   0.00    0.24    30.96    0.00      0.00     0.00   0.00    0.00     0.00    0.00      0.00     0.00   0.00    0.00     0.00    0.00    0.00    0.07   4.50


10/05/2026 09:46:55 PM
Device            r/s     rkB/s   rrqm/s  %rrqm r_await rareq-sz     w/s     wkB/s   wrqm/s  %wrqm w_await wareq-sz     d/s     dkB/s   drqm/s  %drqm d_await dareq-sz     f/s f_await  aqu-sz  %util
nvme0n1        237.00   3868.00     0.00   0.00    0.27    16.32    0.00      0.00     3.00 100.00    0.00     0.00    0.00      0.00     0.00   0.00    0.00     0.00    0.00    0.00    0.07   4.50


10/05/2026 09:46:56 PM
Device            r/s     rkB/s   rrqm/s  %rrqm r_await rareq-sz     w/s     wkB/s   wrqm/s  %wrqm w_await wareq-sz     d/s     dkB/s   drqm/s  %drqm d_await dareq-sz     f/s f_await  aqu-sz  %util
nvme0n1        283.00   7856.00     3.00   1.05    0.23    27.76    3.00     20.00     0.00   0.00    1.00     6.67    0.00      0.00     0.00   0.00    0.00     0.00    1.00    2.00    0.07   4.60


10/05/2026 09:46:57 PM
Device            r/s     rkB/s   rrqm/s  %rrqm r_await rareq-sz     w/s     wkB/s   wrqm/s  %wrqm w_await wareq-sz     d/s     dkB/s   drqm/s  %drqm d_await dareq-sz     f/s f_await  aqu-sz  %util
nvme0n1        455.00  16596.00     0.00   0.00    0.23    36.47    1.00      4.00     0.00   0.00    1.00     4.00    0.00      0.00     0.00   0.00    0.00     0.00    0.00    0.00    0.11   5.30


10/05/2026 09:46:58 PM
Device            r/s     rkB/s   rrqm/s  %rrqm r_await rareq-sz     w/s     wkB/s   wrqm/s  %wrqm w_await wareq-sz     d/s     dkB/s   drqm/s  %drqm d_await dareq-sz     f/s f_await  aqu-sz  %util
nvme0n1        357.00  11516.00     0.00   0.00    0.22    32.26    0.00      0.00     0.00   0.00    0.00     0.00    0.00      0.00     0.00   0.00    0.00     0.00    0.00    0.00    0.08   4.00


10/05/2026 09:46:59 PM
Device            r/s     rkB/s   rrqm/s  %rrqm r_await rareq-sz     w/s     wkB/s   wrqm/s  %wrqm w_await wareq-sz     d/s     dkB/s   drqm/s  %drqm d_await dareq-sz     f/s f_await  aqu-sz  %util
nvme0n1        420.00  10164.00     0.00   0.00    0.16    24.20    1.00      8.00     1.00  50.00    0.00     8.00    0.00      0.00     0.00   0.00    0.00     0.00    0.00    0.00    0.07   4.60


10/05/2026 09:47:00 PM
Device            r/s     rkB/s   rrqm/s  %rrqm r_await rareq-sz     w/s     wkB/s   wrqm/s  %wrqm w_await wareq-sz     d/s     dkB/s   drqm/s  %drqm d_await dareq-sz     f/s f_await  aqu-sz  %util
nvme0n1        361.00  12840.00     0.00   0.00    0.23    35.57    0.00      0.00    10.00 100.00    0.00     0.00    0.00      0.00     0.00   0.00    0.00     0.00    0.00    0.00    0.08   4.60


10/05/2026 09:47:01 PM
Device            r/s     rkB/s   rrqm/s  %rrqm r_await rareq-sz     w/s     wkB/s   wrqm/s  %wrqm w_await wareq-sz     d/s     dkB/s   drqm/s  %drqm d_await dareq-sz     f/s f_await  aqu-sz  %util
nvme0n1        354.00   9588.00     0.00   0.00    0.25    27.08   12.00     84.00     0.00   0.00    0.83     7.00    0.00      0.00     0.00   0.00    0.00     0.00    1.00    2.00    0.10   5.00


10/05/2026 09:47:02 PM
Device            r/s     rkB/s   rrqm/s  %rrqm r_await rareq-sz     w/s     wkB/s   wrqm/s  %wrqm w_await wareq-sz     d/s     dkB/s   drqm/s  %drqm d_await dareq-sz     f/s f_await  aqu-sz  %util
nvme0n1        269.00   6612.00     0.00   0.00    0.22    24.58    0.00      0.00     0.00   0.00    0.00     0.00    0.00      0.00     0.00   0.00    0.00     0.00    0.00    0.00    0.06   4.10


10/05/2026 09:47:03 PM
Device            r/s     rkB/s   rrqm/s  %rrqm r_await rareq-sz     w/s     wkB/s   wrqm/s  %wrqm w_await wareq-sz     d/s     dkB/s   drqm/s  %drqm d_await dareq-sz     f/s f_await  aqu-sz  %util
nvme0n1        248.00   4616.00     0.00   0.00    0.22    18.61    1.00      4.00     0.00   0.00    1.00     4.00    0.00      0.00     0.00   0.00    0.00     0.00    0.00    0.00    0.05   4.20


10/05/2026 09:47:04 PM
Device            r/s     rkB/s   rrqm/s  %rrqm r_await rareq-sz     w/s     wkB/s   wrqm/s  %wrqm w_await wareq-sz     d/s     dkB/s   drqm/s  %drqm d_await dareq-sz     f/s f_await  aqu-sz  %util
nvme0n1        374.00  14368.00     0.00   0.00    0.22    38.42   92.00    484.00     1.00   1.08    0.12     5.26    0.00      0.00     0.00   0.00    0.00     0.00    0.00    0.00    0.09   4.40


10/05/2026 09:47:05 PM
Device            r/s     rkB/s   rrqm/s  %rrqm r_await rareq-sz     w/s     wkB/s   wrqm/s  %wrqm w_await wareq-sz     d/s     dkB/s   drqm/s  %drqm d_await dareq-sz     f/s f_await  aqu-sz  %util
nvme0n1        430.00  20632.00     0.00   0.00    0.22    47.98    1.00      4.00     4.00  80.00    1.00     4.00    0.00      0.00     0.00   0.00    0.00     0.00    0.00    0.00    0.10   3.60


10/05/2026 09:47:06 PM
Device            r/s     rkB/s   rrqm/s  %rrqm r_await rareq-sz     w/s     wkB/s   wrqm/s  %wrqm w_await wareq-sz     d/s     dkB/s   drqm/s  %drqm d_await dareq-sz     f/s f_await  aqu-sz  %util
nvme0n1       6461.00  84660.00 11319.00  63.66    0.06    13.10    3.00     24.00     0.00   0.00    2.00     8.00    0.00      0.00     0.00   0.00    0.00     0.00    1.00    2.00    0.42  39.30


10/05/2026 09:47:07 PM
Device            r/s     rkB/s   rrqm/s  %rrqm r_await rareq-sz     w/s     wkB/s   wrqm/s  %wrqm w_await wareq-sz     d/s     dkB/s   drqm/s  %drqm d_await dareq-sz     f/s f_await  aqu-sz  %util
nvme0n1       1528.00 152588.00   138.00   8.28    0.15    99.86    0.00      0.00     0.00   0.00    0.00     0.00    0.00      0.00     0.00   0.00    0.00     0.00    0.00    0.00    0.22  15.40


10/05/2026 09:47:08 PM
Device            r/s     rkB/s   rrqm/s  %rrqm r_await rareq-sz     w/s     wkB/s   wrqm/s  %wrqm w_await wareq-sz     d/s     dkB/s   drqm/s  %drqm d_await dareq-sz     f/s f_await  aqu-sz  %util
nvme0n1          0.00      0.00     0.00   0.00    0.00     0.00    0.00      0.00     0.00   0.00    0.00     0.00    0.00      0.00     0.00   0.00    0.00     0.00    0.00    0.00    0.00   0.00


10/05/2026 09:47:09 PM
Device            r/s     rkB/s   rrqm/s  %rrqm r_await rareq-sz     w/s     wkB/s   wrqm/s  %wrqm w_await wareq-sz     d/s     dkB/s   drqm/s  %drqm d_await dareq-sz     f/s f_await  aqu-sz  %util
nvme0n1        980.00  65604.00    72.00   6.84    0.13    66.94    2.00     12.00     0.00   0.00    2.00     6.00    0.00      0.00     0.00   0.00    0.00     0.00    0.00    0.00    0.13   8.90


10/05/2026 09:47:10 PM
Device            r/s     rkB/s   rrqm/s  %rrqm r_await rareq-sz     w/s     wkB/s   wrqm/s  %wrqm w_await wareq-sz     d/s     dkB/s   drqm/s  %drqm d_await dareq-sz     f/s f_await  aqu-sz  %util
nvme0n1         89.00   5484.00    30.00  25.21    0.11    61.62    0.00      0.00     9.00 100.00    0.00     0.00    0.00      0.00     0.00   0.00    0.00     0.00    0.00    0.00    0.01   0.60


10/05/2026 09:47:11 PM
Device            r/s     rkB/s   rrqm/s  %rrqm r_await rareq-sz     w/s     wkB/s   wrqm/s  %wrqm w_await wareq-sz     d/s     dkB/s   drqm/s  %drqm d_await dareq-sz     f/s f_await  aqu-sz  %util
nvme0n1        263.00  26224.00     0.00   0.00    0.22    99.71   17.00    128.00     7.00  29.17    3.65     7.53    0.00      0.00     0.00   0.00    0.00     0.00    1.00    1.00    0.12   6.40


10/05/2026 09:47:12 PM
Device            r/s     rkB/s   rrqm/s  %rrqm r_await rareq-sz     w/s     wkB/s   wrqm/s  %wrqm w_await wareq-sz     d/s     dkB/s   drqm/s  %drqm d_await dareq-sz     f/s f_await  aqu-sz  %util
nvme0n1       5221.00 648376.00     0.00   0.00    0.23   124.19    1.00      4.00     0.00   0.00   18.00     4.00    0.00      0.00     0.00   0.00    0.00     0.00    0.00    0.00    1.22  31.40


10/05/2026 09:47:13 PM
Device            r/s     rkB/s   rrqm/s  %rrqm r_await rareq-sz     w/s     wkB/s   wrqm/s  %wrqm w_await wareq-sz     d/s     dkB/s   drqm/s  %drqm d_await dareq-sz     f/s f_await  aqu-sz  %util
nvme0n1       9312.00 1145156.00     0.00   0.00    0.21   122.98   13.00     56.00     1.00   7.14   18.08     4.31    0.00      0.00     0.00   0.00    0.00     0.00    0.00    0.00    2.21  54.20


10/05/2026 09:47:14 PM
Device            r/s     rkB/s   rrqm/s  %rrqm r_await rareq-sz     w/s     wkB/s   wrqm/s  %wrqm w_await wareq-sz     d/s     dkB/s   drqm/s  %drqm d_await dareq-sz     f/s f_await  aqu-sz  %util
nvme0n1       7778.00 955100.00     0.00   0.00    0.22   122.80   40.00    196.00    12.00  23.08    1.02     4.90    0.00      0.00     0.00   0.00    0.00     0.00    4.00    1.00    1.78  51.80


10/05/2026 09:47:15 PM
Device            r/s     rkB/s   rrqm/s  %rrqm r_await rareq-sz     w/s     wkB/s   wrqm/s  %wrqm w_await wareq-sz     d/s     dkB/s   drqm/s  %drqm d_await dareq-sz     f/s f_await  aqu-sz  %util
nvme0n1       9015.00 1110696.00     0.00   0.00    0.21   123.21    0.00      0.00     0.00   0.00    0.00     0.00    0.00      0.00     0.00   0.00    0.00     0.00    0.00    0.00    1.88  54.20


10/05/2026 09:47:16 PM
Device            r/s     rkB/s   rrqm/s  %rrqm r_await rareq-sz     w/s     wkB/s   wrqm/s  %wrqm w_await wareq-sz     d/s     dkB/s   drqm/s  %drqm d_await dareq-sz     f/s f_await  aqu-sz  %util
nvme0n1       10482.00 1298456.00     5.00   0.05    0.20   123.87   87.00    376.00     7.00   7.45    5.41     4.32    0.00      0.00     0.00   0.00    0.00     0.00    0.00    0.00    2.57  58.10


10/05/2026 09:47:17 PM
Device            r/s     rkB/s   rrqm/s  %rrqm r_await rareq-sz     w/s     wkB/s   wrqm/s  %wrqm w_await wareq-sz     d/s     dkB/s   drqm/s  %drqm d_await dareq-sz     f/s f_await  aqu-sz  %util
nvme0n1       10892.00 1302684.00    21.00   0.19    0.20   119.60    5.00     52.00     9.00  64.29    6.40    10.40    0.00      0.00     0.00   0.00    0.00     0.00    1.00    1.00    2.21  55.40


10/05/2026 09:47:18 PM
Device            r/s     rkB/s   rrqm/s  %rrqm r_await rareq-sz     w/s     wkB/s   wrqm/s  %wrqm w_await wareq-sz     d/s     dkB/s   drqm/s  %drqm d_await dareq-sz     f/s f_await  aqu-sz  %util
nvme0n1       9480.00 1177648.00     0.00   0.00    0.21   124.22    1.00      8.00     1.00  50.00   10.00     8.00    0.00      0.00     0.00   0.00    0.00     0.00    0.00    0.00    2.01  56.90


10/05/2026 09:47:19 PM
Device            r/s     rkB/s   rrqm/s  %rrqm r_await rareq-sz     w/s     wkB/s   wrqm/s  %wrqm w_await wareq-sz     d/s     dkB/s   drqm/s  %drqm d_await dareq-sz     f/s f_await  aqu-sz  %util
nvme0n1       10460.00 1311728.00     0.00   0.00    0.21   125.40   38.00    160.00     1.00   2.56    0.11     4.21    0.00      0.00     0.00   0.00    0.00     0.00    0.00    0.00    2.24  58.10


10/05/2026 09:47:20 PM
Device            r/s     rkB/s   rrqm/s  %rrqm r_await rareq-sz     w/s     wkB/s   wrqm/s  %wrqm w_await wareq-sz     d/s     dkB/s   drqm/s  %drqm d_await dareq-sz     f/s f_await  aqu-sz  %util
nvme0n1       11309.00 1424432.00     0.00   0.00    0.20   125.96    2.00      8.00     0.00   0.00    0.00     4.00    0.00      0.00     0.00   0.00    0.00     0.00    0.00    0.00    2.31  52.50


10/05/2026 09:47:21 PM
Device            r/s     rkB/s   rrqm/s  %rrqm r_await rareq-sz     w/s     wkB/s   wrqm/s  %wrqm w_await wareq-sz     d/s     dkB/s   drqm/s  %drqm d_await dareq-sz     f/s f_await  aqu-sz  %util
nvme0n1       10901.00 1376720.00     0.00   0.00    0.21   126.29    0.00      0.00     0.00   0.00    0.00     0.00    0.00      0.00     0.00   0.00    0.00     0.00    0.00    0.00    2.31  57.20


10/05/2026 09:47:22 PM
Device            r/s     rkB/s   rrqm/s  %rrqm r_await rareq-sz     w/s     wkB/s   wrqm/s  %wrqm w_await wareq-sz     d/s     dkB/s   drqm/s  %drqm d_await dareq-sz     f/s f_await  aqu-sz  %util
nvme0n1       9899.00 1224220.00     0.00   0.00    0.21   123.67    4.00     44.00     8.00  66.67    0.50    11.00    0.00      0.00     0.00   0.00    0.00     0.00    1.00    1.00    2.07  56.80


10/05/2026 09:47:23 PM
Device            r/s     rkB/s   rrqm/s  %rrqm r_await rareq-sz     w/s     wkB/s   wrqm/s  %wrqm w_await wareq-sz     d/s     dkB/s   drqm/s  %drqm d_await dareq-sz     f/s f_await  aqu-sz  %util
nvme0n1       10861.00 1332320.00     0.00   0.00    0.20   122.67    1.00      4.00     0.00   0.00    0.00     4.00    0.00      0.00     0.00   0.00    0.00     0.00    0.00    0.00    2.16  59.00


10/05/2026 09:47:24 PM
Device            r/s     rkB/s   rrqm/s  %rrqm r_await rareq-sz     w/s     wkB/s   wrqm/s  %wrqm w_await wareq-sz     d/s     dkB/s   drqm/s  %drqm d_await dareq-sz     f/s f_await  aqu-sz  %util
nvme0n1       11004.00 1376884.00     0.00   0.00    0.21   125.13    2.00      8.00     0.00   0.00   14.00     4.00    0.00      0.00     0.00   0.00    0.00     0.00    0.00    0.00    2.32  56.70


10/05/2026 09:47:25 PM
Device            r/s     rkB/s   rrqm/s  %rrqm r_await rareq-sz     w/s     wkB/s   wrqm/s  %wrqm w_await wareq-sz     d/s     dkB/s   drqm/s  %drqm d_await dareq-sz     f/s f_await  aqu-sz  %util
nvme0n1       12843.00 1627232.00     0.00   0.00    0.19   126.70    4.00     16.00     0.00   0.00   18.00     4.00    0.00      0.00     0.00   0.00    0.00     0.00    0.00    0.00    2.50  56.10


10/05/2026 09:47:26 PM
Device            r/s     rkB/s   rrqm/s  %rrqm r_await rareq-sz     w/s     wkB/s   wrqm/s  %wrqm w_await wareq-sz     d/s     dkB/s   drqm/s  %drqm d_await dareq-sz     f/s f_await  aqu-sz  %util
nvme0n1       15730.00 2013312.00     0.00   0.00    0.17   127.99    8.00     32.00     0.00   0.00    0.12     4.00    0.00      0.00     0.00   0.00    0.00     0.00    0.00    0.00    2.62  48.90


10/05/2026 09:47:27 PM
Device            r/s     rkB/s   rrqm/s  %rrqm r_await rareq-sz     w/s     wkB/s   wrqm/s  %wrqm w_await wareq-sz     d/s     dkB/s   drqm/s  %drqm d_await dareq-sz     f/s f_await  aqu-sz  %util
nvme0n1       14501.00 1852648.00     0.00   0.00    0.17   127.76  105.00    460.00    10.00   8.70    7.90     4.38    0.00      0.00     0.00   0.00    0.00     0.00    0.00    0.00    3.34  49.60


10/05/2026 09:47:28 PM
Device            r/s     rkB/s   rrqm/s  %rrqm r_await rareq-sz     w/s     wkB/s   wrqm/s  %wrqm w_await wareq-sz     d/s     dkB/s   drqm/s  %drqm d_await dareq-sz     f/s f_await  aqu-sz  %util
nvme0n1       11673.00 1481784.00     0.00   0.00    0.17   126.94    4.00     12.00     0.00   0.00    4.75     3.00    0.00      0.00     0.00   0.00    0.00     0.00    1.00    1.00    1.95  47.30


10/05/2026 09:47:29 PM
Device            r/s     rkB/s   rrqm/s  %rrqm r_await rareq-sz     w/s     wkB/s   wrqm/s  %wrqm w_await wareq-sz     d/s     dkB/s   drqm/s  %drqm d_await dareq-sz     f/s f_await  aqu-sz  %util
nvme0n1       6950.00 428620.00    60.00   0.86    0.18    61.67  522.00   2144.00    16.00   2.97    6.28     4.11    0.00      0.00     0.00   0.00    0.00     0.00    1.00    1.00    4.53  24.40


10/05/2026 09:47:30 PM
Device            r/s     rkB/s   rrqm/s  %rrqm r_await rareq-sz     w/s     wkB/s   wrqm/s  %wrqm w_await wareq-sz     d/s     dkB/s   drqm/s  %drqm d_await dareq-sz     f/s f_await  aqu-sz  %util
nvme0n1       18677.00 1288348.00     0.00   0.00    0.19    68.98  197.00    844.00    13.00   6.19   11.45     4.28    0.00      0.00     0.00   0.00    0.00     0.00    0.00    0.00    5.71  44.20


10/05/2026 09:47:31 PM
Device            r/s     rkB/s   rrqm/s  %rrqm r_await rareq-sz     w/s     wkB/s   wrqm/s  %wrqm w_await wareq-sz     d/s     dkB/s   drqm/s  %drqm d_await dareq-sz     f/s f_await  aqu-sz  %util
nvme0n1       18751.00 1249284.00     0.00   0.00    0.18    66.62    0.00      0.00     0.00   0.00    0.00     0.00    0.00      0.00     0.00   0.00    0.00     0.00    0.00    0.00    3.41  46.20


10/05/2026 09:47:32 PM
Device            r/s     rkB/s   rrqm/s  %rrqm r_await rareq-sz     w/s     wkB/s   wrqm/s  %wrqm w_await wareq-sz     d/s     dkB/s   drqm/s  %drqm d_await dareq-sz     f/s f_await  aqu-sz  %util
nvme0n1       14961.00 1015936.00     0.00   0.00    0.18    67.91   83.00    340.00     2.00   2.35    7.12     4.10    0.00      0.00     0.00   0.00    0.00     0.00    0.00    0.00    3.27  44.20


10/05/2026 09:47:33 PM
Device            r/s     rkB/s   rrqm/s  %rrqm r_await rareq-sz     w/s     wkB/s   wrqm/s  %wrqm w_await wareq-sz     d/s     dkB/s   drqm/s  %drqm d_await dareq-sz     f/s f_await  aqu-sz  %util
nvme0n1       12953.00 823016.00     0.00   0.00    0.17    63.54  282.00   1180.00    16.00   5.37   10.36     4.18    0.00      0.00     0.00   0.00    0.00     0.00    0.00    0.00    5.17  38.40


10/05/2026 09:47:34 PM
Device            r/s     rkB/s   rrqm/s  %rrqm r_await rareq-sz     w/s     wkB/s   wrqm/s  %wrqm w_await wareq-sz     d/s     dkB/s   drqm/s  %drqm d_await dareq-sz     f/s f_await  aqu-sz  %util
nvme0n1       10608.00 705860.00     0.00   0.00    0.18    66.54  149.00    776.00    14.00   8.59    5.18     5.21    0.00      0.00     0.00   0.00    0.00     0.00    1.00    2.00    2.69  34.60


10/05/2026 09:47:35 PM
Device            r/s     rkB/s   rrqm/s  %rrqm r_await rareq-sz     w/s     wkB/s   wrqm/s  %wrqm w_await wareq-sz     d/s     dkB/s   drqm/s  %drqm d_await dareq-sz     f/s f_await  aqu-sz  %util
nvme0n1       7711.00 535996.00     0.00   0.00    0.18    69.51    1.00      8.00     1.00  50.00    1.00     8.00    0.00      0.00     0.00   0.00    0.00     0.00    0.00    0.00    1.37  26.60


10/05/2026 09:47:36 PM
Device            r/s     rkB/s   rrqm/s  %rrqm r_await rareq-sz     w/s     wkB/s   wrqm/s  %wrqm w_await wareq-sz     d/s     dkB/s   drqm/s  %drqm d_await dareq-sz     f/s f_await  aqu-sz  %util
nvme0n1       4550.00 308184.00     0.00   0.00    0.58    67.73  588.00  58012.00 22254.00  97.43   69.73    98.66    0.00      0.00     0.00   0.00    0.00     0.00    0.00    0.00   43.65  44.10


10/05/2026 09:47:37 PM
Device            r/s     rkB/s   rrqm/s  %rrqm r_await rareq-sz     w/s     wkB/s   wrqm/s  %wrqm w_await wareq-sz     d/s     dkB/s   drqm/s  %drqm d_await dareq-sz     f/s f_await  aqu-sz  %util
nvme0n1       2558.00 168208.00     2.00   0.08    1.14    65.76  932.00 118668.00 20816.00  95.71  207.36   127.33    0.00      0.00     0.00   0.00    0.00     0.00    0.00    0.00  196.18  62.80


10/05/2026 09:47:38 PM
Device            r/s     rkB/s   rrqm/s  %rrqm r_await rareq-sz     w/s     wkB/s   wrqm/s  %wrqm w_await wareq-sz     d/s     dkB/s   drqm/s  %drqm d_await dareq-sz     f/s f_await  aqu-sz  %util
nvme0n1       6464.00 433992.00     2.00   0.03    0.18    67.14   41.00   1844.00     0.00   0.00  409.59    44.98    0.00      0.00     0.00   0.00    0.00     0.00    0.00    0.00   17.97  23.40


10/05/2026 09:47:39 PM
Device            r/s     rkB/s   rrqm/s  %rrqm r_await rareq-sz     w/s     wkB/s   wrqm/s  %wrqm w_await wareq-sz     d/s     dkB/s   drqm/s  %drqm d_await dareq-sz     f/s f_await  aqu-sz  %util
nvme0n1       7613.00 529936.00     0.00   0.00    0.18    69.61   11.00     80.00    10.00  47.62    0.91     7.27    0.00      0.00     0.00   0.00    0.00     0.00    1.00    1.00    1.38  26.80


10/05/2026 09:47:40 PM
Device            r/s     rkB/s   rrqm/s  %rrqm r_await rareq-sz     w/s     wkB/s   wrqm/s  %wrqm w_await wareq-sz     d/s     dkB/s   drqm/s  %drqm d_await dareq-sz     f/s f_await  aqu-sz  %util
nvme0n1       5376.00 366808.00     0.00   0.00    0.18    68.23    0.00      0.00     0.00   0.00    0.00     0.00    0.00      0.00     0.00   0.00    0.00     0.00    0.00    0.00    0.94  20.10


10/05/2026 09:47:41 PM
Device            r/s     rkB/s   rrqm/s  %rrqm r_await rareq-sz     w/s     wkB/s   wrqm/s  %wrqm w_await wareq-sz     d/s     dkB/s   drqm/s  %drqm d_await dareq-sz     f/s f_await  aqu-sz  %util
nvme0n1       6469.00 439836.00     0.00   0.00    0.18    67.99    1.00      4.00     0.00   0.00    0.00     4.00    0.00      0.00     0.00   0.00    0.00     0.00    0.00    0.00    1.16  23.20


10/05/2026 09:47:42 PM
Device            r/s     rkB/s   rrqm/s  %rrqm r_await rareq-sz     w/s     wkB/s   wrqm/s  %wrqm w_await wareq-sz     d/s     dkB/s   drqm/s  %drqm d_await dareq-sz     f/s f_await  aqu-sz  %util
nvme0n1       7404.00 513336.00     0.00   0.00    0.18    69.33    0.00      0.00     0.00   0.00    0.00     0.00    0.00      0.00     0.00   0.00    0.00     0.00    0.00    0.00    1.33  26.70


10/05/2026 09:47:43 PM
Device            r/s     rkB/s   rrqm/s  %rrqm r_await rareq-sz     w/s     wkB/s   wrqm/s  %wrqm w_await wareq-sz     d/s     dkB/s   drqm/s  %drqm d_await dareq-sz     f/s f_await  aqu-sz  %util
nvme0n1       5076.00 345156.00     0.00   0.00    0.18    68.00    0.00      0.00     0.00   0.00    0.00     0.00    0.00      0.00     0.00   0.00    0.00     0.00    0.00    0.00    0.90  20.80


10/05/2026 09:47:44 PM
Device            r/s     rkB/s   rrqm/s  %rrqm r_await rareq-sz     w/s     wkB/s   wrqm/s  %wrqm w_await wareq-sz     d/s     dkB/s   drqm/s  %drqm d_await dareq-sz     f/s f_await  aqu-sz  %util
nvme0n1       4277.00 289092.00     0.00   0.00    0.19    67.59  122.00    536.00    12.00   8.96    3.92     4.39    0.00      0.00     0.00   0.00    0.00     0.00    0.00    0.00    1.28  21.30


10/05/2026 09:47:45 PM
Device            r/s     rkB/s   rrqm/s  %rrqm r_await rareq-sz     w/s     wkB/s   wrqm/s  %wrqm w_await wareq-sz     d/s     dkB/s   drqm/s  %drqm d_await dareq-sz     f/s f_await  aqu-sz  %util
nvme0n1       6307.00 438592.00     0.00   0.00    0.18    69.54   73.00    348.00    15.00  17.05   16.23     4.77    0.00      0.00     0.00   0.00    0.00     0.00    1.00    1.00    2.32  23.50


10/05/2026 09:47:46 PM
Device            r/s     rkB/s   rrqm/s  %rrqm r_await rareq-sz     w/s     wkB/s   wrqm/s  %wrqm w_await wareq-sz     d/s     dkB/s   drqm/s  %drqm d_await dareq-sz     f/s f_await  aqu-sz  %util
nvme0n1       2085.00 124996.00     0.00   0.00    0.22    59.95   82.00    340.00     3.00   3.53    9.89     4.15    0.00      0.00     0.00   0.00    0.00     0.00    0.00    0.00    1.27  13.80


10/05/2026 09:47:47 PM
Device            r/s     rkB/s   rrqm/s  %rrqm r_await rareq-sz     w/s     wkB/s   wrqm/s  %wrqm w_await wareq-sz     d/s     dkB/s   drqm/s  %drqm d_await dareq-sz     f/s f_await  aqu-sz  %util
nvme0n1       7235.00 403460.00    47.00   0.65    0.16    55.77   82.00    344.00     4.00   4.65    7.84     4.20    0.00      0.00     0.00   0.00    0.00     0.00    0.00    0.00    1.79  27.90


10/05/2026 09:47:48 PM
Device            r/s     rkB/s   rrqm/s  %rrqm r_await rareq-sz     w/s     wkB/s   wrqm/s  %wrqm w_await wareq-sz     d/s     dkB/s   drqm/s  %drqm d_await dareq-sz     f/s f_await  aqu-sz  %util
nvme0n1       7960.00 564276.00     0.00   0.00    0.18    70.89    5.00     20.00     0.00   0.00   47.20     4.00    0.00      0.00     0.00   0.00    0.00     0.00    0.00    0.00    1.70  34.40


10/05/2026 09:47:49 PM
Device            r/s     rkB/s   rrqm/s  %rrqm r_await rareq-sz     w/s     wkB/s   wrqm/s  %wrqm w_await wareq-sz     d/s     dkB/s   drqm/s  %drqm d_await dareq-sz     f/s f_await  aqu-sz  %util
nvme0n1       9008.00 642280.00     0.00   0.00    0.18    71.30    0.00      0.00     0.00   0.00    0.00     0.00    0.00      0.00     0.00   0.00    0.00     0.00    0.00    0.00    1.64  32.60


10/05/2026 09:47:50 PM
Device            r/s     rkB/s   rrqm/s  %rrqm r_await rareq-sz     w/s     wkB/s   wrqm/s  %wrqm w_await wareq-sz     d/s     dkB/s   drqm/s  %drqm d_await dareq-sz     f/s f_await  aqu-sz  %util
nvme0n1       4875.00 317068.00     0.00   0.00    0.18    65.04    0.00      0.00     7.00 100.00    0.00     0.00    0.00      0.00     0.00   0.00    0.00     0.00    0.00    0.00    0.90  20.00


10/05/2026 09:47:51 PM
Device            r/s     rkB/s   rrqm/s  %rrqm r_await rareq-sz     w/s     wkB/s   wrqm/s  %wrqm w_await wareq-sz     d/s     dkB/s   drqm/s  %drqm d_await dareq-sz     f/s f_await  aqu-sz  %util
nvme0n1       3913.00 251348.00     0.00   0.00    0.19    64.23    4.00     40.00     0.00   0.00    0.50    10.00    0.00      0.00     0.00   0.00    0.00     0.00    1.00    0.00    0.75  17.30


10/05/2026 09:47:52 PM
Device            r/s     rkB/s   rrqm/s  %rrqm r_await rareq-sz     w/s     wkB/s   wrqm/s  %wrqm w_await wareq-sz     d/s     dkB/s   drqm/s  %drqm d_await dareq-sz     f/s f_await  aqu-sz  %util
nvme0n1       2472.00 165680.00     0.00   0.00    0.21    67.02   31.00    128.00     0.00   0.00    0.16     4.13    0.00      0.00     0.00   0.00    0.00     0.00    0.00    0.00    0.52  13.50


10/05/2026 09:47:53 PM
Device            r/s     rkB/s   rrqm/s  %rrqm r_await rareq-sz     w/s     wkB/s   wrqm/s  %wrqm w_await wareq-sz     d/s     dkB/s   drqm/s  %drqm d_await dareq-sz     f/s f_await  aqu-sz  %util
nvme0n1       2784.00 173912.00     0.00   0.00    0.19    62.47    1.00      4.00     0.00   0.00    1.00     4.00    0.00      0.00     0.00   0.00    0.00     0.00    0.00    0.00    0.54  13.10


10/05/2026 09:47:54 PM
Device            r/s     rkB/s   rrqm/s  %rrqm r_await rareq-sz     w/s     wkB/s   wrqm/s  %wrqm w_await wareq-sz     d/s     dkB/s   drqm/s  %drqm d_await dareq-sz     f/s f_await  aqu-sz  %util
nvme0n1       4216.00 280052.00     0.00   0.00    0.19    66.43    0.00      0.00     0.00   0.00    0.00     0.00    0.00      0.00     0.00   0.00    0.00     0.00    0.00    0.00    0.80  17.50


10/05/2026 09:47:55 PM
Device            r/s     rkB/s   rrqm/s  %rrqm r_await rareq-sz     w/s     wkB/s   wrqm/s  %wrqm w_await wareq-sz     d/s     dkB/s   drqm/s  %drqm d_await dareq-sz     f/s f_await  aqu-sz  %util
nvme0n1       4039.00 266936.00     0.00   0.00    0.19    66.09   77.00    348.00    12.00  13.48    3.73     4.52    0.00      0.00     0.00   0.00    0.00     0.00    0.00    0.00    1.05  16.60


10/05/2026 09:47:56 PM
Device            r/s     rkB/s   rrqm/s  %rrqm r_await rareq-sz     w/s     wkB/s   wrqm/s  %wrqm w_await wareq-sz     d/s     dkB/s   drqm/s  %drqm d_await dareq-sz     f/s f_await  aqu-sz  %util
nvme0n1       4224.00 279680.00     0.00   0.00    0.19    66.21   11.00    100.00    13.00  54.17    5.91     9.09    0.00      0.00     0.00   0.00    0.00     0.00    1.00    1.00    0.85  19.10


10/05/2026 09:47:57 PM
Device            r/s     rkB/s   rrqm/s  %rrqm r_await rareq-sz     w/s     wkB/s   wrqm/s  %wrqm w_await wareq-sz     d/s     dkB/s   drqm/s  %drqm d_await dareq-sz     f/s f_await  aqu-sz  %util
nvme0n1       3564.00 238412.00     0.00   0.00    0.20    66.89   43.00    192.00     5.00  10.42   17.98     4.47    0.00      0.00     0.00   0.00    0.00     0.00    0.00    0.00    1.48  17.30


10/05/2026 09:47:58 PM
Device            r/s     rkB/s   rrqm/s  %rrqm r_await rareq-sz     w/s     wkB/s   wrqm/s  %wrqm w_await wareq-sz     d/s     dkB/s   drqm/s  %drqm d_await dareq-sz     f/s f_await  aqu-sz  %util
nvme0n1       3648.00 245144.00     0.00   0.00    0.18    67.20  189.00    956.00    50.00  20.92    6.34     5.06    0.00      0.00     0.00   0.00    0.00     0.00    0.00    0.00    1.87  18.00


10/05/2026 09:47:59 PM
Device            r/s     rkB/s   rrqm/s  %rrqm r_await rareq-sz     w/s     wkB/s   wrqm/s  %wrqm w_await wareq-sz     d/s     dkB/s   drqm/s  %drqm d_await dareq-sz     f/s f_await  aqu-sz  %util
nvme0n1       3258.00 168708.00    20.00   0.61    0.17    51.78   40.00    188.00     7.00  14.89    3.58     4.70    0.00      0.00     0.00   0.00    0.00     0.00    0.00    0.00    0.69  17.80


10/05/2026 09:48:00 PM
Device            r/s     rkB/s   rrqm/s  %rrqm r_await rareq-sz     w/s     wkB/s   wrqm/s  %wrqm w_await wareq-sz     d/s     dkB/s   drqm/s  %drqm d_await dareq-sz     f/s f_await  aqu-sz  %util
nvme0n1       3101.00 204788.00     0.00   0.00    0.20    66.04  136.00    596.00    13.00   8.72    5.32     4.38    0.00      0.00     0.00   0.00    0.00     0.00    0.00    0.00    1.34  14.40


10/05/2026 09:48:01 PM
Device            r/s     rkB/s   rrqm/s  %rrqm r_await rareq-sz     w/s     wkB/s   wrqm/s  %wrqm w_await wareq-sz     d/s     dkB/s   drqm/s  %drqm d_await dareq-sz     f/s f_await  aqu-sz  %util
nvme0n1       4828.00 330216.00     0.00   0.00    0.19    68.40    7.00     24.00     0.00   0.00   12.86     3.43    0.00      0.00     0.00   0.00    0.00     0.00    1.00    1.00    1.01  20.00


10/05/2026 09:48:02 PM
Device            r/s     rkB/s   rrqm/s  %rrqm r_await rareq-sz     w/s     wkB/s   wrqm/s  %wrqm w_await wareq-sz     d/s     dkB/s   drqm/s  %drqm d_await dareq-sz     f/s f_await  aqu-sz  %util
nvme0n1       4959.00 335300.00     7.00   0.14    0.19    67.61    0.00      0.00     0.00   0.00    0.00     0.00    0.00      0.00     0.00   0.00    0.00     0.00    0.00    0.00    0.94  22.10


10/05/2026 09:48:03 PM
Device            r/s     rkB/s   rrqm/s  %rrqm r_await rareq-sz     w/s     wkB/s   wrqm/s  %wrqm w_await wareq-sz     d/s     dkB/s   drqm/s  %drqm d_await dareq-sz     f/s f_await  aqu-sz  %util
nvme0n1       1908.00 120908.00     0.00   0.00    0.22    63.37    1.00      4.00     0.00   0.00    1.00     4.00    0.00      0.00     0.00   0.00    0.00     0.00    0.00    0.00    0.42  11.20


10/05/2026 09:48:04 PM
Device            r/s     rkB/s   rrqm/s  %rrqm r_await rareq-sz     w/s     wkB/s   wrqm/s  %wrqm w_await wareq-sz     d/s     dkB/s   drqm/s  %drqm d_await dareq-sz     f/s f_await  aqu-sz  %util
nvme0n1       1344.00  79536.00     0.00   0.00    0.23    59.18    0.00      0.00     0.00   0.00    0.00     0.00    0.00      0.00     0.00   0.00    0.00     0.00    0.00    0.00    0.31   8.30


10/05/2026 09:48:05 PM
Device            r/s     rkB/s   rrqm/s  %rrqm r_await rareq-sz     w/s     wkB/s   wrqm/s  %wrqm w_await wareq-sz     d/s     dkB/s   drqm/s  %drqm d_await dareq-sz     f/s f_await  aqu-sz  %util
nvme0n1       2908.00 177728.00     0.00   0.00    0.19    61.12   94.00    500.00    10.00   9.62    0.21     5.32    0.00      0.00     0.00   0.00    0.00     0.00    0.00    0.00    0.58  12.90


10/05/2026 09:48:06 PM
Device            r/s     rkB/s   rrqm/s  %rrqm r_await rareq-sz     w/s     wkB/s   wrqm/s  %wrqm w_await wareq-sz     d/s     dkB/s   drqm/s  %drqm d_await dareq-sz     f/s f_await  aqu-sz  %util
nvme0n1       1219.00  65056.00     0.00   0.00    0.21    53.37   13.00     76.00     0.00   0.00    0.31     5.85    0.00      0.00     0.00   0.00    0.00     0.00    1.00    2.00    0.26   8.30


10/05/2026 09:48:07 PM
Device            r/s     rkB/s   rrqm/s  %rrqm r_await rareq-sz     w/s     wkB/s   wrqm/s  %wrqm w_await wareq-sz     d/s     dkB/s   drqm/s  %drqm d_await dareq-sz     f/s f_await  aqu-sz  %util
nvme0n1       1764.00 106188.00     1.00   0.06    0.22    60.20    0.00      0.00     0.00   0.00    0.00     0.00    0.00      0.00     0.00   0.00    0.00     0.00    0.00    0.00    0.39  11.70


10/05/2026 09:48:08 PM
Device            r/s     rkB/s   rrqm/s  %rrqm r_await rareq-sz     w/s     wkB/s   wrqm/s  %wrqm w_await wareq-sz     d/s     dkB/s   drqm/s  %drqm d_await dareq-sz     f/s f_await  aqu-sz  %util
nvme0n1        950.00  52088.00     0.00   0.00    0.24    54.83    0.00      0.00     0.00   0.00    0.00     0.00    0.00      0.00     0.00   0.00    0.00     0.00    0.00    0.00    0.22   6.90


10/05/2026 09:48:09 PM
Device            r/s     rkB/s   rrqm/s  %rrqm r_await rareq-sz     w/s     wkB/s   wrqm/s  %wrqm w_await wareq-sz     d/s     dkB/s   drqm/s  %drqm d_await dareq-sz     f/s f_await  aqu-sz  %util
nvme0n1       1494.00  83384.00     0.00   0.00    0.24    55.81    1.00      4.00     0.00   0.00    0.00     4.00    0.00      0.00     0.00   0.00    0.00     0.00    0.00    0.00    0.35   9.90


10/05/2026 09:48:10 PM
Device            r/s     rkB/s   rrqm/s  %rrqm r_await rareq-sz     w/s     wkB/s   wrqm/s  %wrqm w_await wareq-sz     d/s     dkB/s   drqm/s  %drqm d_await dareq-sz     f/s f_await  aqu-sz  %util
nvme0n1       1994.00 119812.00     0.00   0.00    0.20    60.09    0.00      0.00     2.00 100.00    0.00     0.00    0.00      0.00     0.00   0.00    0.00     0.00    0.00    0.00    0.40  10.70


10/05/2026 09:48:11 PM
Device            r/s     rkB/s   rrqm/s  %rrqm r_await rareq-sz     w/s     wkB/s   wrqm/s  %wrqm w_await wareq-sz     d/s     dkB/s   drqm/s  %drqm d_await dareq-sz     f/s f_await  aqu-sz  %util
nvme0n1       1905.00 114960.00     0.00   0.00    0.21    60.35    4.00     20.00     0.00   0.00    1.00     5.00    0.00      0.00     0.00   0.00    0.00     0.00    1.00    2.00    0.40  10.20


10/05/2026 09:48:12 PM
Device            r/s     rkB/s   rrqm/s  %rrqm r_await rareq-sz     w/s     wkB/s   wrqm/s  %wrqm w_await wareq-sz     d/s     dkB/s   drqm/s  %drqm d_await dareq-sz     f/s f_await  aqu-sz  %util
nvme0n1       1391.00  88524.00     0.00   0.00    0.23    63.64    0.00      0.00     0.00   0.00    0.00     0.00    0.00      0.00     0.00   0.00    0.00     0.00    0.00    0.00    0.32  10.10


10/05/2026 09:48:13 PM
Device            r/s     rkB/s   rrqm/s  %rrqm r_await rareq-sz     w/s     wkB/s   wrqm/s  %wrqm w_await wareq-sz     d/s     dkB/s   drqm/s  %drqm d_await dareq-sz     f/s f_await  aqu-sz  %util
nvme0n1       3465.00 172352.00    10.00   0.29    0.18    49.74    0.00      0.00     0.00   0.00    0.00     0.00    0.00      0.00     0.00   0.00    0.00     0.00    0.00    0.00    0.62  35.50


10/05/2026 09:48:14 PM
Device            r/s     rkB/s   rrqm/s  %rrqm r_await rareq-sz     w/s     wkB/s   wrqm/s  %wrqm w_await wareq-sz     d/s     dkB/s   drqm/s  %drqm d_await dareq-sz     f/s f_await  aqu-sz  %util
nvme0n1       6193.00  24772.00     0.00   0.00    0.15     4.00    0.00      0.00     0.00   0.00    0.00     0.00    0.00      0.00     0.00   0.00    0.00     0.00    0.00    0.00    0.90  88.90


10/05/2026 09:48:15 PM
Device            r/s     rkB/s   rrqm/s  %rrqm r_await rareq-sz     w/s     wkB/s   wrqm/s  %wrqm w_await wareq-sz     d/s     dkB/s   drqm/s  %drqm d_await dareq-sz     f/s f_await  aqu-sz  %util
nvme0n1       4181.00 307120.00   628.00  13.06    0.17    73.46    2.00     16.00     2.00  50.00    0.00     8.00    0.00      0.00     0.00   0.00    0.00     0.00    0.00    0.00    0.72  38.10


10/05/2026 09:48:16 PM
Device            r/s     rkB/s   rrqm/s  %rrqm r_await rareq-sz     w/s     wkB/s   wrqm/s  %wrqm w_await wareq-sz     d/s     dkB/s   drqm/s  %drqm d_await dareq-sz     f/s f_await  aqu-sz  %util
nvme0n1       3816.00 461156.00    10.00   0.26    0.22   120.85    3.00     12.00     1.00  25.00    1.00     4.00    0.00      0.00     0.00   0.00    0.00     0.00    1.00    1.00    0.86  29.80


10/05/2026 09:48:17 PM
Device            r/s     rkB/s   rrqm/s  %rrqm r_await rareq-sz     w/s     wkB/s   wrqm/s  %wrqm w_await wareq-sz     d/s     dkB/s   drqm/s  %drqm d_await dareq-sz     f/s f_await  aqu-sz  %util
nvme0n1       7368.00 800648.00    29.00   0.39    0.19   108.67    1.00      8.00     1.00  50.00    1.00     8.00    0.00      0.00     0.00   0.00    0.00     0.00    0.00    0.00    1.43  48.60


10/05/2026 09:48:18 PM
Device            r/s     rkB/s   rrqm/s  %rrqm r_await rareq-sz     w/s     wkB/s   wrqm/s  %wrqm w_await wareq-sz     d/s     dkB/s   drqm/s  %drqm d_await dareq-sz     f/s f_await  aqu-sz  %util
nvme0n1       5166.00 646492.00     0.00   0.00    0.25   125.14   49.00   6100.00  1476.00  96.79    8.33   124.49    0.00      0.00     0.00   0.00    0.00     0.00    0.00    0.00    1.70  41.90


10/05/2026 09:48:19 PM
Device            r/s     rkB/s   rrqm/s  %rrqm r_await rareq-sz     w/s     wkB/s   wrqm/s  %wrqm w_await wareq-sz     d/s     dkB/s   drqm/s  %drqm d_await dareq-sz     f/s f_await  aqu-sz  %util
nvme0n1       5401.00 671784.00     0.00   0.00    0.23   124.38    0.00      0.00     0.00   0.00    0.00     0.00    0.00      0.00     0.00   0.00    0.00     0.00    0.00    0.00    1.22  43.90


10/05/2026 09:48:20 PM
Device            r/s     rkB/s   rrqm/s  %rrqm r_await rareq-sz     w/s     wkB/s   wrqm/s  %wrqm w_await wareq-sz     d/s     dkB/s   drqm/s  %drqm d_await dareq-sz     f/s f_await  aqu-sz  %util
nvme0n1       5053.00 627484.00     0.00   0.00    0.22   124.18   11.00     76.00     8.00  42.11   34.27     6.91    0.00      0.00     0.00   0.00    0.00     0.00    0.00    0.00    1.47  39.90


10/05/2026 09:48:21 PM
Device            r/s     rkB/s   rrqm/s  %rrqm r_await rareq-sz     w/s     wkB/s   wrqm/s  %wrqm w_await wareq-sz     d/s     dkB/s   drqm/s  %drqm d_await dareq-sz     f/s f_await  aqu-sz  %util
nvme0n1       3518.00 429496.00     0.00   0.00    0.24   122.09    0.00      0.00     7.00 100.00    0.00     0.00    0.00      0.00     0.00   0.00    0.00     0.00    0.00    0.00    0.83  36.80


10/05/2026 09:48:22 PM
Device            r/s     rkB/s   rrqm/s  %rrqm r_await rareq-sz     w/s     wkB/s   wrqm/s  %wrqm w_await wareq-sz     d/s     dkB/s   drqm/s  %drqm d_await dareq-sz     f/s f_await  aqu-sz  %util
nvme0n1       5802.00  88524.00     0.00   0.00    0.15    15.26   35.00    172.00     1.00   2.78    0.17     4.91    0.00      0.00     0.00   0.00    0.00     0.00    1.00    2.00    0.89  79.10


10/05/2026 09:48:23 PM
Device            r/s     rkB/s   rrqm/s  %rrqm r_await rareq-sz     w/s     wkB/s   wrqm/s  %wrqm w_await wareq-sz     d/s     dkB/s   drqm/s  %drqm d_await dareq-sz     f/s f_await  aqu-sz  %util
nvme0n1       4353.00 162748.00     3.00   0.07    0.17    37.39    1.00      8.00     1.00  50.00    0.00     8.00    0.00      0.00     0.00   0.00    0.00     0.00    0.00    0.00    0.75  56.80


10/05/2026 09:48:24 PM
Device            r/s     rkB/s   rrqm/s  %rrqm r_await rareq-sz     w/s     wkB/s   wrqm/s  %wrqm w_await wareq-sz     d/s     dkB/s   drqm/s  %drqm d_await dareq-sz     f/s f_await  aqu-sz  %util
nvme0n1       2425.00 293780.00     0.00   0.00    0.24   121.15    3.00     12.00     0.00   0.00   29.67     4.00    0.00      0.00     0.00   0.00    0.00     0.00    0.00    0.00    0.67  23.30


10/05/2026 09:48:25 PM
Device            r/s     rkB/s   rrqm/s  %rrqm r_await rareq-sz     w/s     wkB/s   wrqm/s  %wrqm w_await wareq-sz     d/s     dkB/s   drqm/s  %drqm d_await dareq-sz     f/s f_await  aqu-sz  %util
nvme0n1       3767.00 467104.00     0.00   0.00    0.24   124.00    0.00      0.00     0.00   0.00    0.00     0.00    0.00      0.00     0.00   0.00    0.00     0.00    0.00    0.00    0.89  32.50


10/05/2026 09:48:26 PM
Device            r/s     rkB/s   rrqm/s  %rrqm r_await rareq-sz     w/s     wkB/s   wrqm/s  %wrqm w_await wareq-sz     d/s     dkB/s   drqm/s  %drqm d_await dareq-sz     f/s f_await  aqu-sz  %util
nvme0n1       3535.00 437512.00     0.00   0.00    0.23   123.77    1.00     28.00     6.00  85.71    0.00    28.00    0.00      0.00     0.00   0.00    0.00     0.00    0.00    0.00    0.81  27.80


10/05/2026 09:48:27 PM
Device            r/s     rkB/s   rrqm/s  %rrqm r_await rareq-sz     w/s     wkB/s   wrqm/s  %wrqm w_await wareq-sz     d/s     dkB/s   drqm/s  %drqm d_await dareq-sz     f/s f_await  aqu-sz  %util
nvme0n1       2262.00 281600.00     0.00   0.00    0.25   124.49   10.00     36.00     0.00   0.00    0.30     3.60    0.00      0.00     0.00   0.00    0.00     0.00    1.00    1.00    0.56  21.60


10/05/2026 09:48:28 PM
Device            r/s     rkB/s   rrqm/s  %rrqm r_await rareq-sz     w/s     wkB/s   wrqm/s  %wrqm w_await wareq-sz     d/s     dkB/s   drqm/s  %drqm d_await dareq-sz     f/s f_await  aqu-sz  %util
nvme0n1       6000.00  75124.00     0.00   0.00    0.15    12.52    1.00      4.00     0.00   0.00    0.00     4.00    0.00      0.00     0.00   0.00    0.00     0.00    0.00    0.00    0.91  81.90


10/05/2026 09:48:29 PM
Device            r/s     rkB/s   rrqm/s  %rrqm r_await rareq-sz     w/s     wkB/s   wrqm/s  %wrqm w_await wareq-sz     d/s     dkB/s   drqm/s  %drqm d_await dareq-sz     f/s f_await  aqu-sz  %util
nvme0n1       3625.00 106096.00     5.00   0.14    0.17    29.27    1.00      4.00     0.00   0.00    0.00     4.00    0.00      0.00     0.00   0.00    0.00     0.00    0.00    0.00    0.62  49.20


10/05/2026 09:48:30 PM
Device            r/s     rkB/s   rrqm/s  %rrqm r_await rareq-sz     w/s     wkB/s   wrqm/s  %wrqm w_await wareq-sz     d/s     dkB/s   drqm/s  %drqm d_await dareq-sz     f/s f_await  aqu-sz  %util
nvme0n1       3138.00 305376.00    60.00   1.88    0.18    97.32    1.00      4.00     0.00   0.00    0.00     4.00    0.00      0.00     0.00   0.00    0.00     0.00    0.00    0.00    0.57  23.70


10/05/2026 09:48:31 PM
Device            r/s     rkB/s   rrqm/s  %rrqm r_await rareq-sz     w/s     wkB/s   wrqm/s  %wrqm w_await wareq-sz     d/s     dkB/s   drqm/s  %drqm d_await dareq-sz     f/s f_await  aqu-sz  %util
nvme0n1       2929.00 359512.00     0.00   0.00    0.24   122.74    1.00     48.00    11.00  91.67    0.00    48.00    0.00      0.00     0.00   0.00    0.00     0.00    0.00    0.00    0.71  27.10


10/05/2026 09:48:32 PM
Device            r/s     rkB/s   rrqm/s  %rrqm r_await rareq-sz     w/s     wkB/s   wrqm/s  %wrqm w_await wareq-sz     d/s     dkB/s   drqm/s  %drqm d_await dareq-sz     f/s f_await  aqu-sz  %util
nvme0n1       2775.00 345768.00     0.00   0.00    0.26   124.60   25.00   2804.00   677.00  96.44    3.28   112.16    0.00      0.00     0.00   0.00    0.00     0.00    1.00    1.00    0.80  26.60


10/05/2026 09:48:33 PM
Device            r/s     rkB/s   rrqm/s  %rrqm r_await rareq-sz     w/s     wkB/s   wrqm/s  %wrqm w_await wareq-sz     d/s     dkB/s   drqm/s  %drqm d_await dareq-sz     f/s f_await  aqu-sz  %util
nvme0n1       3828.00  92684.00     0.00   0.00    0.17    24.21    1.00      4.00     0.00   0.00    0.00     4.00    0.00      0.00     0.00   0.00    0.00     0.00    0.00    0.00    0.65  53.70


10/05/2026 09:48:34 PM
Device            r/s     rkB/s   rrqm/s  %rrqm r_await rareq-sz     w/s     wkB/s   wrqm/s  %wrqm w_await wareq-sz     d/s     dkB/s   drqm/s  %drqm d_await dareq-sz     f/s f_await  aqu-sz  %util
nvme0n1       5419.00  42724.00     0.00   0.00    0.15     7.88    0.00      0.00     0.00   0.00    0.00     0.00    0.00      0.00     0.00   0.00    0.00     0.00    0.00    0.00    0.82  78.10


10/05/2026 09:48:35 PM
Device            r/s     rkB/s   rrqm/s  %rrqm r_await rareq-sz     w/s     wkB/s   wrqm/s  %wrqm w_await wareq-sz     d/s     dkB/s   drqm/s  %drqm d_await dareq-sz     f/s f_await  aqu-sz  %util
nvme0n1       1212.00 137624.00     8.00   0.66    0.30   113.55   97.00    512.00     3.00   3.00    0.04     5.28    0.00      0.00     0.00   0.00    0.00     0.00    0.00    0.00    0.37  15.60


10/05/2026 09:48:36 PM
Device            r/s     rkB/s   rrqm/s  %rrqm r_await rareq-sz     w/s     wkB/s   wrqm/s  %wrqm w_await wareq-sz     d/s     dkB/s   drqm/s  %drqm d_await dareq-sz     f/s f_await  aqu-sz  %util
nvme0n1       2819.00 350480.00     0.00   0.00    0.25   124.33    2.00      8.00     7.00  77.78   34.50     4.00    0.00      0.00     0.00   0.00    0.00     0.00    0.00    0.00    0.76  23.10


10/05/2026 09:48:37 PM
Device            r/s     rkB/s   rrqm/s  %rrqm r_await rareq-sz     w/s     wkB/s   wrqm/s  %wrqm w_await wareq-sz     d/s     dkB/s   drqm/s  %drqm d_await dareq-sz     f/s f_await  aqu-sz  %util
nvme0n1       1952.00 242616.00     0.00   0.00    0.26   124.29   16.00     88.00     0.00   0.00    0.88     5.50    0.00      0.00     0.00   0.00    0.00     0.00    1.00    2.00    0.52  21.40


10/05/2026 09:48:38 PM
Device            r/s     rkB/s   rrqm/s  %rrqm r_await rareq-sz     w/s     wkB/s   wrqm/s  %wrqm w_await wareq-sz     d/s     dkB/s   drqm/s  %drqm d_await dareq-sz     f/s f_await  aqu-sz  %util
nvme0n1       2883.00  81964.00     1.00   0.03    0.18    28.43    0.00      0.00     0.00   0.00    0.00     0.00    0.00      0.00     0.00   0.00    0.00     0.00    0.00    0.00    0.52  40.50


10/05/2026 09:48:39 PM
Device            r/s     rkB/s   rrqm/s  %rrqm r_await rareq-sz     w/s     wkB/s   wrqm/s  %wrqm w_await wareq-sz     d/s     dkB/s   drqm/s  %drqm d_await dareq-sz     f/s f_await  aqu-sz  %util
nvme0n1       6208.00  35780.00     0.00   0.00    0.15     5.76    1.00      4.00     0.00   0.00    0.00     4.00    0.00      0.00     0.00   0.00    0.00     0.00    0.00    0.00    0.90  88.70


10/05/2026 09:48:40 PM
Device            r/s     rkB/s   rrqm/s  %rrqm r_await rareq-sz     w/s     wkB/s   wrqm/s  %wrqm w_await wareq-sz     d/s     dkB/s   drqm/s  %drqm d_await dareq-sz     f/s f_await  aqu-sz  %util
nvme0n1        761.00  91396.00     1.00   0.13    0.32   120.10    0.00      0.00     0.00   0.00    0.00     0.00    0.00      0.00     0.00   0.00    0.00     0.00    0.00    0.00    0.24  10.50


10/05/2026 09:48:41 PM
Device            r/s     rkB/s   rrqm/s  %rrqm r_await rareq-sz     w/s     wkB/s   wrqm/s  %wrqm w_await wareq-sz     d/s     dkB/s   drqm/s  %drqm d_await dareq-sz     f/s f_await  aqu-sz  %util
nvme0n1       1741.00 213516.00     0.00   0.00    0.26   122.64   10.00     48.00     2.00  16.67   23.40     4.80    0.00      0.00     0.00   0.00    0.00     0.00    0.00    0.00    0.69  17.50


10/05/2026 09:48:42 PM
Device            r/s     rkB/s   rrqm/s  %rrqm r_await rareq-sz     w/s     wkB/s   wrqm/s  %wrqm w_await wareq-sz     d/s     dkB/s   drqm/s  %drqm d_await dareq-sz     f/s f_await  aqu-sz  %util
nvme0n1       1475.00 182552.00     0.00   0.00    0.29   123.76    2.00      4.00     0.00   0.00    1.00     2.00    0.00      0.00     0.00   0.00    0.00     0.00    1.00    1.00    0.44  16.50


10/05/2026 09:48:43 PM
Device            r/s     rkB/s   rrqm/s  %rrqm r_await rareq-sz     w/s     wkB/s   wrqm/s  %wrqm w_await wareq-sz     d/s     dkB/s   drqm/s  %drqm d_await dareq-sz     f/s f_await  aqu-sz  %util
nvme0n1       2104.00 209052.00     0.00   0.00    0.22    99.36   31.00    132.00     2.00   6.06   14.61     4.26    0.00      0.00     0.00   0.00    0.00     0.00    0.00    0.00    0.92  21.80


10/05/2026 09:48:44 PM
Device            r/s     rkB/s   rrqm/s  %rrqm r_await rareq-sz     w/s     wkB/s   wrqm/s  %wrqm w_await wareq-sz     d/s     dkB/s   drqm/s  %drqm d_await dareq-sz     f/s f_await  aqu-sz  %util
nvme0n1       6494.00  25976.00     0.00   0.00    0.14     4.00    0.00      0.00     0.00   0.00    0.00     0.00    0.00      0.00     0.00   0.00    0.00     0.00    0.00    0.00    0.93  92.90


10/05/2026 09:48:45 PM
Device            r/s     rkB/s   rrqm/s  %rrqm r_await rareq-sz     w/s     wkB/s   wrqm/s  %wrqm w_await wareq-sz     d/s     dkB/s   drqm/s  %drqm d_await dareq-sz     f/s f_await  aqu-sz  %util
nvme0n1       1961.00  56572.00    31.00   1.56    0.20    28.85    0.00      0.00     0.00   0.00    0.00     0.00    0.00      0.00     0.00   0.00    0.00     0.00    0.00    0.00    0.40  29.20


10/05/2026 09:48:46 PM
Device            r/s     rkB/s   rrqm/s  %rrqm r_await rareq-sz     w/s     wkB/s   wrqm/s  %wrqm w_await wareq-sz     d/s     dkB/s   drqm/s  %drqm d_await dareq-sz     f/s f_await  aqu-sz  %util
nvme0n1       1476.00 180020.00     0.00   0.00    0.27   121.96    7.00     36.00     2.00  22.22   21.57     5.14    0.00      0.00     0.00   0.00    0.00     0.00    0.00    0.00    0.56  17.20


10/05/2026 09:48:47 PM
Device            r/s     rkB/s   rrqm/s  %rrqm r_await rareq-sz     w/s     wkB/s   wrqm/s  %wrqm w_await wareq-sz     d/s     dkB/s   drqm/s  %drqm d_await dareq-sz     f/s f_await  aqu-sz  %util
nvme0n1       1747.00 204232.00     1.00   0.06    0.25   116.90   41.00    168.00     2.00   4.65    4.95     4.10    0.00      0.00     0.00   0.00    0.00     0.00    1.00    1.00    0.65  16.00


10/05/2026 09:48:48 PM
Device            r/s     rkB/s   rrqm/s  %rrqm r_await rareq-sz     w/s     wkB/s   wrqm/s  %wrqm w_await wareq-sz     d/s     dkB/s   drqm/s  %drqm d_await dareq-sz     f/s f_await  aqu-sz  %util
nvme0n1       1726.00 147768.00     0.00   0.00    0.24    85.61    0.00      0.00     0.00   0.00    0.00     0.00    0.00      0.00     0.00   0.00    0.00     0.00    0.00    0.00    0.42  22.00


10/05/2026 09:48:49 PM
Device            r/s     rkB/s   rrqm/s  %rrqm r_await rareq-sz     w/s     wkB/s   wrqm/s  %wrqm w_await wareq-sz     d/s     dkB/s   drqm/s  %drqm d_await dareq-sz     f/s f_await  aqu-sz  %util
nvme0n1       6286.00  25144.00     0.00   0.00    0.14     4.00    0.00      0.00     0.00   0.00    0.00     0.00    0.00      0.00     0.00   0.00    0.00     0.00    0.00    0.00    0.91  92.10


10/05/2026 09:48:50 PM
Device            r/s     rkB/s   rrqm/s  %rrqm r_await rareq-sz     w/s     wkB/s   wrqm/s  %wrqm w_await wareq-sz     d/s     dkB/s   drqm/s  %drqm d_await dareq-sz     f/s f_await  aqu-sz  %util
nvme0n1       1808.00  36268.00     0.00   0.00    0.19    20.06   30.00    124.00     1.00   3.23   17.37     4.13    0.00      0.00     0.00   0.00    0.00     0.00    0.00    0.00    0.86  30.50


10/05/2026 09:48:51 PM
Device            r/s     rkB/s   rrqm/s  %rrqm r_await rareq-sz     w/s     wkB/s   wrqm/s  %wrqm w_await wareq-sz     d/s     dkB/s   drqm/s  %drqm d_await dareq-sz     f/s f_await  aqu-sz  %util
nvme0n1       1302.00 157460.00     3.00   0.23    0.28   120.94    0.00      0.00     0.00   0.00    0.00     0.00    0.00      0.00     0.00   0.00    0.00     0.00    0.00    0.00    0.36  13.50


10/05/2026 09:48:52 PM
Device            r/s     rkB/s   rrqm/s  %rrqm r_await rareq-sz     w/s     wkB/s   wrqm/s  %wrqm w_await wareq-sz     d/s     dkB/s   drqm/s  %drqm d_await dareq-sz     f/s f_await  aqu-sz  %util
nvme0n1       1250.00 155644.00     0.00   0.00    0.27   124.52   35.00    168.00     7.00  16.67    0.11     4.80    0.00      0.00     0.00   0.00    0.00     0.00    1.00    0.00    0.34  13.30


10/05/2026 09:48:53 PM
Device            r/s     rkB/s   rrqm/s  %rrqm r_await rareq-sz     w/s     wkB/s   wrqm/s  %wrqm w_await wareq-sz     d/s     dkB/s   drqm/s  %drqm d_await dareq-sz     f/s f_await  aqu-sz  %util
nvme0n1       2595.00 118384.00     0.00   0.00    0.19    45.62    1.00      8.00     1.00  50.00    1.00     8.00    0.00      0.00     0.00   0.00    0.00     0.00    0.00    0.00    0.50  35.60


10/05/2026 09:48:54 PM
Device            r/s     rkB/s   rrqm/s  %rrqm r_await rareq-sz     w/s     wkB/s   wrqm/s  %wrqm w_await wareq-sz     d/s     dkB/s   drqm/s  %drqm d_await dareq-sz     f/s f_await  aqu-sz  %util
nvme0n1       3190.00  12760.00     0.00   0.00    0.27     4.00    0.00      0.00     0.00   0.00    0.00     0.00    0.00      0.00     0.00   0.00    0.00     0.00    0.00    0.00    0.86  86.30


10/05/2026 09:48:55 PM
Device            r/s     rkB/s   rrqm/s  %rrqm r_await rareq-sz     w/s     wkB/s   wrqm/s  %wrqm w_await wareq-sz     d/s     dkB/s   drqm/s  %drqm d_await dareq-sz     f/s f_await  aqu-sz  %util
nvme0n1       3454.00  14372.00     0.00   0.00    0.23     4.16    0.00      0.00     0.00   0.00    0.00     0.00    0.00      0.00     0.00   0.00    0.00     0.00    0.00    0.00    0.80  78.90


10/05/2026 09:48:56 PM
Device            r/s     rkB/s   rrqm/s  %rrqm r_await rareq-sz     w/s     wkB/s   wrqm/s  %wrqm w_await wareq-sz     d/s     dkB/s   drqm/s  %drqm d_await dareq-sz     f/s f_await  aqu-sz  %util
nvme0n1        503.00  60684.00     0.00   0.00    0.35   120.64    0.00      0.00     0.00   0.00    0.00     0.00    0.00      0.00     0.00   0.00    0.00     0.00    0.00    0.00    0.18   8.90


10/05/2026 09:48:57 PM
Device            r/s     rkB/s   rrqm/s  %rrqm r_await rareq-sz     w/s     wkB/s   wrqm/s  %wrqm w_await wareq-sz     d/s     dkB/s   drqm/s  %drqm d_await dareq-sz     f/s f_await  aqu-sz  %util
nvme0n1       1412.00 174280.00     0.00   0.00    0.29   123.43    6.00     28.00     5.00  45.45    0.00     4.67    0.00      0.00     0.00   0.00    0.00     0.00    0.00    0.00    0.41  16.50


10/05/2026 09:48:58 PM
Device            r/s     rkB/s   rrqm/s  %rrqm r_await rareq-sz     w/s     wkB/s   wrqm/s  %wrqm w_await wareq-sz     d/s     dkB/s   drqm/s  %drqm d_await dareq-sz     f/s f_await  aqu-sz  %util
nvme0n1       1059.00 130768.00     0.00   0.00    0.30   123.48    4.00     28.00     0.00   0.00    0.75     7.00    0.00      0.00     0.00   0.00    0.00     0.00    1.00    2.00    0.32  13.00


10/05/2026 09:48:59 PM
Device            r/s     rkB/s   rrqm/s  %rrqm r_await rareq-sz     w/s     wkB/s   wrqm/s  %wrqm w_await wareq-sz     d/s     dkB/s   drqm/s  %drqm d_await dareq-sz     f/s f_await  aqu-sz  %util
nvme0n1        677.00  55624.00   149.00  18.04    0.28    82.16    1.00      4.00     0.00   0.00    0.00     4.00    0.00      0.00     0.00   0.00    0.00     0.00    0.00    0.00    0.19   9.20


10/05/2026 09:49:00 PM
Device            r/s     rkB/s   rrqm/s  %rrqm r_await rareq-sz     w/s     wkB/s   wrqm/s  %wrqm w_await wareq-sz     d/s     dkB/s   drqm/s  %drqm d_await dareq-sz     f/s f_await  aqu-sz  %util
nvme0n1        345.00   5364.00     0.00   0.00    0.16    15.55    0.00      0.00     0.00   0.00    0.00     0.00    0.00      0.00     0.00   0.00    0.00     0.00    0.00    0.00    0.06   5.40


10/05/2026 09:49:01 PM
Device            r/s     rkB/s   rrqm/s  %rrqm r_await rareq-sz     w/s     wkB/s   wrqm/s  %wrqm w_await wareq-sz     d/s     dkB/s   drqm/s  %drqm d_await dareq-sz     f/s f_await  aqu-sz  %util
nvme0n1        356.00  11916.00     0.00   0.00    0.21    33.47    0.00      0.00     0.00   0.00    0.00     0.00    0.00      0.00     0.00   0.00    0.00     0.00    0.00    0.00    0.07   4.80


10/05/2026 09:49:02 PM
Device            r/s     rkB/s   rrqm/s  %rrqm r_await rareq-sz     w/s     wkB/s   wrqm/s  %wrqm w_await wareq-sz     d/s     dkB/s   drqm/s  %drqm d_await dareq-sz     f/s f_await  aqu-sz  %util
nvme0n1        333.00  10276.00     0.00   0.00    0.21    30.86    0.00      0.00     8.00 100.00    0.00     0.00    0.00      0.00     0.00   0.00    0.00     0.00    0.00    0.00    0.07   4.20


10/05/2026 09:49:03 PM
Device            r/s     rkB/s   rrqm/s  %rrqm r_await rareq-sz     w/s     wkB/s   wrqm/s  %wrqm w_await wareq-sz     d/s     dkB/s   drqm/s  %drqm d_await dareq-sz     f/s f_await  aqu-sz  %util
nvme0n1        344.00  10488.00     0.00   0.00    0.22    30.49   12.00     76.00     0.00   0.00    1.08     6.33    0.00      0.00     0.00   0.00    0.00     0.00    1.00    2.00    0.09   5.50


10/05/2026 09:49:04 PM
Device            r/s     rkB/s   rrqm/s  %rrqm r_await rareq-sz     w/s     wkB/s   wrqm/s  %wrqm w_await wareq-sz     d/s     dkB/s   drqm/s  %drqm d_await dareq-sz     f/s f_await  aqu-sz  %util
nvme0n1        203.00   1904.00     0.00   0.00    0.22     9.38    1.00      4.00     0.00   0.00    1.00     4.00    0.00      0.00     0.00   0.00    0.00     0.00    0.00    0.00    0.04   4.00


10/05/2026 09:49:05 PM
Device            r/s     rkB/s   rrqm/s  %rrqm r_await rareq-sz     w/s     wkB/s   wrqm/s  %wrqm w_await wareq-sz     d/s     dkB/s   drqm/s  %drqm d_await dareq-sz     f/s f_await  aqu-sz  %util
nvme0n1        291.00   7212.00     0.00   0.00    0.24    24.78    1.00      8.00     1.00  50.00    0.00     8.00    0.00      0.00     0.00   0.00    0.00     0.00    0.00    0.00    0.07   4.20


10/05/2026 09:49:06 PM
Device            r/s     rkB/s   rrqm/s  %rrqm r_await rareq-sz     w/s     wkB/s   wrqm/s  %wrqm w_await wareq-sz     d/s     dkB/s   drqm/s  %drqm d_await dareq-sz     f/s f_await  aqu-sz  %util
nvme0n1        262.00   6952.00     0.00   0.00    0.23    26.53   92.00    496.00     3.00   3.16    0.11     5.39    0.00      0.00     0.00   0.00    0.00     0.00    0.00    0.00    0.07   4.00


10/05/2026 09:49:07 PM
Device            r/s     rkB/s   rrqm/s  %rrqm r_await rareq-sz     w/s     wkB/s   wrqm/s  %wrqm w_await wareq-sz     d/s     dkB/s   drqm/s  %drqm d_await dareq-sz     f/s f_await  aqu-sz  %util
nvme0n1        459.00  18192.00     0.00   0.00    0.25    39.63    0.00      0.00     0.00   0.00    0.00     0.00    0.00      0.00     0.00   0.00    0.00     0.00    0.00    0.00    0.12   5.50


10/05/2026 09:49:08 PM
Device            r/s     rkB/s   rrqm/s  %rrqm r_await rareq-sz     w/s     wkB/s   wrqm/s  %wrqm w_await wareq-sz     d/s     dkB/s   drqm/s  %drqm d_await dareq-sz     f/s f_await  aqu-sz  %util
nvme0n1        250.00   4612.00     0.00   0.00    0.21    18.45    3.00     44.00     9.00  75.00    1.33    14.67    0.00      0.00     0.00   0.00    0.00     0.00    1.00    2.00    0.06   4.60


10/05/2026 09:49:09 PM
Device            r/s     rkB/s   rrqm/s  %rrqm r_await rareq-sz     w/s     wkB/s   wrqm/s  %wrqm w_await wareq-sz     d/s     dkB/s   drqm/s  %drqm d_await dareq-sz     f/s f_await  aqu-sz  %util
nvme0n1        396.00  15480.00     0.00   0.00    0.24    39.09    0.00      0.00     0.00   0.00    0.00     0.00    0.00      0.00     0.00   0.00    0.00     0.00    0.00    0.00    0.10   4.70


10/05/2026 09:49:10 PM
Device            r/s     rkB/s   rrqm/s  %rrqm r_await rareq-sz     w/s     wkB/s   wrqm/s  %wrqm w_await wareq-sz     d/s     dkB/s   drqm/s  %drqm d_await dareq-sz     f/s f_await  aqu-sz  %util
nvme0n1        289.00   5384.00     0.00   0.00    0.21    18.63    1.00      4.00     0.00   0.00    0.00     4.00    0.00      0.00     0.00   0.00    0.00     0.00    0.00    0.00    0.06   4.10


10/05/2026 09:49:11 PM
Device            r/s     rkB/s   rrqm/s  %rrqm r_await rareq-sz     w/s     wkB/s   wrqm/s  %wrqm w_await wareq-sz     d/s     dkB/s   drqm/s  %drqm d_await dareq-sz     f/s f_await  aqu-sz  %util
nvme0n1        380.00  16520.00     0.00   0.00    0.26    43.47    1.00      4.00     0.00   0.00    0.00     4.00    0.00      0.00     0.00   0.00    0.00     0.00    0.00    0.00    0.10   5.10


10/05/2026 09:49:12 PM
Device            r/s     rkB/s   rrqm/s  %rrqm r_await rareq-sz     w/s     wkB/s   wrqm/s  %wrqm w_await wareq-sz     d/s     dkB/s   drqm/s  %drqm d_await dareq-sz     f/s f_await  aqu-sz  %util
nvme0n1        288.00   8336.00     0.00   0.00    0.23    28.94    0.00      0.00     0.00   0.00    0.00     0.00    0.00      0.00     0.00   0.00    0.00     0.00    0.00    0.00    0.07   4.20


10/05/2026 09:49:13 PM
Device            r/s     rkB/s   rrqm/s  %rrqm r_await rareq-sz     w/s     wkB/s   wrqm/s  %wrqm w_await wareq-sz     d/s     dkB/s   drqm/s  %drqm d_await dareq-sz     f/s f_await  aqu-sz  %util
nvme0n1        324.00   9220.00     0.00   0.00    0.20    28.46    8.00     40.00     2.00  20.00    0.62     5.00    0.00      0.00     0.00   0.00    0.00     0.00    0.00    0.00    0.07   4.10


10/05/2026 09:49:14 PM
Device            r/s     rkB/s   rrqm/s  %rrqm r_await rareq-sz     w/s     wkB/s   wrqm/s  %wrqm w_await wareq-sz     d/s     dkB/s   drqm/s  %drqm d_await dareq-sz     f/s f_await  aqu-sz  %util
nvme0n1        276.00   7284.00     0.00   0.00    0.21    26.39    2.00      4.00     0.00   0.00    1.00     2.00    0.00      0.00     0.00   0.00    0.00     0.00    1.00    1.00    0.06   4.20


10/05/2026 09:49:15 PM
Device            r/s     rkB/s   rrqm/s  %rrqm r_await rareq-sz     w/s     wkB/s   wrqm/s  %wrqm w_await wareq-sz     d/s     dkB/s   drqm/s  %drqm d_await dareq-sz     f/s f_await  aqu-sz  %util
nvme0n1        520.00  19732.00     0.00   0.00    0.23    37.95    0.00      0.00     0.00   0.00    0.00     0.00    0.00      0.00     0.00   0.00    0.00     0.00    0.00    0.00    0.12   5.60


10/05/2026 09:49:16 PM
Device            r/s     rkB/s   rrqm/s  %rrqm r_await rareq-sz     w/s     wkB/s   wrqm/s  %wrqm w_await wareq-sz     d/s     dkB/s   drqm/s  %drqm d_await dareq-sz     f/s f_await  aqu-sz  %util
nvme0n1        455.00  20632.00     0.00   0.00    0.23    45.35    1.00      4.00     0.00   0.00    1.00     4.00    0.00      0.00     0.00   0.00    0.00     0.00    0.00    0.00    0.11   5.30


10/05/2026 09:49:17 PM
Device            r/s     rkB/s   rrqm/s  %rrqm r_await rareq-sz     w/s     wkB/s   wrqm/s  %wrqm w_await wareq-sz     d/s     dkB/s   drqm/s  %drqm d_await dareq-sz     f/s f_await  aqu-sz  %util
nvme0n1       5200.00  22944.00   167.00   3.11    0.06     4.41    1.00      8.00     1.00  50.00    0.00     8.00    0.00      0.00     0.00   0.00    0.00     0.00    0.00    0.00    0.34  28.60


10/05/2026 09:49:18 PM
Device            r/s     rkB/s   rrqm/s  %rrqm r_await rareq-sz     w/s     wkB/s   wrqm/s  %wrqm w_await wareq-sz     d/s     dkB/s   drqm/s  %drqm d_await dareq-sz     f/s f_await  aqu-sz  %util
nvme0n1        422.00   9848.00     4.00   0.94    0.19    23.34    0.00      0.00     0.00   0.00    0.00     0.00    0.00      0.00     0.00   0.00    0.00     0.00    0.00    0.00    0.08   5.00


10/05/2026 09:49:19 PM
Device            r/s     rkB/s   rrqm/s  %rrqm r_await rareq-sz     w/s     wkB/s   wrqm/s  %wrqm w_await wareq-sz     d/s     dkB/s   drqm/s  %drqm d_await dareq-sz     f/s f_await  aqu-sz  %util
nvme0n1        425.00  17968.00     0.00   0.00    0.24    42.28    1.00     32.00     7.00  87.50    1.00    32.00    0.00      0.00     0.00   0.00    0.00     0.00    0.00    0.00    0.10   5.40


10/05/2026 09:49:20 PM
Device            r/s     rkB/s   rrqm/s  %rrqm r_await rareq-sz     w/s     wkB/s   wrqm/s  %wrqm w_await wareq-sz     d/s     dkB/s   drqm/s  %drqm d_await dareq-sz     f/s f_await  aqu-sz  %util
nvme0n1        338.00   8492.00     0.00   0.00    0.22    25.12    2.00      4.00     0.00   0.00    1.00     2.00    0.00      0.00     0.00   0.00    0.00     0.00    1.00    1.00    0.08   4.20


10/05/2026 09:49:21 PM
Device            r/s     rkB/s   rrqm/s  %rrqm r_await rareq-sz     w/s     wkB/s   wrqm/s  %wrqm w_await wareq-sz     d/s     dkB/s   drqm/s  %drqm d_await dareq-sz     f/s f_await  aqu-sz  %util
nvme0n1        280.00   8404.00     0.00   0.00    0.22    30.01    0.00      0.00     0.00   0.00    0.00     0.00    0.00      0.00     0.00   0.00    0.00     0.00    0.00    0.00    0.06   4.20


10/05/2026 09:49:22 PM
Device            r/s     rkB/s   rrqm/s  %rrqm r_await rareq-sz     w/s     wkB/s   wrqm/s  %wrqm w_await wareq-sz     d/s     dkB/s   drqm/s  %drqm d_await dareq-sz     f/s f_await  aqu-sz  %util
nvme0n1        219.00   3604.00     0.00   0.00    0.21    16.46    1.00      4.00     0.00   0.00    0.00     4.00    0.00      0.00     0.00   0.00    0.00     0.00    0.00    0.00    0.05   3.80


10/05/2026 09:49:23 PM
Device            r/s     rkB/s   rrqm/s  %rrqm r_await rareq-sz     w/s     wkB/s   wrqm/s  %wrqm w_await wareq-sz     d/s     dkB/s   drqm/s  %drqm d_await dareq-sz     f/s f_await  aqu-sz  %util
nvme0n1        261.00   4880.00     0.00   0.00    0.21    18.70   32.00    136.00     1.00   3.03    0.22     4.25    0.00      0.00     0.00   0.00    0.00     0.00    0.00    0.00    0.06   4.10


10/05/2026 09:49:24 PM
Device            r/s     rkB/s   rrqm/s  %rrqm r_await rareq-sz     w/s     wkB/s   wrqm/s  %wrqm w_await wareq-sz     d/s     dkB/s   drqm/s  %drqm d_await dareq-sz     f/s f_await  aqu-sz  %util
nvme0n1        409.00  16592.00     0.00   0.00    0.23    40.57    0.00      0.00     4.00 100.00    0.00     0.00    0.00      0.00     0.00   0.00    0.00     0.00    0.00    0.00    0.09   5.50


10/05/2026 09:49:25 PM
Device            r/s     rkB/s   rrqm/s  %rrqm r_await rareq-sz     w/s     wkB/s   wrqm/s  %wrqm w_await wareq-sz     d/s     dkB/s   drqm/s  %drqm d_await dareq-sz     f/s f_await  aqu-sz  %util
nvme0n1        237.00   5324.00     0.00   0.00    0.25    22.46    9.00     48.00     0.00   0.00    0.89     5.33    0.00      0.00     0.00   0.00    0.00     0.00    1.00    2.00    0.07   3.40


10/05/2026 09:49:26 PM
Device            r/s     rkB/s   rrqm/s  %rrqm r_await rareq-sz     w/s     wkB/s   wrqm/s  %wrqm w_await wareq-sz     d/s     dkB/s   drqm/s  %drqm d_await dareq-sz     f/s f_await  aqu-sz  %util
nvme0n1        262.00   5440.00     0.00   0.00    0.23    20.76    0.00      0.00     0.00   0.00    0.00     0.00    0.00      0.00     0.00   0.00    0.00     0.00    0.00    0.00    0.06   4.40


10/05/2026 09:49:27 PM
Device            r/s     rkB/s   rrqm/s  %rrqm r_await rareq-sz     w/s     wkB/s   wrqm/s  %wrqm w_await wareq-sz     d/s     dkB/s   drqm/s  %drqm d_await dareq-sz     f/s f_await  aqu-sz  %util
nvme0n1        356.00  12732.00     0.00   0.00    0.22    35.76    0.00      0.00     0.00   0.00    0.00     0.00    0.00      0.00     0.00   0.00    0.00     0.00    0.00    0.00    0.08   4.30


10/05/2026 09:49:28 PM
Device            r/s     rkB/s   rrqm/s  %rrqm r_await rareq-sz     w/s     wkB/s   wrqm/s  %wrqm w_await wareq-sz     d/s     dkB/s   drqm/s  %drqm d_await dareq-sz     f/s f_await  aqu-sz  %util
nvme0n1        291.00   6264.00     0.00   0.00    0.23    21.53    0.00      0.00     0.00   0.00    0.00     0.00    0.00      0.00     0.00   0.00    0.00     0.00    0.00    0.00    0.07   4.30


10/05/2026 09:49:29 PM
Device            r/s     rkB/s   rrqm/s  %rrqm r_await rareq-sz     w/s     wkB/s   wrqm/s  %wrqm w_await wareq-sz     d/s     dkB/s   drqm/s  %drqm d_await dareq-sz     f/s f_await  aqu-sz  %util
nvme0n1        342.00  10252.00     0.00   0.00    0.22    29.98    2.00     12.00     6.00  75.00    1.00     6.00    0.00      0.00     0.00   0.00    0.00     0.00    0.00    0.00    0.08   3.90


10/05/2026 09:49:30 PM
Device            r/s     rkB/s   rrqm/s  %rrqm r_await rareq-sz     w/s     wkB/s   wrqm/s  %wrqm w_await wareq-sz     d/s     dkB/s   drqm/s  %drqm d_await dareq-sz     f/s f_await  aqu-sz  %util
nvme0n1        242.00   4884.00     0.00   0.00    0.22    20.18    3.00     28.00     0.00   0.00    1.00     9.33    0.00      0.00     0.00   0.00    0.00     0.00    1.00    2.00    0.06   4.60


10/05/2026 09:49:31 PM
Device            r/s     rkB/s   rrqm/s  %rrqm r_await rareq-sz     w/s     wkB/s   wrqm/s  %wrqm w_await wareq-sz     d/s     dkB/s   drqm/s  %drqm d_await dareq-sz     f/s f_await  aqu-sz  %util
nvme0n1       1029.00  27544.00    88.00   7.88    0.12    26.77    7.00     20.00     0.00   0.00    0.29     2.86    0.00      0.00     0.00   0.00    0.00     0.00    2.00    0.50    0.12   8.80


10/05/2026 09:49:32 PM
Device            r/s     rkB/s   rrqm/s  %rrqm r_await rareq-sz     w/s     wkB/s   wrqm/s  %wrqm w_await wareq-sz     d/s     dkB/s   drqm/s  %drqm d_await dareq-sz     f/s f_await  aqu-sz  %util
nvme0n1        571.00  23576.00     1.00   0.17    0.22    41.29    0.00      0.00     0.00   0.00    0.00     0.00    0.00      0.00     0.00   0.00    0.00     0.00    0.00    0.00    0.13   5.20


10/05/2026 09:49:33 PM
Device            r/s     rkB/s   rrqm/s  %rrqm r_await rareq-sz     w/s     wkB/s   wrqm/s  %wrqm w_await wareq-sz     d/s     dkB/s   drqm/s  %drqm d_await dareq-sz     f/s f_await  aqu-sz  %util
nvme0n1       4762.00  39228.00  4850.00  50.46    0.05     8.24    0.00      0.00     0.00   0.00    0.00     0.00    0.00      0.00     0.00   0.00    0.00     0.00    0.00    0.00    0.25  23.30


10/05/2026 09:49:34 PM
Device            r/s     rkB/s   rrqm/s  %rrqm r_await rareq-sz     w/s     wkB/s   wrqm/s  %wrqm w_await wareq-sz     d/s     dkB/s   drqm/s  %drqm d_await dareq-sz     f/s f_await  aqu-sz  %util
nvme0n1       3460.00 199120.00  6388.00  64.87    0.12    57.55    0.00      0.00    13.00 100.00    0.00     0.00    0.00      0.00     0.00   0.00    0.00     0.00    0.00    0.00    0.43  33.50


10/05/2026 09:49:35 PM
Device            r/s     rkB/s   rrqm/s  %rrqm r_await rareq-sz     w/s     wkB/s   wrqm/s  %wrqm w_await wareq-sz     d/s     dkB/s   drqm/s  %drqm d_await dareq-sz     f/s f_await  aqu-sz  %util
nvme0n1          0.00      0.00     0.00   0.00    0.00     0.00    5.00     72.00     1.00  16.67    2.20    14.40    0.00      0.00     0.00   0.00    0.00     0.00    1.00    2.00    0.01   0.80


10/05/2026 09:49:36 PM
Device            r/s     rkB/s   rrqm/s  %rrqm r_await rareq-sz     w/s     wkB/s   wrqm/s  %wrqm w_await wareq-sz     d/s     dkB/s   drqm/s  %drqm d_await dareq-sz     f/s f_await  aqu-sz  %util
nvme0n1        189.00   1176.00    36.00  16.00    0.16     6.22   95.00    504.00     2.00   2.06    0.39     5.31    0.00      0.00     0.00   0.00    0.00     0.00    0.00    0.00    0.07   2.00


10/05/2026 09:49:37 PM
Device            r/s     rkB/s   rrqm/s  %rrqm r_await rareq-sz     w/s     wkB/s   wrqm/s  %wrqm w_await wareq-sz     d/s     dkB/s   drqm/s  %drqm d_await dareq-sz     f/s f_await  aqu-sz  %util
nvme0n1        835.00  69344.00     1.00   0.12    0.12    83.05    0.00      0.00     0.00   0.00    0.00     0.00    0.00      0.00     0.00   0.00    0.00     0.00    0.00    0.00    0.10   7.00


10/05/2026 09:49:38 PM
Device            r/s     rkB/s   rrqm/s  %rrqm r_await rareq-sz     w/s     wkB/s   wrqm/s  %wrqm w_await wareq-sz     d/s     dkB/s   drqm/s  %drqm d_await dareq-sz     f/s f_await  aqu-sz  %util
nvme0n1        276.00  26476.00     0.00   0.00    0.21    95.93    0.00      0.00     0.00   0.00    0.00     0.00    0.00      0.00     0.00   0.00    0.00     0.00    0.00    0.00    0.06   5.30


10/05/2026 09:49:39 PM
Device            r/s     rkB/s   rrqm/s  %rrqm r_await rareq-sz     w/s     wkB/s   wrqm/s  %wrqm w_await wareq-sz     d/s     dkB/s   drqm/s  %drqm d_await dareq-sz     f/s f_await  aqu-sz  %util
nvme0n1       3867.33 478166.34     0.00   0.00    0.25   123.64    0.00      0.00     0.00   0.00    0.00     0.00    0.00      0.00     0.00   0.00    0.00     0.00    0.00    0.00    0.97  27.03


10/05/2026 09:49:40 PM
Device            r/s     rkB/s   rrqm/s  %rrqm r_await rareq-sz     w/s     wkB/s   wrqm/s  %wrqm w_await wareq-sz     d/s     dkB/s   drqm/s  %drqm d_await dareq-sz     f/s f_await  aqu-sz  %util
nvme0n1       9123.00 1118528.00     0.00   0.00    0.21   122.61   36.00    260.00    29.00  44.62    0.11     7.22    0.00      0.00     0.00   0.00    0.00     0.00    1.00    1.00    1.91  52.90


10/05/2026 09:49:41 PM
Device            r/s     rkB/s   rrqm/s  %rrqm r_await rareq-sz     w/s     wkB/s   wrqm/s  %wrqm w_await wareq-sz     d/s     dkB/s   drqm/s  %drqm d_await dareq-sz     f/s f_await  aqu-sz  %util
nvme0n1       8156.00 1003048.00     0.00   0.00    0.21   122.98    2.00      8.00     0.00   0.00   18.50     4.00    0.00      0.00     0.00   0.00    0.00     0.00    0.00    0.00    1.78  56.10


10/05/2026 09:49:42 PM
Device            r/s     rkB/s   rrqm/s  %rrqm r_await rareq-sz     w/s     wkB/s   wrqm/s  %wrqm w_await wareq-sz     d/s     dkB/s   drqm/s  %drqm d_await dareq-sz     f/s f_await  aqu-sz  %util
nvme0n1       9652.00 1192212.00     0.00   0.00    0.21   123.52    4.00     24.00     2.00  33.33   16.25     6.00    0.00      0.00     0.00   0.00    0.00     0.00    0.00    0.00    2.10  56.20


10/05/2026 09:49:43 PM
Device            r/s     rkB/s   rrqm/s  %rrqm r_await rareq-sz     w/s     wkB/s   wrqm/s  %wrqm w_await wareq-sz     d/s     dkB/s   drqm/s  %drqm d_await dareq-sz     f/s f_await  aqu-sz  %util
nvme0n1       9939.00 1240748.00     0.00   0.00    0.22   124.84    0.00      0.00     0.00   0.00    0.00     0.00    0.00      0.00     0.00   0.00    0.00     0.00    0.00    0.00    2.17  57.00


10/05/2026 09:49:44 PM
Device            r/s     rkB/s   rrqm/s  %rrqm r_await rareq-sz     w/s     wkB/s   wrqm/s  %wrqm w_await wareq-sz     d/s     dkB/s   drqm/s  %drqm d_await dareq-sz     f/s f_await  aqu-sz  %util
nvme0n1       9970.00 1239284.00     0.00   0.00    0.21   124.30    0.00      0.00     0.00   0.00    0.00     0.00    0.00      0.00     0.00   0.00    0.00     0.00    0.00    0.00    2.06  55.60


10/05/2026 09:49:45 PM
Device            r/s     rkB/s   rrqm/s  %rrqm r_await rareq-sz     w/s     wkB/s   wrqm/s  %wrqm w_await wareq-sz     d/s     dkB/s   drqm/s  %drqm d_await dareq-sz     f/s f_await  aqu-sz  %util
nvme0n1       9360.00 1158716.00     0.00   0.00    0.21   123.79   22.00    116.00     7.00  24.14    1.95     5.27    0.00      0.00     0.00   0.00    0.00     0.00    0.00    0.00    2.01  57.50


10/05/2026 09:49:46 PM
Device            r/s     rkB/s   rrqm/s  %rrqm r_await rareq-sz     w/s     wkB/s   wrqm/s  %wrqm w_await wareq-sz     d/s     dkB/s   drqm/s  %drqm d_await dareq-sz     f/s f_await  aqu-sz  %util
nvme0n1       10793.00 1351256.00     0.00   0.00    0.20   125.20    3.00     12.00     1.00  25.00    1.00     4.00    0.00      0.00     0.00   0.00    0.00     0.00    1.00    1.00    2.21  58.90


10/05/2026 09:49:47 PM
Device            r/s     rkB/s   rrqm/s  %rrqm r_await rareq-sz     w/s     wkB/s   wrqm/s  %wrqm w_await wareq-sz     d/s     dkB/s   drqm/s  %drqm d_await dareq-sz     f/s f_await  aqu-sz  %util
nvme0n1       10307.00 1294960.00     0.00   0.00    0.21   125.64    0.00      0.00     0.00   0.00    0.00     0.00    0.00      0.00     0.00   0.00    0.00     0.00    0.00    0.00    2.16  57.90


10/05/2026 09:49:48 PM
Device            r/s     rkB/s   rrqm/s  %rrqm r_await rareq-sz     w/s     wkB/s   wrqm/s  %wrqm w_await wareq-sz     d/s     dkB/s   drqm/s  %drqm d_await dareq-sz     f/s f_await  aqu-sz  %util
nvme0n1       10139.00 1264464.00     0.00   0.00    0.20   124.71    0.00      0.00     0.00   0.00    0.00     0.00    0.00      0.00     0.00   0.00    0.00     0.00    0.00    0.00    2.01  53.60


10/05/2026 09:49:49 PM
Device            r/s     rkB/s   rrqm/s  %rrqm r_await rareq-sz     w/s     wkB/s   wrqm/s  %wrqm w_await wareq-sz     d/s     dkB/s   drqm/s  %drqm d_await dareq-sz     f/s f_await  aqu-sz  %util
nvme0n1       9589.00 1192836.00     0.00   0.00    0.20   124.40    0.00      0.00     0.00   0.00    0.00     0.00    0.00      0.00     0.00   0.00    0.00     0.00    0.00    0.00    1.91  62.70


10/05/2026 09:49:50 PM
Device            r/s     rkB/s   rrqm/s  %rrqm r_await rareq-sz     w/s     wkB/s   wrqm/s  %wrqm w_await wareq-sz     d/s     dkB/s   drqm/s  %drqm d_await dareq-sz     f/s f_await  aqu-sz  %util
nvme0n1       11069.00 1385192.00     0.00   0.00    0.20   125.14    2.00      8.00     0.00   0.00    8.00     4.00    0.00      0.00     0.00   0.00    0.00     0.00    0.00    0.00    2.20  55.60


10/05/2026 09:49:51 PM
Device            r/s     rkB/s   rrqm/s  %rrqm r_await rareq-sz     w/s     wkB/s   wrqm/s  %wrqm w_await wareq-sz     d/s     dkB/s   drqm/s  %drqm d_await dareq-sz     f/s f_await  aqu-sz  %util
nvme0n1       11524.00 1453912.00     0.00   0.00    0.21   126.16    0.00      0.00     7.00 100.00    0.00     0.00    0.00      0.00     0.00   0.00    0.00     0.00    0.00    0.00    2.40  55.20


10/05/2026 09:49:52 PM
Device            r/s     rkB/s   rrqm/s  %rrqm r_await rareq-sz     w/s     wkB/s   wrqm/s  %wrqm w_await wareq-sz     d/s     dkB/s   drqm/s  %drqm d_await dareq-sz     f/s f_await  aqu-sz  %util
nvme0n1       12567.00 1608452.00     0.00   0.00    0.23   127.99  375.00  33932.00  9032.00  96.01    8.13    90.49    0.00      0.00     0.00   0.00    0.00     0.00    1.00    1.00    5.90  54.00


10/05/2026 09:49:53 PM
Device            r/s     rkB/s   rrqm/s  %rrqm r_await rareq-sz     w/s     wkB/s   wrqm/s  %wrqm w_await wareq-sz     d/s     dkB/s   drqm/s  %drqm d_await dareq-sz     f/s f_await  aqu-sz  %util
nvme0n1       14465.00 1851392.00     0.00   0.00    0.19   127.99 2259.00 176112.00 40838.00  94.76    2.47    77.96    0.00      0.00     0.00   0.00    0.00     0.00    0.00    0.00    8.35  48.30


10/05/2026 09:49:54 PM
Device            r/s     rkB/s   rrqm/s  %rrqm r_await rareq-sz     w/s     wkB/s   wrqm/s  %wrqm w_await wareq-sz     d/s     dkB/s   drqm/s  %drqm d_await dareq-sz     f/s f_await  aqu-sz  %util
nvme0n1       14178.00 1751332.00   345.00   2.38    0.16   123.52  750.00   3156.00    39.00   4.94    4.95     4.21    0.00      0.00     0.00   0.00    0.00     0.00    0.00    0.00    6.04  53.50


10/05/2026 09:49:55 PM
Device            r/s     rkB/s   rrqm/s  %rrqm r_await rareq-sz     w/s     wkB/s   wrqm/s  %wrqm w_await wareq-sz     d/s     dkB/s   drqm/s  %drqm d_await dareq-sz     f/s f_await  aqu-sz  %util
nvme0n1       5337.00 675248.00     1.00   0.02    0.16   126.52  411.00   1660.00     4.00   0.96    4.04     4.04    0.00      0.00     0.00   0.00    0.00     0.00    0.00    0.00    2.54  22.60


10/05/2026 09:49:56 PM
Device            r/s     rkB/s   rrqm/s  %rrqm r_await rareq-sz     w/s     wkB/s   wrqm/s  %wrqm w_await wareq-sz     d/s     dkB/s   drqm/s  %drqm d_await dareq-sz     f/s f_await  aqu-sz  %util
nvme0n1       8676.00 417328.00  2872.00  24.87    0.15    48.10  350.00   1452.00    13.00   3.58    2.86     4.15    0.00      0.00     0.00   0.00    0.00     0.00    0.00    0.00    2.31  23.40


10/05/2026 09:49:57 PM
Device            r/s     rkB/s   rrqm/s  %rrqm r_await rareq-sz     w/s     wkB/s   wrqm/s  %wrqm w_await wareq-sz     d/s     dkB/s   drqm/s  %drqm d_await dareq-sz     f/s f_await  aqu-sz  %util
nvme0n1       20563.00 1375020.00   288.00   1.38    0.19    66.87  217.00    872.00     2.00   0.91    6.65     4.02    0.00      0.00     0.00   0.00    0.00     0.00    1.00    1.00    5.26  53.70


10/05/2026 09:49:58 PM
Device            r/s     rkB/s   rrqm/s  %rrqm r_await rareq-sz     w/s     wkB/s   wrqm/s  %wrqm w_await wareq-sz     d/s     dkB/s   drqm/s  %drqm d_await dareq-sz     f/s f_await  aqu-sz  %util
nvme0n1       20679.00 1310252.00   161.00   0.77    0.18    63.36    3.00     12.00     0.00   0.00   15.00     4.00    0.00      0.00     0.00   0.00    0.00     0.00    0.00    0.00    3.75  52.90


10/05/2026 09:49:59 PM
Device            r/s     rkB/s   rrqm/s  %rrqm r_await rareq-sz     w/s     wkB/s   wrqm/s  %wrqm w_await wareq-sz     d/s     dkB/s   drqm/s  %drqm d_await dareq-sz     f/s f_await  aqu-sz  %util
nvme0n1       17543.00 1126848.00     0.00   0.00    0.18    64.23    0.00      0.00     0.00   0.00    0.00     0.00    0.00      0.00     0.00   0.00    0.00     0.00    0.00    0.00    3.13  48.20


10/05/2026 09:50:00 PM
Device            r/s     rkB/s   rrqm/s  %rrqm r_await rareq-sz     w/s     wkB/s   wrqm/s  %wrqm w_await wareq-sz     d/s     dkB/s   drqm/s  %drqm d_await dareq-sz     f/s f_await  aqu-sz  %util
nvme0n1       12127.00 786988.00     0.00   0.00    0.18    64.90    0.00      0.00     0.00   0.00    0.00     0.00    0.00      0.00     0.00   0.00    0.00     0.00    0.00    0.00    2.13  34.00


10/05/2026 09:50:01 PM
Device            r/s     rkB/s   rrqm/s  %rrqm r_await rareq-sz     w/s     wkB/s   wrqm/s  %wrqm w_await wareq-sz     d/s     dkB/s   drqm/s  %drqm d_await dareq-sz     f/s f_await  aqu-sz  %util
nvme0n1       10627.00 645132.00   109.00   1.02    0.17    60.71    1.00     20.00     4.00  80.00    0.00    20.00    0.00      0.00     0.00   0.00    0.00     0.00    0.00    0.00    1.82  35.10


10/05/2026 09:50:02 PM
Device            r/s     rkB/s   rrqm/s  %rrqm r_await rareq-sz     w/s     wkB/s   wrqm/s  %wrqm w_await wareq-sz     d/s     dkB/s   drqm/s  %drqm d_await dareq-sz     f/s f_await  aqu-sz  %util
nvme0n1       7242.00 436896.00   215.00   2.88    0.18    60.33    2.00      4.00     0.00   0.00    4.50     2.00    0.00      0.00     0.00   0.00    0.00     0.00    1.00    1.00    1.29  25.90


10/05/2026 09:50:03 PM
Device            r/s     rkB/s   rrqm/s  %rrqm r_await rareq-sz     w/s     wkB/s   wrqm/s  %wrqm w_await wareq-sz     d/s     dkB/s   drqm/s  %drqm d_await dareq-sz     f/s f_await  aqu-sz  %util
nvme0n1       6854.00 447712.00     0.00   0.00    0.18    65.32   24.00    104.00     2.00   7.69   39.96     4.33    0.00      0.00     0.00   0.00    0.00     0.00    0.00    0.00    2.20  24.60


10/05/2026 09:50:04 PM
Device            r/s     rkB/s   rrqm/s  %rrqm r_await rareq-sz     w/s     wkB/s   wrqm/s  %wrqm w_await wareq-sz     d/s     dkB/s   drqm/s  %drqm d_await dareq-sz     f/s f_await  aqu-sz  %util
nvme0n1       6284.00 378980.00     0.00   0.00    0.17    60.31    2.00     12.00     1.00  33.33    0.50     6.00    0.00      0.00     0.00   0.00    0.00     0.00    0.00    0.00    1.09  22.10


10/05/2026 09:50:05 PM
Device            r/s     rkB/s   rrqm/s  %rrqm r_await rareq-sz     w/s     wkB/s   wrqm/s  %wrqm w_await wareq-sz     d/s     dkB/s   drqm/s  %drqm d_await dareq-sz     f/s f_await  aqu-sz  %util
nvme0n1       7837.00 499864.00     0.00   0.00    0.18    63.78  200.00    812.00     3.00   1.48    0.20     4.06    0.00      0.00     0.00   0.00    0.00     0.00    0.00    0.00    1.48  27.30


10/05/2026 09:50:06 PM
Device            r/s     rkB/s   rrqm/s  %rrqm r_await rareq-sz     w/s     wkB/s   wrqm/s  %wrqm w_await wareq-sz     d/s     dkB/s   drqm/s  %drqm d_await dareq-sz     f/s f_await  aqu-sz  %util
nvme0n1       6495.00 408520.00     0.00   0.00    0.18    62.90    1.00     48.00    11.00  91.67    0.00    48.00    0.00      0.00     0.00   0.00    0.00     0.00    0.00    0.00    1.19  23.10


10/05/2026 09:50:07 PM
Device            r/s     rkB/s   rrqm/s  %rrqm r_await rareq-sz     w/s     wkB/s   wrqm/s  %wrqm w_await wareq-sz     d/s     dkB/s   drqm/s  %drqm d_await dareq-sz     f/s f_await  aqu-sz  %util
nvme0n1       6779.00 421740.00     0.00   0.00    0.18    62.21  111.00    564.00     2.00   1.77    0.11     5.08    0.00      0.00     0.00   0.00    0.00     0.00    1.00    1.00    1.24  22.30


10/05/2026 09:50:08 PM
Device            r/s     rkB/s   rrqm/s  %rrqm r_await rareq-sz     w/s     wkB/s   wrqm/s  %wrqm w_await wareq-sz     d/s     dkB/s   drqm/s  %drqm d_await dareq-sz     f/s f_await  aqu-sz  %util
nvme0n1       6697.00 428056.00     0.00   0.00    0.18    63.92    5.00     20.00     0.00   0.00   34.60     4.00    0.00      0.00     0.00   0.00    0.00     0.00    0.00    0.00    1.39  26.70


10/05/2026 09:50:09 PM
Device            r/s     rkB/s   rrqm/s  %rrqm r_await rareq-sz     w/s     wkB/s   wrqm/s  %wrqm w_await wareq-sz     d/s     dkB/s   drqm/s  %drqm d_await dareq-sz     f/s f_await  aqu-sz  %util
nvme0n1       6388.00 377248.00    14.00   0.22    0.17    59.06    0.00      0.00     0.00   0.00    0.00     0.00    0.00      0.00     0.00   0.00    0.00     0.00    0.00    0.00    1.11  22.30


10/05/2026 09:50:10 PM
Device            r/s     rkB/s   rrqm/s  %rrqm r_await rareq-sz     w/s     wkB/s   wrqm/s  %wrqm w_await wareq-sz     d/s     dkB/s   drqm/s  %drqm d_await dareq-sz     f/s f_await  aqu-sz  %util
nvme0n1       6700.00 426032.00     0.00   0.00    0.19    63.59   57.00    232.00     1.00   1.72    0.54     4.07    0.00      0.00     0.00   0.00    0.00     0.00    0.00    0.00    1.27  27.00


10/05/2026 09:50:11 PM
Device            r/s     rkB/s   rrqm/s  %rrqm r_await rareq-sz     w/s     wkB/s   wrqm/s  %wrqm w_await wareq-sz     d/s     dkB/s   drqm/s  %drqm d_await dareq-sz     f/s f_await  aqu-sz  %util
nvme0n1       3851.00 231048.00     0.00   0.00    0.19    60.00    0.00      0.00    10.00 100.00    0.00     0.00    0.00      0.00     0.00   0.00    0.00     0.00    0.00    0.00    0.73  15.80


10/05/2026 09:50:12 PM
Device            r/s     rkB/s   rrqm/s  %rrqm r_await rareq-sz     w/s     wkB/s   wrqm/s  %wrqm w_await wareq-sz     d/s     dkB/s   drqm/s  %drqm d_await dareq-sz     f/s f_await  aqu-sz  %util
nvme0n1       3610.00 216828.00     0.00   0.00    0.20    60.06    3.00     48.00     0.00   0.00    1.00    16.00    0.00      0.00     0.00   0.00    0.00     0.00    1.00    2.00    0.72  14.80


10/05/2026 09:50:13 PM
Device            r/s     rkB/s   rrqm/s  %rrqm r_await rareq-sz     w/s     wkB/s   wrqm/s  %wrqm w_await wareq-sz     d/s     dkB/s   drqm/s  %drqm d_await dareq-sz     f/s f_await  aqu-sz  %util
nvme0n1       10704.00 702072.00     0.00   0.00    0.18    65.59   69.00    276.00     0.00   0.00    2.62     4.00    0.00      0.00     0.00   0.00    0.00     0.00    0.00    0.00    2.08  37.10


10/05/2026 09:50:14 PM
Device            r/s     rkB/s   rrqm/s  %rrqm r_await rareq-sz     w/s     wkB/s   wrqm/s  %wrqm w_await wareq-sz     d/s     dkB/s   drqm/s  %drqm d_await dareq-sz     f/s f_await  aqu-sz  %util
nvme0n1       9136.00 612640.00     0.00   0.00    0.18    67.06   43.00    172.00     0.00   0.00   21.79     4.00    0.00      0.00     0.00   0.00    0.00     0.00    0.00    0.00    2.57  31.00


10/05/2026 09:50:15 PM
Device            r/s     rkB/s   rrqm/s  %rrqm r_await rareq-sz     w/s     wkB/s   wrqm/s  %wrqm w_await wareq-sz     d/s     dkB/s   drqm/s  %drqm d_await dareq-sz     f/s f_await  aqu-sz  %util
nvme0n1       4867.00 309728.00     0.00   0.00    0.29    63.64 3551.00  14856.00   163.00   4.39    1.33     4.18    0.00      0.00     0.00   0.00    0.00     0.00    0.00    0.00    6.13  24.40


10/05/2026 09:50:16 PM
Device            r/s     rkB/s   rrqm/s  %rrqm r_await rareq-sz     w/s     wkB/s   wrqm/s  %wrqm w_await wareq-sz     d/s     dkB/s   drqm/s  %drqm d_await dareq-sz     f/s f_await  aqu-sz  %util
nvme0n1       4354.00 278428.00     0.00   0.00    0.19    63.95   24.00    108.00     3.00  11.11   16.12     4.50    0.00      0.00     0.00   0.00    0.00     0.00    0.00    0.00    1.23  19.00


10/05/2026 09:50:17 PM
Device            r/s     rkB/s   rrqm/s  %rrqm r_await rareq-sz     w/s     wkB/s   wrqm/s  %wrqm w_await wareq-sz     d/s     dkB/s   drqm/s  %drqm d_await dareq-sz     f/s f_await  aqu-sz  %util
nvme0n1       3608.00 230880.00     0.00   0.00    0.20    63.99   92.00    372.00     2.00   2.13   19.98     4.04    0.00      0.00     0.00   0.00    0.00     0.00    1.00    1.00    2.56  19.50


10/05/2026 09:50:18 PM
Device            r/s     rkB/s   rrqm/s  %rrqm r_await rareq-sz     w/s     wkB/s   wrqm/s  %wrqm w_await wareq-sz     d/s     dkB/s   drqm/s  %drqm d_await dareq-sz     f/s f_await  aqu-sz  %util
nvme0n1       6746.00 184812.00   477.00   6.60    0.11    27.40    2.00      8.00     0.00   0.00   20.00     4.00    0.00      0.00     0.00   0.00    0.00     0.00    0.00    0.00    0.78  29.60


10/05/2026 09:50:19 PM
Device            r/s     rkB/s   rrqm/s  %rrqm r_await rareq-sz     w/s     wkB/s   wrqm/s  %wrqm w_await wareq-sz     d/s     dkB/s   drqm/s  %drqm d_await dareq-sz     f/s f_await  aqu-sz  %util
nvme0n1       3775.00 230132.00     0.00   0.00    0.19    60.96    0.00      0.00     0.00   0.00    0.00     0.00    0.00      0.00     0.00   0.00    0.00     0.00    0.00    0.00    0.72  15.80


10/05/2026 09:50:20 PM
Device            r/s     rkB/s   rrqm/s  %rrqm r_await rareq-sz     w/s     wkB/s   wrqm/s  %wrqm w_await wareq-sz     d/s     dkB/s   drqm/s  %drqm d_await dareq-sz     f/s f_await  aqu-sz  %util
nvme0n1       3859.00 245064.00     7.00   0.18    0.18    63.50    0.00      0.00     0.00   0.00    0.00     0.00    0.00      0.00     0.00   0.00    0.00     0.00    0.00    0.00    0.71  15.60


10/05/2026 09:50:21 PM
Device            r/s     rkB/s   rrqm/s  %rrqm r_await rareq-sz     w/s     wkB/s   wrqm/s  %wrqm w_await wareq-sz     d/s     dkB/s   drqm/s  %drqm d_await dareq-sz     f/s f_await  aqu-sz  %util
nvme0n1       5067.00 333800.00     0.00   0.00    0.18    65.88    3.00     12.00     5.00  62.50   21.33     4.00    0.00      0.00     0.00   0.00    0.00     0.00    0.00    0.00    0.98  21.00


10/05/2026 09:50:22 PM
Device            r/s     rkB/s   rrqm/s  %rrqm r_await rareq-sz     w/s     wkB/s   wrqm/s  %wrqm w_await wareq-sz     d/s     dkB/s   drqm/s  %drqm d_await dareq-sz     f/s f_await  aqu-sz  %util
nvme0n1       3071.00 185792.00     0.00   0.00    0.20    60.50    5.00     40.00     1.00  16.67    0.80     8.00    0.00      0.00     0.00   0.00    0.00     0.00    1.00    2.00    0.64  15.00


10/05/2026 09:50:23 PM
Device            r/s     rkB/s   rrqm/s  %rrqm r_await rareq-sz     w/s     wkB/s   wrqm/s  %wrqm w_await wareq-sz     d/s     dkB/s   drqm/s  %drqm d_await dareq-sz     f/s f_await  aqu-sz  %util
nvme0n1       4474.00 293868.00     0.00   0.00    0.19    65.68   31.00    128.00     0.00   0.00    0.10     4.13    0.00      0.00     0.00   0.00    0.00     0.00    0.00    0.00    0.83  17.70


10/05/2026 09:50:24 PM
Device            r/s     rkB/s   rrqm/s  %rrqm r_await rareq-sz     w/s     wkB/s   wrqm/s  %wrqm w_await wareq-sz     d/s     dkB/s   drqm/s  %drqm d_await dareq-sz     f/s f_await  aqu-sz  %util
nvme0n1       2547.00 155192.00     3.00   0.12    0.20    60.93    0.00      0.00     0.00   0.00    0.00     0.00    0.00      0.00     0.00   0.00    0.00     0.00    0.00    0.00    0.50  12.20


10/05/2026 09:50:25 PM
Device            r/s     rkB/s   rrqm/s  %rrqm r_await rareq-sz     w/s     wkB/s   wrqm/s  %wrqm w_await wareq-sz     d/s     dkB/s   drqm/s  %drqm d_await dareq-sz     f/s f_await  aqu-sz  %util
nvme0n1       3105.00 207184.00     0.00   0.00    0.20    66.73    0.00      0.00     0.00   0.00    0.00     0.00    0.00      0.00     0.00   0.00    0.00     0.00    0.00    0.00    0.62  13.30


10/05/2026 09:50:26 PM
Device            r/s     rkB/s   rrqm/s  %rrqm r_await rareq-sz     w/s     wkB/s   wrqm/s  %wrqm w_await wareq-sz     d/s     dkB/s   drqm/s  %drqm d_await dareq-sz     f/s f_await  aqu-sz  %util
nvme0n1       4657.00 299520.00     0.00   0.00    0.19    64.32    0.00      0.00     0.00   0.00    0.00     0.00    0.00      0.00     0.00   0.00    0.00     0.00    0.00    0.00    0.87  19.30


10/05/2026 09:50:27 PM
Device            r/s     rkB/s   rrqm/s  %rrqm r_await rareq-sz     w/s     wkB/s   wrqm/s  %wrqm w_await wareq-sz     d/s     dkB/s   drqm/s  %drqm d_await dareq-sz     f/s f_await  aqu-sz  %util
nvme0n1       4419.00 304424.00     0.00   0.00    0.19    68.89    6.00     36.00     4.00  40.00    0.50     6.00    0.00      0.00     0.00   0.00    0.00     0.00    1.00    2.00    0.83  18.80


10/05/2026 09:50:28 PM
Device            r/s     rkB/s   rrqm/s  %rrqm r_await rareq-sz     w/s     wkB/s   wrqm/s  %wrqm w_await wareq-sz     d/s     dkB/s   drqm/s  %drqm d_await dareq-sz     f/s f_await  aqu-sz  %util
nvme0n1       1954.00 116572.00     0.00   0.00    0.22    59.66    2.00      8.00     0.00   0.00    1.00     4.00    0.00      0.00     0.00   0.00    0.00     0.00    0.00    0.00    0.42  12.00


10/05/2026 09:50:29 PM
Device            r/s     rkB/s   rrqm/s  %rrqm r_await rareq-sz     w/s     wkB/s   wrqm/s  %wrqm w_await wareq-sz     d/s     dkB/s   drqm/s  %drqm d_await dareq-sz     f/s f_await  aqu-sz  %util
nvme0n1       1494.00  88852.00     0.00   0.00    0.22    59.47    0.00      0.00     0.00   0.00    0.00     0.00    0.00      0.00     0.00   0.00    0.00     0.00    0.00    0.00    0.33   8.80


10/05/2026 09:50:30 PM
Device            r/s     rkB/s   rrqm/s  %rrqm r_await rareq-sz     w/s     wkB/s   wrqm/s  %wrqm w_await wareq-sz     d/s     dkB/s   drqm/s  %drqm d_await dareq-sz     f/s f_await  aqu-sz  %util
nvme0n1       2496.00 144032.00     0.00   0.00    0.19    57.71    0.00      0.00     0.00   0.00    0.00     0.00    0.00      0.00     0.00   0.00    0.00     0.00    0.00    0.00    0.48  12.10


10/05/2026 09:50:31 PM
Device            r/s     rkB/s   rrqm/s  %rrqm r_await rareq-sz     w/s     wkB/s   wrqm/s  %wrqm w_await wareq-sz     d/s     dkB/s   drqm/s  %drqm d_await dareq-sz     f/s f_await  aqu-sz  %util
nvme0n1       1225.00  71308.00     0.00   0.00    0.24    58.21    0.00      0.00     0.00   0.00    0.00     0.00    0.00      0.00     0.00   0.00    0.00     0.00    0.00    0.00    0.29   9.00


10/05/2026 09:50:32 PM
Device            r/s     rkB/s   rrqm/s  %rrqm r_await rareq-sz     w/s     wkB/s   wrqm/s  %wrqm w_await wareq-sz     d/s     dkB/s   drqm/s  %drqm d_await dareq-sz     f/s f_await  aqu-sz  %util
nvme0n1       2446.00 113656.00   752.00  23.51    0.14    46.47    7.00     68.00    11.00  61.11    8.57     9.71    0.00      0.00     0.00   0.00    0.00     0.00    1.00   59.00    0.46  16.50


10/05/2026 09:50:33 PM
Device            r/s     rkB/s   rrqm/s  %rrqm r_await rareq-sz     w/s     wkB/s   wrqm/s  %wrqm w_await wareq-sz     d/s     dkB/s   drqm/s  %drqm d_await dareq-sz     f/s f_await  aqu-sz  %util
nvme0n1       1101.00  57380.00     0.00   0.00    0.25    52.12    0.00      0.00     0.00   0.00    0.00     0.00    0.00      0.00     0.00   0.00    0.00     0.00    0.00    0.00    0.27   8.50


10/05/2026 09:50:34 PM
Device            r/s     rkB/s   rrqm/s  %rrqm r_await rareq-sz     w/s     wkB/s   wrqm/s  %wrqm w_await wareq-sz     d/s     dkB/s   drqm/s  %drqm d_await dareq-sz     f/s f_await  aqu-sz  %util
nvme0n1       1448.00  83476.00     0.00   0.00    0.26    57.65    2.00     16.00     2.00  50.00    0.00     8.00    0.00      0.00     0.00   0.00    0.00     0.00    0.00    0.00    0.37  10.10


10/05/2026 09:50:35 PM
Device            r/s     rkB/s   rrqm/s  %rrqm r_await rareq-sz     w/s     wkB/s   wrqm/s  %wrqm w_await wareq-sz     d/s     dkB/s   drqm/s  %drqm d_await dareq-sz     f/s f_await  aqu-sz  %util
nvme0n1       2579.00 150616.00     0.00   0.00    0.19    58.40    0.00      0.00     0.00   0.00    0.00     0.00    0.00      0.00     0.00   0.00    0.00     0.00    0.00    0.00    0.50  11.70


10/05/2026 09:50:36 PM
Device            r/s     rkB/s   rrqm/s  %rrqm r_await rareq-sz     w/s     wkB/s   wrqm/s  %wrqm w_await wareq-sz     d/s     dkB/s   drqm/s  %drqm d_await dareq-sz     f/s f_await  aqu-sz  %util
nvme0n1       1999.00 119628.00     0.00   0.00    0.19    59.84    0.00      0.00     0.00   0.00    0.00     0.00    0.00      0.00     0.00   0.00    0.00     0.00    0.00    0.00    0.37  10.00


10/05/2026 09:50:37 PM
Device            r/s     rkB/s   rrqm/s  %rrqm r_await rareq-sz     w/s     wkB/s   wrqm/s  %wrqm w_await wareq-sz     d/s     dkB/s   drqm/s  %drqm d_await dareq-sz     f/s f_await  aqu-sz  %util
nvme0n1       1375.00  72432.00     0.00   0.00    0.21    52.68  153.00    848.00    31.00  16.85    0.16     5.54    0.00      0.00     0.00   0.00    0.00     0.00    1.00    1.00    0.31   8.60


10/05/2026 09:50:38 PM
Device            r/s     rkB/s   rrqm/s  %rrqm r_await rareq-sz     w/s     wkB/s   wrqm/s  %wrqm w_await wareq-sz     d/s     dkB/s   drqm/s  %drqm d_await dareq-sz     f/s f_await  aqu-sz  %util
nvme0n1       4740.00 141252.00    21.00   0.44    0.17    29.80    0.00      0.00     0.00   0.00    0.00     0.00    0.00      0.00     0.00   0.00    0.00     0.00    0.00    0.00    0.79  61.20


10/05/2026 09:50:39 PM
Device            r/s     rkB/s   rrqm/s  %rrqm r_await rareq-sz     w/s     wkB/s   wrqm/s  %wrqm w_await wareq-sz     d/s     dkB/s   drqm/s  %drqm d_await dareq-sz     f/s f_await  aqu-sz  %util
nvme0n1       6139.00  66756.00   541.00   8.10    0.14    10.87    0.00      0.00     0.00   0.00    0.00     0.00    0.00      0.00     0.00   0.00    0.00     0.00    0.00    0.00    0.83  80.60


10/05/2026 09:50:40 PM
Device            r/s     rkB/s   rrqm/s  %rrqm r_await rareq-sz     w/s     wkB/s   wrqm/s  %wrqm w_await wareq-sz     d/s     dkB/s   drqm/s  %drqm d_await dareq-sz     f/s f_await  aqu-sz  %util
nvme0n1       3537.00 414772.00    50.00   1.39    0.23   117.27    5.00     24.00     1.00  16.67    2.80     4.80    0.00      0.00     0.00   0.00    0.00     0.00    0.00    0.00    0.83  27.70


10/05/2026 09:50:41 PM
Device            r/s     rkB/s   rrqm/s  %rrqm r_await rareq-sz     w/s     wkB/s   wrqm/s  %wrqm w_await wareq-sz     d/s     dkB/s   drqm/s  %drqm d_await dareq-sz     f/s f_await  aqu-sz  %util
nvme0n1       4707.00 580356.00    10.00   0.21    0.24   123.30    0.00      0.00     0.00   0.00    0.00     0.00    0.00      0.00     0.00   0.00    0.00     0.00    0.00    0.00    1.13  41.10


10/05/2026 09:50:42 PM
Device            r/s     rkB/s   rrqm/s  %rrqm r_await rareq-sz     w/s     wkB/s   wrqm/s  %wrqm w_await wareq-sz     d/s     dkB/s   drqm/s  %drqm d_await dareq-sz     f/s f_await  aqu-sz  %util
nvme0n1       5990.00 746880.00     0.00   0.00    0.23   124.69    1.00     20.00     4.00  80.00    0.00    20.00    0.00      0.00     0.00   0.00    0.00     0.00    0.00    0.00    1.37  44.40


10/05/2026 09:50:43 PM
Device            r/s     rkB/s   rrqm/s  %rrqm r_await rareq-sz     w/s     wkB/s   wrqm/s  %wrqm w_await wareq-sz     d/s     dkB/s   drqm/s  %drqm d_await dareq-sz     f/s f_await  aqu-sz  %util
nvme0n1       4850.00 606452.00     0.00   0.00    0.23   125.04    2.00      4.00     0.00   0.00    1.00     2.00    0.00      0.00     0.00   0.00    0.00     0.00    1.00    1.00    1.14  38.10


10/05/2026 09:50:44 PM
Device            r/s     rkB/s   rrqm/s  %rrqm r_await rareq-sz     w/s     wkB/s   wrqm/s  %wrqm w_await wareq-sz     d/s     dkB/s   drqm/s  %drqm d_await dareq-sz     f/s f_await  aqu-sz  %util
nvme0n1       5914.00 738264.00     0.00   0.00    0.23   124.83    0.00      0.00     0.00   0.00    0.00     0.00    0.00      0.00     0.00   0.00    0.00     0.00    0.00    0.00    1.35  45.60


10/05/2026 09:50:45 PM
Device            r/s     rkB/s   rrqm/s  %rrqm r_await rareq-sz     w/s     wkB/s   wrqm/s  %wrqm w_await wareq-sz     d/s     dkB/s   drqm/s  %drqm d_await dareq-sz     f/s f_await  aqu-sz  %util
nvme0n1       5434.00 672480.00     0.00   0.00    0.23   123.75    0.00      0.00     0.00   0.00    0.00     0.00    0.00      0.00     0.00   0.00    0.00     0.00    0.00    0.00    1.26  45.10


10/05/2026 09:50:46 PM
Device            r/s     rkB/s   rrqm/s  %rrqm r_await rareq-sz     w/s     wkB/s   wrqm/s  %wrqm w_await wareq-sz     d/s     dkB/s   drqm/s  %drqm d_await dareq-sz     f/s f_await  aqu-sz  %util
nvme0n1       4404.00 274052.00     0.00   0.00    0.19    62.23    2.00      8.00     0.00   0.00    0.00     4.00    0.00      0.00     0.00   0.00    0.00     0.00    0.00    0.00    0.86  53.90


10/05/2026 09:50:47 PM
Device            r/s     rkB/s   rrqm/s  %rrqm r_await rareq-sz     w/s     wkB/s   wrqm/s  %wrqm w_await wareq-sz     d/s     dkB/s   drqm/s  %drqm d_await dareq-sz     f/s f_await  aqu-sz  %util
nvme0n1       6239.00  31216.00     0.00   0.00    0.15     5.00    1.00     16.00     3.00  75.00    0.00    16.00    0.00      0.00     0.00   0.00    0.00     0.00    0.00    0.00    0.91  90.30


10/05/2026 09:50:48 PM
Device            r/s     rkB/s   rrqm/s  %rrqm r_await rareq-sz     w/s     wkB/s   wrqm/s  %wrqm w_await wareq-sz     d/s     dkB/s   drqm/s  %drqm d_await dareq-sz     f/s f_await  aqu-sz  %util
nvme0n1       1957.00 208092.00     8.00   0.41    0.22   106.33    2.00      4.00     0.00   0.00    1.00     2.00    0.00      0.00     0.00   0.00    0.00     0.00    1.00    1.00    0.44  16.90


10/05/2026 09:50:49 PM
Device            r/s     rkB/s   rrqm/s  %rrqm r_await rareq-sz     w/s     wkB/s   wrqm/s  %wrqm w_await wareq-sz     d/s     dkB/s   drqm/s  %drqm d_await dareq-sz     f/s f_await  aqu-sz  %util
nvme0n1       3730.00 456952.00     0.00   0.00    0.23   122.51    0.00      0.00     0.00   0.00    0.00     0.00    0.00      0.00     0.00   0.00    0.00     0.00    0.00    0.00    0.85  30.20


10/05/2026 09:50:50 PM
Device            r/s     rkB/s   rrqm/s  %rrqm r_await rareq-sz     w/s     wkB/s   wrqm/s  %wrqm w_await wareq-sz     d/s     dkB/s   drqm/s  %drqm d_await dareq-sz     f/s f_await  aqu-sz  %util
nvme0n1       3693.00 459888.00     0.00   0.00    0.22   124.53    4.00     16.00     0.00   0.00   24.50     4.00    0.00      0.00     0.00   0.00    0.00     0.00    0.00    0.00    0.91  27.70


10/05/2026 09:50:51 PM
Device            r/s     rkB/s   rrqm/s  %rrqm r_await rareq-sz     w/s     wkB/s   wrqm/s  %wrqm w_await wareq-sz     d/s     dkB/s   drqm/s  %drqm d_await dareq-sz     f/s f_await  aqu-sz  %util
nvme0n1       3035.00 378008.00     0.00   0.00    0.24   124.55    0.00      0.00     0.00   0.00    0.00     0.00    0.00      0.00     0.00   0.00    0.00     0.00    0.00    0.00    0.73  29.30


10/05/2026 09:50:52 PM
Device            r/s     rkB/s   rrqm/s  %rrqm r_await rareq-sz     w/s     wkB/s   wrqm/s  %wrqm w_await wareq-sz     d/s     dkB/s   drqm/s  %drqm d_await dareq-sz     f/s f_await  aqu-sz  %util
nvme0n1       4821.00  77412.00     0.00   0.00    0.16    16.06    1.00      8.00     8.00  88.89    0.00     8.00    0.00      0.00     0.00   0.00    0.00     0.00    0.00    0.00    0.76  68.00


10/05/2026 09:50:53 PM
Device            r/s     rkB/s   rrqm/s  %rrqm r_await rareq-sz     w/s     wkB/s   wrqm/s  %wrqm w_await wareq-sz     d/s     dkB/s   drqm/s  %drqm d_await dareq-sz     f/s f_await  aqu-sz  %util
nvme0n1       4445.00  58664.00     8.00   0.18    0.16    13.20    4.00     40.00     0.00   0.00    5.75    10.00    0.00      0.00     0.00   0.00    0.00     0.00    1.00    1.00    0.73  63.40


10/05/2026 09:50:54 PM
Device            r/s     rkB/s   rrqm/s  %rrqm r_await rareq-sz     w/s     wkB/s   wrqm/s  %wrqm w_await wareq-sz     d/s     dkB/s   drqm/s  %drqm d_await dareq-sz     f/s f_await  aqu-sz  %util
nvme0n1       1609.00 193404.00     0.00   0.00    0.26   120.20   31.00    128.00     0.00   0.00    0.03     4.13    0.00      0.00     0.00   0.00    0.00     0.00    0.00    0.00    0.43  15.70


10/05/2026 09:50:55 PM
Device            r/s     rkB/s   rrqm/s  %rrqm r_await rareq-sz     w/s     wkB/s   wrqm/s  %wrqm w_await wareq-sz     d/s     dkB/s   drqm/s  %drqm d_await dareq-sz     f/s f_await  aqu-sz  %util
nvme0n1       3015.00 368736.00     0.00   0.00    0.24   122.30    1.00      4.00     0.00   0.00   28.00     4.00    0.00      0.00     0.00   0.00    0.00     0.00    0.00    0.00    0.75  27.10


10/05/2026 09:50:56 PM
Device            r/s     rkB/s   rrqm/s  %rrqm r_await rareq-sz     w/s     wkB/s   wrqm/s  %wrqm w_await wareq-sz     d/s     dkB/s   drqm/s  %drqm d_await dareq-sz     f/s f_await  aqu-sz  %util
nvme0n1       2768.00 344864.00     0.00   0.00    0.25   124.59    0.00      0.00     0.00   0.00    0.00     0.00    0.00      0.00     0.00   0.00    0.00     0.00    0.00    0.00    0.68  25.60


10/05/2026 09:50:57 PM
Device            r/s     rkB/s   rrqm/s  %rrqm r_await rareq-sz     w/s     wkB/s   wrqm/s  %wrqm w_await wareq-sz     d/s     dkB/s   drqm/s  %drqm d_await dareq-sz     f/s f_await  aqu-sz  %util
nvme0n1       3714.00 160864.00     0.00   0.00    0.18    43.31    1.00     12.00     2.00  66.67    0.00    12.00    0.00      0.00     0.00   0.00    0.00     0.00    0.00    0.00    0.66  48.60


10/05/2026 09:50:58 PM
Device            r/s     rkB/s   rrqm/s  %rrqm r_await rareq-sz     w/s     wkB/s   wrqm/s  %wrqm w_await wareq-sz     d/s     dkB/s   drqm/s  %drqm d_await dareq-sz     f/s f_await  aqu-sz  %util
nvme0n1       5949.00  26708.00     0.00   0.00    0.15     4.49    3.00      8.00     0.00   0.00    5.33     2.67    0.00      0.00     0.00   0.00    0.00     0.00    1.00    1.00    0.89  85.90


10/05/2026 09:50:59 PM
Device            r/s     rkB/s   rrqm/s  %rrqm r_await rareq-sz     w/s     wkB/s   wrqm/s  %wrqm w_await wareq-sz     d/s     dkB/s   drqm/s  %drqm d_await dareq-sz     f/s f_await  aqu-sz  %util
nvme0n1        887.00 103232.00     3.00   0.34    0.33   116.38    1.00      4.00     0.00   0.00    0.00     4.00    0.00      0.00     0.00   0.00    0.00     0.00    0.00    0.00    0.29  11.30


10/05/2026 09:51:00 PM
Device            r/s     rkB/s   rrqm/s  %rrqm r_await rareq-sz     w/s     wkB/s   wrqm/s  %wrqm w_await wareq-sz     d/s     dkB/s   drqm/s  %drqm d_await dareq-sz     f/s f_await  aqu-sz  %util
nvme0n1       2755.00 340728.00     0.00   0.00    0.24   123.68    0.00      0.00     0.00   0.00    0.00     0.00    0.00      0.00     0.00   0.00    0.00     0.00    0.00    0.00    0.67  25.00


10/05/2026 09:51:01 PM
Device            r/s     rkB/s   rrqm/s  %rrqm r_await rareq-sz     w/s     wkB/s   wrqm/s  %wrqm w_await wareq-sz     d/s     dkB/s   drqm/s  %drqm d_await dareq-sz     f/s f_await  aqu-sz  %util
nvme0n1       1740.00 215616.00     0.00   0.00    0.27   123.92    0.00      0.00     0.00   0.00    0.00     0.00    0.00      0.00     0.00   0.00    0.00     0.00    0.00    0.00    0.48  17.10


10/05/2026 09:51:02 PM
Device            r/s     rkB/s   rrqm/s  %rrqm r_await rareq-sz     w/s     wkB/s   wrqm/s  %wrqm w_await wareq-sz     d/s     dkB/s   drqm/s  %drqm d_await dareq-sz     f/s f_await  aqu-sz  %util
nvme0n1       3263.00 114820.00     1.00   0.03    0.19    35.19    0.00      0.00     6.00 100.00    0.00     0.00    0.00      0.00     0.00   0.00    0.00     0.00    0.00    0.00    0.60  44.70


10/05/2026 09:51:03 PM
Device            r/s     rkB/s   rrqm/s  %rrqm r_await rareq-sz     w/s     wkB/s   wrqm/s  %wrqm w_await wareq-sz     d/s     dkB/s   drqm/s  %drqm d_await dareq-sz     f/s f_await  aqu-sz  %util
nvme0n1       6131.00  28120.00     0.00   0.00    0.15     4.59    3.00     32.00     0.00   0.00    2.33    10.67    0.00      0.00     0.00   0.00    0.00     0.00    1.00    1.00    0.90  87.70


10/05/2026 09:51:04 PM
Device            r/s     rkB/s   rrqm/s  %rrqm r_await rareq-sz     w/s     wkB/s   wrqm/s  %wrqm w_await wareq-sz     d/s     dkB/s   drqm/s  %drqm d_await dareq-sz     f/s f_await  aqu-sz  %util
nvme0n1        756.00  88356.00     4.00   0.53    0.33   116.87    1.00      8.00     1.00  50.00    0.00     8.00    0.00      0.00     0.00   0.00    0.00     0.00    0.00    0.00    0.25  12.20


10/05/2026 09:51:05 PM
Device            r/s     rkB/s   rrqm/s  %rrqm r_await rareq-sz     w/s     wkB/s   wrqm/s  %wrqm w_await wareq-sz     d/s     dkB/s   drqm/s  %drqm d_await dareq-sz     f/s f_await  aqu-sz  %util
nvme0n1       1831.00 222988.00     0.00   0.00    0.26   121.78    1.00      4.00     0.00   0.00    0.00     4.00    0.00      0.00     0.00   0.00    0.00     0.00    0.00    0.00    0.48  17.30


10/05/2026 09:51:06 PM
Device            r/s     rkB/s   rrqm/s  %rrqm r_await rareq-sz     w/s     wkB/s   wrqm/s  %wrqm w_await wareq-sz     d/s     dkB/s   drqm/s  %drqm d_await dareq-sz     f/s f_await  aqu-sz  %util
nvme0n1       1726.00 214864.00     0.00   0.00    0.27   124.49    0.00      0.00     0.00   0.00    0.00     0.00    0.00      0.00     0.00   0.00    0.00     0.00    0.00    0.00    0.47  19.20


10/05/2026 09:51:07 PM
Device            r/s     rkB/s   rrqm/s  %rrqm r_await rareq-sz     w/s     wkB/s   wrqm/s  %wrqm w_await wareq-sz     d/s     dkB/s   drqm/s  %drqm d_await dareq-sz     f/s f_await  aqu-sz  %util
nvme0n1       3294.00 132148.00     0.00   0.00    0.18    40.12    0.00      0.00     0.00   0.00    0.00     0.00    0.00      0.00     0.00   0.00    0.00     0.00    0.00    0.00    0.61  44.40


10/05/2026 09:51:08 PM
Device            r/s     rkB/s   rrqm/s  %rrqm r_await rareq-sz     w/s     wkB/s   wrqm/s  %wrqm w_await wareq-sz     d/s     dkB/s   drqm/s  %drqm d_await dareq-sz     f/s f_await  aqu-sz  %util
nvme0n1       6111.00  24728.00     9.00   0.15    0.14     4.05   95.00    532.00    11.00  10.38    0.15     5.60    0.00      0.00     0.00   0.00    0.00     0.00    1.00    1.00    0.90  86.40


10/05/2026 09:51:09 PM
Device            r/s     rkB/s   rrqm/s  %rrqm r_await rareq-sz     w/s     wkB/s   wrqm/s  %wrqm w_await wareq-sz     d/s     dkB/s   drqm/s  %drqm d_await dareq-sz     f/s f_await  aqu-sz  %util
nvme0n1        592.00  68916.00    17.00   2.79    0.40   116.41    0.00      0.00     0.00   0.00    0.00     0.00    0.00      0.00     0.00   0.00    0.00     0.00    0.00    0.00    0.23  10.30


10/05/2026 09:51:10 PM
Device            r/s     rkB/s   rrqm/s  %rrqm r_await rareq-sz     w/s     wkB/s   wrqm/s  %wrqm w_await wareq-sz     d/s     dkB/s   drqm/s  %drqm d_await dareq-sz     f/s f_await  aqu-sz  %util
nvme0n1       1555.00 189880.00     0.00   0.00    0.29   122.11    1.00      8.00     1.00  50.00    0.00     8.00    0.00      0.00     0.00   0.00    0.00     0.00    0.00    0.00    0.45  17.20


10/05/2026 09:51:11 PM
Device            r/s     rkB/s   rrqm/s  %rrqm r_await rareq-sz     w/s     wkB/s   wrqm/s  %wrqm w_await wareq-sz     d/s     dkB/s   drqm/s  %drqm d_await dareq-sz     f/s f_await  aqu-sz  %util
nvme0n1       1807.00 225232.00     0.00   0.00    0.26   124.64    3.00     20.00     2.00  40.00   19.67     6.67    0.00      0.00     0.00   0.00    0.00     0.00    0.00    0.00    0.53  17.20


10/05/2026 09:51:12 PM
Device            r/s     rkB/s   rrqm/s  %rrqm r_await rareq-sz     w/s     wkB/s   wrqm/s  %wrqm w_await wareq-sz     d/s     dkB/s   drqm/s  %drqm d_await dareq-sz     f/s f_await  aqu-sz  %util
nvme0n1       3813.00  91144.00     0.00   0.00    0.17    23.90    0.00      0.00     0.00   0.00    0.00     0.00    0.00      0.00     0.00   0.00    0.00     0.00    0.00    0.00    0.64  53.20


10/05/2026 09:51:13 PM
Device            r/s     rkB/s   rrqm/s  %rrqm r_await rareq-sz     w/s     wkB/s   wrqm/s  %wrqm w_await wareq-sz     d/s     dkB/s   drqm/s  %drqm d_await dareq-sz     f/s f_await  aqu-sz  %util
nvme0n1       5254.00  28828.00     0.00   0.00    0.15     5.49    0.00      0.00     7.00 100.00    0.00     0.00    0.00      0.00     0.00   0.00    0.00     0.00    0.00    0.00    0.78  76.00


10/05/2026 09:51:14 PM
Device            r/s     rkB/s   rrqm/s  %rrqm r_await rareq-sz     w/s     wkB/s   wrqm/s  %wrqm w_await wareq-sz     d/s     dkB/s   drqm/s  %drqm d_await dareq-sz     f/s f_await  aqu-sz  %util
nvme0n1        506.00  60260.00     0.00   0.00    0.40   119.09   14.00     80.00     0.00   0.00    0.86     5.71    0.00      0.00     0.00   0.00    0.00     0.00    1.00    2.00    0.22   8.60


10/05/2026 09:51:15 PM
Device            r/s     rkB/s   rrqm/s  %rrqm r_await rareq-sz     w/s     wkB/s   wrqm/s  %wrqm w_await wareq-sz     d/s     dkB/s   drqm/s  %drqm d_await dareq-sz     f/s f_await  aqu-sz  %util
nvme0n1       1239.00 150292.00     0.00   0.00    0.28   121.30    5.00     20.00     0.00   0.00    0.40     4.00    0.00      0.00     0.00   0.00    0.00     0.00    0.00    0.00    0.34  13.70


10/05/2026 09:51:16 PM
Device            r/s     rkB/s   rrqm/s  %rrqm r_await rareq-sz     w/s     wkB/s   wrqm/s  %wrqm w_await wareq-sz     d/s     dkB/s   drqm/s  %drqm d_await dareq-sz     f/s f_await  aqu-sz  %util
nvme0n1       1326.00 162780.00     0.00   0.00    0.32   122.76  367.00   9056.00  1897.00  83.79    4.65    24.68    0.00      0.00     0.00   0.00    0.00     0.00    0.00    0.00    2.13  18.80


10/05/2026 09:51:17 PM
Device            r/s     rkB/s   rrqm/s  %rrqm r_await rareq-sz     w/s     wkB/s   wrqm/s  %wrqm w_await wareq-sz     d/s     dkB/s   drqm/s  %drqm d_await dareq-sz     f/s f_await  aqu-sz  %util
nvme0n1       5305.00  43856.00     0.00   0.00    0.15     8.27    1.00      4.00     0.00   0.00    0.00     4.00    0.00      0.00     0.00   0.00    0.00     0.00    0.00    0.00    0.81  78.60


10/05/2026 09:51:18 PM
Device            r/s     rkB/s   rrqm/s  %rrqm r_await rareq-sz     w/s     wkB/s   wrqm/s  %wrqm w_await wareq-sz     d/s     dkB/s   drqm/s  %drqm d_await dareq-sz     f/s f_await  aqu-sz  %util
nvme0n1       3886.00  46416.00   338.00   8.00    0.15    11.94    1.00     20.00     4.00  80.00    0.00    20.00    0.00      0.00     0.00   0.00    0.00     0.00    0.00    0.00    0.59  51.90


10/05/2026 09:51:19 PM
Device            r/s     rkB/s   rrqm/s  %rrqm r_await rareq-sz     w/s     wkB/s   wrqm/s  %wrqm w_await wareq-sz     d/s     dkB/s   drqm/s  %drqm d_await dareq-sz     f/s f_await  aqu-sz  %util
nvme0n1        857.00 104612.00     0.00   0.00    0.30   122.07    2.00      4.00     0.00   0.00    0.50     2.00    0.00      0.00     0.00   0.00    0.00     0.00    1.00    1.00    0.26  10.90


10/05/2026 09:51:20 PM
Device            r/s     rkB/s   rrqm/s  %rrqm r_await rareq-sz     w/s     wkB/s   wrqm/s  %wrqm w_await wareq-sz     d/s     dkB/s   drqm/s  %drqm d_await dareq-sz     f/s f_await  aqu-sz  %util
nvme0n1        988.00 120364.00     0.00   0.00    0.31   121.83    1.00      4.00     0.00   0.00   31.00     4.00    0.00      0.00     0.00   0.00    0.00     0.00    0.00    0.00    0.33  13.20


10/05/2026 09:51:21 PM
Device            r/s     rkB/s   rrqm/s  %rrqm r_await rareq-sz     w/s     wkB/s   wrqm/s  %wrqm w_await wareq-sz     d/s     dkB/s   drqm/s  %drqm d_await dareq-sz     f/s f_await  aqu-sz  %util
nvme0n1        947.00 117796.00     0.00   0.00    0.31   124.39    0.00      0.00     0.00   0.00    0.00     0.00    0.00      0.00     0.00   0.00    0.00     0.00    0.00    0.00    0.30  12.50


10/05/2026 09:51:22 PM
Device            r/s     rkB/s   rrqm/s  %rrqm r_await rareq-sz     w/s     wkB/s   wrqm/s  %wrqm w_await wareq-sz     d/s     dkB/s   drqm/s  %drqm d_await dareq-sz     f/s f_await  aqu-sz  %util
nvme0n1        342.00   9168.00    29.00   7.82    0.30    26.81    1.00      8.00     1.00  50.00    1.00     8.00    0.00      0.00     0.00   0.00    0.00     0.00    0.00    0.00    0.10   4.70


10/05/2026 09:51:23 PM
Device            r/s     rkB/s   rrqm/s  %rrqm r_await rareq-sz     w/s     wkB/s   wrqm/s  %wrqm w_await wareq-sz     d/s     dkB/s   drqm/s  %drqm d_await dareq-sz     f/s f_await  aqu-sz  %util
nvme0n1        307.00   8072.00     0.00   0.00    0.21    26.29    1.00      4.00     0.00   0.00    1.00     4.00    0.00      0.00     0.00   0.00    0.00     0.00    0.00    0.00    0.06   4.70


10/05/2026 09:51:24 PM
Device            r/s     rkB/s   rrqm/s  %rrqm r_await rareq-sz     w/s     wkB/s   wrqm/s  %wrqm w_await wareq-sz     d/s     dkB/s   drqm/s  %drqm d_await dareq-sz     f/s f_await  aqu-sz  %util
nvme0n1        376.00  11832.00     0.00   0.00    0.22    31.47   34.00    180.00    11.00  24.44    0.59     5.29    0.00      0.00     0.00   0.00    0.00     0.00    1.00    3.00    0.11   4.60


10/05/2026 09:51:25 PM
Device            r/s     rkB/s   rrqm/s  %rrqm r_await rareq-sz     w/s     wkB/s   wrqm/s  %wrqm w_await wareq-sz     d/s     dkB/s   drqm/s  %drqm d_await dareq-sz     f/s f_await  aqu-sz  %util
nvme0n1        235.00   4788.00     0.00   0.00    0.22    20.37    0.00      0.00     0.00   0.00    0.00     0.00    0.00      0.00     0.00   0.00    0.00     0.00    0.00    0.00    0.05   4.00


10/05/2026 09:51:26 PM
Device            r/s     rkB/s   rrqm/s  %rrqm r_await rareq-sz     w/s     wkB/s   wrqm/s  %wrqm w_await wareq-sz     d/s     dkB/s   drqm/s  %drqm d_await dareq-sz     f/s f_await  aqu-sz  %util
nvme0n1        316.00   6660.00     0.00   0.00    0.21    21.08    0.00      0.00     0.00   0.00    0.00     0.00    0.00      0.00     0.00   0.00    0.00     0.00    0.00    0.00    0.07   5.00


10/05/2026 09:51:27 PM
Device            r/s     rkB/s   rrqm/s  %rrqm r_await rareq-sz     w/s     wkB/s   wrqm/s  %wrqm w_await wareq-sz     d/s     dkB/s   drqm/s  %drqm d_await dareq-sz     f/s f_await  aqu-sz  %util
nvme0n1        326.00   6944.00     0.00   0.00    0.22    21.30    0.00      0.00     0.00   0.00    0.00     0.00    0.00      0.00     0.00   0.00    0.00     0.00    0.00    0.00    0.07   4.30


10/05/2026 09:51:28 PM
Device            r/s     rkB/s   rrqm/s  %rrqm r_await rareq-sz     w/s     wkB/s   wrqm/s  %wrqm w_await wareq-sz     d/s     dkB/s   drqm/s  %drqm d_await dareq-sz     f/s f_await  aqu-sz  %util
nvme0n1        263.00   4656.00     0.00   0.00    0.21    17.70    1.00      8.00     1.00  50.00    0.00     8.00    0.00      0.00     0.00   0.00    0.00     0.00    0.00    0.00    0.05   4.30


10/05/2026 09:51:29 PM
Device            r/s     rkB/s   rrqm/s  %rrqm r_await rareq-sz     w/s     wkB/s   wrqm/s  %wrqm w_await wareq-sz     d/s     dkB/s   drqm/s  %drqm d_await dareq-sz     f/s f_await  aqu-sz  %util
nvme0n1        488.00  17224.00     7.00   1.41    0.26    35.30    4.00     36.00     6.00  60.00    0.75     9.00    0.00      0.00     0.00   0.00    0.00     0.00    1.00    2.00    0.13   5.60


10/05/2026 09:51:30 PM
Device            r/s     rkB/s   rrqm/s  %rrqm r_await rareq-sz     w/s     wkB/s   wrqm/s  %wrqm w_await wareq-sz     d/s     dkB/s   drqm/s  %drqm d_await dareq-sz     f/s f_await  aqu-sz  %util
nvme0n1        213.00   1988.00     0.00   0.00    0.20     9.33    0.00      0.00     0.00   0.00    0.00     0.00    0.00      0.00     0.00   0.00    0.00     0.00    0.00    0.00    0.04   3.70


10/05/2026 09:51:31 PM
Device            r/s     rkB/s   rrqm/s  %rrqm r_await rareq-sz     w/s     wkB/s   wrqm/s  %wrqm w_await wareq-sz     d/s     dkB/s   drqm/s  %drqm d_await dareq-sz     f/s f_await  aqu-sz  %util
nvme0n1        362.00  11400.00     0.00   0.00    0.25    31.49    0.00      0.00     0.00   0.00    0.00     0.00    0.00      0.00     0.00   0.00    0.00     0.00    0.00    0.00    0.09   4.70


10/05/2026 09:51:32 PM
Device            r/s     rkB/s   rrqm/s  %rrqm r_await rareq-sz     w/s     wkB/s   wrqm/s  %wrqm w_await wareq-sz     d/s     dkB/s   drqm/s  %drqm d_await dareq-sz     f/s f_await  aqu-sz  %util
nvme0n1        245.00   4156.00     0.00   0.00    0.22    16.96    0.00      0.00     0.00   0.00    0.00     0.00    0.00      0.00     0.00   0.00    0.00     0.00    0.00    0.00    0.06   4.30


10/05/2026 09:51:33 PM
Device            r/s     rkB/s   rrqm/s  %rrqm r_await rareq-sz     w/s     wkB/s   wrqm/s  %wrqm w_await wareq-sz     d/s     dkB/s   drqm/s  %drqm d_await dareq-sz     f/s f_await  aqu-sz  %util
nvme0n1       1295.00  38208.00    89.00   6.43    0.13    29.50    1.00      4.00     0.00   0.00    0.00     4.00    0.00      0.00     0.00   0.00    0.00     0.00    0.00    0.00    0.17  11.00


10/05/2026 09:51:34 PM
Device            r/s     rkB/s   rrqm/s  %rrqm r_await rareq-sz     w/s     wkB/s   wrqm/s  %wrqm w_await wareq-sz     d/s     dkB/s   drqm/s  %drqm d_await dareq-sz     f/s f_await  aqu-sz  %util
nvme0n1        316.00   8984.00     0.00   0.00    0.23    28.43    1.00      4.00    11.00  91.67    1.00     4.00    0.00      0.00     0.00   0.00    0.00     0.00    0.00    0.00    0.07   4.50


10/05/2026 09:51:35 PM
Device            r/s     rkB/s   rrqm/s  %rrqm r_await rareq-sz     w/s     wkB/s   wrqm/s  %wrqm w_await wareq-sz     d/s     dkB/s   drqm/s  %drqm d_await dareq-sz     f/s f_await  aqu-sz  %util
nvme0n1        360.00   9112.00     0.00   0.00    0.21    25.31    4.00     60.00     1.00  20.00    1.00    15.00    0.00      0.00     0.00   0.00    0.00     0.00    1.00    2.00    0.08   5.30


10/05/2026 09:51:36 PM
Device            r/s     rkB/s   rrqm/s  %rrqm r_await rareq-sz     w/s     wkB/s   wrqm/s  %wrqm w_await wareq-sz     d/s     dkB/s   drqm/s  %drqm d_await dareq-sz     f/s f_await  aqu-sz  %util
nvme0n1        277.00   6892.00     0.00   0.00    0.22    24.88    0.00      0.00     0.00   0.00    0.00     0.00    0.00      0.00     0.00   0.00    0.00     0.00    0.00    0.00    0.06   4.50


10/05/2026 09:51:37 PM
Device            r/s     rkB/s   rrqm/s  %rrqm r_await rareq-sz     w/s     wkB/s   wrqm/s  %wrqm w_await wareq-sz     d/s     dkB/s   drqm/s  %drqm d_await dareq-sz     f/s f_await  aqu-sz  %util
nvme0n1        495.00  19392.00     0.00   0.00    0.21    39.18    0.00      0.00     0.00   0.00    0.00     0.00    0.00      0.00     0.00   0.00    0.00     0.00    0.00    0.00    0.10   5.00


10/05/2026 09:51:38 PM
Device            r/s     rkB/s   rrqm/s  %rrqm r_await rareq-sz     w/s     wkB/s   wrqm/s  %wrqm w_await wareq-sz     d/s     dkB/s   drqm/s  %drqm d_await dareq-sz     f/s f_await  aqu-sz  %util
nvme0n1        453.00  17764.00     0.00   0.00    0.23    39.21   95.00    540.00     2.00   2.06    0.03     5.68    0.00      0.00     0.00   0.00    0.00     0.00    0.00    0.00    0.11   5.20


10/05/2026 09:51:39 PM
Device            r/s     rkB/s   rrqm/s  %rrqm r_await rareq-sz     w/s     wkB/s   wrqm/s  %wrqm w_await wareq-sz     d/s     dkB/s   drqm/s  %drqm d_await dareq-sz     f/s f_await  aqu-sz  %util
nvme0n1        204.00   1576.00     0.00   0.00    0.21     7.73    0.00      0.00     8.00 100.00    0.00     0.00    0.00      0.00     0.00   0.00    0.00     0.00    0.00    0.00    0.04   4.00


10/05/2026 09:51:40 PM
Device            r/s     rkB/s   rrqm/s  %rrqm r_await rareq-sz     w/s     wkB/s   wrqm/s  %wrqm w_await wareq-sz     d/s     dkB/s   drqm/s  %drqm d_await dareq-sz     f/s f_await  aqu-sz  %util
nvme0n1        343.00   8612.00     0.00   0.00    0.21    25.11    4.00     48.00     1.00  20.00    1.25    12.00    0.00      0.00     0.00   0.00    0.00     0.00    1.00    2.00    0.08   4.80


10/05/2026 09:51:41 PM
Device            r/s     rkB/s   rrqm/s  %rrqm r_await rareq-sz     w/s     wkB/s   wrqm/s  %wrqm w_await wareq-sz     d/s     dkB/s   drqm/s  %drqm d_await dareq-sz     f/s f_await  aqu-sz  %util
nvme0n1        496.00  18844.00     0.00   0.00    0.23    37.99    1.00      4.00     0.00   0.00    0.00     4.00    0.00      0.00     0.00   0.00    0.00     0.00    0.00    0.00    0.11   5.30


10/05/2026 09:51:42 PM
Device            r/s     rkB/s   rrqm/s  %rrqm r_await rareq-sz     w/s     wkB/s   wrqm/s  %wrqm w_await wareq-sz     d/s     dkB/s   drqm/s  %drqm d_await dareq-sz     f/s f_await  aqu-sz  %util
nvme0n1        325.00   7864.00     0.00   0.00    0.27    24.20    0.00      0.00     0.00   0.00    0.00     0.00    0.00      0.00     0.00   0.00    0.00     0.00    0.00    0.00    0.09   4.60


10/05/2026 09:51:43 PM
Device            r/s     rkB/s   rrqm/s  %rrqm r_await rareq-sz     w/s     wkB/s   wrqm/s  %wrqm w_await wareq-sz     d/s     dkB/s   drqm/s  %drqm d_await dareq-sz     f/s f_await  aqu-sz  %util
nvme0n1        263.00   5552.00     0.00   0.00    0.22    21.11    0.00      0.00     0.00   0.00    0.00     0.00    0.00      0.00     0.00   0.00    0.00     0.00    0.00    0.00    0.06   4.40


10/05/2026 09:51:44 PM
Device            r/s     rkB/s   rrqm/s  %rrqm r_await rareq-sz     w/s     wkB/s   wrqm/s  %wrqm w_await wareq-sz     d/s     dkB/s   drqm/s  %drqm d_await dareq-sz     f/s f_await  aqu-sz  %util
nvme0n1        255.00   4080.00     0.00   0.00    0.23    16.00    0.00      0.00     4.00 100.00    0.00     0.00    0.00      0.00     0.00   0.00    0.00     0.00    0.00    0.00    0.06   4.30


10/05/2026 09:51:45 PM
Device            r/s     rkB/s   rrqm/s  %rrqm r_await rareq-sz     w/s     wkB/s   wrqm/s  %wrqm w_await wareq-sz     d/s     dkB/s   drqm/s  %drqm d_await dareq-sz     f/s f_await  aqu-sz  %util
nvme0n1        379.00  13420.00     0.00   0.00    0.23    35.41    3.00     24.00     0.00   0.00    1.33     8.00    0.00      0.00     0.00   0.00    0.00     0.00    1.00    2.00    0.09   5.70


10/05/2026 09:51:46 PM
Device            r/s     rkB/s   rrqm/s  %rrqm r_await rareq-sz     w/s     wkB/s   wrqm/s  %wrqm w_await wareq-sz     d/s     dkB/s   drqm/s  %drqm d_await dareq-sz     f/s f_await  aqu-sz  %util
nvme0n1        355.00  12184.00     0.00   0.00    0.21    34.32    1.00      4.00     0.00   0.00    0.00     4.00    0.00      0.00     0.00   0.00    0.00     0.00    0.00    0.00    0.08   4.30


10/05/2026 09:51:47 PM
Device            r/s     rkB/s   rrqm/s  %rrqm r_await rareq-sz     w/s     wkB/s   wrqm/s  %wrqm w_await wareq-sz     d/s     dkB/s   drqm/s  %drqm d_await dareq-sz     f/s f_await  aqu-sz  %util
nvme0n1        272.00   5684.00     0.00   0.00    0.21    20.90    1.00      4.00     0.00   0.00    0.00     4.00    0.00      0.00     0.00   0.00    0.00     0.00    0.00    0.00    0.06   4.30


10/05/2026 09:51:48 PM
Device            r/s     rkB/s   rrqm/s  %rrqm r_await rareq-sz     w/s     wkB/s   wrqm/s  %wrqm w_await wareq-sz     d/s     dkB/s   drqm/s  %drqm d_await dareq-sz     f/s f_await  aqu-sz  %util
nvme0n1        276.00   4612.00     2.00   0.72    0.23    16.71    0.00      0.00     0.00   0.00    0.00     0.00    0.00      0.00     0.00   0.00    0.00     0.00    0.00    0.00    0.06   4.90


10/05/2026 09:51:49 PM
Device            r/s     rkB/s   rrqm/s  %rrqm r_await rareq-sz     w/s     wkB/s   wrqm/s  %wrqm w_await wareq-sz     d/s     dkB/s   drqm/s  %drqm d_await dareq-sz     f/s f_await  aqu-sz  %util
nvme0n1        331.00  10204.00     0.00   0.00    0.20    30.83   13.00     52.00     5.00  27.78    0.85     4.00    0.00      0.00     0.00   0.00    0.00     0.00    0.00    0.00    0.08   4.40


10/05/2026 09:51:50 PM
Device            r/s     rkB/s   rrqm/s  %rrqm r_await rareq-sz     w/s     wkB/s   wrqm/s  %wrqm w_await wareq-sz     d/s     dkB/s   drqm/s  %drqm d_await dareq-sz     f/s f_await  aqu-sz  %util
nvme0n1        279.00   5448.00     0.00   0.00    0.23    19.53    3.00     28.00     0.00   0.00    1.00     9.33    0.00      0.00     0.00   0.00    0.00     0.00    1.00    2.00    0.07   4.90


10/05/2026 09:51:51 PM
Device            r/s     rkB/s   rrqm/s  %rrqm r_await rareq-sz     w/s     wkB/s   wrqm/s  %wrqm w_await wareq-sz     d/s     dkB/s   drqm/s  %drqm d_await dareq-sz     f/s f_await  aqu-sz  %util
nvme0n1        251.00   6412.00     0.00   0.00    0.22    25.55    0.00      0.00     0.00   0.00    0.00     0.00    0.00      0.00     0.00   0.00    0.00     0.00    0.00    0.00    0.06   4.60


10/05/2026 09:51:52 PM
Device            r/s     rkB/s   rrqm/s  %rrqm r_await rareq-sz     w/s     wkB/s   wrqm/s  %wrqm w_await wareq-sz     d/s     dkB/s   drqm/s  %drqm d_await dareq-sz     f/s f_await  aqu-sz  %util
nvme0n1        339.00   8040.00     0.00   0.00    0.21    23.72    1.00      8.00     1.00  50.00    1.00     8.00    0.00      0.00     0.00   0.00    0.00     0.00    0.00    0.00    0.07   4.00


10/05/2026 09:51:53 PM
Device            r/s     rkB/s   rrqm/s  %rrqm r_await rareq-sz     w/s     wkB/s   wrqm/s  %wrqm w_await wareq-sz     d/s     dkB/s   drqm/s  %drqm d_await dareq-sz     f/s f_await  aqu-sz  %util
nvme0n1        492.00  24124.00     0.00   0.00    0.24    49.03   33.00    136.00     0.00   0.00    0.18     4.12    0.00      0.00     0.00   0.00    0.00     0.00    0.00    0.00    0.12   5.20


10/05/2026 09:51:54 PM
Device            r/s     rkB/s   rrqm/s  %rrqm r_await rareq-sz     w/s     wkB/s   wrqm/s  %wrqm w_await wareq-sz     d/s     dkB/s   drqm/s  %drqm d_await dareq-sz     f/s f_await  aqu-sz  %util
nvme0n1       4837.00  45352.00  6452.00  57.15    0.05     9.38    0.00      0.00     0.00   0.00    0.00     0.00    0.00      0.00     0.00   0.00    0.00     0.00    0.00    0.00    0.25  23.80


10/05/2026 09:51:55 PM
Device            r/s     rkB/s   rrqm/s  %rrqm r_await rareq-sz     w/s     wkB/s   wrqm/s  %wrqm w_await wareq-sz     d/s     dkB/s   drqm/s  %drqm d_await dareq-sz     f/s f_await  aqu-sz  %util
nvme0n1       3681.00 242436.00  5073.00  57.95    0.13    65.86    4.00     56.00     9.00  69.23    1.25    14.00    0.00      0.00     0.00   0.00    0.00     0.00    1.00    1.00    0.48  32.40


10/05/2026 09:51:56 PM
Device            r/s     rkB/s   rrqm/s  %rrqm r_await rareq-sz     w/s     wkB/s   wrqm/s  %wrqm w_await wareq-sz     d/s     dkB/s   drqm/s  %drqm d_await dareq-sz     f/s f_await  aqu-sz  %util
nvme0n1        259.00  19228.00     0.00   0.00    0.13    74.24    0.00      0.00     0.00   0.00    0.00     0.00    0.00      0.00     0.00   0.00    0.00     0.00    0.00    0.00    0.03   2.30


10/05/2026 09:51:57 PM
Device            r/s     rkB/s   rrqm/s  %rrqm r_await rareq-sz     w/s     wkB/s   wrqm/s  %wrqm w_await wareq-sz     d/s     dkB/s   drqm/s  %drqm d_await dareq-sz     f/s f_await  aqu-sz  %util
nvme0n1        328.00  27516.00     0.00   0.00    0.24    83.89    0.00      0.00     0.00   0.00    0.00     0.00    0.00      0.00     0.00   0.00    0.00     0.00    0.00    0.00    0.08   4.70


10/05/2026 09:51:58 PM
Device            r/s     rkB/s   rrqm/s  %rrqm r_await rareq-sz     w/s     wkB/s   wrqm/s  %wrqm w_await wareq-sz     d/s     dkB/s   drqm/s  %drqm d_await dareq-sz     f/s f_await  aqu-sz  %util
nvme0n1       4617.00 565404.00     0.00   0.00    0.24   122.46    1.00      8.00     1.00  50.00    1.00     8.00    0.00      0.00     0.00   0.00    0.00     0.00    0.00    0.00    1.11  27.00


10/05/2026 09:51:59 PM
Device            r/s     rkB/s   rrqm/s  %rrqm r_await rareq-sz     w/s     wkB/s   wrqm/s  %wrqm w_await wareq-sz     d/s     dkB/s   drqm/s  %drqm d_await dareq-sz     f/s f_await  aqu-sz  %util
nvme0n1       8570.00 1044568.00     0.00   0.00    0.22   121.89    0.00      0.00     0.00   0.00    0.00     0.00    0.00      0.00     0.00   0.00    0.00     0.00    0.00    0.00    1.86  52.20


10/05/2026 09:52:00 PM
Device            r/s     rkB/s   rrqm/s  %rrqm r_await rareq-sz     w/s     wkB/s   wrqm/s  %wrqm w_await wareq-sz     d/s     dkB/s   drqm/s  %drqm d_await dareq-sz     f/s f_await  aqu-sz  %util
nvme0n1       7524.00 912620.00     0.00   0.00    0.22   121.29    4.00     32.00    17.00  80.95    0.00     8.00    0.00      0.00     0.00   0.00    0.00     0.00    0.00    0.00    1.69  51.00


10/05/2026 09:52:01 PM
Device            r/s     rkB/s   rrqm/s  %rrqm r_await rareq-sz     w/s     wkB/s   wrqm/s  %wrqm w_await wareq-sz     d/s     dkB/s   drqm/s  %drqm d_await dareq-sz     f/s f_await  aqu-sz  %util
nvme0n1       10171.00 1252756.00     0.00   0.00    0.21   123.17    5.00     72.00     1.00  16.67    5.20    14.40    0.00      0.00     0.00   0.00    0.00     0.00    1.00    1.00    2.12  54.20


10/05/2026 09:52:02 PM
Device            r/s     rkB/s   rrqm/s  %rrqm r_await rareq-sz     w/s     wkB/s   wrqm/s  %wrqm w_await wareq-sz     d/s     dkB/s   drqm/s  %drqm d_await dareq-sz     f/s f_await  aqu-sz  %util
nvme0n1       9895.00 1232940.00     0.00   0.00    0.22   124.60  104.00    420.00     0.00   0.00   14.13     4.04    0.00      0.00     0.00   0.00    0.00     0.00    0.00    0.00    3.62  55.30


10/05/2026 09:52:03 PM
Device            r/s     rkB/s   rrqm/s  %rrqm r_await rareq-sz     w/s     wkB/s   wrqm/s  %wrqm w_await wareq-sz     d/s     dkB/s   drqm/s  %drqm d_await dareq-sz     f/s f_await  aqu-sz  %util
nvme0n1       9186.00 1117604.00     0.00   0.00    0.21   121.66   12.00     56.00     2.00  14.29   15.17     4.67    0.00      0.00     0.00   0.00    0.00     0.00    0.00    0.00    2.15  53.90


10/05/2026 09:52:04 PM
Device            r/s     rkB/s   rrqm/s  %rrqm r_await rareq-sz     w/s     wkB/s   wrqm/s  %wrqm w_await wareq-sz     d/s     dkB/s   drqm/s  %drqm d_await dareq-sz     f/s f_await  aqu-sz  %util
nvme0n1       10571.00 1293356.00    30.00   0.28    0.21   122.35   80.00    320.00     0.00   0.00    8.69     4.00    0.00      0.00     0.00   0.00    0.00     0.00    0.00    0.00    2.88  57.60


10/05/2026 09:52:05 PM
Device            r/s     rkB/s   rrqm/s  %rrqm r_await rareq-sz     w/s     wkB/s   wrqm/s  %wrqm w_await wareq-sz     d/s     dkB/s   drqm/s  %drqm d_await dareq-sz     f/s f_await  aqu-sz  %util
nvme0n1       10178.00 1268104.00     0.00   0.00    0.22   124.59    1.00      4.00     8.00  88.89    0.00     4.00    0.00      0.00     0.00   0.00    0.00     0.00    0.00    0.00    2.19  52.30


10/05/2026 09:52:06 PM
Device            r/s     rkB/s   rrqm/s  %rrqm r_await rareq-sz     w/s     wkB/s   wrqm/s  %wrqm w_await wareq-sz     d/s     dkB/s   drqm/s  %drqm d_await dareq-sz     f/s f_await  aqu-sz  %util
nvme0n1       10766.00 1353172.00     0.00   0.00    0.21   125.69    5.00     68.00     5.00  50.00    2.40    13.60    0.00      0.00     0.00   0.00    0.00     0.00    1.00    1.00    2.27  56.20


10/05/2026 09:52:07 PM
Device            r/s     rkB/s   rrqm/s  %rrqm r_await rareq-sz     w/s     wkB/s   wrqm/s  %wrqm w_await wareq-sz     d/s     dkB/s   drqm/s  %drqm d_await dareq-sz     f/s f_await  aqu-sz  %util
nvme0n1       10268.00 1290160.00     0.00   0.00    0.21   125.65    0.00      0.00     0.00   0.00    0.00     0.00    0.00      0.00     0.00   0.00    0.00     0.00    0.00    0.00    2.18  55.00


10/05/2026 09:52:08 PM
Device            r/s     rkB/s   rrqm/s  %rrqm r_await rareq-sz     w/s     wkB/s   wrqm/s  %wrqm w_await wareq-sz     d/s     dkB/s   drqm/s  %drqm d_await dareq-sz     f/s f_await  aqu-sz  %util
nvme0n1       9957.00 1242824.00     0.00   0.00    0.21   124.82    0.00      0.00     0.00   0.00    0.00     0.00    0.00      0.00     0.00   0.00    0.00     0.00    0.00    0.00    2.07  54.80


10/05/2026 09:52:09 PM
Device            r/s     rkB/s   rrqm/s  %rrqm r_await rareq-sz     w/s     wkB/s   wrqm/s  %wrqm w_await wareq-sz     d/s     dkB/s   drqm/s  %drqm d_await dareq-sz     f/s f_await  aqu-sz  %util
nvme0n1       14435.00 1843736.00     0.00   0.00    0.17   127.73  329.00   1476.00     4.00   1.20    2.59     4.49    0.00      0.00     0.00   0.00    0.00     0.00    0.00    0.00    3.35  49.50


10/05/2026 09:52:10 PM
Device            r/s     rkB/s   rrqm/s  %rrqm r_await rareq-sz     w/s     wkB/s   wrqm/s  %wrqm w_await wareq-sz     d/s     dkB/s   drqm/s  %drqm d_await dareq-sz     f/s f_await  aqu-sz  %util
nvme0n1       13789.00 1764616.00     0.00   0.00    0.19   127.97  400.00   1660.00    15.00   3.61    6.58     4.15    0.00      0.00     0.00   0.00    0.00     0.00    0.00    0.00    5.28  48.70


10/05/2026 09:52:11 PM
Device            r/s     rkB/s   rrqm/s  %rrqm r_await rareq-sz     w/s     wkB/s   wrqm/s  %wrqm w_await wareq-sz     d/s     dkB/s   drqm/s  %drqm d_await dareq-sz     f/s f_await  aqu-sz  %util
nvme0n1       14337.00 1831924.00     0.00   0.00    0.18   127.78    2.00      4.00     0.00   0.00    9.00     2.00    0.00      0.00     0.00   0.00    0.00     0.00    1.00    1.00    2.66  48.80


10/05/2026 09:52:12 PM
Device            r/s     rkB/s   rrqm/s  %rrqm r_await rareq-sz     w/s     wkB/s   wrqm/s  %wrqm w_await wareq-sz     d/s     dkB/s   drqm/s  %drqm d_await dareq-sz     f/s f_await  aqu-sz  %util
nvme0n1       14863.00 1902336.00     0.00   0.00    0.18   127.99    2.00     12.00     1.00  33.33    7.00     6.00    0.00      0.00     0.00   0.00    0.00     0.00    0.00    0.00    2.66  47.90


10/05/2026 09:52:13 PM
Device            r/s     rkB/s   rrqm/s  %rrqm r_await rareq-sz     w/s     wkB/s   wrqm/s  %wrqm w_await wareq-sz     d/s     dkB/s   drqm/s  %drqm d_await dareq-sz     f/s f_await  aqu-sz  %util
nvme0n1       13823.00 1754968.00     0.00   0.00    0.17   126.96    0.00      0.00     0.00   0.00    0.00     0.00    0.00      0.00     0.00   0.00    0.00     0.00    0.00    0.00    2.33  48.20


10/05/2026 09:52:14 PM
Device            r/s     rkB/s   rrqm/s  %rrqm r_await rareq-sz     w/s     wkB/s   wrqm/s  %wrqm w_await wareq-sz     d/s     dkB/s   drqm/s  %drqm d_await dareq-sz     f/s f_await  aqu-sz  %util
nvme0n1       6291.00 782260.00     2.00   0.03    0.16   124.35   25.00    288.00    47.00  65.28   28.16    11.52    0.00      0.00     0.00   0.00    0.00     0.00    0.00    0.00    1.74  23.60


10/05/2026 09:52:15 PM
Device            r/s     rkB/s   rrqm/s  %rrqm r_await rareq-sz     w/s     wkB/s   wrqm/s  %wrqm w_await wareq-sz     d/s     dkB/s   drqm/s  %drqm d_await dareq-sz     f/s f_await  aqu-sz  %util
nvme0n1       6725.00 484132.00    30.00   0.44    0.19    71.99    1.00     32.00     7.00  87.50    0.00    32.00    0.00      0.00     0.00   0.00    0.00     0.00    0.00    0.00    1.30  21.90


10/05/2026 09:52:16 PM
Device            r/s     rkB/s   rrqm/s  %rrqm r_await rareq-sz     w/s     wkB/s   wrqm/s  %wrqm w_await wareq-sz     d/s     dkB/s   drqm/s  %drqm d_await dareq-sz     f/s f_await  aqu-sz  %util
nvme0n1       19368.00 1296056.00     0.00   0.00    0.18    66.92  400.00   1648.00    13.00   3.15   10.04     4.12    0.00      0.00     0.00   0.00    0.00     0.00    1.00    2.00    7.58  49.10


10/05/2026 09:52:17 PM
Device            r/s     rkB/s   rrqm/s  %rrqm r_await rareq-sz     w/s     wkB/s   wrqm/s  %wrqm w_await wareq-sz     d/s     dkB/s   drqm/s  %drqm d_await dareq-sz     f/s f_await  aqu-sz  %util
nvme0n1       18828.00 1262492.00     0.00   0.00    0.18    67.05  626.00   2720.00    23.00   3.54    7.77     4.35    0.00      0.00     0.00   0.00    0.00     0.00    4.00    1.50    8.33  49.40


10/05/2026 09:52:18 PM
Device            r/s     rkB/s   rrqm/s  %rrqm r_await rareq-sz     w/s     wkB/s   wrqm/s  %wrqm w_await wareq-sz     d/s     dkB/s   drqm/s  %drqm d_await dareq-sz     f/s f_await  aqu-sz  %util
nvme0n1       14362.00 942628.00     2.00   0.01    0.18    65.63  409.00   1728.00    23.00   5.32   13.49     4.22    0.00      0.00     0.00   0.00    0.00     0.00    0.00    0.00    8.11  43.70


10/05/2026 09:52:19 PM
Device            r/s     rkB/s   rrqm/s  %rrqm r_await rareq-sz     w/s     wkB/s   wrqm/s  %wrqm w_await wareq-sz     d/s     dkB/s   drqm/s  %drqm d_await dareq-sz     f/s f_await  aqu-sz  %util
nvme0n1       13340.00 781420.00    36.00   0.27    0.17    58.58   35.00    152.00     4.00  10.26   30.86     4.34    0.00      0.00     0.00   0.00    0.00     0.00    1.00    1.00    3.30  41.90


10/05/2026 09:52:20 PM
Device            r/s     rkB/s   rrqm/s  %rrqm r_await rareq-sz     w/s     wkB/s   wrqm/s  %wrqm w_await wareq-sz     d/s     dkB/s   drqm/s  %drqm d_await dareq-sz     f/s f_await  aqu-sz  %util
nvme0n1       9414.00 629736.00     0.00   0.00    0.18    66.89   43.00    188.00     3.00   6.52    0.07     4.37    0.00      0.00     0.00   0.00    0.00     0.00    0.00    0.00    1.67  27.60


10/05/2026 09:52:21 PM
Device            r/s     rkB/s   rrqm/s  %rrqm r_await rareq-sz     w/s     wkB/s   wrqm/s  %wrqm w_await wareq-sz     d/s     dkB/s   drqm/s  %drqm d_await dareq-sz     f/s f_await  aqu-sz  %util
nvme0n1       7324.00 495852.00     0.00   0.00    0.18    67.70    0.00      0.00     0.00   0.00    0.00     0.00    0.00      0.00     0.00   0.00    0.00     0.00    0.00    0.00    1.31  25.70


10/05/2026 09:52:22 PM
Device            r/s     rkB/s   rrqm/s  %rrqm r_await rareq-sz     w/s     wkB/s   wrqm/s  %wrqm w_await wareq-sz     d/s     dkB/s   drqm/s  %drqm d_await dareq-sz     f/s f_await  aqu-sz  %util
nvme0n1       2924.00 186848.00     0.00   0.00    0.99    63.90 1224.00 138348.00 43066.00  97.24   93.90   113.03    0.00      0.00     0.00   0.00    0.00     0.00    0.00    0.00  117.82  53.40


10/05/2026 09:52:23 PM
Device            r/s     rkB/s   rrqm/s  %rrqm r_await rareq-sz     w/s     wkB/s   wrqm/s  %wrqm w_await wareq-sz     d/s     dkB/s   drqm/s  %drqm d_await dareq-sz     f/s f_await  aqu-sz  %util
nvme0n1       4954.00 320848.00     1.00   0.02    0.41    64.77  330.00  40132.00     0.00   0.00  142.86   121.61    0.00      0.00     0.00   0.00    0.00     0.00    0.00    0.00   49.15  43.20


10/05/2026 09:52:24 PM
Device            r/s     rkB/s   rrqm/s  %rrqm r_await rareq-sz     w/s     wkB/s   wrqm/s  %wrqm w_await wareq-sz     d/s     dkB/s   drqm/s  %drqm d_await dareq-sz     f/s f_await  aqu-sz  %util
nvme0n1       6176.00 423728.00     2.00   0.03    0.18    68.61    3.00     44.00     9.00  75.00    1.00    14.67    0.00      0.00     0.00   0.00    0.00     0.00    1.00    1.00    1.10  22.80


10/05/2026 09:52:25 PM
Device            r/s     rkB/s   rrqm/s  %rrqm r_await rareq-sz     w/s     wkB/s   wrqm/s  %wrqm w_await wareq-sz     d/s     dkB/s   drqm/s  %drqm d_await dareq-sz     f/s f_await  aqu-sz  %util
nvme0n1       7488.00 524088.00     0.00   0.00    0.18    69.99    1.00      4.00     0.00   0.00    0.00     4.00    0.00      0.00     0.00   0.00    0.00     0.00    0.00    0.00    1.36  28.00


10/05/2026 09:52:26 PM
Device            r/s     rkB/s   rrqm/s  %rrqm r_await rareq-sz     w/s     wkB/s   wrqm/s  %wrqm w_await wareq-sz     d/s     dkB/s   drqm/s  %drqm d_await dareq-sz     f/s f_await  aqu-sz  %util
nvme0n1       6952.00 464332.00     0.00   0.00    0.18    66.79    0.00      0.00     0.00   0.00    0.00     0.00    0.00      0.00     0.00   0.00    0.00     0.00    0.00    0.00    1.23  23.50


10/05/2026 09:52:27 PM
Device            r/s     rkB/s   rrqm/s  %rrqm r_await rareq-sz     w/s     wkB/s   wrqm/s  %wrqm w_await wareq-sz     d/s     dkB/s   drqm/s  %drqm d_await dareq-sz     f/s f_await  aqu-sz  %util
nvme0n1       6729.00 456936.00     0.00   0.00    0.18    67.91    0.00      0.00     0.00   0.00    0.00     0.00    0.00      0.00     0.00   0.00    0.00     0.00    0.00    0.00    1.21  23.40


10/05/2026 09:52:28 PM
Device            r/s     rkB/s   rrqm/s  %rrqm r_await rareq-sz     w/s     wkB/s   wrqm/s  %wrqm w_await wareq-sz     d/s     dkB/s   drqm/s  %drqm d_await dareq-sz     f/s f_await  aqu-sz  %util
nvme0n1       5997.00 399204.00     0.00   0.00    0.18    66.57   23.00    100.00     2.00   8.00   55.22     4.35    0.00      0.00     0.00   0.00    0.00     0.00    0.00    0.00    2.37  24.40


10/05/2026 09:52:29 PM
Device            r/s     rkB/s   rrqm/s  %rrqm r_await rareq-sz     w/s     wkB/s   wrqm/s  %wrqm w_await wareq-sz     d/s     dkB/s   drqm/s  %drqm d_await dareq-sz     f/s f_await  aqu-sz  %util
nvme0n1       5763.00 399544.00     0.00   0.00    0.18    69.33   48.00    232.00    10.00  17.24   37.85     4.83    0.00      0.00     0.00   0.00    0.00     0.00    0.00    0.00    2.86  27.90


10/05/2026 09:52:30 PM
Device            r/s     rkB/s   rrqm/s  %rrqm r_await rareq-sz     w/s     wkB/s   wrqm/s  %wrqm w_await wareq-sz     d/s     dkB/s   drqm/s  %drqm d_await dareq-sz     f/s f_await  aqu-sz  %util
nvme0n1       6187.00 422220.00     0.00   0.00    0.20    68.24  106.00    432.00     3.00   2.75    5.60     4.08    0.00      0.00     0.00   0.00    0.00     0.00    1.00    1.00    1.83  27.90


10/05/2026 09:52:31 PM
Device            r/s     rkB/s   rrqm/s  %rrqm r_await rareq-sz     w/s     wkB/s   wrqm/s  %wrqm w_await wareq-sz     d/s     dkB/s   drqm/s  %drqm d_await dareq-sz     f/s f_await  aqu-sz  %util
nvme0n1       3682.00 231620.00     0.00   0.00    0.19    62.91   97.00    392.00     1.00   1.02   17.79     4.04    0.00      0.00     0.00   0.00    0.00     0.00    0.00    0.00    2.42  17.30


10/05/2026 09:52:32 PM
Device            r/s     rkB/s   rrqm/s  %rrqm r_await rareq-sz     w/s     wkB/s   wrqm/s  %wrqm w_await wareq-sz     d/s     dkB/s   drqm/s  %drqm d_await dareq-sz     f/s f_await  aqu-sz  %util
nvme0n1       2838.00 187688.00     0.00   0.00    0.20    66.13    6.00     24.00     0.00   0.00   52.33     4.00    0.00      0.00     0.00   0.00    0.00     0.00    0.00    0.00    0.89  15.40


10/05/2026 09:52:33 PM
Device            r/s     rkB/s   rrqm/s  %rrqm r_await rareq-sz     w/s     wkB/s   wrqm/s  %wrqm w_await wareq-sz     d/s     dkB/s   drqm/s  %drqm d_await dareq-sz     f/s f_await  aqu-sz  %util
nvme0n1       10311.00 714464.00     0.00   0.00    0.18    69.29  236.00    972.00     7.00   2.88   11.28     4.12    0.00      0.00     0.00   0.00    0.00     0.00    0.00    0.00    4.50  38.40


10/05/2026 09:52:34 PM
Device            r/s     rkB/s   rrqm/s  %rrqm r_await rareq-sz     w/s     wkB/s   wrqm/s  %wrqm w_await wareq-sz     d/s     dkB/s   drqm/s  %drqm d_await dareq-sz     f/s f_await  aqu-sz  %util
nvme0n1       9029.00 585008.00    30.00   0.33    0.17    64.79   18.00     84.00     4.00  18.18   13.39     4.67    0.00      0.00     0.00   0.00    0.00     0.00    1.00    1.00    1.75  30.90


10/05/2026 09:52:35 PM
Device            r/s     rkB/s   rrqm/s  %rrqm r_await rareq-sz     w/s     wkB/s   wrqm/s  %wrqm w_await wareq-sz     d/s     dkB/s   drqm/s  %drqm d_await dareq-sz     f/s f_await  aqu-sz  %util
nvme0n1       4948.00 334632.00     0.00   0.00    0.19    67.63    0.00      0.00     0.00   0.00    0.00     0.00    0.00      0.00     0.00   0.00    0.00     0.00    0.00    0.00    0.95  18.50


10/05/2026 09:52:36 PM
Device            r/s     rkB/s   rrqm/s  %rrqm r_await rareq-sz     w/s     wkB/s   wrqm/s  %wrqm w_await wareq-sz     d/s     dkB/s   drqm/s  %drqm d_await dareq-sz     f/s f_await  aqu-sz  %util
nvme0n1       3881.00 259112.00     0.00   0.00    0.20    66.76    0.00      0.00     0.00   0.00    0.00     0.00    0.00      0.00     0.00   0.00    0.00     0.00    0.00    0.00    0.77  17.20


10/05/2026 09:52:37 PM
Device            r/s     rkB/s   rrqm/s  %rrqm r_await rareq-sz     w/s     wkB/s   wrqm/s  %wrqm w_await wareq-sz     d/s     dkB/s   drqm/s  %drqm d_await dareq-sz     f/s f_await  aqu-sz  %util
nvme0n1       3056.00 192728.00     0.00   0.00    0.19    63.07    1.00      4.00     0.00   0.00    1.00     4.00    0.00      0.00     0.00   0.00    0.00     0.00    0.00    0.00    0.59  13.40


10/05/2026 09:52:38 PM
Device            r/s     rkB/s   rrqm/s  %rrqm r_await rareq-sz     w/s     wkB/s   wrqm/s  %wrqm w_await wareq-sz     d/s     dkB/s   drqm/s  %drqm d_await dareq-sz     f/s f_await  aqu-sz  %util
nvme0n1       2545.00 169532.00     0.00   0.00    0.20    66.61    0.00      0.00     0.00   0.00    0.00     0.00    0.00      0.00     0.00   0.00    0.00     0.00    0.00    0.00    0.51  12.60


10/05/2026 09:52:39 PM
Device            r/s     rkB/s   rrqm/s  %rrqm r_await rareq-sz     w/s     wkB/s   wrqm/s  %wrqm w_await wareq-sz     d/s     dkB/s   drqm/s  %drqm d_await dareq-sz     f/s f_await  aqu-sz  %util
nvme0n1       4083.00 262304.00     0.00   0.00    0.18    64.24  100.00    592.00    13.00  11.50    1.34     5.92    0.00      0.00     0.00   0.00    0.00     0.00    1.00    3.00    0.86  17.00


10/05/2026 09:52:40 PM
Device            r/s     rkB/s   rrqm/s  %rrqm r_await rareq-sz     w/s     wkB/s   wrqm/s  %wrqm w_await wareq-sz     d/s     dkB/s   drqm/s  %drqm d_await dareq-sz     f/s f_await  aqu-sz  %util
nvme0n1       4820.00 337952.00     0.00   0.00    0.19    70.11    1.00      8.00     1.00  50.00    0.00     8.00    0.00      0.00     0.00   0.00    0.00     0.00    0.00    0.00    0.90  19.00


10/05/2026 09:52:41 PM
Device            r/s     rkB/s   rrqm/s  %rrqm r_await rareq-sz     w/s     wkB/s   wrqm/s  %wrqm w_await wareq-sz     d/s     dkB/s   drqm/s  %drqm d_await dareq-sz     f/s f_await  aqu-sz  %util
nvme0n1       2943.00 191552.00     0.00   0.00    0.19    65.09    0.00      0.00     0.00   0.00    0.00     0.00    0.00      0.00     0.00   0.00    0.00     0.00    0.00    0.00    0.57  13.90


10/05/2026 09:52:42 PM
Device            r/s     rkB/s   rrqm/s  %rrqm r_await rareq-sz     w/s     wkB/s   wrqm/s  %wrqm w_await wareq-sz     d/s     dkB/s   drqm/s  %drqm d_await dareq-sz     f/s f_await  aqu-sz  %util
nvme0n1       3664.00 234624.00     0.00   0.00    0.19    64.03    1.00      4.00     0.00   0.00   40.00     4.00    0.00      0.00     0.00   0.00    0.00     0.00    0.00    0.00    0.73  18.50


10/05/2026 09:52:43 PM
Device            r/s     rkB/s   rrqm/s  %rrqm r_await rareq-sz     w/s     wkB/s   wrqm/s  %wrqm w_await wareq-sz     d/s     dkB/s   drqm/s  %drqm d_await dareq-sz     f/s f_await  aqu-sz  %util
nvme0n1       3201.00 216552.00     0.00   0.00    0.20    67.65    1.00      8.00     1.00  50.00    1.00     8.00    0.00      0.00     0.00   0.00    0.00     0.00    0.00    0.00    0.64  14.70


10/05/2026 09:52:44 PM
Device            r/s     rkB/s   rrqm/s  %rrqm r_await rareq-sz     w/s     wkB/s   wrqm/s  %wrqm w_await wareq-sz     d/s     dkB/s   drqm/s  %drqm d_await dareq-sz     f/s f_await  aqu-sz  %util
nvme0n1       2526.00 151688.00     0.00   0.00    0.21    60.05    1.00     32.00     7.00  87.50    0.00    32.00    0.00      0.00     0.00   0.00    0.00     0.00    0.00    0.00    0.52  12.80


10/05/2026 09:52:45 PM
Device            r/s     rkB/s   rrqm/s  %rrqm r_await rareq-sz     w/s     wkB/s   wrqm/s  %wrqm w_await wareq-sz     d/s     dkB/s   drqm/s  %drqm d_await dareq-sz     f/s f_await  aqu-sz  %util
nvme0n1       3213.00 209428.00     0.00   0.00    0.19    65.18    4.00     12.00     0.00   0.00   10.75     3.00    0.00      0.00     0.00   0.00    0.00     0.00    1.00    0.00    0.66  16.20


10/05/2026 09:52:46 PM
Device            r/s     rkB/s   rrqm/s  %rrqm r_await rareq-sz     w/s     wkB/s   wrqm/s  %wrqm w_await wareq-sz     d/s     dkB/s   drqm/s  %drqm d_await dareq-sz     f/s f_await  aqu-sz  %util
nvme0n1       4299.00 296856.00     0.00   0.00    0.19    69.05    1.00      8.00     1.00  50.00    0.00     8.00    0.00      0.00     0.00   0.00    0.00     0.00    0.00    0.00    0.82  19.40


10/05/2026 09:52:47 PM
Device            r/s     rkB/s   rrqm/s  %rrqm r_await rareq-sz     w/s     wkB/s   wrqm/s  %wrqm w_await wareq-sz     d/s     dkB/s   drqm/s  %drqm d_await dareq-sz     f/s f_await  aqu-sz  %util
nvme0n1       4073.00 275980.00     3.00   0.07    0.19    67.76    1.00      4.00     0.00   0.00   20.00     4.00    0.00      0.00     0.00   0.00    0.00     0.00    0.00    0.00    0.80  18.50


10/05/2026 09:52:48 PM
Device            r/s     rkB/s   rrqm/s  %rrqm r_await rareq-sz     w/s     wkB/s   wrqm/s  %wrqm w_await wareq-sz     d/s     dkB/s   drqm/s  %drqm d_await dareq-sz     f/s f_await  aqu-sz  %util
nvme0n1       1909.00 118132.00     0.00   0.00    0.22    61.88    0.00      0.00     0.00   0.00    0.00     0.00    0.00      0.00     0.00   0.00    0.00     0.00    0.00    0.00    0.42  12.30


10/05/2026 09:52:49 PM
Device            r/s     rkB/s   rrqm/s  %rrqm r_await rareq-sz     w/s     wkB/s   wrqm/s  %wrqm w_await wareq-sz     d/s     dkB/s   drqm/s  %drqm d_await dareq-sz     f/s f_await  aqu-sz  %util
nvme0n1       2050.00 117160.00     0.00   0.00    0.20    57.15    6.00     52.00     7.00  53.85   12.17     8.67    0.00      0.00     0.00   0.00    0.00     0.00    0.00    0.00    0.48  13.20


10/05/2026 09:52:50 PM
Device            r/s     rkB/s   rrqm/s  %rrqm r_await rareq-sz     w/s     wkB/s   wrqm/s  %wrqm w_await wareq-sz     d/s     dkB/s   drqm/s  %drqm d_await dareq-sz     f/s f_await  aqu-sz  %util
nvme0n1       1578.00  91844.00     0.00   0.00    0.20    58.20    2.00      4.00     0.00   0.00    1.00     2.00    0.00      0.00     0.00   0.00    0.00     0.00    1.00    1.00    0.32   8.80


10/05/2026 09:52:51 PM
Device            r/s     rkB/s   rrqm/s  %rrqm r_await rareq-sz     w/s     wkB/s   wrqm/s  %wrqm w_await wareq-sz     d/s     dkB/s   drqm/s  %drqm d_await dareq-sz     f/s f_await  aqu-sz  %util
nvme0n1       1586.00  99796.00     0.00   0.00    0.23    62.92    0.00      0.00     0.00   0.00    0.00     0.00    0.00      0.00     0.00   0.00    0.00     0.00    0.00    0.00    0.36  10.20


10/05/2026 09:52:52 PM
Device            r/s     rkB/s   rrqm/s  %rrqm r_await rareq-sz     w/s     wkB/s   wrqm/s  %wrqm w_await wareq-sz     d/s     dkB/s   drqm/s  %drqm d_await dareq-sz     f/s f_await  aqu-sz  %util
nvme0n1       1275.00  77356.00     0.00   0.00    0.22    60.67    1.00      4.00     0.00   0.00    0.00     4.00    0.00      0.00     0.00   0.00    0.00     0.00    0.00    0.00    0.28   8.60


10/05/2026 09:52:53 PM
Device            r/s     rkB/s   rrqm/s  %rrqm r_await rareq-sz     w/s     wkB/s   wrqm/s  %wrqm w_await wareq-sz     d/s     dkB/s   drqm/s  %drqm d_await dareq-sz     f/s f_await  aqu-sz  %util
nvme0n1       1269.00  75140.00     0.00   0.00    0.24    59.21   22.00     96.00     2.00   8.33    7.64     4.36    0.00      0.00     0.00   0.00    0.00     0.00    0.00    0.00    0.47  11.00


10/05/2026 09:52:54 PM
Device            r/s     rkB/s   rrqm/s  %rrqm r_await rareq-sz     w/s     wkB/s   wrqm/s  %wrqm w_await wareq-sz     d/s     dkB/s   drqm/s  %drqm d_await dareq-sz     f/s f_await  aqu-sz  %util
nvme0n1       2242.00 138668.00     0.00   0.00    0.21    61.85   32.00    140.00     2.00   5.88    0.16     4.38    0.00      0.00     0.00   0.00    0.00     0.00    0.00    0.00    0.47  11.00


10/05/2026 09:52:55 PM
Device            r/s     rkB/s   rrqm/s  %rrqm r_await rareq-sz     w/s     wkB/s   wrqm/s  %wrqm w_await wareq-sz     d/s     dkB/s   drqm/s  %drqm d_await dareq-sz     f/s f_await  aqu-sz  %util
nvme0n1       1696.00 101420.00     0.00   0.00    0.19    59.80   18.00     68.00     0.00   0.00    0.17     3.78    0.00      0.00     0.00   0.00    0.00     0.00    1.00    1.00    0.32   9.60


10/05/2026 09:52:56 PM
Device            r/s     rkB/s   rrqm/s  %rrqm r_await rareq-sz     w/s     wkB/s   wrqm/s  %wrqm w_await wareq-sz     d/s     dkB/s   drqm/s  %drqm d_await dareq-sz     f/s f_await  aqu-sz  %util
nvme0n1       1574.00  98528.00     0.00   0.00    0.21    62.60    0.00      0.00     0.00   0.00    0.00     0.00    0.00      0.00     0.00   0.00    0.00     0.00    0.00    0.00    0.33   8.30


10/05/2026 09:52:57 PM
Device            r/s     rkB/s   rrqm/s  %rrqm r_await rareq-sz     w/s     wkB/s   wrqm/s  %wrqm w_await wareq-sz     d/s     dkB/s   drqm/s  %drqm d_await dareq-sz     f/s f_await  aqu-sz  %util
nvme0n1       2548.00 183604.00     8.00   0.31    0.19    72.06    0.00      0.00     0.00   0.00    0.00     0.00    0.00      0.00     0.00   0.00    0.00     0.00    0.00    0.00    0.49  18.60


10/05/2026 09:52:58 PM
Device            r/s     rkB/s   rrqm/s  %rrqm r_await rareq-sz     w/s     wkB/s   wrqm/s  %wrqm w_await wareq-sz     d/s     dkB/s   drqm/s  %drqm d_await dareq-sz     f/s f_await  aqu-sz  %util
nvme0n1       6295.00  25180.00     0.00   0.00    0.14     4.00    1.00      8.00     1.00  50.00    0.00     8.00    0.00      0.00     0.00   0.00    0.00     0.00    0.00    0.00    0.91  91.70


10/05/2026 09:52:59 PM
Device            r/s     rkB/s   rrqm/s  %rrqm r_await rareq-sz     w/s     wkB/s   wrqm/s  %wrqm w_await wareq-sz     d/s     dkB/s   drqm/s  %drqm d_await dareq-sz     f/s f_await  aqu-sz  %util
nvme0n1       4784.00 251508.00   573.00  10.70    0.16    52.57   40.00    180.00     5.00  11.11    2.67     4.50    0.00      0.00     0.00   0.00    0.00     0.00    0.00    0.00    0.87  46.80


10/05/2026 09:53:00 PM
Device            r/s     rkB/s   rrqm/s  %rrqm r_await rareq-sz     w/s     wkB/s   wrqm/s  %wrqm w_await wareq-sz     d/s     dkB/s   drqm/s  %drqm d_await dareq-sz     f/s f_await  aqu-sz  %util
nvme0n1       3461.00 413512.00    19.00   0.55    0.23   119.48    2.00      4.00     0.00   0.00    1.00     2.00    0.00      0.00     0.00   0.00    0.00     0.00    1.00    1.00    0.79  30.80


10/05/2026 09:53:01 PM
Device            r/s     rkB/s   rrqm/s  %rrqm r_await rareq-sz     w/s     wkB/s   wrqm/s  %wrqm w_await wareq-sz     d/s     dkB/s   drqm/s  %drqm d_await dareq-sz     f/s f_await  aqu-sz  %util
nvme0n1       5841.00 729136.00     0.00   0.00    0.23   124.83   35.00    172.00     8.00  18.60    0.97     4.91    0.00      0.00     0.00   0.00    0.00     0.00    0.00    0.00    1.39  44.30


10/05/2026 09:53:02 PM
Device            r/s     rkB/s   rrqm/s  %rrqm r_await rareq-sz     w/s     wkB/s   wrqm/s  %wrqm w_await wareq-sz     d/s     dkB/s   drqm/s  %drqm d_await dareq-sz     f/s f_await  aqu-sz  %util
nvme0n1       5584.00 698628.00     0.00   0.00    0.24   125.11    0.00      0.00     0.00   0.00    0.00     0.00    0.00      0.00     0.00   0.00    0.00     0.00    0.00    0.00    1.33  45.40


10/05/2026 09:53:03 PM
Device            r/s     rkB/s   rrqm/s  %rrqm r_await rareq-sz     w/s     wkB/s   wrqm/s  %wrqm w_await wareq-sz     d/s     dkB/s   drqm/s  %drqm d_await dareq-sz     f/s f_await  aqu-sz  %util
nvme0n1       5048.00 629420.00     0.00   0.00    0.23   124.69    0.00      0.00     0.00   0.00    0.00     0.00    0.00      0.00     0.00   0.00    0.00     0.00    0.00    0.00    1.17  41.80


10/05/2026 09:53:04 PM
Device            r/s     rkB/s   rrqm/s  %rrqm r_await rareq-sz     w/s     wkB/s   wrqm/s  %wrqm w_await wareq-sz     d/s     dkB/s   drqm/s  %drqm d_await dareq-sz     f/s f_await  aqu-sz  %util
nvme0n1       6034.00 756328.00     0.00   0.00    0.22   125.34    1.00      4.00     3.00  75.00    0.00     4.00    0.00      0.00     0.00   0.00    0.00     0.00    0.00    0.00    1.34  46.90


10/05/2026 09:53:05 PM
Device            r/s     rkB/s   rrqm/s  %rrqm r_await rareq-sz     w/s     wkB/s   wrqm/s  %wrqm w_await wareq-sz     d/s     dkB/s   drqm/s  %drqm d_await dareq-sz     f/s f_await  aqu-sz  %util
nvme0n1       3655.00 420384.00     1.00   0.03    0.22   115.02    3.00     20.00     0.00   0.00    1.00     6.67    0.00      0.00     0.00   0.00    0.00     0.00    1.00    2.00    0.82  34.90


10/05/2026 09:53:06 PM
Device            r/s     rkB/s   rrqm/s  %rrqm r_await rareq-sz     w/s     wkB/s   wrqm/s  %wrqm w_await wareq-sz     d/s     dkB/s   drqm/s  %drqm d_await dareq-sz     f/s f_await  aqu-sz  %util
nvme0n1       6147.00  37028.00     0.00   0.00    0.14     6.02    0.00      0.00     0.00   0.00    0.00     0.00    0.00      0.00     0.00   0.00    0.00     0.00    0.00    0.00    0.88  87.70


10/05/2026 09:53:07 PM
Device            r/s     rkB/s   rrqm/s  %rrqm r_await rareq-sz     w/s     wkB/s   wrqm/s  %wrqm w_await wareq-sz     d/s     dkB/s   drqm/s  %drqm d_await dareq-sz     f/s f_await  aqu-sz  %util
nvme0n1       3686.00 174408.00     6.00   0.16    0.18    47.32    1.00      4.00     0.00   0.00    0.00     4.00    0.00      0.00     0.00   0.00    0.00     0.00    0.00    0.00    0.66  43.10


10/05/2026 09:53:08 PM
Device            r/s     rkB/s   rrqm/s  %rrqm r_await rareq-sz     w/s     wkB/s   wrqm/s  %wrqm w_await wareq-sz     d/s     dkB/s   drqm/s  %drqm d_await dareq-sz     f/s f_await  aqu-sz  %util
nvme0n1       2736.00 334104.00     0.00   0.00    0.27   122.11   64.00   8032.00  1944.00  96.81    5.16   125.50    0.00      0.00     0.00   0.00    0.00     0.00    0.00    0.00    1.07  28.40


10/05/2026 09:53:09 PM
Device            r/s     rkB/s   rrqm/s  %rrqm r_await rareq-sz     w/s     wkB/s   wrqm/s  %wrqm w_await wareq-sz     d/s     dkB/s   drqm/s  %drqm d_await dareq-sz     f/s f_await  aqu-sz  %util
nvme0n1       3315.00 409320.00     0.00   0.00    0.24   123.48    0.00      0.00     8.00 100.00    0.00     0.00    0.00      0.00     0.00   0.00    0.00     0.00    0.00    0.00    0.78  28.90


10/05/2026 09:53:10 PM
Device            r/s     rkB/s   rrqm/s  %rrqm r_await rareq-sz     w/s     wkB/s   wrqm/s  %wrqm w_await wareq-sz     d/s     dkB/s   drqm/s  %drqm d_await dareq-sz     f/s f_await  aqu-sz  %util
nvme0n1       4029.00 501804.00     4.00   0.10    0.21   124.55  107.00    608.00     3.00   2.73    0.29     5.68    0.00      0.00     0.00   0.00    0.00     0.00    1.00    1.00    0.90  31.70


10/05/2026 09:53:11 PM
Device            r/s     rkB/s   rrqm/s  %rrqm r_await rareq-sz     w/s     wkB/s   wrqm/s  %wrqm w_await wareq-sz     d/s     dkB/s   drqm/s  %drqm d_await dareq-sz     f/s f_await  aqu-sz  %util
nvme0n1       3576.00 140332.00     0.00   0.00    0.18    39.24   55.00    232.00     3.00   5.17    8.29     4.22    0.00      0.00     0.00   0.00    0.00     0.00    0.00    0.00    1.11  47.30


10/05/2026 09:53:12 PM
Device            r/s     rkB/s   rrqm/s  %rrqm r_await rareq-sz     w/s     wkB/s   wrqm/s  %wrqm w_await wareq-sz     d/s     dkB/s   drqm/s  %drqm d_await dareq-sz     f/s f_await  aqu-sz  %util
nvme0n1       5992.00  36948.00     0.00   0.00    0.15     6.17    0.00      0.00     0.00   0.00    0.00     0.00    0.00      0.00     0.00   0.00    0.00     0.00    0.00    0.00    0.87  87.10


10/05/2026 09:53:13 PM
Device            r/s     rkB/s   rrqm/s  %rrqm r_await rareq-sz     w/s     wkB/s   wrqm/s  %wrqm w_await wareq-sz     d/s     dkB/s   drqm/s  %drqm d_await dareq-sz     f/s f_await  aqu-sz  %util
nvme0n1       1120.00 129000.00     8.00   0.71    0.27   115.18    1.00      4.00     0.00   0.00    0.00     4.00    0.00      0.00     0.00   0.00    0.00     0.00    0.00    0.00    0.30  12.50


10/05/2026 09:53:14 PM
Device            r/s     rkB/s   rrqm/s  %rrqm r_await rareq-sz     w/s     wkB/s   wrqm/s  %wrqm w_await wareq-sz     d/s     dkB/s   drqm/s  %drqm d_await dareq-sz     f/s f_await  aqu-sz  %util
nvme0n1       3194.00 390312.00     0.00   0.00    0.24   122.20   17.00     68.00     0.00   0.00   29.59     4.00    0.00      0.00     0.00   0.00    0.00     0.00    0.00    0.00    1.26  27.60


10/05/2026 09:53:15 PM
Device            r/s     rkB/s   rrqm/s  %rrqm r_await rareq-sz     w/s     wkB/s   wrqm/s  %wrqm w_await wareq-sz     d/s     dkB/s   drqm/s  %drqm d_await dareq-sz     f/s f_await  aqu-sz  %util
nvme0n1       2499.00 309780.00     0.00   0.00    0.24   123.96    3.00     36.00     7.00  70.00    0.67    12.00    0.00      0.00     0.00   0.00    0.00     0.00    1.00    1.00    0.61  22.10


10/05/2026 09:53:16 PM
Device            r/s     rkB/s   rrqm/s  %rrqm r_await rareq-sz     w/s     wkB/s   wrqm/s  %wrqm w_await wareq-sz     d/s     dkB/s   drqm/s  %drqm d_await dareq-sz     f/s f_await  aqu-sz  %util
nvme0n1       2443.00 287172.00     0.00   0.00    0.24   117.55    1.00      8.00     1.00  50.00    0.00     8.00    0.00      0.00     0.00   0.00    0.00     0.00    0.00    0.00    0.58  23.50


10/05/2026 09:53:17 PM
Device            r/s     rkB/s   rrqm/s  %rrqm r_await rareq-sz     w/s     wkB/s   wrqm/s  %wrqm w_await wareq-sz     d/s     dkB/s   drqm/s  %drqm d_await dareq-sz     f/s f_await  aqu-sz  %util
nvme0n1       6352.00  25408.00     0.00   0.00    0.14     4.00    0.00      0.00     0.00   0.00    0.00     0.00    0.00      0.00     0.00   0.00    0.00     0.00    0.00    0.00    0.92  92.20


10/05/2026 09:53:18 PM
Device            r/s     rkB/s   rrqm/s  %rrqm r_await rareq-sz     w/s     wkB/s   wrqm/s  %wrqm w_await wareq-sz     d/s     dkB/s   drqm/s  %drqm d_await dareq-sz     f/s f_await  aqu-sz  %util
nvme0n1       2699.00 100168.00     3.00   0.11    0.18    37.11    0.00      0.00     0.00   0.00    0.00     0.00    0.00      0.00     0.00   0.00    0.00     0.00    0.00    0.00    0.50  35.50


10/05/2026 09:53:19 PM
Device            r/s     rkB/s   rrqm/s  %rrqm r_await rareq-sz     w/s     wkB/s   wrqm/s  %wrqm w_await wareq-sz     d/s     dkB/s   drqm/s  %drqm d_await dareq-sz     f/s f_await  aqu-sz  %util
nvme0n1       2873.00 265828.00    14.00   0.48    0.19    92.53    1.00      4.00     0.00   0.00    0.00     4.00    0.00      0.00     0.00   0.00    0.00     0.00    0.00    0.00    0.56  22.10


10/05/2026 09:53:20 PM
Device            r/s     rkB/s   rrqm/s  %rrqm r_await rareq-sz     w/s     wkB/s   wrqm/s  %wrqm w_await wareq-sz     d/s     dkB/s   drqm/s  %drqm d_await dareq-sz     f/s f_await  aqu-sz  %util
nvme0n1       2087.00 258428.00     0.00   0.00    0.25   123.83    3.00     12.00     7.00  70.00   28.67     4.00    0.00      0.00     0.00   0.00    0.00     0.00    0.00    0.00    0.61  20.10


10/05/2026 09:53:21 PM
Device            r/s     rkB/s   rrqm/s  %rrqm r_await rareq-sz     w/s     wkB/s   wrqm/s  %wrqm w_await wareq-sz     d/s     dkB/s   drqm/s  %drqm d_await dareq-sz     f/s f_await  aqu-sz  %util
nvme0n1       1941.00 199744.00     0.00   0.00    0.26   102.91    3.00     36.00     0.00   0.00    1.00    12.00    0.00      0.00     0.00   0.00    0.00     0.00    1.00    2.00    0.50  23.90


10/05/2026 09:53:22 PM
Device            r/s     rkB/s   rrqm/s  %rrqm r_await rareq-sz     w/s     wkB/s   wrqm/s  %wrqm w_await wareq-sz     d/s     dkB/s   drqm/s  %drqm d_await dareq-sz     f/s f_await  aqu-sz  %util
nvme0n1       5687.00  22748.00     0.00   0.00    0.14     4.00    1.00      4.00     0.00   0.00    0.00     4.00    0.00      0.00     0.00   0.00    0.00     0.00    0.00    0.00    0.80  76.80


10/05/2026 09:53:23 PM
Device            r/s     rkB/s   rrqm/s  %rrqm r_await rareq-sz     w/s     wkB/s   wrqm/s  %wrqm w_await wareq-sz     d/s     dkB/s   drqm/s  %drqm d_await dareq-sz     f/s f_await  aqu-sz  %util
nvme0n1       2990.00  84292.00     4.00   0.13    0.18    28.19    0.00      0.00     0.00   0.00    0.00     0.00    0.00      0.00     0.00   0.00    0.00     0.00    0.00    0.00    0.53  41.60


10/05/2026 09:53:24 PM
Device            r/s     rkB/s   rrqm/s  %rrqm r_await rareq-sz     w/s     wkB/s   wrqm/s  %wrqm w_await wareq-sz     d/s     dkB/s   drqm/s  %drqm d_await dareq-sz     f/s f_await  aqu-sz  %util
nvme0n1       1309.00 157796.00     0.00   0.00    0.29   120.55   31.00    132.00     1.00   3.12    0.06     4.26    0.00      0.00     0.00   0.00    0.00     0.00    0.00    0.00    0.38  15.10


10/05/2026 09:53:25 PM
Device            r/s     rkB/s   rrqm/s  %rrqm r_await rareq-sz     w/s     wkB/s   wrqm/s  %wrqm w_await wareq-sz     d/s     dkB/s   drqm/s  %drqm d_await dareq-sz     f/s f_await  aqu-sz  %util
nvme0n1       1685.00 208268.00     0.00   0.00    0.27   123.60    1.00     28.00     6.00  85.71    0.00    28.00    0.00      0.00     0.00   0.00    0.00     0.00    0.00    0.00    0.46  15.90


10/05/2026 09:53:26 PM
Device            r/s     rkB/s   rrqm/s  %rrqm r_await rareq-sz     w/s     wkB/s   wrqm/s  %wrqm w_await wareq-sz     d/s     dkB/s   drqm/s  %drqm d_await dareq-sz     f/s f_await  aqu-sz  %util
nvme0n1       2039.00 219328.00     0.00   0.00    0.25   107.57    3.00      8.00     0.00   0.00    0.67     2.67    0.00      0.00     0.00   0.00    0.00     0.00    1.00    1.00    0.51  21.30


10/05/2026 09:53:27 PM
Device            r/s     rkB/s   rrqm/s  %rrqm r_await rareq-sz     w/s     wkB/s   wrqm/s  %wrqm w_await wareq-sz     d/s     dkB/s   drqm/s  %drqm d_await dareq-sz     f/s f_await  aqu-sz  %util
nvme0n1       5960.00  23840.00     0.00   0.00    0.14     4.00    0.00      0.00     0.00   0.00    0.00     0.00    0.00      0.00     0.00   0.00    0.00     0.00    0.00    0.00    0.84  83.20


10/05/2026 09:53:28 PM
Device            r/s     rkB/s   rrqm/s  %rrqm r_await rareq-sz     w/s     wkB/s   wrqm/s  %wrqm w_await wareq-sz     d/s     dkB/s   drqm/s  %drqm d_await dareq-sz     f/s f_await  aqu-sz  %util
nvme0n1       2535.00  49656.00    28.00   1.09    0.18    19.59    2.00     12.00     1.00  33.33    0.00     6.00    0.00      0.00     0.00   0.00    0.00     0.00    0.00    0.00    0.47  37.60


10/05/2026 09:53:29 PM
Device            r/s     rkB/s   rrqm/s  %rrqm r_await rareq-sz     w/s     wkB/s   wrqm/s  %wrqm w_await wareq-sz     d/s     dkB/s   drqm/s  %drqm d_await dareq-sz     f/s f_await  aqu-sz  %util
nvme0n1       1364.00 165216.00     0.00   0.00    0.29   121.13    0.00      0.00     0.00   0.00    0.00     0.00    0.00      0.00     0.00   0.00    0.00     0.00    0.00    0.00    0.39  15.40


10/05/2026 09:53:30 PM
Device            r/s     rkB/s   rrqm/s  %rrqm r_await rareq-sz     w/s     wkB/s   wrqm/s  %wrqm w_await wareq-sz     d/s     dkB/s   drqm/s  %drqm d_await dareq-sz     f/s f_await  aqu-sz  %util
nvme0n1       1374.00 166020.00     0.00   0.00    0.29   120.83   65.00   2776.00   629.00  90.63    1.77    42.71    0.00      0.00     0.00   0.00    0.00     0.00    0.00    0.00    0.51  14.70


10/05/2026 09:53:31 PM
Device            r/s     rkB/s   rrqm/s  %rrqm r_await rareq-sz     w/s     wkB/s   wrqm/s  %wrqm w_await wareq-sz     d/s     dkB/s   drqm/s  %drqm d_await dareq-sz     f/s f_await  aqu-sz  %util
nvme0n1       1556.00 189992.00     0.00   0.00    0.28   122.10    3.00     12.00     4.00  57.14   28.00     4.00    0.00      0.00     0.00   0.00    0.00     0.00    0.00    0.00    0.51  15.20


10/05/2026 09:53:32 PM
Device            r/s     rkB/s   rrqm/s  %rrqm r_await rareq-sz     w/s     wkB/s   wrqm/s  %wrqm w_await wareq-sz     d/s     dkB/s   drqm/s  %drqm d_await dareq-sz     f/s f_await  aqu-sz  %util
nvme0n1       6162.00  33460.00     0.00   0.00    0.15     5.43    4.00     28.00     0.00   0.00    0.75     7.00    0.00      0.00     0.00   0.00    0.00     0.00    1.00    1.00    0.92  90.50


10/05/2026 09:53:33 PM
Device            r/s     rkB/s   rrqm/s  %rrqm r_await rareq-sz     w/s     wkB/s   wrqm/s  %wrqm w_await wareq-sz     d/s     dkB/s   drqm/s  %drqm d_await dareq-sz     f/s f_await  aqu-sz  %util
nvme0n1       2426.00  26424.00     0.00   0.00    0.16    10.89    0.00      0.00     0.00   0.00    0.00     0.00    0.00      0.00     0.00   0.00    0.00     0.00    0.00    0.00    0.40  36.90


10/05/2026 09:53:34 PM
Device            r/s     rkB/s   rrqm/s  %rrqm r_await rareq-sz     w/s     wkB/s   wrqm/s  %wrqm w_await wareq-sz     d/s     dkB/s   drqm/s  %drqm d_await dareq-sz     f/s f_await  aqu-sz  %util
nvme0n1       1026.00 123812.00     0.00   0.00    0.30   120.67    2.00      8.00     0.00   0.00   16.50     4.00    0.00      0.00     0.00   0.00    0.00     0.00    0.00    0.00    0.34  12.80


10/05/2026 09:53:35 PM
Device            r/s     rkB/s   rrqm/s  %rrqm r_await rareq-sz     w/s     wkB/s   wrqm/s  %wrqm w_await wareq-sz     d/s     dkB/s   drqm/s  %drqm d_await dareq-sz     f/s f_await  aqu-sz  %util
nvme0n1       2142.00 161740.00    27.00   1.24    0.17    75.51    1.00      4.00     0.00   0.00    0.00     4.00    0.00      0.00     0.00   0.00    0.00     0.00    0.00    0.00    0.36  18.60


10/05/2026 09:53:36 PM
Device            r/s     rkB/s   rrqm/s  %rrqm r_await rareq-sz     w/s     wkB/s   wrqm/s  %wrqm w_await wareq-sz     d/s     dkB/s   drqm/s  %drqm d_await dareq-sz     f/s f_await  aqu-sz  %util
nvme0n1       1987.00 148140.00     0.00   0.00    0.23    74.55    0.00      0.00    10.00 100.00    0.00     0.00    0.00      0.00     0.00   0.00    0.00     0.00    0.00    0.00    0.46  26.20


10/05/2026 09:53:37 PM
Device            r/s     rkB/s   rrqm/s  %rrqm r_await rareq-sz     w/s     wkB/s   wrqm/s  %wrqm w_await wareq-sz     d/s     dkB/s   drqm/s  %drqm d_await dareq-sz     f/s f_await  aqu-sz  %util
nvme0n1       6419.80  25679.21     0.00   0.00    0.14     4.00    2.97     47.52     0.00   0.00    4.00    16.00    0.00      0.00     0.00   0.00    0.00     0.00    0.99    1.00    0.94  92.87


10/05/2026 09:53:38 PM
Device            r/s     rkB/s   rrqm/s  %rrqm r_await rareq-sz     w/s     wkB/s   wrqm/s  %wrqm w_await wareq-sz     d/s     dkB/s   drqm/s  %drqm d_await dareq-sz     f/s f_await  aqu-sz  %util
nvme0n1       1339.00  39364.00     0.00   0.00    0.20    29.40    1.00      4.00     0.00   0.00    0.00     4.00    0.00      0.00     0.00   0.00    0.00     0.00    0.00    0.00    0.27  21.60


10/05/2026 09:53:39 PM
Device            r/s     rkB/s   rrqm/s  %rrqm r_await rareq-sz     w/s     wkB/s   wrqm/s  %wrqm w_await wareq-sz     d/s     dkB/s   drqm/s  %drqm d_await dareq-sz     f/s f_await  aqu-sz  %util
nvme0n1       1385.00 169208.00     0.00   0.00    0.27   122.17    0.00      0.00     0.00   0.00    0.00     0.00    0.00      0.00     0.00   0.00    0.00     0.00    0.00    0.00    0.38  16.00


10/05/2026 09:53:40 PM
Device            r/s     rkB/s   rrqm/s  %rrqm r_await rareq-sz     w/s     wkB/s   wrqm/s  %wrqm w_await wareq-sz     d/s     dkB/s   drqm/s  %drqm d_await dareq-sz     f/s f_await  aqu-sz  %util
nvme0n1       1024.00 126712.00     0.00   0.00    0.30   123.74   97.00    540.00     3.00   3.00    0.04     5.57    0.00      0.00     0.00   0.00    0.00     0.00    0.00    0.00    0.31  12.50


10/05/2026 09:53:41 PM
Device            r/s     rkB/s   rrqm/s  %rrqm r_await rareq-sz     w/s     wkB/s   wrqm/s  %wrqm w_await wareq-sz     d/s     dkB/s   drqm/s  %drqm d_await dareq-sz     f/s f_await  aqu-sz  %util
nvme0n1        639.00  51396.00   150.00  19.01    0.34    80.43    1.00     32.00     7.00  87.50    0.00    32.00    0.00      0.00     0.00   0.00    0.00     0.00    0.00    0.00    0.21   9.20


10/05/2026 09:53:42 PM
Device            r/s     rkB/s   rrqm/s  %rrqm r_await rareq-sz     w/s     wkB/s   wrqm/s  %wrqm w_await wareq-sz     d/s     dkB/s   drqm/s  %drqm d_await dareq-sz     f/s f_await  aqu-sz  %util
nvme0n1        218.00   1156.00     0.00   0.00    0.19     5.30    2.00      4.00     0.00   0.00    0.50     2.00    0.00      0.00     0.00   0.00    0.00     0.00    1.00    1.00    0.04   4.40


10/05/2026 09:53:43 PM
Device            r/s     rkB/s   rrqm/s  %rrqm r_await rareq-sz     w/s     wkB/s   wrqm/s  %wrqm w_await wareq-sz     d/s     dkB/s   drqm/s  %drqm d_await dareq-sz     f/s f_await  aqu-sz  %util
nvme0n1        326.00   9588.00     0.00   0.00    0.21    29.41    0.00      0.00     0.00   0.00    0.00     0.00    0.00      0.00     0.00   0.00    0.00     0.00    0.00    0.00    0.07   4.60


10/05/2026 09:53:44 PM
Device            r/s     rkB/s   rrqm/s  %rrqm r_await rareq-sz     w/s     wkB/s   wrqm/s  %wrqm w_await wareq-sz     d/s     dkB/s   drqm/s  %drqm d_await dareq-sz     f/s f_await  aqu-sz  %util
nvme0n1        391.00  13824.00     0.00   0.00    0.21    35.36    1.00      8.00     1.00  50.00    1.00     8.00    0.00      0.00     0.00   0.00    0.00     0.00    0.00    0.00    0.09   4.50


10/05/2026 09:53:45 PM
Device            r/s     rkB/s   rrqm/s  %rrqm r_await rareq-sz     w/s     wkB/s   wrqm/s  %wrqm w_await wareq-sz     d/s     dkB/s   drqm/s  %drqm d_await dareq-sz     f/s f_await  aqu-sz  %util
nvme0n1        281.00   7060.00     0.00   0.00    0.25    25.12    0.00      0.00     0.00   0.00    0.00     0.00    0.00      0.00     0.00   0.00    0.00     0.00    0.00    0.00    0.07   4.60


10/05/2026 09:53:46 PM
Device            r/s     rkB/s   rrqm/s  %rrqm r_await rareq-sz     w/s     wkB/s   wrqm/s  %wrqm w_await wareq-sz     d/s     dkB/s   drqm/s  %drqm d_await dareq-sz     f/s f_await  aqu-sz  %util
nvme0n1        290.00   4504.00     0.00   0.00    0.23    15.53    1.00      8.00     6.00  85.71    1.00     8.00    0.00      0.00     0.00   0.00    0.00     0.00    0.00    0.00    0.07   3.70


10/05/2026 09:53:47 PM
Device            r/s     rkB/s   rrqm/s  %rrqm r_await rareq-sz     w/s     wkB/s   wrqm/s  %wrqm w_await wareq-sz     d/s     dkB/s   drqm/s  %drqm d_await dareq-sz     f/s f_await  aqu-sz  %util
nvme0n1        250.00   4268.00     0.00   0.00    0.21    17.07    3.00     28.00     0.00   0.00    1.00     9.33    0.00      0.00     0.00   0.00    0.00     0.00    1.00    2.00    0.06   4.10


10/05/2026 09:53:48 PM
Device            r/s     rkB/s   rrqm/s  %rrqm r_await rareq-sz     w/s     wkB/s   wrqm/s  %wrqm w_await wareq-sz     d/s     dkB/s   drqm/s  %drqm d_await dareq-sz     f/s f_await  aqu-sz  %util
nvme0n1        282.00   6724.00     3.00   1.05    0.24    23.84    0.00      0.00     0.00   0.00    0.00     0.00    0.00      0.00     0.00   0.00    0.00     0.00    0.00    0.00    0.07   4.90


10/05/2026 09:53:49 PM
Device            r/s     rkB/s   rrqm/s  %rrqm r_await rareq-sz     w/s     wkB/s   wrqm/s  %wrqm w_await wareq-sz     d/s     dkB/s   drqm/s  %drqm d_await dareq-sz     f/s f_await  aqu-sz  %util
nvme0n1        519.00  17172.00     0.00   0.00    0.20    33.09    0.00      0.00     0.00   0.00    0.00     0.00    0.00      0.00     0.00   0.00    0.00     0.00    0.00    0.00    0.10   5.50


10/05/2026 09:53:50 PM
Device            r/s     rkB/s   rrqm/s  %rrqm r_await rareq-sz     w/s     wkB/s   wrqm/s  %wrqm w_await wareq-sz     d/s     dkB/s   drqm/s  %drqm d_await dareq-sz     f/s f_await  aqu-sz  %util
nvme0n1        282.00   6948.00     0.00   0.00    0.22    24.64    1.00      4.00     0.00   0.00    1.00     4.00    0.00      0.00     0.00   0.00    0.00     0.00    0.00    0.00    0.06   5.00


10/05/2026 09:53:51 PM
Device            r/s     rkB/s   rrqm/s  %rrqm r_await rareq-sz     w/s     wkB/s   wrqm/s  %wrqm w_await wareq-sz     d/s     dkB/s   drqm/s  %drqm d_await dareq-sz     f/s f_await  aqu-sz  %util
nvme0n1        313.00   8060.00     0.00   0.00    0.22    25.75    1.00     24.00     5.00  83.33    0.00    24.00    0.00      0.00     0.00   0.00    0.00     0.00    0.00    0.00    0.07   3.80


10/05/2026 09:53:52 PM
Device            r/s     rkB/s   rrqm/s  %rrqm r_await rareq-sz     w/s     wkB/s   wrqm/s  %wrqm w_await wareq-sz     d/s     dkB/s   drqm/s  %drqm d_await dareq-sz     f/s f_await  aqu-sz  %util
nvme0n1        453.00  15280.00     0.00   0.00    0.23    33.73    3.00      8.00     0.00   0.00    1.33     2.67    0.00      0.00     0.00   0.00    0.00     0.00    1.00    1.00    0.11   5.00


10/05/2026 09:53:53 PM
Device            r/s     rkB/s   rrqm/s  %rrqm r_await rareq-sz     w/s     wkB/s   wrqm/s  %wrqm w_await wareq-sz     d/s     dkB/s   drqm/s  %drqm d_await dareq-sz     f/s f_await  aqu-sz  %util
nvme0n1        358.00  12556.00     0.00   0.00    0.23    35.07    0.00      0.00     0.00   0.00    0.00     0.00    0.00      0.00     0.00   0.00    0.00     0.00    0.00    0.00    0.08   4.80


10/05/2026 09:53:54 PM
Device            r/s     rkB/s   rrqm/s  %rrqm r_await rareq-sz     w/s     wkB/s   wrqm/s  %wrqm w_await wareq-sz     d/s     dkB/s   drqm/s  %drqm d_await dareq-sz     f/s f_await  aqu-sz  %util
nvme0n1        382.00  12284.00     0.00   0.00    0.20    32.16   31.00    132.00     0.00   0.00    0.03     4.26    0.00      0.00     0.00   0.00    0.00     0.00    0.00    0.00    0.08   4.50


10/05/2026 09:53:55 PM
Device            r/s     rkB/s   rrqm/s  %rrqm r_await rareq-sz     w/s     wkB/s   wrqm/s  %wrqm w_await wareq-sz     d/s     dkB/s   drqm/s  %drqm d_await dareq-sz     f/s f_await  aqu-sz  %util
nvme0n1        243.00   2888.00     0.00   0.00    0.20    11.88    0.00      0.00     0.00   0.00    0.00     0.00    0.00      0.00     0.00   0.00    0.00     0.00    0.00    0.00    0.05   4.10


10/05/2026 09:53:56 PM
Device            r/s     rkB/s   rrqm/s  %rrqm r_await rareq-sz     w/s     wkB/s   wrqm/s  %wrqm w_await wareq-sz     d/s     dkB/s   drqm/s  %drqm d_await dareq-sz     f/s f_await  aqu-sz  %util
nvme0n1        602.00  24640.00     0.00   0.00    0.21    40.93    2.00     16.00     2.00  50.00    0.00     8.00    0.00      0.00     0.00   0.00    0.00     0.00    0.00    0.00    0.13   6.50


10/05/2026 09:53:57 PM
Device            r/s     rkB/s   rrqm/s  %rrqm r_await rareq-sz     w/s     wkB/s   wrqm/s  %wrqm w_await wareq-sz     d/s     dkB/s   drqm/s  %drqm d_await dareq-sz     f/s f_await  aqu-sz  %util
nvme0n1        340.00   9036.00     0.00   0.00    0.20    26.58    2.00      4.00     0.00   0.00    1.00     2.00    0.00      0.00     0.00   0.00    0.00     0.00    1.00    1.00    0.07   4.90


10/05/2026 09:53:58 PM
Device            r/s     rkB/s   rrqm/s  %rrqm r_await rareq-sz     w/s     wkB/s   wrqm/s  %wrqm w_await wareq-sz     d/s     dkB/s   drqm/s  %drqm d_await dareq-sz     f/s f_await  aqu-sz  %util
nvme0n1        296.00   9812.00     0.00   0.00    0.25    33.15    1.00      8.00     1.00  50.00    1.00     8.00    0.00      0.00     0.00   0.00    0.00     0.00    0.00    0.00    0.07   4.70


10/05/2026 09:53:59 PM
Device            r/s     rkB/s   rrqm/s  %rrqm r_await rareq-sz     w/s     wkB/s   wrqm/s  %wrqm w_await wareq-sz     d/s     dkB/s   drqm/s  %drqm d_await dareq-sz     f/s f_await  aqu-sz  %util
nvme0n1        249.00   5120.00     0.00   0.00    0.21    20.56    0.00      0.00     0.00   0.00    0.00     0.00    0.00      0.00     0.00   0.00    0.00     0.00    0.00    0.00    0.05   4.30


10/05/2026 09:54:00 PM
Device            r/s     rkB/s   rrqm/s  %rrqm r_await rareq-sz     w/s     wkB/s   wrqm/s  %wrqm w_await wareq-sz     d/s     dkB/s   drqm/s  %drqm d_await dareq-sz     f/s f_await  aqu-sz  %util
nvme0n1        490.00  18392.00     0.00   0.00    0.22    37.53    0.00      0.00     0.00   0.00    0.00     0.00    0.00      0.00     0.00   0.00    0.00     0.00    0.00    0.00    0.11   5.00


10/05/2026 09:54:01 PM
Device            r/s     rkB/s   rrqm/s  %rrqm r_await rareq-sz     w/s     wkB/s   wrqm/s  %wrqm w_await wareq-sz     d/s     dkB/s   drqm/s  %drqm d_await dareq-sz     f/s f_await  aqu-sz  %util
nvme0n1        294.00   9448.00     0.00   0.00    0.24    32.14    0.00      0.00     0.00   0.00    0.00     0.00    0.00      0.00     0.00   0.00    0.00     0.00    0.00    0.00    0.07   4.50


10/05/2026 09:54:02 PM
Device            r/s     rkB/s   rrqm/s  %rrqm r_await rareq-sz     w/s     wkB/s   wrqm/s  %wrqm w_await wareq-sz     d/s     dkB/s   drqm/s  %drqm d_await dareq-sz     f/s f_await  aqu-sz  %util
nvme0n1        276.00   8948.00     0.00   0.00    0.24    32.42    1.00      4.00     4.00  80.00    1.00     4.00    0.00      0.00     0.00   0.00    0.00     0.00    0.00    0.00    0.07   4.90


10/05/2026 09:54:03 PM
Device            r/s     rkB/s   rrqm/s  %rrqm r_await rareq-sz     w/s     wkB/s   wrqm/s  %wrqm w_await wareq-sz     d/s     dkB/s   drqm/s  %drqm d_await dareq-sz     f/s f_await  aqu-sz  %util
nvme0n1        243.00   3692.00     0.00   0.00    0.28    15.19   16.00     76.00     0.00   0.00    0.25     4.75    0.00      0.00     0.00   0.00    0.00     0.00    1.00    2.00    0.08   4.00


10/05/2026 09:54:04 PM
Device            r/s     rkB/s   rrqm/s  %rrqm r_await rareq-sz     w/s     wkB/s   wrqm/s  %wrqm w_await wareq-sz     d/s     dkB/s   drqm/s  %drqm d_await dareq-sz     f/s f_await  aqu-sz  %util
nvme0n1        278.00   4768.00     0.00   0.00    0.21    17.15    1.00      8.00     1.00  50.00    1.00     8.00    0.00      0.00     0.00   0.00    0.00     0.00    0.00    0.00    0.06   4.50


10/05/2026 09:54:05 PM
Device            r/s     rkB/s   rrqm/s  %rrqm r_await rareq-sz     w/s     wkB/s   wrqm/s  %wrqm w_await wareq-sz     d/s     dkB/s   drqm/s  %drqm d_await dareq-sz     f/s f_await  aqu-sz  %util
nvme0n1        487.00  17584.00     0.00   0.00    0.22    36.11    0.00      0.00     0.00   0.00    0.00     0.00    0.00      0.00     0.00   0.00    0.00     0.00    0.00    0.00    0.11   5.70


10/05/2026 09:54:06 PM
Device            r/s     rkB/s   rrqm/s  %rrqm r_await rareq-sz     w/s     wkB/s   wrqm/s  %wrqm w_await wareq-sz     d/s     dkB/s   drqm/s  %drqm d_await dareq-sz     f/s f_await  aqu-sz  %util
nvme0n1        376.00   9072.00     0.00   0.00    0.21    24.13    0.00      0.00     0.00   0.00    0.00     0.00    0.00      0.00     0.00   0.00    0.00     0.00    0.00    0.00    0.08   5.40


10/05/2026 09:54:07 PM
Device            r/s     rkB/s   rrqm/s  %rrqm r_await rareq-sz     w/s     wkB/s   wrqm/s  %wrqm w_await wareq-sz     d/s     dkB/s   drqm/s  %drqm d_await dareq-sz     f/s f_await  aqu-sz  %util
nvme0n1        279.00   6368.00     0.00   0.00    0.22    22.82    0.00      0.00    10.00 100.00    0.00     0.00    0.00      0.00     0.00   0.00    0.00     0.00    0.00    0.00    0.06   3.90


10/05/2026 09:54:08 PM
Device            r/s     rkB/s   rrqm/s  %rrqm r_await rareq-sz     w/s     wkB/s   wrqm/s  %wrqm w_await wareq-sz     d/s     dkB/s   drqm/s  %drqm d_await dareq-sz     f/s f_await  aqu-sz  %util
nvme0n1        356.00   9888.00     0.00   0.00    0.19    27.78    4.00     52.00     0.00   0.00    1.00    13.00    0.00      0.00     0.00   0.00    0.00     0.00    1.00    1.00    0.07   5.00


10/05/2026 09:54:09 PM
Device            r/s     rkB/s   rrqm/s  %rrqm r_await rareq-sz     w/s     wkB/s   wrqm/s  %wrqm w_await wareq-sz     d/s     dkB/s   drqm/s  %drqm d_await dareq-sz     f/s f_await  aqu-sz  %util
nvme0n1        286.00   6456.00     0.00   0.00    0.24    22.57    0.00      0.00     0.00   0.00    0.00     0.00    0.00      0.00     0.00   0.00    0.00     0.00    0.00    0.00    0.07   4.00


10/05/2026 09:54:10 PM
Device            r/s     rkB/s   rrqm/s  %rrqm r_await rareq-sz     w/s     wkB/s   wrqm/s  %wrqm w_await wareq-sz     d/s     dkB/s   drqm/s  %drqm d_await dareq-sz     f/s f_await  aqu-sz  %util
nvme0n1        275.00   6832.00     0.00   0.00    0.23    24.84    1.00      4.00     0.00   0.00    0.00     4.00    0.00      0.00     0.00   0.00    0.00     0.00    0.00    0.00    0.06   4.50


10/05/2026 09:54:11 PM
Device            r/s     rkB/s   rrqm/s  %rrqm r_await rareq-sz     w/s     wkB/s   wrqm/s  %wrqm w_await wareq-sz     d/s     dkB/s   drqm/s  %drqm d_await dareq-sz     f/s f_await  aqu-sz  %util
nvme0n1        328.00   9748.00     0.00   0.00    0.20    29.72   98.00    548.00     3.00   2.97    0.14     5.59    0.00      0.00     0.00   0.00    0.00     0.00    0.00    0.00    0.08   4.60


10/05/2026 09:54:12 PM
Device            r/s     rkB/s   rrqm/s  %rrqm r_await rareq-sz     w/s     wkB/s   wrqm/s  %wrqm w_await wareq-sz     d/s     dkB/s   drqm/s  %drqm d_await dareq-sz     f/s f_await  aqu-sz  %util
nvme0n1        445.00  17460.00     7.00   1.55    0.20    39.24    0.00      0.00     9.00 100.00    0.00     0.00    0.00      0.00     0.00   0.00    0.00     0.00    0.00    0.00    0.09   5.50


10/05/2026 09:54:13 PM
Device            r/s     rkB/s   rrqm/s  %rrqm r_await rareq-sz     w/s     wkB/s   wrqm/s  %wrqm w_await wareq-sz     d/s     dkB/s   drqm/s  %drqm d_await dareq-sz     f/s f_await  aqu-sz  %util
nvme0n1        192.00   8952.00     0.00   0.00    0.24    46.62    3.00     44.00     0.00   0.00    1.33    14.67    0.00      0.00     0.00   0.00    0.00     0.00    1.00    2.00    0.05   2.00


10/05/2026 09:54:14 PM
Device            r/s     rkB/s   rrqm/s  %rrqm r_await rareq-sz     w/s     wkB/s   wrqm/s  %wrqm w_await wareq-sz     d/s     dkB/s   drqm/s  %drqm d_await dareq-sz     f/s f_await  aqu-sz  %util
nvme0n1       7500.00 164196.00 11331.00  60.17    0.06    21.89    1.00      4.00     0.00   0.00    1.00     4.00    0.00      0.00     0.00   0.00    0.00     0.00    0.00    0.00    0.48  47.10


10/05/2026 09:54:15 PM
Device            r/s     rkB/s   rrqm/s  %rrqm r_await rareq-sz     w/s     wkB/s   wrqm/s  %wrqm w_await wareq-sz     d/s     dkB/s   drqm/s  %drqm d_await dareq-sz     f/s f_await  aqu-sz  %util
nvme0n1        613.00  73780.00    91.00  12.93    0.21   120.36    0.00      0.00     0.00   0.00    0.00     0.00    0.00      0.00     0.00   0.00    0.00     0.00    0.00    0.00    0.13   3.60


10/05/2026 09:54:16 PM
Device            r/s     rkB/s   rrqm/s  %rrqm r_await rareq-sz     w/s     wkB/s   wrqm/s  %wrqm w_await wareq-sz     d/s     dkB/s   drqm/s  %drqm d_await dareq-sz     f/s f_await  aqu-sz  %util
nvme0n1         54.00    680.00     2.00   3.57    0.48    12.59    1.00      8.00     1.00  50.00    3.00     8.00    0.00      0.00     0.00   0.00    0.00     0.00    0.00    0.00    0.03   1.30


10/05/2026 09:54:17 PM
Device            r/s     rkB/s   rrqm/s  %rrqm r_await rareq-sz     w/s     wkB/s   wrqm/s  %wrqm w_await wareq-sz     d/s     dkB/s   drqm/s  %drqm d_await dareq-sz     f/s f_await  aqu-sz  %util
nvme0n1       1045.00  70700.00    33.00   3.06    0.11    67.66    1.00     12.00    15.00  93.75    0.00    12.00    0.00      0.00     0.00   0.00    0.00     0.00    0.00    0.00    0.11   8.70


10/05/2026 09:54:18 PM
Device            r/s     rkB/s   rrqm/s  %rrqm r_await rareq-sz     w/s     wkB/s   wrqm/s  %wrqm w_await wareq-sz     d/s     dkB/s   drqm/s  %drqm d_await dareq-sz     f/s f_await  aqu-sz  %util
nvme0n1        139.00   2408.00     2.00   1.42    0.12    17.32    3.00     68.00     0.00   0.00    2.33    22.67    0.00      0.00     0.00   0.00    0.00     0.00    1.00    2.00    0.03   1.40


10/05/2026 09:54:19 PM
Device            r/s     rkB/s   rrqm/s  %rrqm r_await rareq-sz     w/s     wkB/s   wrqm/s  %wrqm w_await wareq-sz     d/s     dkB/s   drqm/s  %drqm d_await dareq-sz     f/s f_await  aqu-sz  %util
nvme0n1        578.00  28260.00     7.00   1.20    0.15    48.89    0.00      0.00     0.00   0.00    0.00     0.00    0.00      0.00     0.00   0.00    0.00     0.00    0.00    0.00    0.08   6.50


10/05/2026 09:54:20 PM
Device            r/s     rkB/s   rrqm/s  %rrqm r_await rareq-sz     w/s     wkB/s   wrqm/s  %wrqm w_await wareq-sz     d/s     dkB/s   drqm/s  %drqm d_await dareq-sz     f/s f_await  aqu-sz  %util
nvme0n1       8589.00 1055356.00     1.00   0.01    0.22   122.87    0.00      0.00     0.00   0.00    0.00     0.00    0.00      0.00     0.00   0.00    0.00     0.00    0.00    0.00    1.92  55.00


10/05/2026 09:54:21 PM
Device            r/s     rkB/s   rrqm/s  %rrqm r_await rareq-sz     w/s     wkB/s   wrqm/s  %wrqm w_await wareq-sz     d/s     dkB/s   drqm/s  %drqm d_await dareq-sz     f/s f_await  aqu-sz  %util
nvme0n1       7131.00 867144.00     0.00   0.00    0.24   121.60   54.00    236.00     1.00   1.82    0.04     4.37    0.00      0.00     0.00   0.00    0.00     0.00    0.00    0.00    1.69  50.60


10/05/2026 09:54:22 PM
Device            r/s     rkB/s   rrqm/s  %rrqm r_await rareq-sz     w/s     wkB/s   wrqm/s  %wrqm w_await wareq-sz     d/s     dkB/s   drqm/s  %drqm d_await dareq-sz     f/s f_await  aqu-sz  %util
nvme0n1       8268.00 1009888.00     0.00   0.00    0.22   122.14    2.00     44.00     9.00  81.82    0.00    22.00    0.00      0.00     0.00   0.00    0.00     0.00    0.00    0.00    1.86  53.20


10/05/2026 09:54:23 PM
Device            r/s     rkB/s   rrqm/s  %rrqm r_await rareq-sz     w/s     wkB/s   wrqm/s  %wrqm w_await wareq-sz     d/s     dkB/s   drqm/s  %drqm d_await dareq-sz     f/s f_await  aqu-sz  %util
nvme0n1       10346.00 1285708.00     0.00   0.00    0.21   124.27   31.00    144.00     6.00  16.22   19.52     4.65    0.00      0.00     0.00   0.00    0.00     0.00    1.00    1.00    2.77  54.80


10/05/2026 09:54:24 PM
Device            r/s     rkB/s   rrqm/s  %rrqm r_await rareq-sz     w/s     wkB/s   wrqm/s  %wrqm w_await wareq-sz     d/s     dkB/s   drqm/s  %drqm d_await dareq-sz     f/s f_await  aqu-sz  %util
nvme0n1       10392.00 1295180.00     0.00   0.00    0.21   124.63    2.00      8.00     0.00   0.00    0.00     4.00    0.00      0.00     0.00   0.00    0.00     0.00    0.00    0.00    2.18  53.30


10/05/2026 09:54:25 PM
Device            r/s     rkB/s   rrqm/s  %rrqm r_await rareq-sz     w/s     wkB/s   wrqm/s  %wrqm w_await wareq-sz     d/s     dkB/s   drqm/s  %drqm d_await dareq-sz     f/s f_await  aqu-sz  %util
nvme0n1       9253.00 1133452.00     0.00   0.00    0.21   122.50   19.00     76.00     0.00   0.00   15.11     4.00    0.00      0.00     0.00   0.00    0.00     0.00    0.00    0.00    2.24  58.20


10/05/2026 09:54:26 PM
Device            r/s     rkB/s   rrqm/s  %rrqm r_await rareq-sz     w/s     wkB/s   wrqm/s  %wrqm w_await wareq-sz     d/s     dkB/s   drqm/s  %drqm d_await dareq-sz     f/s f_await  aqu-sz  %util
nvme0n1       10006.00 1244456.00     8.00   0.08    0.22   124.37   66.00    276.00     3.00   4.35    8.45     4.18    0.00      0.00     0.00   0.00    0.00     0.00    0.00    0.00    2.72  59.00


10/05/2026 09:54:27 PM
Device            r/s     rkB/s   rrqm/s  %rrqm r_await rareq-sz     w/s     wkB/s   wrqm/s  %wrqm w_await wareq-sz     d/s     dkB/s   drqm/s  %drqm d_await dareq-sz     f/s f_await  aqu-sz  %util
nvme0n1       11026.00 1379352.00     0.00   0.00    0.20   125.10    1.00     12.00     2.00  66.67    0.00    12.00    0.00      0.00     0.00   0.00    0.00     0.00    0.00    0.00    2.25  57.00


10/05/2026 09:54:28 PM
Device            r/s     rkB/s   rrqm/s  %rrqm r_await rareq-sz     w/s     wkB/s   wrqm/s  %wrqm w_await wareq-sz     d/s     dkB/s   drqm/s  %drqm d_await dareq-sz     f/s f_await  aqu-sz  %util
nvme0n1       10626.00 1338476.00     0.00   0.00    0.21   125.96    4.00     16.00     1.00  20.00    1.25     4.00    0.00      0.00     0.00   0.00    0.00     0.00    1.00    1.00    2.27  53.50


10/05/2026 09:54:29 PM
Device            r/s     rkB/s   rrqm/s  %rrqm r_await rareq-sz     w/s     wkB/s   wrqm/s  %wrqm w_await wareq-sz     d/s     dkB/s   drqm/s  %drqm d_await dareq-sz     f/s f_await  aqu-sz  %util
nvme0n1       10052.00 1256224.00     0.00   0.00    0.21   124.97    0.00      0.00     0.00   0.00    0.00     0.00    0.00      0.00     0.00   0.00    0.00     0.00    0.00    0.00    2.12  55.40


10/05/2026 09:54:30 PM
Device            r/s     rkB/s   rrqm/s  %rrqm r_await rareq-sz     w/s     wkB/s   wrqm/s  %wrqm w_await wareq-sz     d/s     dkB/s   drqm/s  %drqm d_await dareq-sz     f/s f_await  aqu-sz  %util
nvme0n1       11292.00 1423016.00     0.00   0.00    0.20   126.02    0.00      0.00     0.00   0.00    0.00     0.00    0.00      0.00     0.00   0.00    0.00     0.00    0.00    0.00    2.26  57.00


10/05/2026 09:54:31 PM
Device            r/s     rkB/s   rrqm/s  %rrqm r_await rareq-sz     w/s     wkB/s   wrqm/s  %wrqm w_await wareq-sz     d/s     dkB/s   drqm/s  %drqm d_await dareq-sz     f/s f_await  aqu-sz  %util
nvme0n1       14540.00 1860096.00     0.00   0.00    0.18   127.93  301.00   1304.00    25.00   7.67    0.33     4.33    0.00      0.00     0.00   0.00    0.00     0.00    0.00    0.00    2.72  44.70


10/05/2026 09:54:32 PM
Device            r/s     rkB/s   rrqm/s  %rrqm r_await rareq-sz     w/s     wkB/s   wrqm/s  %wrqm w_await wareq-sz     d/s     dkB/s   drqm/s  %drqm d_await dareq-sz     f/s f_await  aqu-sz  %util
nvme0n1       14487.00 1853960.00     0.00   0.00    0.18   127.97    0.00      0.00     0.00   0.00    0.00     0.00    0.00      0.00     0.00   0.00    0.00     0.00    0.00    0.00    2.65  48.50


10/05/2026 09:54:33 PM
Device            r/s     rkB/s   rrqm/s  %rrqm r_await rareq-sz     w/s     wkB/s   wrqm/s  %wrqm w_await wareq-sz     d/s     dkB/s   drqm/s  %drqm d_await dareq-sz     f/s f_await  aqu-sz  %util
nvme0n1       14513.00 1857536.00     0.00   0.00    0.18   127.99    3.00     24.00     4.00  57.14    2.00     8.00    0.00      0.00     0.00   0.00    0.00     0.00    1.00    1.00    2.65  48.10


10/05/2026 09:54:34 PM
Device            r/s     rkB/s   rrqm/s  %rrqm r_await rareq-sz     w/s     wkB/s   wrqm/s  %wrqm w_await wareq-sz     d/s     dkB/s   drqm/s  %drqm d_await dareq-sz     f/s f_await  aqu-sz  %util
nvme0n1       7984.00 1020780.00    17.00   0.21    0.39   127.85 1768.00 205960.00 49722.00  96.57    6.92   116.49    0.00      0.00     0.00   0.00    0.00     0.00    0.00    0.00   15.33  55.90


10/05/2026 09:54:35 PM
Device            r/s     rkB/s   rrqm/s  %rrqm r_await rareq-sz     w/s     wkB/s   wrqm/s  %wrqm w_await wareq-sz     d/s     dkB/s   drqm/s  %drqm d_await dareq-sz     f/s f_await  aqu-sz  %util
nvme0n1       13733.00 1701908.00   345.00   2.45    0.17   123.93    0.00      0.00     0.00   0.00    0.00     0.00    0.00      0.00     0.00   0.00    0.00     0.00    0.00    0.00    2.30  49.40


10/05/2026 09:54:36 PM
Device            r/s     rkB/s   rrqm/s  %rrqm r_await rareq-sz     w/s     wkB/s   wrqm/s  %wrqm w_await wareq-sz     d/s     dkB/s   drqm/s  %drqm d_await dareq-sz     f/s f_await  aqu-sz  %util
nvme0n1       6921.00 780260.00    10.00   0.14    0.16   112.74    3.00     12.00     0.00   0.00   10.00     4.00    0.00      0.00     0.00   0.00    0.00     0.00    0.00    0.00    1.14  30.30


10/05/2026 09:54:37 PM
Device            r/s     rkB/s   rrqm/s  %rrqm r_await rareq-sz     w/s     wkB/s   wrqm/s  %wrqm w_await wareq-sz     d/s     dkB/s   drqm/s  %drqm d_await dareq-sz     f/s f_await  aqu-sz  %util
nvme0n1       7306.00 332340.00  2847.00  28.04    0.13    45.49    3.00     24.00     3.00  50.00   19.00     8.00    0.00      0.00     0.00   0.00    0.00     0.00    0.00    0.00    1.03  17.70


10/05/2026 09:54:38 PM
Device            r/s     rkB/s   rrqm/s  %rrqm r_await rareq-sz     w/s     wkB/s   wrqm/s  %wrqm w_await wareq-sz     d/s     dkB/s   drqm/s  %drqm d_await dareq-sz     f/s f_await  aqu-sz  %util
nvme0n1       20780.00 1391144.00   352.00   1.67    0.18    66.95    9.00     92.00    13.00  59.09   30.56    10.22    0.00      0.00     0.00   0.00    0.00     0.00    0.00    0.00    4.01  54.10


10/05/2026 09:54:39 PM
Device            r/s     rkB/s   rrqm/s  %rrqm r_await rareq-sz     w/s     wkB/s   wrqm/s  %wrqm w_await wareq-sz     d/s     dkB/s   drqm/s  %drqm d_await dareq-sz     f/s f_await  aqu-sz  %util
nvme0n1       18646.00 1233724.00   110.00   0.59    0.18    66.17   22.00     84.00     1.00   4.35   27.91     3.82    0.00      0.00     0.00   0.00    0.00     0.00    1.00    1.00    3.96  49.10


10/05/2026 09:54:40 PM
Device            r/s     rkB/s   rrqm/s  %rrqm r_await rareq-sz     w/s     wkB/s   wrqm/s  %wrqm w_await wareq-sz     d/s     dkB/s   drqm/s  %drqm d_await dareq-sz     f/s f_await  aqu-sz  %util
nvme0n1       14760.00 968960.00     0.00   0.00    0.18    65.65    0.00      0.00     0.00   0.00    0.00     0.00    0.00      0.00     0.00   0.00    0.00     0.00    0.00    0.00    2.65  40.50


10/05/2026 09:54:41 PM
Device            r/s     rkB/s   rrqm/s  %rrqm r_await rareq-sz     w/s     wkB/s   wrqm/s  %wrqm w_await wareq-sz     d/s     dkB/s   drqm/s  %drqm d_await dareq-sz     f/s f_await  aqu-sz  %util
nvme0n1       12993.00 856188.00     5.00   0.04    0.17    65.90  233.00   1132.00    13.00   5.28    6.05     4.86    0.00      0.00     0.00   0.00    0.00     0.00    0.00    0.00    3.67  35.80


10/05/2026 09:54:42 PM
Device            r/s     rkB/s   rrqm/s  %rrqm r_await rareq-sz     w/s     wkB/s   wrqm/s  %wrqm w_await wareq-sz     d/s     dkB/s   drqm/s  %drqm d_await dareq-sz     f/s f_await  aqu-sz  %util
nvme0n1       10385.00 696992.00     0.00   0.00    0.17    67.12    1.00      4.00     0.00   0.00    0.00     4.00    0.00      0.00     0.00   0.00    0.00     0.00    0.00    0.00    1.80  32.00


10/05/2026 09:54:43 PM
Device            r/s     rkB/s   rrqm/s  %rrqm r_await rareq-sz     w/s     wkB/s   wrqm/s  %wrqm w_await wareq-sz     d/s     dkB/s   drqm/s  %drqm d_await dareq-sz     f/s f_await  aqu-sz  %util
nvme0n1       6261.00 430636.00     0.00   0.00    0.19    68.78    2.00     40.00     8.00  80.00    1.00    20.00    0.00      0.00     0.00   0.00    0.00     0.00    0.00    0.00    1.17  21.60


10/05/2026 09:54:44 PM
Device            r/s     rkB/s   rrqm/s  %rrqm r_await rareq-sz     w/s     wkB/s   wrqm/s  %wrqm w_await wareq-sz     d/s     dkB/s   drqm/s  %drqm d_await dareq-sz     f/s f_await  aqu-sz  %util
nvme0n1       6807.00 482060.00     0.00   0.00    0.18    70.82  161.00    680.00    10.00   5.85    9.37     4.22    0.00      0.00     0.00   0.00    0.00     0.00    1.00    2.00    2.75  28.30


10/05/2026 09:54:45 PM
Device            r/s     rkB/s   rrqm/s  %rrqm r_await rareq-sz     w/s     wkB/s   wrqm/s  %wrqm w_await wareq-sz     d/s     dkB/s   drqm/s  %drqm d_await dareq-sz     f/s f_await  aqu-sz  %util
nvme0n1       6377.00 427244.00     0.00   0.00    0.18    67.00   60.00    252.00     3.00   4.76   25.03     4.20    0.00      0.00     0.00   0.00    0.00     0.00    0.00    0.00    2.62  22.90


10/05/2026 09:54:46 PM
Device            r/s     rkB/s   rrqm/s  %rrqm r_await rareq-sz     w/s     wkB/s   wrqm/s  %wrqm w_await wareq-sz     d/s     dkB/s   drqm/s  %drqm d_await dareq-sz     f/s f_await  aqu-sz  %util
nvme0n1       7337.00 500296.00     0.00   0.00    0.22    68.19 2032.00   8488.00    90.00   4.24    7.88     4.18    0.00      0.00     0.00   0.00    0.00     0.00    0.00    0.00   17.61  29.10


10/05/2026 09:54:47 PM
Device            r/s     rkB/s   rrqm/s  %rrqm r_await rareq-sz     w/s     wkB/s   wrqm/s  %wrqm w_await wareq-sz     d/s     dkB/s   drqm/s  %drqm d_await dareq-sz     f/s f_await  aqu-sz  %util
nvme0n1       6027.00 404436.00     0.00   0.00    0.17    67.10   17.00     76.00     2.00  10.53    0.24     4.47    0.00      0.00     0.00   0.00    0.00     0.00    0.00    0.00    1.05  24.40


10/05/2026 09:54:48 PM
Device            r/s     rkB/s   rrqm/s  %rrqm r_await rareq-sz     w/s     wkB/s   wrqm/s  %wrqm w_await wareq-sz     d/s     dkB/s   drqm/s  %drqm d_await dareq-sz     f/s f_await  aqu-sz  %util
nvme0n1       7032.00 469684.00     0.00   0.00    0.18    66.79    1.00     24.00     5.00  83.33    0.00    24.00    0.00      0.00     0.00   0.00    0.00     0.00    0.00    0.00    1.27  25.00


10/05/2026 09:54:49 PM
Device            r/s     rkB/s   rrqm/s  %rrqm r_await rareq-sz     w/s     wkB/s   wrqm/s  %wrqm w_await wareq-sz     d/s     dkB/s   drqm/s  %drqm d_await dareq-sz     f/s f_await  aqu-sz  %util
nvme0n1       7306.00 434568.00   365.00   4.76    0.16    59.48   42.00    168.00     1.00   2.33   10.19     4.00    0.00      0.00     0.00   0.00    0.00     0.00    1.00    1.00    1.63  28.00


10/05/2026 09:54:50 PM
Device            r/s     rkB/s   rrqm/s  %rrqm r_await rareq-sz     w/s     wkB/s   wrqm/s  %wrqm w_await wareq-sz     d/s     dkB/s   drqm/s  %drqm d_await dareq-sz     f/s f_await  aqu-sz  %util
nvme0n1       7812.00 370972.00    52.00   0.66    0.14    47.49    0.00      0.00     0.00   0.00    0.00     0.00    0.00      0.00     0.00   0.00    0.00     0.00    0.00    0.00    1.13  29.30


10/05/2026 09:54:51 PM
Device            r/s     rkB/s   rrqm/s  %rrqm r_await rareq-sz     w/s     wkB/s   wrqm/s  %wrqm w_await wareq-sz     d/s     dkB/s   drqm/s  %drqm d_await dareq-sz     f/s f_await  aqu-sz  %util
nvme0n1       6230.00 434868.00     0.00   0.00    0.19    69.80    0.00      0.00     0.00   0.00    0.00     0.00    0.00      0.00     0.00   0.00    0.00     0.00    0.00    0.00    1.18  24.80


10/05/2026 09:54:52 PM
Device            r/s     rkB/s   rrqm/s  %rrqm r_await rareq-sz     w/s     wkB/s   wrqm/s  %wrqm w_await wareq-sz     d/s     dkB/s   drqm/s  %drqm d_await dareq-sz     f/s f_await  aqu-sz  %util
nvme0n1       4306.00 279272.00     0.00   0.00    0.18    64.86    0.00      0.00     0.00   0.00    0.00     0.00    0.00      0.00     0.00   0.00    0.00     0.00    0.00    0.00    0.80  17.10


10/05/2026 09:54:53 PM
Device            r/s     rkB/s   rrqm/s  %rrqm r_await rareq-sz     w/s     wkB/s   wrqm/s  %wrqm w_await wareq-sz     d/s     dkB/s   drqm/s  %drqm d_await dareq-sz     f/s f_await  aqu-sz  %util
nvme0n1       3292.00 204588.00     0.00   0.00    0.20    62.15    2.00     40.00     8.00  80.00    0.50    20.00    0.00      0.00     0.00   0.00    0.00     0.00    0.00    0.00    0.65  13.60


10/05/2026 09:54:54 PM
Device            r/s     rkB/s   rrqm/s  %rrqm r_await rareq-sz     w/s     wkB/s   wrqm/s  %wrqm w_await wareq-sz     d/s     dkB/s   drqm/s  %drqm d_await dareq-sz     f/s f_await  aqu-sz  %util
nvme0n1       10552.00 708720.00     0.00   0.00    0.17    67.16   11.00     48.00     2.00  15.38    0.91     4.36    0.00      0.00     0.00   0.00    0.00     0.00    1.00    2.00    1.86  33.90


10/05/2026 09:54:55 PM
Device            r/s     rkB/s   rrqm/s  %rrqm r_await rareq-sz     w/s     wkB/s   wrqm/s  %wrqm w_await wareq-sz     d/s     dkB/s   drqm/s  %drqm d_await dareq-sz     f/s f_await  aqu-sz  %util
nvme0n1       8893.00 606092.00     0.00   0.00    0.18    68.15   31.00    128.00     0.00   0.00    0.10     4.13    0.00      0.00     0.00   0.00    0.00     0.00    0.00    0.00    1.63  32.30


10/05/2026 09:54:56 PM
Device            r/s     rkB/s   rrqm/s  %rrqm r_await rareq-sz     w/s     wkB/s   wrqm/s  %wrqm w_await wareq-sz     d/s     dkB/s   drqm/s  %drqm d_await dareq-sz     f/s f_await  aqu-sz  %util
nvme0n1       5149.00 347488.00     0.00   0.00    0.18    67.49    0.00      0.00     0.00   0.00    0.00     0.00    0.00      0.00     0.00   0.00    0.00     0.00    0.00    0.00    0.94  21.20


10/05/2026 09:54:57 PM
Device            r/s     rkB/s   rrqm/s  %rrqm r_await rareq-sz     w/s     wkB/s   wrqm/s  %wrqm w_await wareq-sz     d/s     dkB/s   drqm/s  %drqm d_await dareq-sz     f/s f_await  aqu-sz  %util
nvme0n1       4045.00 267416.00     0.00   0.00    0.20    66.11    0.00      0.00     0.00   0.00    0.00     0.00    0.00      0.00     0.00   0.00    0.00     0.00    0.00    0.00    0.79  17.20


10/05/2026 09:54:58 PM
Device            r/s     rkB/s   rrqm/s  %rrqm r_await rareq-sz     w/s     wkB/s   wrqm/s  %wrqm w_await wareq-sz     d/s     dkB/s   drqm/s  %drqm d_await dareq-sz     f/s f_await  aqu-sz  %util
nvme0n1       3088.00 202688.00     0.00   0.00    0.19    65.64    1.00     12.00     2.00  66.67    0.00    12.00    0.00      0.00     0.00   0.00    0.00     0.00    0.00    0.00    0.58  15.20


10/05/2026 09:54:59 PM
Device            r/s     rkB/s   rrqm/s  %rrqm r_await rareq-sz     w/s     wkB/s   wrqm/s  %wrqm w_await wareq-sz     d/s     dkB/s   drqm/s  %drqm d_await dareq-sz     f/s f_await  aqu-sz  %util
nvme0n1       2779.00 175208.00     0.00   0.00    0.19    63.05    3.00      8.00     0.00   0.00    1.00     2.67    0.00      0.00     0.00   0.00    0.00     0.00    1.00    1.00    0.53  13.60


10/05/2026 09:55:00 PM
Device            r/s     rkB/s   rrqm/s  %rrqm r_await rareq-sz     w/s     wkB/s   wrqm/s  %wrqm w_await wareq-sz     d/s     dkB/s   drqm/s  %drqm d_await dareq-sz     f/s f_await  aqu-sz  %util
nvme0n1       4315.00 277908.00     0.00   0.00    0.18    64.41    1.00      4.00     0.00   0.00    0.00     4.00    0.00      0.00     0.00   0.00    0.00     0.00    0.00    0.00    0.78  17.90


10/05/2026 09:55:01 PM
Device            r/s     rkB/s   rrqm/s  %rrqm r_await rareq-sz     w/s     wkB/s   wrqm/s  %wrqm w_await wareq-sz     d/s     dkB/s   drqm/s  %drqm d_await dareq-sz     f/s f_await  aqu-sz  %util
nvme0n1       5130.00 340336.00    72.00   1.38    0.18    66.34    0.00      0.00     0.00   0.00    0.00     0.00    0.00      0.00     0.00   0.00    0.00     0.00    0.00    0.00    0.94  20.20


10/05/2026 09:55:02 PM
Device            r/s     rkB/s   rrqm/s  %rrqm r_await rareq-sz     w/s     wkB/s   wrqm/s  %wrqm w_await wareq-sz     d/s     dkB/s   drqm/s  %drqm d_await dareq-sz     f/s f_await  aqu-sz  %util
nvme0n1       3371.00 199100.00     0.00   0.00    0.20    59.06    0.00      0.00     0.00   0.00    0.00     0.00    0.00      0.00     0.00   0.00    0.00     0.00    0.00    0.00    0.67  14.70


10/05/2026 09:55:03 PM
Device            r/s     rkB/s   rrqm/s  %rrqm r_await rareq-sz     w/s     wkB/s   wrqm/s  %wrqm w_await wareq-sz     d/s     dkB/s   drqm/s  %drqm d_await dareq-sz     f/s f_await  aqu-sz  %util
nvme0n1       3761.00 244952.00     0.00   0.00    0.18    65.13    1.00     40.00     9.00  90.00    0.00    40.00    0.00      0.00     0.00   0.00    0.00     0.00    0.00    0.00    0.69  16.30


10/05/2026 09:55:04 PM
Device            r/s     rkB/s   rrqm/s  %rrqm r_await rareq-sz     w/s     wkB/s   wrqm/s  %wrqm w_await wareq-sz     d/s     dkB/s   drqm/s  %drqm d_await dareq-sz     f/s f_await  aqu-sz  %util
nvme0n1       3339.00 201272.00     0.00   0.00    0.18    60.28   10.00     40.00     1.00   9.09    0.80     4.00    0.00      0.00     0.00   0.00    0.00     0.00    1.00    1.00    0.62  13.70


10/05/2026 09:55:05 PM
Device            r/s     rkB/s   rrqm/s  %rrqm r_await rareq-sz     w/s     wkB/s   wrqm/s  %wrqm w_await wareq-sz     d/s     dkB/s   drqm/s  %drqm d_await dareq-sz     f/s f_await  aqu-sz  %util
nvme0n1       2728.00 160972.00     0.00   0.00    0.19    59.01    1.00      8.00     1.00  50.00    0.00     8.00    0.00      0.00     0.00   0.00    0.00     0.00    0.00    0.00    0.53  12.60


10/05/2026 09:55:06 PM
Device            r/s     rkB/s   rrqm/s  %rrqm r_await rareq-sz     w/s     wkB/s   wrqm/s  %wrqm w_await wareq-sz     d/s     dkB/s   drqm/s  %drqm d_await dareq-sz     f/s f_await  aqu-sz  %util
nvme0n1       3578.00 225848.00     0.00   0.00    0.18    63.12    0.00      0.00     0.00   0.00    0.00     0.00    0.00      0.00     0.00   0.00    0.00     0.00    0.00    0.00    0.66  17.00


10/05/2026 09:55:07 PM
Device            r/s     rkB/s   rrqm/s  %rrqm r_await rareq-sz     w/s     wkB/s   wrqm/s  %wrqm w_await wareq-sz     d/s     dkB/s   drqm/s  %drqm d_await dareq-sz     f/s f_await  aqu-sz  %util
nvme0n1       3996.00 258404.00     0.00   0.00    0.18    64.67   67.00    388.00     2.00   2.90    0.03     5.79    0.00      0.00     0.00   0.00    0.00     0.00    0.00    0.00    0.73  18.20


10/05/2026 09:55:08 PM
Device            r/s     rkB/s   rrqm/s  %rrqm r_await rareq-sz     w/s     wkB/s   wrqm/s  %wrqm w_await wareq-sz     d/s     dkB/s   drqm/s  %drqm d_await dareq-sz     f/s f_await  aqu-sz  %util
nvme0n1       3732.00 253692.00     0.00   0.00    0.20    67.98    0.00      0.00     0.00   0.00    0.00     0.00    0.00      0.00     0.00   0.00    0.00     0.00    0.00    0.00    0.74  16.30


10/05/2026 09:55:09 PM
Device            r/s     rkB/s   rrqm/s  %rrqm r_await rareq-sz     w/s     wkB/s   wrqm/s  %wrqm w_await wareq-sz     d/s     dkB/s   drqm/s  %drqm d_await dareq-sz     f/s f_await  aqu-sz  %util
nvme0n1       1766.00 106452.00     0.00   0.00    0.23    60.28    0.00      0.00    14.00 100.00    0.00     0.00    0.00      0.00     0.00   0.00    0.00     0.00    0.00    0.00    0.40  11.40


10/05/2026 09:55:10 PM
Device            r/s     rkB/s   rrqm/s  %rrqm r_await rareq-sz     w/s     wkB/s   wrqm/s  %wrqm w_await wareq-sz     d/s     dkB/s   drqm/s  %drqm d_await dareq-sz     f/s f_await  aqu-sz  %util
nvme0n1       1810.00 105732.00     0.00   0.00    0.21    58.42    3.00     64.00     0.00   0.00    1.00    21.33    0.00      0.00     0.00   0.00    0.00     0.00    1.00    2.00    0.38  10.20


10/05/2026 09:55:11 PM
Device            r/s     rkB/s   rrqm/s  %rrqm r_await rareq-sz     w/s     wkB/s   wrqm/s  %wrqm w_await wareq-sz     d/s     dkB/s   drqm/s  %drqm d_await dareq-sz     f/s f_await  aqu-sz  %util
nvme0n1       1456.00  89020.00     0.00   0.00    0.20    61.14    1.00      4.00     0.00   0.00    1.00     4.00    0.00      0.00     0.00   0.00    0.00     0.00    0.00    0.00    0.29   8.70


10/05/2026 09:55:12 PM
Device            r/s     rkB/s   rrqm/s  %rrqm r_await rareq-sz     w/s     wkB/s   wrqm/s  %wrqm w_await wareq-sz     d/s     dkB/s   drqm/s  %drqm d_await dareq-sz     f/s f_await  aqu-sz  %util
nvme0n1       1443.00  85332.00     0.00   0.00    0.22    59.14   76.00    432.00     2.00   2.56    0.03     5.68    0.00      0.00     0.00   0.00    0.00     0.00    0.00    0.00    0.32   9.40


10/05/2026 09:55:13 PM
Device            r/s     rkB/s   rrqm/s  %rrqm r_await rareq-sz     w/s     wkB/s   wrqm/s  %wrqm w_await wareq-sz     d/s     dkB/s   drqm/s  %drqm d_await dareq-sz     f/s f_await  aqu-sz  %util
nvme0n1       1102.00  69620.00     0.00   0.00    0.21    63.18    1.00      4.00     0.00   0.00    1.00     4.00    0.00      0.00     0.00   0.00    0.00     0.00    0.00    0.00    0.24   8.60


10/05/2026 09:55:14 PM
Device            r/s     rkB/s   rrqm/s  %rrqm r_await rareq-sz     w/s     wkB/s   wrqm/s  %wrqm w_await wareq-sz     d/s     dkB/s   drqm/s  %drqm d_await dareq-sz     f/s f_await  aqu-sz  %util
nvme0n1       1090.00  64360.00     0.00   0.00    0.28    59.05    1.00     24.00     5.00  83.33    0.00    24.00    0.00      0.00     0.00   0.00    0.00     0.00    0.00    0.00    0.30   9.40


10/05/2026 09:55:15 PM
Device            r/s     rkB/s   rrqm/s  %rrqm r_await rareq-sz     w/s     wkB/s   wrqm/s  %wrqm w_await wareq-sz     d/s     dkB/s   drqm/s  %drqm d_await dareq-sz     f/s f_await  aqu-sz  %util
nvme0n1       2178.00 123264.00     0.00   0.00    0.21    56.60   15.00     60.00     1.00   6.25    0.87     4.00    0.00      0.00     0.00   0.00    0.00     0.00    1.00    1.00    0.47  11.40


10/05/2026 09:55:16 PM
Device            r/s     rkB/s   rrqm/s  %rrqm r_await rareq-sz     w/s     wkB/s   wrqm/s  %wrqm w_await wareq-sz     d/s     dkB/s   drqm/s  %drqm d_await dareq-sz     f/s f_await  aqu-sz  %util
nvme0n1       1640.00  91412.00     0.00   0.00    0.19    55.74   38.00    152.00     0.00   0.00    2.53     4.00    0.00      0.00     0.00   0.00    0.00     0.00    0.00    0.00    0.40   8.90


10/05/2026 09:55:17 PM
Device            r/s     rkB/s   rrqm/s  %rrqm r_await rareq-sz     w/s     wkB/s   wrqm/s  %wrqm w_await wareq-sz     d/s     dkB/s   drqm/s  %drqm d_await dareq-sz     f/s f_await  aqu-sz  %util
nvme0n1       1413.00  86192.00     0.00   0.00    0.21    61.00    1.00      8.00     1.00  50.00    1.00     8.00    0.00      0.00     0.00   0.00    0.00     0.00    0.00    0.00    0.30   8.70


10/05/2026 09:55:18 PM
Device            r/s     rkB/s   rrqm/s  %rrqm r_await rareq-sz     w/s     wkB/s   wrqm/s  %wrqm w_await wareq-sz     d/s     dkB/s   drqm/s  %drqm d_await dareq-sz     f/s f_await  aqu-sz  %util
nvme0n1       2450.00 172168.00     9.00   0.37    0.19    70.27   19.00     88.00     3.00  13.64   16.26     4.63    0.00      0.00     0.00   0.00    0.00     0.00    0.00    0.00    0.78  19.10


10/05/2026 09:55:19 PM
Device            r/s     rkB/s   rrqm/s  %rrqm r_await rareq-sz     w/s     wkB/s   wrqm/s  %wrqm w_await wareq-sz     d/s     dkB/s   drqm/s  %drqm d_await dareq-sz     f/s f_await  aqu-sz  %util
nvme0n1       6459.00  25836.00     0.00   0.00    0.14     4.00    1.00      4.00     0.00   0.00    0.00     4.00    0.00      0.00     0.00   0.00    0.00     0.00    0.00    0.00    0.93  91.90


10/05/2026 09:55:20 PM
Device            r/s     rkB/s   rrqm/s  %rrqm r_await rareq-sz     w/s     wkB/s   wrqm/s  %wrqm w_await wareq-sz     d/s     dkB/s   drqm/s  %drqm d_await dareq-sz     f/s f_await  aqu-sz  %util
nvme0n1       4925.00 257312.00   721.00  12.77    0.16    52.25   30.00    180.00    15.00  33.33   16.93     6.00    0.00      0.00     0.00   0.00    0.00     0.00    0.00    0.00    1.27  46.20


10/05/2026 09:55:21 PM
Device            r/s     rkB/s   rrqm/s  %rrqm r_await rareq-sz     w/s     wkB/s   wrqm/s  %wrqm w_await wareq-sz     d/s     dkB/s   drqm/s  %drqm d_await dareq-sz     f/s f_await  aqu-sz  %util
nvme0n1       3554.00 427304.00    11.00   0.31    0.24   120.23    2.00      4.00     0.00   0.00    1.50     2.00    0.00      0.00     0.00   0.00    0.00     0.00    1.00    1.00    0.85  31.10


10/05/2026 09:55:22 PM
Device            r/s     rkB/s   rrqm/s  %rrqm r_await rareq-sz     w/s     wkB/s   wrqm/s  %wrqm w_await wareq-sz     d/s     dkB/s   drqm/s  %drqm d_await dareq-sz     f/s f_await  aqu-sz  %util
nvme0n1       5783.00 722872.00     0.00   0.00    0.23   125.00    0.00      0.00     0.00   0.00    0.00     0.00    0.00      0.00     0.00   0.00    0.00     0.00    0.00    0.00    1.33  45.10


10/05/2026 09:55:23 PM
Device            r/s     rkB/s   rrqm/s  %rrqm r_await rareq-sz     w/s     wkB/s   wrqm/s  %wrqm w_await wareq-sz     d/s     dkB/s   drqm/s  %drqm d_await dareq-sz     f/s f_await  aqu-sz  %util
nvme0n1       5840.00 730292.00     0.00   0.00    0.22   125.05   39.00    164.00     2.00   4.88    0.08     4.21    0.00      0.00     0.00   0.00    0.00     0.00    0.00    0.00    1.31  45.90


10/05/2026 09:55:24 PM
Device            r/s     rkB/s   rrqm/s  %rrqm r_await rareq-sz     w/s     wkB/s   wrqm/s  %wrqm w_await wareq-sz     d/s     dkB/s   drqm/s  %drqm d_await dareq-sz     f/s f_await  aqu-sz  %util
nvme0n1       5113.00 637232.00     0.00   0.00    0.23   124.63    0.00      0.00     0.00   0.00    0.00     0.00    0.00      0.00     0.00   0.00    0.00     0.00    0.00    0.00    1.17  40.30


10/05/2026 09:55:25 PM
Device            r/s     rkB/s   rrqm/s  %rrqm r_await rareq-sz     w/s     wkB/s   wrqm/s  %wrqm w_await wareq-sz     d/s     dkB/s   drqm/s  %drqm d_await dareq-sz     f/s f_await  aqu-sz  %util
nvme0n1       5797.00 728048.00     0.00   0.00    0.23   125.59   33.00    156.00     5.00  13.16    0.03     4.73    0.00      0.00     0.00   0.00    0.00     0.00    0.00    0.00    1.34  46.50


10/05/2026 09:55:26 PM
Device            r/s     rkB/s   rrqm/s  %rrqm r_await rareq-sz     w/s     wkB/s   wrqm/s  %wrqm w_await wareq-sz     d/s     dkB/s   drqm/s  %drqm d_await dareq-sz     f/s f_await  aqu-sz  %util
nvme0n1       3227.00 319832.00     0.00   0.00    0.22    99.11    8.00     28.00     0.00   0.00    0.25     3.50    0.00      0.00     0.00   0.00    0.00     0.00    1.00    1.00    0.71  35.70


10/05/2026 09:55:27 PM
Device            r/s     rkB/s   rrqm/s  %rrqm r_await rareq-sz     w/s     wkB/s   wrqm/s  %wrqm w_await wareq-sz     d/s     dkB/s   drqm/s  %drqm d_await dareq-sz     f/s f_await  aqu-sz  %util
nvme0n1       6475.00  25900.00     0.00   0.00    0.14     4.00    0.00      0.00     0.00   0.00    0.00     0.00    0.00      0.00     0.00   0.00    0.00     0.00    0.00    0.00    0.93  91.90


10/05/2026 09:55:28 PM
Device            r/s     rkB/s   rrqm/s  %rrqm r_await rareq-sz     w/s     wkB/s   wrqm/s  %wrqm w_await wareq-sz     d/s     dkB/s   drqm/s  %drqm d_await dareq-sz     f/s f_await  aqu-sz  %util
nvme0n1       2832.00 190468.00     3.00   0.11    0.20    67.26    0.00      0.00     0.00   0.00    0.00     0.00    0.00      0.00     0.00   0.00    0.00     0.00    0.00    0.00    0.56  32.20


10/05/2026 09:55:29 PM
Device            r/s     rkB/s   rrqm/s  %rrqm r_await rareq-sz     w/s     wkB/s   wrqm/s  %wrqm w_await wareq-sz     d/s     dkB/s   drqm/s  %drqm d_await dareq-sz     f/s f_await  aqu-sz  %util
nvme0n1       3134.00 385224.00     0.00   0.00    0.24   122.92    1.00      4.00     0.00   0.00    1.00     4.00    0.00      0.00     0.00   0.00    0.00     0.00    0.00    0.00    0.74  28.10


10/05/2026 09:55:30 PM
Device            r/s     rkB/s   rrqm/s  %rrqm r_await rareq-sz     w/s     wkB/s   wrqm/s  %wrqm w_await wareq-sz     d/s     dkB/s   drqm/s  %drqm d_await dareq-sz     f/s f_await  aqu-sz  %util
nvme0n1       3477.00 430032.00     0.00   0.00    0.23   123.68    1.00     12.00     2.00  66.67    0.00    12.00    0.00      0.00     0.00   0.00    0.00     0.00    0.00    0.00    0.80  29.20


10/05/2026 09:55:31 PM
Device            r/s     rkB/s   rrqm/s  %rrqm r_await rareq-sz     w/s     wkB/s   wrqm/s  %wrqm w_await wareq-sz     d/s     dkB/s   drqm/s  %drqm d_await dareq-sz     f/s f_await  aqu-sz  %util
nvme0n1       3697.00 464072.00     0.00   0.00    0.22   125.53   14.00     56.00     1.00   6.67   22.57     4.00    0.00      0.00     0.00   0.00    0.00     0.00    1.00    1.00    1.14  30.80


10/05/2026 09:55:32 PM
Device            r/s     rkB/s   rrqm/s  %rrqm r_await rareq-sz     w/s     wkB/s   wrqm/s  %wrqm w_await wareq-sz     d/s     dkB/s   drqm/s  %drqm d_await dareq-sz     f/s f_await  aqu-sz  %util
nvme0n1       4111.00 109164.00     0.00   0.00    0.16    26.55    0.00      0.00     0.00   0.00    0.00     0.00    0.00      0.00     0.00   0.00    0.00     0.00    0.00    0.00    0.67  56.20


10/05/2026 09:55:33 PM
Device            r/s     rkB/s   rrqm/s  %rrqm r_await rareq-sz     w/s     wkB/s   wrqm/s  %wrqm w_await wareq-sz     d/s     dkB/s   drqm/s  %drqm d_await dareq-sz     f/s f_await  aqu-sz  %util
nvme0n1       5293.00  49096.00     0.00   0.00    0.15     9.28    0.00      0.00     0.00   0.00    0.00     0.00    0.00      0.00     0.00   0.00    0.00     0.00    0.00    0.00    0.80  76.00


10/05/2026 09:55:34 PM
Device            r/s     rkB/s   rrqm/s  %rrqm r_await rareq-sz     w/s     wkB/s   wrqm/s  %wrqm w_await wareq-sz     d/s     dkB/s   drqm/s  %drqm d_await dareq-sz     f/s f_await  aqu-sz  %util
nvme0n1       1175.00 137164.00     3.00   0.25    0.28   116.74    0.00      0.00     0.00   0.00    0.00     0.00    0.00      0.00     0.00   0.00    0.00     0.00    0.00    0.00    0.33  12.70


10/05/2026 09:55:35 PM
Device            r/s     rkB/s   rrqm/s  %rrqm r_await rareq-sz     w/s     wkB/s   wrqm/s  %wrqm w_await wareq-sz     d/s     dkB/s   drqm/s  %drqm d_await dareq-sz     f/s f_await  aqu-sz  %util
nvme0n1       3229.00 396404.00     0.00   0.00    0.24   122.76    6.00     44.00     5.00  45.45   19.33     7.33    0.00      0.00     0.00   0.00    0.00     0.00    0.00    0.00    0.90  28.60


10/05/2026 09:55:36 PM
Device            r/s     rkB/s   rrqm/s  %rrqm r_await rareq-sz     w/s     wkB/s   wrqm/s  %wrqm w_await wareq-sz     d/s     dkB/s   drqm/s  %drqm d_await dareq-sz     f/s f_await  aqu-sz  %util
nvme0n1       2522.00 313716.00     0.00   0.00    0.24   124.39    5.00     16.00     0.00   0.00    0.40     3.20    0.00      0.00     0.00   0.00    0.00     0.00    1.00    1.00    0.62  24.30


10/05/2026 09:55:37 PM
Device            r/s     rkB/s   rrqm/s  %rrqm r_await rareq-sz     w/s     wkB/s   wrqm/s  %wrqm w_await wareq-sz     d/s     dkB/s   drqm/s  %drqm d_await dareq-sz     f/s f_await  aqu-sz  %util
nvme0n1       3881.00 246188.00    30.00   0.77    0.17    63.43    2.00      8.00     0.00   0.00    0.00     4.00    0.00      0.00     0.00   0.00    0.00     0.00    0.00    0.00    0.64  38.20


10/05/2026 09:55:38 PM
Device            r/s     rkB/s   rrqm/s  %rrqm r_await rareq-sz     w/s     wkB/s   wrqm/s  %wrqm w_await wareq-sz     d/s     dkB/s   drqm/s  %drqm d_await dareq-sz     f/s f_await  aqu-sz  %util
nvme0n1       6355.00  25420.00     0.00   0.00    0.14     4.00    0.00      0.00     0.00   0.00    0.00     0.00    0.00      0.00     0.00   0.00    0.00     0.00    0.00    0.00    0.91  90.90


10/05/2026 09:55:39 PM
Device            r/s     rkB/s   rrqm/s  %rrqm r_await rareq-sz     w/s     wkB/s   wrqm/s  %wrqm w_await wareq-sz     d/s     dkB/s   drqm/s  %drqm d_await dareq-sz     f/s f_await  aqu-sz  %util
nvme0n1       1571.00 100328.00     3.00   0.19    0.25    63.86    0.00      0.00     0.00   0.00    0.00     0.00    0.00      0.00     0.00   0.00    0.00     0.00    0.00    0.00    0.39  22.90


10/05/2026 09:55:40 PM
Device            r/s     rkB/s   rrqm/s  %rrqm r_await rareq-sz     w/s     wkB/s   wrqm/s  %wrqm w_await wareq-sz     d/s     dkB/s   drqm/s  %drqm d_await dareq-sz     f/s f_await  aqu-sz  %util
nvme0n1       2328.00 284368.00     0.00   0.00    0.25   122.15    1.00     48.00    11.00  91.67    0.00    48.00    0.00      0.00     0.00   0.00    0.00     0.00    0.00    0.00    0.57  19.30


10/05/2026 09:55:41 PM
Device            r/s     rkB/s   rrqm/s  %rrqm r_await rareq-sz     w/s     wkB/s   wrqm/s  %wrqm w_await wareq-sz     d/s     dkB/s   drqm/s  %drqm d_await dareq-sz     f/s f_await  aqu-sz  %util
nvme0n1       1935.00 241288.00     0.00   0.00    0.28   124.70    3.00     12.00     1.00  25.00    2.00     4.00    0.00      0.00     0.00   0.00    0.00     0.00    1.00    1.00    0.54  20.30


10/05/2026 09:55:42 PM
Device            r/s     rkB/s   rrqm/s  %rrqm r_await rareq-sz     w/s     wkB/s   wrqm/s  %wrqm w_await wareq-sz     d/s     dkB/s   drqm/s  %drqm d_await dareq-sz     f/s f_await  aqu-sz  %util
nvme0n1       2682.00 175656.00     0.00   0.00    0.20    65.49   94.00    524.00     1.00   1.05    0.03     5.57    0.00      0.00     0.00   0.00    0.00     0.00    0.00    0.00    0.54  31.30


10/05/2026 09:55:43 PM
Device            r/s     rkB/s   rrqm/s  %rrqm r_await rareq-sz     w/s     wkB/s   wrqm/s  %wrqm w_await wareq-sz     d/s     dkB/s   drqm/s  %drqm d_await dareq-sz     f/s f_await  aqu-sz  %util
nvme0n1       6487.00  25948.00     0.00   0.00    0.14     4.00    1.00      4.00     0.00   0.00    0.00     4.00    0.00      0.00     0.00   0.00    0.00     0.00    0.00    0.00    0.93  93.50


10/05/2026 09:55:44 PM
Device            r/s     rkB/s   rrqm/s  %rrqm r_await rareq-sz     w/s     wkB/s   wrqm/s  %wrqm w_await wareq-sz     d/s     dkB/s   drqm/s  %drqm d_await dareq-sz     f/s f_await  aqu-sz  %util
nvme0n1       1312.00  89228.00     4.00   0.30    0.24    68.01    0.00      0.00     0.00   0.00    0.00     0.00    0.00      0.00     0.00   0.00    0.00     0.00    0.00    0.00    0.32  18.30


10/05/2026 09:55:45 PM
Device            r/s     rkB/s   rrqm/s  %rrqm r_await rareq-sz     w/s     wkB/s   wrqm/s  %wrqm w_await wareq-sz     d/s     dkB/s   drqm/s  %drqm d_await dareq-sz     f/s f_await  aqu-sz  %util
nvme0n1       1653.00 200140.00     0.00   0.00    0.38   121.08  371.00  12544.00  2765.00  88.17    1.83    33.81    0.00      0.00     0.00   0.00    0.00     0.00    0.00    0.00    1.31  20.40


10/05/2026 09:55:46 PM
Device            r/s     rkB/s   rrqm/s  %rrqm r_await rareq-sz     w/s     wkB/s   wrqm/s  %wrqm w_await wareq-sz     d/s     dkB/s   drqm/s  %drqm d_await dareq-sz     f/s f_await  aqu-sz  %util
nvme0n1       1588.00 196824.00     0.00   0.00    0.28   123.94   15.00     56.00     0.00   0.00    0.60     3.73    0.00      0.00     0.00   0.00    0.00     0.00    1.00    6.00    0.45  17.50


10/05/2026 09:55:47 PM
Device            r/s     rkB/s   rrqm/s  %rrqm r_await rareq-sz     w/s     wkB/s   wrqm/s  %wrqm w_await wareq-sz     d/s     dkB/s   drqm/s  %drqm d_await dareq-sz     f/s f_await  aqu-sz  %util
nvme0n1       2837.00 158660.00     0.00   0.00    0.20    55.93    1.00      4.00     0.00   0.00    0.00     4.00    0.00      0.00     0.00   0.00    0.00     0.00    0.00    0.00    0.56  36.80


10/05/2026 09:55:48 PM
Device            r/s     rkB/s   rrqm/s  %rrqm r_await rareq-sz     w/s     wkB/s   wrqm/s  %wrqm w_await wareq-sz     d/s     dkB/s   drqm/s  %drqm d_await dareq-sz     f/s f_await  aqu-sz  %util
nvme0n1       6028.00  24112.00     0.00   0.00    0.14     4.00    0.00      0.00     0.00   0.00    0.00     0.00    0.00      0.00     0.00   0.00    0.00     0.00    0.00    0.00    0.86  85.30


10/05/2026 09:55:49 PM
Device            r/s     rkB/s   rrqm/s  %rrqm r_await rareq-sz     w/s     wkB/s   wrqm/s  %wrqm w_await wareq-sz     d/s     dkB/s   drqm/s  %drqm d_await dareq-sz     f/s f_await  aqu-sz  %util
nvme0n1       1305.00  62192.00    21.00   1.58    0.24    47.66    1.00      4.00     0.00   0.00    0.00     4.00    0.00      0.00     0.00   0.00    0.00     0.00    0.00    0.00    0.31  20.60


10/05/2026 09:55:50 PM
Device            r/s     rkB/s   rrqm/s  %rrqm r_await rareq-sz     w/s     wkB/s   wrqm/s  %wrqm w_await wareq-sz     d/s     dkB/s   drqm/s  %drqm d_await dareq-sz     f/s f_await  aqu-sz  %util
nvme0n1       2023.00 192272.00    28.00   1.37    0.21    95.04    1.00     24.00     5.00  83.33    0.00    24.00    0.00      0.00     0.00   0.00    0.00     0.00    0.00    0.00    0.43  16.40


10/05/2026 09:55:51 PM
Device            r/s     rkB/s   rrqm/s  %rrqm r_await rareq-sz     w/s     wkB/s   wrqm/s  %wrqm w_await wareq-sz     d/s     dkB/s   drqm/s  %drqm d_await dareq-sz     f/s f_await  aqu-sz  %util
nvme0n1       1646.00 204332.00     0.00   0.00    0.28   124.14    2.00      4.00     0.00   0.00    1.00     2.00    0.00      0.00     0.00   0.00    0.00     0.00    1.00    0.00    0.46  17.90


10/05/2026 09:55:52 PM
Device            r/s     rkB/s   rrqm/s  %rrqm r_await rareq-sz     w/s     wkB/s   wrqm/s  %wrqm w_await wareq-sz     d/s     dkB/s   drqm/s  %drqm d_await dareq-sz     f/s f_await  aqu-sz  %util
nvme0n1       3208.00 135564.00     0.00   0.00    0.19    42.26    0.00      0.00     0.00   0.00    0.00     0.00    0.00      0.00     0.00   0.00    0.00     0.00    0.00    0.00    0.60  43.20


10/05/2026 09:55:53 PM
Device            r/s     rkB/s   rrqm/s  %rrqm r_await rareq-sz     w/s     wkB/s   wrqm/s  %wrqm w_await wareq-sz     d/s     dkB/s   drqm/s  %drqm d_await dareq-sz     f/s f_await  aqu-sz  %util
nvme0n1       6090.00  24360.00     0.00   0.00    0.14     4.00    1.00      8.00     1.00  50.00    0.00     8.00    0.00      0.00     0.00   0.00    0.00     0.00    0.00    0.00    0.88  88.40


10/05/2026 09:55:54 PM
Device            r/s     rkB/s   rrqm/s  %rrqm r_await rareq-sz     w/s     wkB/s   wrqm/s  %wrqm w_await wareq-sz     d/s     dkB/s   drqm/s  %drqm d_await dareq-sz     f/s f_await  aqu-sz  %util
nvme0n1        449.00  40292.00     0.00   0.00    0.34    89.74    0.00      0.00     0.00   0.00    0.00     0.00    0.00      0.00     0.00   0.00    0.00     0.00    0.00    0.00    0.15   9.00


10/05/2026 09:55:55 PM
Device            r/s     rkB/s   rrqm/s  %rrqm r_await rareq-sz     w/s     wkB/s   wrqm/s  %wrqm w_await wareq-sz     d/s     dkB/s   drqm/s  %drqm d_await dareq-sz     f/s f_await  aqu-sz  %util
nvme0n1       1337.00 162040.00     0.00   0.00    0.29   121.20   33.00    168.00     8.00  19.51    0.06     5.09    0.00      0.00     0.00   0.00    0.00     0.00    0.00    0.00    0.39  16.40


10/05/2026 09:55:56 PM
Device            r/s     rkB/s   rrqm/s  %rrqm r_await rareq-sz     w/s     wkB/s   wrqm/s  %wrqm w_await wareq-sz     d/s     dkB/s   drqm/s  %drqm d_await dareq-sz     f/s f_await  aqu-sz  %util
nvme0n1       1392.00 173616.00     0.00   0.00    0.27   124.72    9.00     32.00     0.00   0.00    0.33     3.56    0.00      0.00     0.00   0.00    0.00     0.00    1.00    2.00    0.38  13.60


10/05/2026 09:55:57 PM
Device            r/s     rkB/s   rrqm/s  %rrqm r_await rareq-sz     w/s     wkB/s   wrqm/s  %wrqm w_await wareq-sz     d/s     dkB/s   drqm/s  %drqm d_await dareq-sz     f/s f_await  aqu-sz  %util
nvme0n1       4090.00  58840.00     0.00   0.00    0.16    14.39    0.00      0.00     0.00   0.00    0.00     0.00    0.00      0.00     0.00   0.00    0.00     0.00    0.00    0.00    0.64  58.50


10/05/2026 09:55:58 PM
Device            r/s     rkB/s   rrqm/s  %rrqm r_await rareq-sz     w/s     wkB/s   wrqm/s  %wrqm w_await wareq-sz     d/s     dkB/s   drqm/s  %drqm d_await dareq-sz     f/s f_await  aqu-sz  %util
nvme0n1       4743.00  34652.00     0.00   0.00    0.15     7.31    0.00      0.00     0.00   0.00    0.00     0.00    0.00      0.00     0.00   0.00    0.00     0.00    0.00    0.00    0.72  67.50


10/05/2026 09:55:59 PM
Device            r/s     rkB/s   rrqm/s  %rrqm r_await rareq-sz     w/s     wkB/s   wrqm/s  %wrqm w_await wareq-sz     d/s     dkB/s   drqm/s  %drqm d_await dareq-sz     f/s f_await  aqu-sz  %util
nvme0n1        791.00  95784.00     0.00   0.00    0.30   121.09    1.00      4.00     0.00   0.00    0.00     4.00    0.00      0.00     0.00   0.00    0.00     0.00    0.00    0.00    0.24  10.00


10/05/2026 09:56:00 PM
Device            r/s     rkB/s   rrqm/s  %rrqm r_await rareq-sz     w/s     wkB/s   wrqm/s  %wrqm w_await wareq-sz     d/s     dkB/s   drqm/s  %drqm d_await dareq-sz     f/s f_await  aqu-sz  %util
nvme0n1       1195.00 146072.00     0.00   0.00    0.28   122.24    0.00      0.00     2.00 100.00    0.00     0.00    0.00      0.00     0.00   0.00    0.00     0.00    0.00    0.00    0.34  13.50


10/05/2026 09:56:01 PM
Device            r/s     rkB/s   rrqm/s  %rrqm r_await rareq-sz     w/s     wkB/s   wrqm/s  %wrqm w_await wareq-sz     d/s     dkB/s   drqm/s  %drqm d_await dareq-sz     f/s f_await  aqu-sz  %util
nvme0n1        991.00 123996.00     0.00   0.00    0.28   125.12    4.00     20.00     0.00   0.00    0.50     5.00    0.00      0.00     0.00   0.00    0.00     0.00    1.00    2.00    0.28  11.10


10/05/2026 09:56:02 PM
Device            r/s     rkB/s   rrqm/s  %rrqm r_await rareq-sz     w/s     wkB/s   wrqm/s  %wrqm w_await wareq-sz     d/s     dkB/s   drqm/s  %drqm d_await dareq-sz     f/s f_await  aqu-sz  %util
nvme0n1        375.00   9796.00   122.00  24.55    0.28    26.12    1.00      4.00     0.00   0.00   36.00     4.00    0.00      0.00     0.00   0.00    0.00     0.00    0.00    0.00    0.14   8.30


10/05/2026 09:56:03 PM
Device            r/s     rkB/s   rrqm/s  %rrqm r_await rareq-sz     w/s     wkB/s   wrqm/s  %wrqm w_await wareq-sz     d/s     dkB/s   drqm/s  %drqm d_await dareq-sz     f/s f_await  aqu-sz  %util
nvme0n1        268.00   7464.00     0.00   0.00    0.21    27.85    0.00      0.00     0.00   0.00    0.00     0.00    0.00      0.00     0.00   0.00    0.00     0.00    0.00    0.00    0.06   4.30


10/05/2026 09:56:04 PM
Device            r/s     rkB/s   rrqm/s  %rrqm r_await rareq-sz     w/s     wkB/s   wrqm/s  %wrqm w_await wareq-sz     d/s     dkB/s   drqm/s  %drqm d_await dareq-sz     f/s f_await  aqu-sz  %util
nvme0n1        364.00  12516.00     0.00   0.00    0.23    34.38    0.00      0.00     0.00   0.00    0.00     0.00    0.00      0.00     0.00   0.00    0.00     0.00    0.00    0.00    0.08   4.70


10/05/2026 09:56:05 PM
Device            r/s     rkB/s   rrqm/s  %rrqm r_await rareq-sz     w/s     wkB/s   wrqm/s  %wrqm w_await wareq-sz     d/s     dkB/s   drqm/s  %drqm d_await dareq-sz     f/s f_await  aqu-sz  %util
nvme0n1        254.00   4396.00     0.00   0.00    0.20    17.31    1.00      8.00     5.00  83.33    0.00     8.00    0.00      0.00     0.00   0.00    0.00     0.00    0.00    0.00    0.05   3.90


10/05/2026 09:56:06 PM
Device            r/s     rkB/s   rrqm/s  %rrqm r_await rareq-sz     w/s     wkB/s   wrqm/s  %wrqm w_await wareq-sz     d/s     dkB/s   drqm/s  %drqm d_await dareq-sz     f/s f_await  aqu-sz  %util
nvme0n1        322.00   6728.00     0.00   0.00    0.20    20.89    6.00     36.00     0.00   0.00    1.17     6.00    0.00      0.00     0.00   0.00    0.00     0.00    1.00    2.00    0.07   4.70


10/05/2026 09:56:07 PM
Device            r/s     rkB/s   rrqm/s  %rrqm r_await rareq-sz     w/s     wkB/s   wrqm/s  %wrqm w_await wareq-sz     d/s     dkB/s   drqm/s  %drqm d_await dareq-sz     f/s f_await  aqu-sz  %util
nvme0n1        415.00   7780.00     0.00   0.00    0.18    18.75    1.00      4.00     0.00   0.00    1.00     4.00    0.00      0.00     0.00   0.00    0.00     0.00    0.00    0.00    0.08   5.60


10/05/2026 09:56:08 PM
Device            r/s     rkB/s   rrqm/s  %rrqm r_await rareq-sz     w/s     wkB/s   wrqm/s  %wrqm w_await wareq-sz     d/s     dkB/s   drqm/s  %drqm d_await dareq-sz     f/s f_await  aqu-sz  %util
nvme0n1        208.00   1704.00     0.00   0.00    0.20     8.19    0.00      0.00     0.00   0.00    0.00     0.00    0.00      0.00     0.00   0.00    0.00     0.00    0.00    0.00    0.04   3.90


10/05/2026 09:56:09 PM
Device            r/s     rkB/s   rrqm/s  %rrqm r_await rareq-sz     w/s     wkB/s   wrqm/s  %wrqm w_await wareq-sz     d/s     dkB/s   drqm/s  %drqm d_await dareq-sz     f/s f_await  aqu-sz  %util
nvme0n1        451.00  14932.00     3.00   0.66    0.24    33.11    0.00      0.00     0.00   0.00    0.00     0.00    0.00      0.00     0.00   0.00    0.00     0.00    0.00    0.00    0.11   5.30


10/05/2026 09:56:10 PM
Device            r/s     rkB/s   rrqm/s  %rrqm r_await rareq-sz     w/s     wkB/s   wrqm/s  %wrqm w_await wareq-sz     d/s     dkB/s   drqm/s  %drqm d_await dareq-sz     f/s f_await  aqu-sz  %util
nvme0n1        298.00   8284.00     0.00   0.00    0.21    27.80    0.00      0.00     8.00 100.00    0.00     0.00    0.00      0.00     0.00   0.00    0.00     0.00    0.00    0.00    0.06   4.60


10/05/2026 09:56:11 PM
Device            r/s     rkB/s   rrqm/s  %rrqm r_await rareq-sz     w/s     wkB/s   wrqm/s  %wrqm w_await wareq-sz     d/s     dkB/s   drqm/s  %drqm d_await dareq-sz     f/s f_await  aqu-sz  %util
nvme0n1        370.00  11512.00     0.00   0.00    0.22    31.11    4.00     48.00     1.00  20.00    1.00    12.00    0.00      0.00     0.00   0.00    0.00     0.00    1.00    2.00    0.09   4.80


10/05/2026 09:56:12 PM
Device            r/s     rkB/s   rrqm/s  %rrqm r_await rareq-sz     w/s     wkB/s   wrqm/s  %wrqm w_await wareq-sz     d/s     dkB/s   drqm/s  %drqm d_await dareq-sz     f/s f_await  aqu-sz  %util
nvme0n1        218.00   2400.00     0.00   0.00    0.21    11.01    0.00      0.00     0.00   0.00    0.00     0.00    0.00      0.00     0.00   0.00    0.00     0.00    0.00    0.00    0.05   4.50


10/05/2026 09:56:13 PM
Device            r/s     rkB/s   rrqm/s  %rrqm r_await rareq-sz     w/s     wkB/s   wrqm/s  %wrqm w_await wareq-sz     d/s     dkB/s   drqm/s  %drqm d_await dareq-sz     f/s f_await  aqu-sz  %util
nvme0n1        420.00  17056.00     0.00   0.00    0.24    40.61   95.00    532.00     2.00   2.06    0.14     5.60    0.00      0.00     0.00   0.00    0.00     0.00    0.00    0.00    0.11   5.30


10/05/2026 09:56:14 PM
Device            r/s     rkB/s   rrqm/s  %rrqm r_await rareq-sz     w/s     wkB/s   wrqm/s  %wrqm w_await wareq-sz     d/s     dkB/s   drqm/s  %drqm d_await dareq-sz     f/s f_await  aqu-sz  %util
nvme0n1        310.00   8360.00     0.00   0.00    0.22    26.97    1.00      4.00     0.00   0.00    1.00     4.00    0.00      0.00     0.00   0.00    0.00     0.00    0.00    0.00    0.07   4.40


10/05/2026 09:56:15 PM
Device            r/s     rkB/s   rrqm/s  %rrqm r_await rareq-sz     w/s     wkB/s   wrqm/s  %wrqm w_await wareq-sz     d/s     dkB/s   drqm/s  %drqm d_await dareq-sz     f/s f_await  aqu-sz  %util
nvme0n1        354.00   9632.00     0.00   0.00    0.22    27.21    0.00      0.00     0.00   0.00    0.00     0.00    0.00      0.00     0.00   0.00    0.00     0.00    0.00    0.00    0.08   5.00


10/05/2026 09:56:16 PM
Device            r/s     rkB/s   rrqm/s  %rrqm r_await rareq-sz     w/s     wkB/s   wrqm/s  %wrqm w_await wareq-sz     d/s     dkB/s   drqm/s  %drqm d_await dareq-sz     f/s f_await  aqu-sz  %util
nvme0n1        316.00   7016.00     0.00   0.00    0.21    22.20    7.00     56.00     8.00  53.33    0.86     8.00    0.00      0.00     0.00   0.00    0.00     0.00    1.00    2.00    0.07   4.30


10/05/2026 09:56:17 PM
Device            r/s     rkB/s   rrqm/s  %rrqm r_await rareq-sz     w/s     wkB/s   wrqm/s  %wrqm w_await wareq-sz     d/s     dkB/s   drqm/s  %drqm d_await dareq-sz     f/s f_await  aqu-sz  %util
nvme0n1        449.00  19092.00     0.00   0.00    0.23    42.52    1.00      4.00     0.00   0.00    1.00     4.00    0.00      0.00     0.00   0.00    0.00     0.00    0.00    0.00    0.10   5.20


10/05/2026 09:56:18 PM
Device            r/s     rkB/s   rrqm/s  %rrqm r_await rareq-sz     w/s     wkB/s   wrqm/s  %wrqm w_await wareq-sz     d/s     dkB/s   drqm/s  %drqm d_await dareq-sz     f/s f_await  aqu-sz  %util
nvme0n1        399.00  17524.00     0.00   0.00    0.26    43.92    0.00      0.00     0.00   0.00    0.00     0.00    0.00      0.00     0.00   0.00    0.00     0.00    0.00    0.00    0.11   5.40


10/05/2026 09:56:19 PM
Device            r/s     rkB/s   rrqm/s  %rrqm r_await rareq-sz     w/s     wkB/s   wrqm/s  %wrqm w_await wareq-sz     d/s     dkB/s   drqm/s  %drqm d_await dareq-sz     f/s f_await  aqu-sz  %util
nvme0n1        204.00   1576.00     0.00   0.00    0.21     7.73    0.00      0.00     0.00   0.00    0.00     0.00    0.00      0.00     0.00   0.00    0.00     0.00    0.00    0.00    0.04   4.00


10/05/2026 09:56:20 PM
Device            r/s     rkB/s   rrqm/s  %rrqm r_await rareq-sz     w/s     wkB/s   wrqm/s  %wrqm w_await wareq-sz     d/s     dkB/s   drqm/s  %drqm d_await dareq-sz     f/s f_await  aqu-sz  %util
nvme0n1        730.00  11008.00    19.00   2.54    0.15    15.08    1.00      4.00     0.00   0.00    0.00     4.00    0.00      0.00     0.00   0.00    0.00     0.00    0.00    0.00    0.11   7.40


10/05/2026 09:56:21 PM
Device            r/s     rkB/s   rrqm/s  %rrqm r_await rareq-sz     w/s     wkB/s   wrqm/s  %wrqm w_await wareq-sz     d/s     dkB/s   drqm/s  %drqm d_await dareq-sz     f/s f_await  aqu-sz  %util
nvme0n1        514.00  20144.00     0.00   0.00    0.22    39.19    0.00      0.00     5.00 100.00    0.00     0.00    0.00      0.00     0.00   0.00    0.00     0.00    0.00    0.00    0.11   5.00


10/05/2026 09:56:22 PM
Device            r/s     rkB/s   rrqm/s  %rrqm r_await rareq-sz     w/s     wkB/s   wrqm/s  %wrqm w_await wareq-sz     d/s     dkB/s   drqm/s  %drqm d_await dareq-sz     f/s f_await  aqu-sz  %util
nvme0n1        242.00   4528.00     0.00   0.00    0.21    18.71   13.00     72.00     1.00   7.14    0.85     5.54    0.00      0.00     0.00   0.00    0.00     0.00    1.00    1.00    0.06   4.20


10/05/2026 09:56:23 PM
Device            r/s     rkB/s   rrqm/s  %rrqm r_await rareq-sz     w/s     wkB/s   wrqm/s  %wrqm w_await wareq-sz     d/s     dkB/s   drqm/s  %drqm d_await dareq-sz     f/s f_await  aqu-sz  %util
nvme0n1        298.00   8920.00     0.00   0.00    0.23    29.93    1.00      8.00     1.00  50.00    0.00     8.00    0.00      0.00     0.00   0.00    0.00     0.00    0.00    0.00    0.07   5.50


10/05/2026 09:56:24 PM
Device            r/s     rkB/s   rrqm/s  %rrqm r_await rareq-sz     w/s     wkB/s   wrqm/s  %wrqm w_await wareq-sz     d/s     dkB/s   drqm/s  %drqm d_await dareq-sz     f/s f_await  aqu-sz  %util
nvme0n1        238.00   3884.00     0.00   0.00    0.29    16.32    0.00      0.00     0.00   0.00    0.00     0.00    0.00      0.00     0.00   0.00    0.00     0.00    0.00    0.00    0.07   4.40


10/05/2026 09:56:25 PM
Device            r/s     rkB/s   rrqm/s  %rrqm r_await rareq-sz     w/s     wkB/s   wrqm/s  %wrqm w_await wareq-sz     d/s     dkB/s   drqm/s  %drqm d_await dareq-sz     f/s f_await  aqu-sz  %util
nvme0n1        295.00   9552.00     0.00   0.00    0.23    32.38   31.00    132.00     1.00   3.12    0.03     4.26    0.00      0.00     0.00   0.00    0.00     0.00    0.00    0.00    0.07   4.70


10/05/2026 09:56:26 PM
Device            r/s     rkB/s   rrqm/s  %rrqm r_await rareq-sz     w/s     wkB/s   wrqm/s  %wrqm w_await wareq-sz     d/s     dkB/s   drqm/s  %drqm d_await dareq-sz     f/s f_await  aqu-sz  %util
nvme0n1        454.00  14000.00     0.00   0.00    0.20    30.84    1.00      4.00     0.00   0.00    1.00     4.00    0.00      0.00     0.00   0.00    0.00     0.00    0.00    0.00    0.09   4.70


10/05/2026 09:56:27 PM
Device            r/s     rkB/s   rrqm/s  %rrqm r_await rareq-sz     w/s     wkB/s   wrqm/s  %wrqm w_await wareq-sz     d/s     dkB/s   drqm/s  %drqm d_await dareq-sz     f/s f_await  aqu-sz  %util
nvme0n1        253.00   5668.00     0.00   0.00    0.25    22.40    1.00     24.00     5.00  83.33    0.00    24.00    0.00      0.00     0.00   0.00    0.00     0.00    0.00    0.00    0.06   4.60


10/05/2026 09:56:28 PM
Device            r/s     rkB/s   rrqm/s  %rrqm r_await rareq-sz     w/s     wkB/s   wrqm/s  %wrqm w_await wareq-sz     d/s     dkB/s   drqm/s  %drqm d_await dareq-sz     f/s f_await  aqu-sz  %util
nvme0n1        271.00   6260.00     0.00   0.00    0.23    23.10    2.00      4.00     0.00   0.00    0.50     2.00    0.00      0.00     0.00   0.00    0.00     0.00    1.00    1.00    0.06   4.50


10/05/2026 09:56:29 PM
Device            r/s     rkB/s   rrqm/s  %rrqm r_await rareq-sz     w/s     wkB/s   wrqm/s  %wrqm w_await wareq-sz     d/s     dkB/s   drqm/s  %drqm d_await dareq-sz     f/s f_await  aqu-sz  %util
nvme0n1        320.00   9780.00     0.00   0.00    0.20    30.56    1.00      4.00     0.00   0.00    1.00     4.00    0.00      0.00     0.00   0.00    0.00     0.00    0.00    0.00    0.06   4.50


10/05/2026 09:56:30 PM
Device            r/s     rkB/s   rrqm/s  %rrqm r_await rareq-sz     w/s     wkB/s   wrqm/s  %wrqm w_await wareq-sz     d/s     dkB/s   drqm/s  %drqm d_await dareq-sz     f/s f_await  aqu-sz  %util
nvme0n1        323.00   8804.00     0.00   0.00    0.23    27.26    0.00      0.00     0.00   0.00    0.00     0.00    0.00      0.00     0.00   0.00    0.00     0.00    0.00    0.00    0.07   4.80


10/05/2026 09:56:31 PM
Device            r/s     rkB/s   rrqm/s  %rrqm r_await rareq-sz     w/s     wkB/s   wrqm/s  %wrqm w_await wareq-sz     d/s     dkB/s   drqm/s  %drqm d_await dareq-sz     f/s f_await  aqu-sz  %util
nvme0n1        260.00   5964.00     0.00   0.00    0.23    22.94    0.00      0.00     0.00   0.00    0.00     0.00    0.00      0.00     0.00   0.00    0.00     0.00    0.00    0.00    0.06   4.60


10/05/2026 09:56:32 PM
Device            r/s     rkB/s   rrqm/s  %rrqm r_await rareq-sz     w/s     wkB/s   wrqm/s  %wrqm w_await wareq-sz     d/s     dkB/s   drqm/s  %drqm d_await dareq-sz     f/s f_await  aqu-sz  %util
nvme0n1        345.00   7968.00     0.00   0.00    0.20    23.10    1.00      4.00     2.00  66.67    1.00     4.00    0.00      0.00     0.00   0.00    0.00     0.00    0.00    0.00    0.07   4.60


10/05/2026 09:56:33 PM
Device            r/s     rkB/s   rrqm/s  %rrqm r_await rareq-sz     w/s     wkB/s   wrqm/s  %wrqm w_await wareq-sz     d/s     dkB/s   drqm/s  %drqm d_await dareq-sz     f/s f_await  aqu-sz  %util
nvme0n1        609.00  23908.00     8.00   1.30    0.22    39.26    7.00     36.00     1.00  12.50    0.43     5.14    0.00      0.00     0.00   0.00    0.00     0.00    1.00    2.00    0.14   6.10


10/05/2026 09:56:34 PM
Device            r/s     rkB/s   rrqm/s  %rrqm r_await rareq-sz     w/s     wkB/s   wrqm/s  %wrqm w_await wareq-sz     d/s     dkB/s   drqm/s  %drqm d_await dareq-sz     f/s f_await  aqu-sz  %util
nvme0n1       4153.00  27136.00  2544.00  37.99    0.05     6.53    0.00      0.00     0.00   0.00    0.00     0.00    0.00      0.00     0.00   0.00    0.00     0.00    0.00    0.00    0.19  17.30


10/05/2026 09:56:35 PM
Device            r/s     rkB/s   rrqm/s  %rrqm r_await rareq-sz     w/s     wkB/s   wrqm/s  %wrqm w_await wareq-sz     d/s     dkB/s   drqm/s  %drqm d_await dareq-sz     f/s f_await  aqu-sz  %util
nvme0n1       4634.00 258072.00  8720.00  65.30    0.11    55.69    2.00     20.00     1.00  33.33    0.50    10.00    0.00      0.00     0.00   0.00    0.00     0.00    0.00    0.00    0.52  38.60


10/05/2026 09:56:36 PM
Device            r/s     rkB/s   rrqm/s  %rrqm r_await rareq-sz     w/s     wkB/s   wrqm/s  %wrqm w_await wareq-sz     d/s     dkB/s   drqm/s  %drqm d_await dareq-sz     f/s f_await  aqu-sz  %util
nvme0n1        296.00  22264.00     0.00   0.00    0.11    75.22    0.00      0.00     0.00   0.00    0.00     0.00    0.00      0.00     0.00   0.00    0.00     0.00    0.00    0.00    0.03   2.00


10/05/2026 09:56:37 PM
Device            r/s     rkB/s   rrqm/s  %rrqm r_await rareq-sz     w/s     wkB/s   wrqm/s  %wrqm w_await wareq-sz     d/s     dkB/s   drqm/s  %drqm d_await dareq-sz     f/s f_await  aqu-sz  %util
nvme0n1        297.00  26984.00     2.00   0.67    0.23    90.86    0.00      0.00     0.00   0.00    0.00     0.00    0.00      0.00     0.00   0.00    0.00     0.00    0.00    0.00    0.07   4.30


10/05/2026 09:56:38 PM
Device            r/s     rkB/s   rrqm/s  %rrqm r_await rareq-sz     w/s     wkB/s   wrqm/s  %wrqm w_await wareq-sz     d/s     dkB/s   drqm/s  %drqm d_await dareq-sz     f/s f_await  aqu-sz  %util
nvme0n1       5550.00 636256.00     0.00   0.00    0.20   114.64   23.00    164.00    19.00  45.24   11.78     7.13    0.00      0.00     0.00   0.00    0.00     0.00    1.00    2.00    1.40  32.20


10/05/2026 09:56:39 PM
Device            r/s     rkB/s   rrqm/s  %rrqm r_await rareq-sz     w/s     wkB/s   wrqm/s  %wrqm w_await wareq-sz     d/s     dkB/s   drqm/s  %drqm d_await dareq-sz     f/s f_await  aqu-sz  %util
nvme0n1       8511.00 1040356.00     0.00   0.00    0.22   122.24    0.00      0.00     0.00   0.00    0.00     0.00    0.00      0.00     0.00   0.00    0.00     0.00    0.00    0.00    1.90  53.50


10/05/2026 09:56:40 PM
Device            r/s     rkB/s   rrqm/s  %rrqm r_await rareq-sz     w/s     wkB/s   wrqm/s  %wrqm w_await wareq-sz     d/s     dkB/s   drqm/s  %drqm d_await dareq-sz     f/s f_await  aqu-sz  %util
nvme0n1       7246.00 880232.00     0.00   0.00    0.23   121.48    0.00      0.00     0.00   0.00    0.00     0.00    0.00      0.00     0.00   0.00    0.00     0.00    0.00    0.00    1.64  50.80


10/05/2026 09:56:41 PM
Device            r/s     rkB/s   rrqm/s  %rrqm r_await rareq-sz     w/s     wkB/s   wrqm/s  %wrqm w_await wareq-sz     d/s     dkB/s   drqm/s  %drqm d_await dareq-sz     f/s f_await  aqu-sz  %util
nvme0n1       9621.00 1191080.00     0.00   0.00    0.22   123.80    4.00     20.00     1.00  20.00    0.00     5.00    0.00      0.00     0.00   0.00    0.00     0.00    0.00    0.00    2.08  53.20


10/05/2026 09:56:42 PM
Device            r/s     rkB/s   rrqm/s  %rrqm r_await rareq-sz     w/s     wkB/s   wrqm/s  %wrqm w_await wareq-sz     d/s     dkB/s   drqm/s  %drqm d_await dareq-sz     f/s f_await  aqu-sz  %util
nvme0n1       10070.00 1255612.00     0.00   0.00    0.21   124.69  681.00   2992.00    30.00   4.22    2.52     4.39    0.00      0.00     0.00   0.00    0.00     0.00    0.00    0.00    3.83  56.70


10/05/2026 09:56:43 PM
Device            r/s     rkB/s   rrqm/s  %rrqm r_await rareq-sz     w/s     wkB/s   wrqm/s  %wrqm w_await wareq-sz     d/s     dkB/s   drqm/s  %drqm d_await dareq-sz     f/s f_await  aqu-sz  %util
nvme0n1       8830.00 1090608.00     0.00   0.00    0.22   123.51   23.00    152.00    16.00  41.03    0.26     6.61    0.00      0.00     0.00   0.00    0.00     0.00    1.00    1.00    1.92  52.00


10/05/2026 09:56:44 PM
Device            r/s     rkB/s   rrqm/s  %rrqm r_await rareq-sz     w/s     wkB/s   wrqm/s  %wrqm w_await wareq-sz     d/s     dkB/s   drqm/s  %drqm d_await dareq-sz     f/s f_await  aqu-sz  %util
nvme0n1       9598.00 1189540.00     0.00   0.00    0.21   123.94    1.00      4.00     0.00   0.00    0.00     4.00    0.00      0.00     0.00   0.00    0.00     0.00    0.00    0.00    2.02  50.10


10/05/2026 09:56:45 PM
Device            r/s     rkB/s   rrqm/s  %rrqm r_await rareq-sz     w/s     wkB/s   wrqm/s  %wrqm w_await wareq-sz     d/s     dkB/s   drqm/s  %drqm d_await dareq-sz     f/s f_await  aqu-sz  %util
nvme0n1       10441.00 1309696.00     0.00   0.00    0.21   125.44    1.00     12.00     2.00  66.67   20.00    12.00    0.00      0.00     0.00   0.00    0.00     0.00    0.00    0.00    2.24  54.40


10/05/2026 09:56:46 PM
Device            r/s     rkB/s   rrqm/s  %rrqm r_await rareq-sz     w/s     wkB/s   wrqm/s  %wrqm w_await wareq-sz     d/s     dkB/s   drqm/s  %drqm d_await dareq-sz     f/s f_await  aqu-sz  %util
nvme0n1       10346.00 1306224.00     0.00   0.00    0.22   126.25    0.00      0.00     0.00   0.00    0.00     0.00    0.00      0.00     0.00   0.00    0.00     0.00    0.00    0.00    2.25  55.90


10/05/2026 09:56:47 PM
Device            r/s     rkB/s   rrqm/s  %rrqm r_await rareq-sz     w/s     wkB/s   wrqm/s  %wrqm w_await wareq-sz     d/s     dkB/s   drqm/s  %drqm d_await dareq-sz     f/s f_await  aqu-sz  %util
nvme0n1       10075.00 1267832.00     0.00   0.00    0.21   125.84    1.00      4.00     0.00   0.00    0.00     4.00    0.00      0.00     0.00   0.00    0.00     0.00    0.00    0.00    2.13  54.00


10/05/2026 09:56:48 PM
Device            r/s     rkB/s   rrqm/s  %rrqm r_await rareq-sz     w/s     wkB/s   wrqm/s  %wrqm w_await wareq-sz     d/s     dkB/s   drqm/s  %drqm d_await dareq-sz     f/s f_await  aqu-sz  %util
nvme0n1       9831.00 1240256.00     0.00   0.00    0.21   126.16    1.00     12.00     2.00  66.67    0.00    12.00    0.00      0.00     0.00   0.00    0.00     0.00    0.00    0.00    2.08  60.80


10/05/2026 09:56:49 PM
Device            r/s     rkB/s   rrqm/s  %rrqm r_await rareq-sz     w/s     wkB/s   wrqm/s  %wrqm w_await wareq-sz     d/s     dkB/s   drqm/s  %drqm d_await dareq-sz     f/s f_await  aqu-sz  %util
nvme0n1       13721.00 1754636.00     0.00   0.00    0.19   127.88    2.00      4.00     0.00   0.00    1.50     2.00    0.00      0.00     0.00   0.00    0.00     0.00    1.00    1.00    2.60  50.50


10/05/2026 09:56:50 PM
Device            r/s     rkB/s   rrqm/s  %rrqm r_await rareq-sz     w/s     wkB/s   wrqm/s  %wrqm w_await wareq-sz     d/s     dkB/s   drqm/s  %drqm d_await dareq-sz     f/s f_await  aqu-sz  %util
nvme0n1       15364.00 1943004.00    29.00   0.19    0.17   126.46  181.00    984.00    65.00  26.42    5.36     5.44    0.00      0.00     0.00   0.00    0.00     0.00    0.00    0.00    3.61  51.70


10/05/2026 09:56:51 PM
Device            r/s     rkB/s   rrqm/s  %rrqm r_await rareq-sz     w/s     wkB/s   wrqm/s  %wrqm w_await wareq-sz     d/s     dkB/s   drqm/s  %drqm d_await dareq-sz     f/s f_await  aqu-sz  %util
nvme0n1       15213.00 1946144.00     0.00   0.00    0.17   127.93    9.00     36.00     0.00   0.00   13.11     4.00    0.00      0.00     0.00   0.00    0.00     0.00    0.00    0.00    2.76  49.80


10/05/2026 09:56:52 PM
Device            r/s     rkB/s   rrqm/s  %rrqm r_await rareq-sz     w/s     wkB/s   wrqm/s  %wrqm w_await wareq-sz     d/s     dkB/s   drqm/s  %drqm d_await dareq-sz     f/s f_await  aqu-sz  %util
nvme0n1       12679.00 1612556.00     0.00   0.00    0.17   127.18  404.00   1680.00    16.00   3.81    3.61     4.16    0.00      0.00     0.00   0.00    0.00     0.00    0.00    0.00    3.65  42.80


10/05/2026 09:56:53 PM
Device            r/s     rkB/s   rrqm/s  %rrqm r_await rareq-sz     w/s     wkB/s   wrqm/s  %wrqm w_await wareq-sz     d/s     dkB/s   drqm/s  %drqm d_await dareq-sz     f/s f_await  aqu-sz  %util
nvme0n1        990.00  97376.00     0.00   0.00    0.18    98.36    1.00      8.00     8.00  88.89    4.00     8.00    0.00      0.00     0.00   0.00    0.00     0.00    0.00    0.00    0.18  15.90


10/05/2026 09:56:54 PM
Device            r/s     rkB/s   rrqm/s  %rrqm r_await rareq-sz     w/s     wkB/s   wrqm/s  %wrqm w_await wareq-sz     d/s     dkB/s   drqm/s  %drqm d_await dareq-sz     f/s f_await  aqu-sz  %util
nvme0n1        595.00  73704.00    90.00  13.14    0.21   123.87    9.00     60.00     0.00   0.00    0.33     6.67    0.00      0.00     0.00   0.00    0.00     0.00    1.00    2.00    0.13   5.90


10/05/2026 09:56:55 PM
Device            r/s     rkB/s   rrqm/s  %rrqm r_await rareq-sz     w/s     wkB/s   wrqm/s  %wrqm w_await wareq-sz     d/s     dkB/s   drqm/s  %drqm d_await dareq-sz     f/s f_await  aqu-sz  %util
nvme0n1         44.00   1484.00    30.00  40.54    0.59    33.73    0.00      0.00     0.00   0.00    0.00     0.00    0.00      0.00     0.00   0.00    0.00     0.00    0.00    0.00    0.03   0.80


10/05/2026 09:56:56 PM
Device            r/s     rkB/s   rrqm/s  %rrqm r_await rareq-sz     w/s     wkB/s   wrqm/s  %wrqm w_await wareq-sz     d/s     dkB/s   drqm/s  %drqm d_await dareq-sz     f/s f_await  aqu-sz  %util
nvme0n1       1066.00  74968.00     4.00   0.37    0.16    70.33   52.00    240.00     2.00   3.70    1.33     4.62    0.00      0.00     0.00   0.00    0.00     0.00    0.00    0.00    0.24  12.60


10/05/2026 09:56:57 PM
Device            r/s     rkB/s   rrqm/s  %rrqm r_await rareq-sz     w/s     wkB/s   wrqm/s  %wrqm w_await wareq-sz     d/s     dkB/s   drqm/s  %drqm d_await dareq-sz     f/s f_await  aqu-sz  %util
nvme0n1         14.00    804.00     0.00   0.00    0.71    57.43   38.00    164.00     3.00   7.32    1.26     4.32    0.00      0.00     0.00   0.00    0.00     0.00    0.00    0.00    0.06   1.60


10/05/2026 09:56:58 PM
Device            r/s     rkB/s   rrqm/s  %rrqm r_await rareq-sz     w/s     wkB/s   wrqm/s  %wrqm w_await wareq-sz     d/s     dkB/s   drqm/s  %drqm d_await dareq-sz     f/s f_await  aqu-sz  %util
nvme0n1        237.00   6332.00     0.00   0.00    0.24    26.72    0.00      0.00    23.00 100.00    0.00     0.00    0.00      0.00     0.00   0.00    0.00     0.00    0.00    0.00    0.06   3.90


10/05/2026 09:56:59 PM
Device            r/s     rkB/s   rrqm/s  %rrqm r_await rareq-sz     w/s     wkB/s   wrqm/s  %wrqm w_await wareq-sz     d/s     dkB/s   drqm/s  %drqm d_await dareq-sz     f/s f_await  aqu-sz  %util
nvme0n1         19.00   1340.00     0.00   0.00    1.05    70.53    4.00    108.00     1.00  20.00    1.00    27.00    0.00      0.00     0.00   0.00    0.00     0.00    1.00    2.00    0.03   1.90


10/05/2026 09:57:00 PM
Device            r/s     rkB/s   rrqm/s  %rrqm r_await rareq-sz     w/s     wkB/s   wrqm/s  %wrqm w_await wareq-sz     d/s     dkB/s   drqm/s  %drqm d_await dareq-sz     f/s f_await  aqu-sz  %util
nvme0n1       7865.00 966260.00     0.00   0.00    0.22   122.86    0.00      0.00     0.00   0.00    0.00     0.00    0.00      0.00     0.00   0.00    0.00     0.00    0.00    0.00    1.71  50.30


10/05/2026 09:57:01 PM
Device            r/s     rkB/s   rrqm/s  %rrqm r_await rareq-sz     w/s     wkB/s   wrqm/s  %wrqm w_await wareq-sz     d/s     dkB/s   drqm/s  %drqm d_await dareq-sz     f/s f_await  aqu-sz  %util
nvme0n1       7193.00 872752.00     0.00   0.00    0.23   121.33   73.00    304.00     2.00   2.67   12.62     4.16    0.00      0.00     0.00   0.00    0.00     0.00    0.00    0.00    2.57  51.80


10/05/2026 09:57:02 PM
Device            r/s     rkB/s   rrqm/s  %rrqm r_await rareq-sz     w/s     wkB/s   wrqm/s  %wrqm w_await wareq-sz     d/s     dkB/s   drqm/s  %drqm d_await dareq-sz     f/s f_await  aqu-sz  %util
nvme0n1       7179.00 866640.00     0.00   0.00    0.22   120.72   63.00    272.00     5.00   7.35    6.35     4.32    0.00      0.00     0.00   0.00    0.00     0.00    0.00    0.00    2.00  55.20


10/05/2026 09:57:03 PM
Device            r/s     rkB/s   rrqm/s  %rrqm r_await rareq-sz     w/s     wkB/s   wrqm/s  %wrqm w_await wareq-sz     d/s     dkB/s   drqm/s  %drqm d_await dareq-sz     f/s f_await  aqu-sz  %util
nvme0n1       9092.00 1121572.00     0.00   0.00    0.22   123.36  283.00   1660.00   132.00  31.81    2.23     5.87    0.00      0.00     0.00   0.00    0.00     0.00    0.00    0.00    2.65  55.20


10/05/2026 09:57:04 PM
Device            r/s     rkB/s   rrqm/s  %rrqm r_await rareq-sz     w/s     wkB/s   wrqm/s  %wrqm w_await wareq-sz     d/s     dkB/s   drqm/s  %drqm d_await dareq-sz     f/s f_await  aqu-sz  %util
nvme0n1       12401.00 1566328.00     0.00   0.00    0.19   126.31   85.00    372.00     9.00   9.57    0.69     4.38    0.00      0.00     0.00   0.00    0.00     0.00    1.00    1.00    2.37  53.20


10/05/2026 09:57:05 PM
Device            r/s     rkB/s   rrqm/s  %rrqm r_await rareq-sz     w/s     wkB/s   wrqm/s  %wrqm w_await wareq-sz     d/s     dkB/s   drqm/s  %drqm d_await dareq-sz     f/s f_await  aqu-sz  %util
nvme0n1       9001.00 1107044.00     0.00   0.00    0.21   122.99    1.00      4.00     0.00   0.00    0.00     4.00    0.00      0.00     0.00   0.00    0.00     0.00    0.00    0.00    1.93  52.60


10/05/2026 09:57:06 PM
Device            r/s     rkB/s   rrqm/s  %rrqm r_await rareq-sz     w/s     wkB/s   wrqm/s  %wrqm w_await wareq-sz     d/s     dkB/s   drqm/s  %drqm d_await dareq-sz     f/s f_await  aqu-sz  %util
nvme0n1       8446.00 1023616.00     2.00   0.02    0.21   121.20    0.00      0.00     0.00   0.00    0.00     0.00    0.00      0.00     0.00   0.00    0.00     0.00    0.00    0.00    1.78  54.20


10/05/2026 09:57:07 PM
Device            r/s     rkB/s   rrqm/s  %rrqm r_await rareq-sz     w/s     wkB/s   wrqm/s  %wrqm w_await wareq-sz     d/s     dkB/s   drqm/s  %drqm d_await dareq-sz     f/s f_await  aqu-sz  %util
nvme0n1       9229.00 1137304.00     0.00   0.00    0.21   123.23    0.00      0.00     0.00   0.00    0.00     0.00    0.00      0.00     0.00   0.00    0.00     0.00    0.00    0.00    1.98  53.00


10/05/2026 09:57:08 PM
Device            r/s     rkB/s   rrqm/s  %rrqm r_await rareq-sz     w/s     wkB/s   wrqm/s  %wrqm w_await wareq-sz     d/s     dkB/s   drqm/s  %drqm d_await dareq-sz     f/s f_await  aqu-sz  %util
nvme0n1       12125.00 1326144.00    91.00   0.74    0.19   109.37  226.00   1292.00    97.00  30.03    3.38     5.72    0.00      0.00     0.00   0.00    0.00     0.00    0.00    0.00    3.04  53.70


10/05/2026 09:57:09 PM
Device            r/s     rkB/s   rrqm/s  %rrqm r_await rareq-sz     w/s     wkB/s   wrqm/s  %wrqm w_await wareq-sz     d/s     dkB/s   drqm/s  %drqm d_await dareq-sz     f/s f_await  aqu-sz  %util
nvme0n1       9391.00 1164584.00     0.00   0.00    0.22   124.01  335.00   1544.00    52.00  13.44    6.70     4.61    0.00      0.00     0.00   0.00    0.00     0.00    1.00    1.00    4.32  53.60


10/05/2026 09:57:10 PM
Device            r/s     rkB/s   rrqm/s  %rrqm r_await rareq-sz     w/s     wkB/s   wrqm/s  %wrqm w_await wareq-sz     d/s     dkB/s   drqm/s  %drqm d_await dareq-sz     f/s f_await  aqu-sz  %util
nvme0n1       9232.00 1147740.00     0.00   0.00    0.21   124.32  405.00   1708.00    22.00   5.15    4.06     4.22    0.00      0.00     0.00   0.00    0.00     0.00    0.00    0.00    3.59  55.40


10/05/2026 09:57:11 PM
Device            r/s     rkB/s   rrqm/s  %rrqm r_await rareq-sz     w/s     wkB/s   wrqm/s  %wrqm w_await wareq-sz     d/s     dkB/s   drqm/s  %drqm d_await dareq-sz     f/s f_await  aqu-sz  %util
nvme0n1       14121.00 1788852.00     0.00   0.00    0.17   126.68  635.00   2784.00    61.00   8.76    4.80     4.38    0.00      0.00     0.00   0.00    0.00     0.00    0.00    0.00    5.47  51.00


10/05/2026 09:57:12 PM
Device            r/s     rkB/s   rrqm/s  %rrqm r_await rareq-sz     w/s     wkB/s   wrqm/s  %wrqm w_await wareq-sz     d/s     dkB/s   drqm/s  %drqm d_await dareq-sz     f/s f_await  aqu-sz  %util
nvme0n1       6663.00 841024.00     0.00   0.00    0.49   126.22 2440.00 210388.00 50157.00  95.36  111.16    86.22    0.00      0.00     0.00   0.00    0.00     0.00    0.00    0.00  274.51  71.20


10/05/2026 09:57:13 PM
Device            r/s     rkB/s   rrqm/s  %rrqm r_await rareq-sz     w/s     wkB/s   wrqm/s  %wrqm w_await wareq-sz     d/s     dkB/s   drqm/s  %drqm d_await dareq-sz     f/s f_await  aqu-sz  %util
nvme0n1       14774.00 1880356.00     0.00   0.00    0.17   127.27  333.00   1524.00    11.00   3.20    2.33     4.58    0.00      0.00     0.00   0.00    0.00     0.00    0.00    0.00    3.35  48.10


10/05/2026 09:57:14 PM
Device            r/s     rkB/s   rrqm/s  %rrqm r_await rareq-sz     w/s     wkB/s   wrqm/s  %wrqm w_await wareq-sz     d/s     dkB/s   drqm/s  %drqm d_await dareq-sz     f/s f_await  aqu-sz  %util
nvme0n1       14611.00 1853036.00    18.00   0.12    0.18   126.82    6.00     52.00     8.00  57.14    0.50     8.67    0.00      0.00     0.00   0.00    0.00     0.00    1.00    1.00    2.59  50.00


10/05/2026 09:57:15 PM
Device            r/s     rkB/s   rrqm/s  %rrqm r_await rareq-sz     w/s     wkB/s   wrqm/s  %wrqm w_await wareq-sz     d/s     dkB/s   drqm/s  %drqm d_await dareq-sz     f/s f_await  aqu-sz  %util
nvme0n1       14179.00 1744000.00   281.00   1.94    0.16   123.00    1.00      4.00     0.00   0.00   28.00     4.00    0.00      0.00     0.00   0.00    0.00     0.00    0.00    0.00    2.35  51.70


10/05/2026 09:57:16 PM
Device            r/s     rkB/s   rrqm/s  %rrqm r_await rareq-sz     w/s     wkB/s   wrqm/s  %wrqm w_await wareq-sz     d/s     dkB/s   drqm/s  %drqm d_await dareq-sz     f/s f_await  aqu-sz  %util
nvme0n1       8221.00 1040204.00     7.00   0.09    0.17   126.53   31.00    172.00    12.00  27.91   27.23     5.55    0.00      0.00     0.00   0.00    0.00     0.00    0.00    0.00    2.24  31.70


10/05/2026 09:57:17 PM
Device            r/s     rkB/s   rrqm/s  %rrqm r_await rareq-sz     w/s     wkB/s   wrqm/s  %wrqm w_await wareq-sz     d/s     dkB/s   drqm/s  %drqm d_await dareq-sz     f/s f_await  aqu-sz  %util
nvme0n1       2190.00  29236.00  3544.00  61.81    0.06    13.35    1.00      4.00     0.00   0.00    4.00     4.00    0.00      0.00     0.00   0.00    0.00     0.00    0.00    0.00    0.15   9.10


10/05/2026 09:57:18 PM
Device            r/s     rkB/s   rrqm/s  %rrqm r_await rareq-sz     w/s     wkB/s   wrqm/s  %wrqm w_await wareq-sz     d/s     dkB/s   drqm/s  %drqm d_await dareq-sz     f/s f_await  aqu-sz  %util
nvme0n1       16879.00 1127164.00   123.00   0.72    0.17    66.78   74.00    320.00     6.00   7.50   28.57     4.32    0.00      0.00     0.00   0.00    0.00     0.00    0.00    0.00    5.05  44.20


10/05/2026 09:57:19 PM
Device            r/s     rkB/s   rrqm/s  %rrqm r_await rareq-sz     w/s     wkB/s   wrqm/s  %wrqm w_await wareq-sz     d/s     dkB/s   drqm/s  %drqm d_await dareq-sz     f/s f_await  aqu-sz  %util
nvme0n1       12030.00 450140.00   669.00   5.27    0.12    37.42  103.00    420.00     6.00   5.50   37.20     4.08    0.00      0.00     0.00   0.00    0.00     0.00    4.00    1.00    5.29  43.50


10/05/2026 09:57:20 PM
Device            r/s     rkB/s   rrqm/s  %rrqm r_await rareq-sz     w/s     wkB/s   wrqm/s  %wrqm w_await wareq-sz     d/s     dkB/s   drqm/s  %drqm d_await dareq-sz     f/s f_await  aqu-sz  %util
nvme0n1       9121.00  69020.00    75.00   0.82    0.11     7.57    0.00      0.00     0.00   0.00    0.00     0.00    0.00      0.00     0.00   0.00    0.00     0.00    0.00    0.00    1.03  83.20


10/05/2026 09:57:21 PM
Device            r/s     rkB/s   rrqm/s  %rrqm r_await rareq-sz     w/s     wkB/s   wrqm/s  %wrqm w_await wareq-sz     d/s     dkB/s   drqm/s  %drqm d_await dareq-sz     f/s f_await  aqu-sz  %util
nvme0n1       12925.00 1045516.00   572.00   4.24    0.14    80.89    4.00     48.00     9.00  69.23    0.25    12.00    0.00      0.00     0.00   0.00    0.00     0.00    1.00    1.00    1.79  53.50


10/05/2026 09:57:22 PM
Device            r/s     rkB/s   rrqm/s  %rrqm r_await rareq-sz     w/s     wkB/s   wrqm/s  %wrqm w_await wareq-sz     d/s     dkB/s   drqm/s  %drqm d_await dareq-sz     f/s f_await  aqu-sz  %util
nvme0n1       11214.00 1428528.00     0.00   0.00    0.19   127.39    4.00     20.00     1.00  20.00    0.25     5.00    0.00      0.00     0.00   0.00    0.00     0.00    0.00    0.00    2.11  55.90


10/05/2026 09:57:23 PM
Device            r/s     rkB/s   rrqm/s  %rrqm r_await rareq-sz     w/s     wkB/s   wrqm/s  %wrqm w_await wareq-sz     d/s     dkB/s   drqm/s  %drqm d_await dareq-sz     f/s f_await  aqu-sz  %util
nvme0n1       9751.00 1233788.00    28.00   0.29    0.19   126.53    9.00     80.00    11.00  55.00   26.11     8.89    0.00      0.00     0.00   0.00    0.00     0.00    0.00    0.00    2.13  54.20


10/05/2026 09:57:24 PM
Device            r/s     rkB/s   rrqm/s  %rrqm r_await rareq-sz     w/s     wkB/s   wrqm/s  %wrqm w_await wareq-sz     d/s     dkB/s   drqm/s  %drqm d_await dareq-sz     f/s f_await  aqu-sz  %util
nvme0n1       10940.00 1390020.00     0.00   0.00    0.19   127.06  124.00    552.00    13.00   9.49    9.91     4.45    0.00      0.00     0.00   0.00    0.00     0.00    0.00    0.00    3.28  55.10


10/05/2026 09:57:25 PM
Device            r/s     rkB/s   rrqm/s  %rrqm r_await rareq-sz     w/s     wkB/s   wrqm/s  %wrqm w_await wareq-sz     d/s     dkB/s   drqm/s  %drqm d_await dareq-sz     f/s f_await  aqu-sz  %util
nvme0n1       10800.00 1376552.00     0.00   0.00    0.19   127.46    0.00      0.00     0.00   0.00    0.00     0.00    0.00      0.00     0.00   0.00    0.00     0.00    0.00    0.00    2.06  54.80


10/05/2026 09:57:26 PM
Device            r/s     rkB/s   rrqm/s  %rrqm r_await rareq-sz     w/s     wkB/s   wrqm/s  %wrqm w_await wareq-sz     d/s     dkB/s   drqm/s  %drqm d_await dareq-sz     f/s f_await  aqu-sz  %util
nvme0n1       10097.00 1264008.00    13.00   0.13    0.19   125.19   38.00    196.00    12.00  24.00    6.39     5.16    0.00      0.00     0.00   0.00    0.00     0.00    1.00    1.00    2.13  49.20


10/05/2026 09:57:27 PM
Device            r/s     rkB/s   rrqm/s  %rrqm r_await rareq-sz     w/s     wkB/s   wrqm/s  %wrqm w_await wareq-sz     d/s     dkB/s   drqm/s  %drqm d_await dareq-sz     f/s f_await  aqu-sz  %util
nvme0n1       10691.00 1362968.00     0.00   0.00    0.19   127.49    2.00      8.00     0.00   0.00    0.00     4.00    0.00      0.00     0.00   0.00    0.00     0.00    0.00    0.00    2.06  54.20


10/05/2026 09:57:28 PM
Device            r/s     rkB/s   rrqm/s  %rrqm r_await rareq-sz     w/s     wkB/s   wrqm/s  %wrqm w_await wareq-sz     d/s     dkB/s   drqm/s  %drqm d_await dareq-sz     f/s f_await  aqu-sz  %util
nvme0n1       10790.00 1375604.00     0.00   0.00    0.19   127.49    0.00      0.00     0.00   0.00    0.00     0.00    0.00      0.00     0.00   0.00    0.00     0.00    0.00    0.00    2.05  54.30


10/05/2026 09:57:29 PM
Device            r/s     rkB/s   rrqm/s  %rrqm r_await rareq-sz     w/s     wkB/s   wrqm/s  %wrqm w_await wareq-sz     d/s     dkB/s   drqm/s  %drqm d_await dareq-sz     f/s f_await  aqu-sz  %util
nvme0n1       10402.00 1325436.00     0.00   0.00    0.20   127.42   44.00    272.00    24.00  35.29   28.07     6.18    0.00      0.00     0.00   0.00    0.00     0.00    0.00    0.00    3.30  55.20


10/05/2026 09:57:30 PM
Device            r/s     rkB/s   rrqm/s  %rrqm r_await rareq-sz     w/s     wkB/s   wrqm/s  %wrqm w_await wareq-sz     d/s     dkB/s   drqm/s  %drqm d_await dareq-sz     f/s f_await  aqu-sz  %util
nvme0n1       10026.00 1278220.00     0.00   0.00    0.20   127.49   63.00    300.00    12.00  16.00   13.14     4.76    0.00      0.00     0.00   0.00    0.00     0.00    0.00    0.00    2.80  54.60


10/05/2026 09:57:31 PM
Device            r/s     rkB/s   rrqm/s  %rrqm r_await rareq-sz     w/s     wkB/s   wrqm/s  %wrqm w_await wareq-sz     d/s     dkB/s   drqm/s  %drqm d_await dareq-sz     f/s f_await  aqu-sz  %util
nvme0n1       10621.78 1353136.63     0.00   0.00    0.19   127.39   10.89     63.37     5.94  35.29    0.18     5.82    0.00      0.00     0.00   0.00    0.00     0.00    0.99    1.00    2.03  54.46


10/05/2026 09:57:32 PM
Device            r/s     rkB/s   rrqm/s  %rrqm r_await rareq-sz     w/s     wkB/s   wrqm/s  %wrqm w_await wareq-sz     d/s     dkB/s   drqm/s  %drqm d_await dareq-sz     f/s f_await  aqu-sz  %util
nvme0n1       10573.00 1347452.00     0.00   0.00    0.19   127.44    0.00      0.00     0.00   0.00    0.00     0.00    0.00      0.00     0.00   0.00    0.00     0.00    0.00    0.00    2.04  55.30


10/05/2026 09:57:33 PM
Device            r/s     rkB/s   rrqm/s  %rrqm r_await rareq-sz     w/s     wkB/s   wrqm/s  %wrqm w_await wareq-sz     d/s     dkB/s   drqm/s  %drqm d_await dareq-sz     f/s f_await  aqu-sz  %util
nvme0n1       10519.00 1340004.00     0.00   0.00    0.20   127.39    3.00     12.00     0.00   0.00    0.33     4.00    0.00      0.00     0.00   0.00    0.00     0.00    0.00    0.00    2.08  56.50


10/05/2026 09:57:34 PM
Device            r/s     rkB/s   rrqm/s  %rrqm r_await rareq-sz     w/s     wkB/s   wrqm/s  %wrqm w_await wareq-sz     d/s     dkB/s   drqm/s  %drqm d_await dareq-sz     f/s f_await  aqu-sz  %util
nvme0n1       10161.00 1295896.00     0.00   0.00    0.20   127.54    0.00      0.00     0.00   0.00    0.00     0.00    0.00      0.00     0.00   0.00    0.00     0.00    0.00    0.00    2.05  53.90


10/05/2026 09:57:35 PM
Device            r/s     rkB/s   rrqm/s  %rrqm r_await rareq-sz     w/s     wkB/s   wrqm/s  %wrqm w_await wareq-sz     d/s     dkB/s   drqm/s  %drqm d_await dareq-sz     f/s f_await  aqu-sz  %util
nvme0n1       9706.00 1212604.00     0.00   0.00    0.20   124.93    1.00      4.00     0.00   0.00    0.00     4.00    0.00      0.00     0.00   0.00    0.00     0.00    0.00    0.00    1.91  49.90


10/05/2026 09:57:36 PM
Device            r/s     rkB/s   rrqm/s  %rrqm r_await rareq-sz     w/s     wkB/s   wrqm/s  %wrqm w_await wareq-sz     d/s     dkB/s   drqm/s  %drqm d_await dareq-sz     f/s f_await  aqu-sz  %util
nvme0n1       7299.00 865172.00     0.00   0.00    0.20   118.53    3.00     28.00     5.00  62.50    0.67     9.33    0.00      0.00     0.00   0.00    0.00     0.00    1.00    1.00    1.50  44.50


10/05/2026 09:57:37 PM
Device            r/s     rkB/s   rrqm/s  %rrqm r_await rareq-sz     w/s     wkB/s   wrqm/s  %wrqm w_await wareq-sz     d/s     dkB/s   drqm/s  %drqm d_await dareq-sz     f/s f_await  aqu-sz  %util
nvme0n1       8637.00 1060140.00     0.00   0.00    0.20   122.74  126.00    592.00    22.00  14.86    8.09     4.70    0.00      0.00     0.00   0.00    0.00     0.00    0.00    0.00    2.78  54.10


10/05/2026 09:57:38 PM
Device            r/s     rkB/s   rrqm/s  %rrqm r_await rareq-sz     w/s     wkB/s   wrqm/s  %wrqm w_await wareq-sz     d/s     dkB/s   drqm/s  %drqm d_await dareq-sz     f/s f_await  aqu-sz  %util
nvme0n1       7298.00 831500.00     1.00   0.01    0.20   113.94    2.00      8.00     0.00   0.00   34.50     4.00    0.00      0.00     0.00   0.00    0.00     0.00    0.00    0.00    1.56  54.60


10/05/2026 09:57:39 PM
Device            r/s     rkB/s   rrqm/s  %rrqm r_await rareq-sz     w/s     wkB/s   wrqm/s  %wrqm w_await wareq-sz     d/s     dkB/s   drqm/s  %drqm d_await dareq-sz     f/s f_await  aqu-sz  %util
nvme0n1       10669.00 1145436.00   309.00   2.81    0.19   107.36  755.00   7776.00  1190.00  61.18   12.46    10.30    0.00      0.00     0.00   0.00    0.00     0.00    1.00    1.00   11.41  57.10


10/05/2026 09:57:40 PM
Device            r/s     rkB/s   rrqm/s  %rrqm r_await rareq-sz     w/s     wkB/s   wrqm/s  %wrqm w_await wareq-sz     d/s     dkB/s   drqm/s  %drqm d_await dareq-sz     f/s f_await  aqu-sz  %util
nvme0n1       9984.00 1251892.00     0.00   0.00    0.19   125.39  405.00   1684.00    16.00   3.80   14.23     4.16    0.00      0.00     0.00   0.00    0.00     0.00    0.00    0.00    7.70  56.40


10/05/2026 09:57:41 PM
Device            r/s     rkB/s   rrqm/s  %rrqm r_await rareq-sz     w/s     wkB/s   wrqm/s  %wrqm w_await wareq-sz     d/s     dkB/s   drqm/s  %drqm d_await dareq-sz     f/s f_await  aqu-sz  %util
nvme0n1       7490.00 802288.00     4.00   0.05    0.19   107.11  330.00   1352.00     8.00   2.37   14.92     4.10    0.00      0.00     0.00   0.00    0.00     0.00    0.00    0.00    6.37  57.10


10/05/2026 09:57:42 PM
Device            r/s     rkB/s   rrqm/s  %rrqm r_await rareq-sz     w/s     wkB/s   wrqm/s  %wrqm w_await wareq-sz     d/s     dkB/s   drqm/s  %drqm d_await dareq-sz     f/s f_await  aqu-sz  %util
nvme0n1       5111.00  48732.00     0.00   0.00    0.15     9.53    0.00      0.00     0.00   0.00    0.00     0.00    0.00      0.00     0.00   0.00    0.00     0.00    0.00    0.00    0.75  70.20


10/05/2026 09:57:43 PM
Device            r/s     rkB/s   rrqm/s  %rrqm r_await rareq-sz     w/s     wkB/s   wrqm/s  %wrqm w_await wareq-sz     d/s     dkB/s   drqm/s  %drqm d_await dareq-sz     f/s f_await  aqu-sz  %util
nvme0n1       4657.00 565636.00    30.00   0.64    0.23   121.46   48.00    200.00     2.00   4.00   35.52     4.17    0.00      0.00     0.00   0.00    0.00     0.00    0.00    0.00    2.77  37.20


10/05/2026 09:57:44 PM
Device            r/s     rkB/s   rrqm/s  %rrqm r_await rareq-sz     w/s     wkB/s   wrqm/s  %wrqm w_await wareq-sz     d/s     dkB/s   drqm/s  %drqm d_await dareq-sz     f/s f_await  aqu-sz  %util
nvme0n1       4964.00 605628.00     0.00   0.00    0.23   122.00  177.00    924.00    18.00   9.23   17.32     5.22    0.00      0.00     0.00   0.00    0.00     0.00    1.00    3.00    4.22  44.30


10/05/2026 09:57:45 PM
Device            r/s     rkB/s   rrqm/s  %rrqm r_await rareq-sz     w/s     wkB/s   wrqm/s  %wrqm w_await wareq-sz     d/s     dkB/s   drqm/s  %drqm d_await dareq-sz     f/s f_await  aqu-sz  %util
nvme0n1       5154.00 629308.00     0.00   0.00    0.24   122.10  321.00   4696.00   853.00  72.66   10.28    14.63    0.00      0.00     0.00   0.00    0.00     0.00    0.00    0.00    4.54  43.40


10/05/2026 09:57:46 PM
Device            r/s     rkB/s   rrqm/s  %rrqm r_await rareq-sz     w/s     wkB/s   wrqm/s  %wrqm w_await wareq-sz     d/s     dkB/s   drqm/s  %drqm d_await dareq-sz     f/s f_await  aqu-sz  %util
nvme0n1       4911.00 602728.00     0.00   0.00    0.23   122.73  569.00   2400.00    31.00   5.17    7.51     4.22    0.00      0.00     0.00   0.00    0.00     0.00    0.00    0.00    5.40  44.90


10/05/2026 09:57:47 PM
Device            r/s     rkB/s   rrqm/s  %rrqm r_await rareq-sz     w/s     wkB/s   wrqm/s  %wrqm w_await wareq-sz     d/s     dkB/s   drqm/s  %drqm d_await dareq-sz     f/s f_await  aqu-sz  %util
nvme0n1       5018.00 619300.00     0.00   0.00    0.23   123.42   66.00    312.00    12.00  15.38   14.11     4.73    0.00      0.00     0.00   0.00    0.00     0.00    0.00    0.00    2.08  39.20


10/05/2026 09:57:48 PM
Device            r/s     rkB/s   rrqm/s  %rrqm r_await rareq-sz     w/s     wkB/s   wrqm/s  %wrqm w_await wareq-sz     d/s     dkB/s   drqm/s  %drqm d_await dareq-sz     f/s f_await  aqu-sz  %util
nvme0n1       4510.00 554508.00     0.00   0.00    0.23   122.95   78.00    320.00     2.00   2.50    9.51     4.10    0.00      0.00     0.00   0.00    0.00     0.00    0.00    0.00    1.80  37.80


10/05/2026 09:57:49 PM
Device            r/s     rkB/s   rrqm/s  %rrqm r_await rareq-sz     w/s     wkB/s   wrqm/s  %wrqm w_await wareq-sz     d/s     dkB/s   drqm/s  %drqm d_await dareq-sz     f/s f_await  aqu-sz  %util
nvme0n1       4717.00 582324.00    30.00   0.63    0.24   123.45   39.00    192.00    10.00  20.41   19.31     4.92    0.00      0.00     0.00   0.00    0.00     0.00    1.00    1.00    1.86  40.20


10/05/2026 09:57:50 PM
Device            r/s     rkB/s   rrqm/s  %rrqm r_await rareq-sz     w/s     wkB/s   wrqm/s  %wrqm w_await wareq-sz     d/s     dkB/s   drqm/s  %drqm d_await dareq-sz     f/s f_await  aqu-sz  %util
nvme0n1       4471.00 525420.00    30.00   0.67    0.23   117.52    0.00      0.00     0.00   0.00    0.00     0.00    0.00      0.00     0.00   0.00    0.00     0.00    0.00    0.00    1.05  41.40


10/05/2026 09:57:51 PM
Device            r/s     rkB/s   rrqm/s  %rrqm r_await rareq-sz     w/s     wkB/s   wrqm/s  %wrqm w_await wareq-sz     d/s     dkB/s   drqm/s  %drqm d_await dareq-sz     f/s f_await  aqu-sz  %util
nvme0n1       8260.00 620036.00   107.00   1.28    0.16    75.06  143.00   3748.00   794.00  84.74   13.35    26.21    0.00      0.00     0.00   0.00    0.00     0.00    0.00    0.00    3.22  43.80


10/05/2026 09:57:52 PM
Device            r/s     rkB/s   rrqm/s  %rrqm r_await rareq-sz     w/s     wkB/s   wrqm/s  %wrqm w_await wareq-sz     d/s     dkB/s   drqm/s  %drqm d_await dareq-sz     f/s f_await  aqu-sz  %util
nvme0n1       4578.00 565144.00     0.00   0.00    0.22   123.45    0.00      0.00     0.00   0.00    0.00     0.00    0.00      0.00     0.00   0.00    0.00     0.00    0.00    0.00    1.02  33.10


10/05/2026 09:57:53 PM
Device            r/s     rkB/s   rrqm/s  %rrqm r_await rareq-sz     w/s     wkB/s   wrqm/s  %wrqm w_await wareq-sz     d/s     dkB/s   drqm/s  %drqm d_await dareq-sz     f/s f_await  aqu-sz  %util
nvme0n1       5257.00  31276.00     0.00   0.00    0.15     5.95    1.00      4.00     0.00   0.00    0.00     4.00    0.00      0.00     0.00   0.00    0.00     0.00    0.00    0.00    0.78  77.10


10/05/2026 09:57:54 PM
Device            r/s     rkB/s   rrqm/s  %rrqm r_await rareq-sz     w/s     wkB/s   wrqm/s  %wrqm w_await wareq-sz     d/s     dkB/s   drqm/s  %drqm d_await dareq-sz     f/s f_await  aqu-sz  %util
nvme0n1       3756.00 170124.00     2.00   0.05    0.18    45.29    3.00     40.00     8.00  72.73    1.67    13.33    0.00      0.00     0.00   0.00    0.00     0.00    1.00    1.00    0.68  46.80


10/05/2026 09:57:55 PM
Device            r/s     rkB/s   rrqm/s  %rrqm r_await rareq-sz     w/s     wkB/s   wrqm/s  %wrqm w_await wareq-sz     d/s     dkB/s   drqm/s  %drqm d_await dareq-sz     f/s f_await  aqu-sz  %util
nvme0n1       2402.00 292308.00     0.00   0.00    0.25   121.69    0.00      0.00     0.00   0.00    0.00     0.00    0.00      0.00     0.00   0.00    0.00     0.00    0.00    0.00    0.59  26.80


10/05/2026 09:57:56 PM
Device            r/s     rkB/s   rrqm/s  %rrqm r_await rareq-sz     w/s     wkB/s   wrqm/s  %wrqm w_await wareq-sz     d/s     dkB/s   drqm/s  %drqm d_await dareq-sz     f/s f_await  aqu-sz  %util
nvme0n1       2386.00 290852.00     2.00   0.08    0.23   121.90  320.00   1400.00    29.00   8.31    9.93     4.38    0.00      0.00     0.00   0.00    0.00     0.00    0.00    0.00    3.73  20.90


10/05/2026 09:57:57 PM
Device            r/s     rkB/s   rrqm/s  %rrqm r_await rareq-sz     w/s     wkB/s   wrqm/s  %wrqm w_await wareq-sz     d/s     dkB/s   drqm/s  %drqm d_await dareq-sz     f/s f_await  aqu-sz  %util
nvme0n1       1873.00 226304.00     0.00   0.00    0.26   120.82   80.00    328.00     2.00   2.44    5.78     4.10    0.00      0.00     0.00   0.00    0.00     0.00    0.00    0.00    0.94  18.60


10/05/2026 09:57:58 PM
Device            r/s     rkB/s   rrqm/s  %rrqm r_await rareq-sz     w/s     wkB/s   wrqm/s  %wrqm w_await wareq-sz     d/s     dkB/s   drqm/s  %drqm d_await dareq-sz     f/s f_await  aqu-sz  %util
nvme0n1       2269.00 279872.00     0.00   0.00    0.24   123.35   80.00    324.00     1.00   1.23    2.50     4.05    0.00      0.00     0.00   0.00    0.00     0.00    0.00    0.00    0.75  19.60


10/05/2026 09:57:59 PM
Device            r/s     rkB/s   rrqm/s  %rrqm r_await rareq-sz     w/s     wkB/s   wrqm/s  %wrqm w_await wareq-sz     d/s     dkB/s   drqm/s  %drqm d_await dareq-sz     f/s f_await  aqu-sz  %util
nvme0n1       2133.00 261764.00     1.00   0.05    0.24   122.72   13.00     84.00     9.00  40.91    0.69     6.46    0.00      0.00     0.00   0.00    0.00     0.00    1.00    1.00    0.53  20.80


10/05/2026 09:58:00 PM
Device            r/s     rkB/s   rrqm/s  %rrqm r_await rareq-sz     w/s     wkB/s   wrqm/s  %wrqm w_await wareq-sz     d/s     dkB/s   drqm/s  %drqm d_await dareq-sz     f/s f_await  aqu-sz  %util
nvme0n1       4879.00  95348.00     0.00   0.00    0.16    19.54    0.00      0.00     0.00   0.00    0.00     0.00    0.00      0.00     0.00   0.00    0.00     0.00    0.00    0.00    0.78  66.00


10/05/2026 09:58:01 PM
Device            r/s     rkB/s   rrqm/s  %rrqm r_await rareq-sz     w/s     wkB/s   wrqm/s  %wrqm w_await wareq-sz     d/s     dkB/s   drqm/s  %drqm d_await dareq-sz     f/s f_await  aqu-sz  %util
nvme0n1       1009.00 101868.00     3.00   0.30    1.11   100.96 1662.00 129200.00 32249.00  95.10  121.45    77.74    0.00      0.00     0.00   0.00    0.00     0.00    0.00    0.00  202.97  53.90


10/05/2026 09:58:02 PM
Device            r/s     rkB/s   rrqm/s  %rrqm r_await rareq-sz     w/s     wkB/s   wrqm/s  %wrqm w_await wareq-sz     d/s     dkB/s   drqm/s  %drqm d_await dareq-sz     f/s f_await  aqu-sz  %util
nvme0n1        974.00 122068.00     0.00   0.00    1.17   125.33  632.00  80640.00 24703.00  97.51  218.18   127.59    0.00      0.00     0.00   0.00    0.00     0.00    0.00    0.00  139.03  46.60


10/05/2026 09:58:03 PM
Device            r/s     rkB/s   rrqm/s  %rrqm r_await rareq-sz     w/s     wkB/s   wrqm/s  %wrqm w_await wareq-sz     d/s     dkB/s   drqm/s  %drqm d_await dareq-sz     f/s f_await  aqu-sz  %util
nvme0n1       1013.00 124424.00     0.00   0.00    0.87   122.83  737.00  80828.00 14327.00  95.11  193.09   109.67    0.00      0.00     0.00   0.00    0.00     0.00    0.00    0.00  143.19  38.00


10/05/2026 09:58:04 PM
Device            r/s     rkB/s   rrqm/s  %rrqm r_await rareq-sz     w/s     wkB/s   wrqm/s  %wrqm w_await wareq-sz     d/s     dkB/s   drqm/s  %drqm d_await dareq-sz     f/s f_await  aqu-sz  %util
nvme0n1        918.00 114144.00     0.00   0.00    2.09   124.34 1552.00 140392.00 31904.00  95.36  125.19    90.46    0.00      0.00     0.00   0.00    0.00     0.00    1.00    4.00  196.22  64.40


10/05/2026 09:58:05 PM
Device            r/s     rkB/s   rrqm/s  %rrqm r_await rareq-sz     w/s     wkB/s   wrqm/s  %wrqm w_await wareq-sz     d/s     dkB/s   drqm/s  %drqm d_await dareq-sz     f/s f_await  aqu-sz  %util
nvme0n1       1354.00 166220.00     0.00   0.00    0.28   122.76  137.00    628.00    20.00  12.74    1.50     4.58    0.00      0.00     0.00   0.00    0.00     0.00    0.00    0.00    0.59  18.80


10/05/2026 09:58:06 PM
Device            r/s     rkB/s   rrqm/s  %rrqm r_await rareq-sz     w/s     wkB/s   wrqm/s  %wrqm w_await wareq-sz     d/s     dkB/s   drqm/s  %drqm d_await dareq-sz     f/s f_await  aqu-sz  %util
nvme0n1       1761.00 216132.00     0.00   0.00    0.25   122.73   39.00    220.00    16.00  29.09   21.26     5.64    0.00      0.00     0.00   0.00    0.00     0.00    0.00    0.00    1.27  16.10


10/05/2026 09:58:07 PM
Device            r/s     rkB/s   rrqm/s  %rrqm r_await rareq-sz     w/s     wkB/s   wrqm/s  %wrqm w_await wareq-sz     d/s     dkB/s   drqm/s  %drqm d_await dareq-sz     f/s f_await  aqu-sz  %util
nvme0n1       2548.00 156120.00    61.00   2.34    0.20    61.27    0.00      0.00     0.00   0.00    0.00     0.00    0.00      0.00     0.00   0.00    0.00     0.00    0.00    0.00    0.50  28.80


10/05/2026 09:58:08 PM
Device            r/s     rkB/s   rrqm/s  %rrqm r_await rareq-sz     w/s     wkB/s   wrqm/s  %wrqm w_await wareq-sz     d/s     dkB/s   drqm/s  %drqm d_await dareq-sz     f/s f_await  aqu-sz  %util
nvme0n1       5986.00  23944.00     0.00   0.00    0.14     4.00    0.00      0.00     0.00   0.00    0.00     0.00    0.00      0.00     0.00   0.00    0.00     0.00    0.00    0.00    0.86  85.30


10/05/2026 09:58:09 PM
Device            r/s     rkB/s   rrqm/s  %rrqm r_await rareq-sz     w/s     wkB/s   wrqm/s  %wrqm w_await wareq-sz     d/s     dkB/s   drqm/s  %drqm d_await dareq-sz     f/s f_await  aqu-sz  %util
nvme0n1       3793.00 291704.00   419.00   9.95    0.18    76.91   12.00     56.00     3.00  20.00    0.17     4.67    0.00      0.00     0.00   0.00    0.00     0.00    1.00    1.00    0.67  28.30


10/05/2026 09:58:10 PM
Device            r/s     rkB/s   rrqm/s  %rrqm r_await rareq-sz     w/s     wkB/s   wrqm/s  %wrqm w_await wareq-sz     d/s     dkB/s   drqm/s  %drqm d_await dareq-sz     f/s f_await  aqu-sz  %util
nvme0n1       2617.00 321208.00     0.00   0.00    0.24   122.74    1.00      4.00     0.00   0.00   26.00     4.00    0.00      0.00     0.00   0.00    0.00     0.00    0.00    0.00    0.66  25.30


10/05/2026 09:58:11 PM
Device            r/s     rkB/s   rrqm/s  %rrqm r_await rareq-sz     w/s     wkB/s   wrqm/s  %wrqm w_await wareq-sz     d/s     dkB/s   drqm/s  %drqm d_await dareq-sz     f/s f_await  aqu-sz  %util
nvme0n1       2553.00 315472.00     0.00   0.00    0.24   123.57    1.00      8.00     1.00  50.00    0.00     8.00    0.00      0.00     0.00   0.00    0.00     0.00    0.00    0.00    0.62  25.70


10/05/2026 09:58:12 PM
Device            r/s     rkB/s   rrqm/s  %rrqm r_await rareq-sz     w/s     wkB/s   wrqm/s  %wrqm w_await wareq-sz     d/s     dkB/s   drqm/s  %drqm d_await dareq-sz     f/s f_await  aqu-sz  %util
nvme0n1       1605.00 197780.00     0.00   0.00    0.27   123.23 1215.00   5416.00   139.00  10.27   15.21     4.46    0.00      0.00     0.00   0.00    0.00     0.00    0.00    0.00   18.91  19.00


10/05/2026 09:58:13 PM
Device            r/s     rkB/s   rrqm/s  %rrqm r_await rareq-sz     w/s     wkB/s   wrqm/s  %wrqm w_await wareq-sz     d/s     dkB/s   drqm/s  %drqm d_await dareq-sz     f/s f_await  aqu-sz  %util
nvme0n1       1758.00 212528.00     0.00   0.00    0.26   120.89    1.00      4.00     0.00   0.00    0.00     4.00    0.00      0.00     0.00   0.00    0.00     0.00    0.00    0.00    0.46  18.20


10/05/2026 09:58:14 PM
Device            r/s     rkB/s   rrqm/s  %rrqm r_await rareq-sz     w/s     wkB/s   wrqm/s  %wrqm w_await wareq-sz     d/s     dkB/s   drqm/s  %drqm d_await dareq-sz     f/s f_await  aqu-sz  %util
nvme0n1       1624.00 200412.00     0.00   0.00    0.26   123.41  111.00    672.00    19.00  14.62    0.95     6.05    0.00      0.00     0.00   0.00    0.00     0.00    1.00    4.00    0.54  18.70


10/05/2026 09:58:15 PM
Device            r/s     rkB/s   rrqm/s  %rrqm r_await rareq-sz     w/s     wkB/s   wrqm/s  %wrqm w_await wareq-sz     d/s     dkB/s   drqm/s  %drqm d_await dareq-sz     f/s f_await  aqu-sz  %util
nvme0n1       4546.00 234180.00    93.00   2.00    0.16    51.51    3.00     12.00     0.00   0.00    1.00     4.00    0.00      0.00     0.00   0.00    0.00     0.00    0.00    0.00    0.74  22.70


10/05/2026 09:58:16 PM
Device            r/s     rkB/s   rrqm/s  %rrqm r_await rareq-sz     w/s     wkB/s   wrqm/s  %wrqm w_await wareq-sz     d/s     dkB/s   drqm/s  %drqm d_await dareq-sz     f/s f_await  aqu-sz  %util
nvme0n1       1286.00  56160.00   427.00  24.93    0.18    43.67    0.00      0.00     0.00   0.00    0.00     0.00    0.00      0.00     0.00   0.00    0.00     0.00    0.00    0.00    0.23   8.50


10/05/2026 09:58:17 PM
Device            r/s     rkB/s   rrqm/s  %rrqm r_await rareq-sz     w/s     wkB/s   wrqm/s  %wrqm w_await wareq-sz     d/s     dkB/s   drqm/s  %drqm d_await dareq-sz     f/s f_await  aqu-sz  %util
nvme0n1       1505.00  76640.00    11.00   0.73    0.19    50.92    1.00      8.00     1.00  50.00    1.00     8.00    0.00      0.00     0.00   0.00    0.00     0.00    0.00    0.00    0.29   7.80


10/05/2026 09:58:18 PM
Device            r/s     rkB/s   rrqm/s  %rrqm r_await rareq-sz     w/s     wkB/s   wrqm/s  %wrqm w_await wareq-sz     d/s     dkB/s   drqm/s  %drqm d_await dareq-sz     f/s f_await  aqu-sz  %util
nvme0n1       1089.00  51196.00     0.00   0.00    0.24    47.01    0.00      0.00     0.00   0.00    0.00     0.00    0.00      0.00     0.00   0.00    0.00     0.00    0.00    0.00    0.26   8.10


10/05/2026 09:58:19 PM
Device            r/s     rkB/s   rrqm/s  %rrqm r_await rareq-sz     w/s     wkB/s   wrqm/s  %wrqm w_await wareq-sz     d/s     dkB/s   drqm/s  %drqm d_await dareq-sz     f/s f_await  aqu-sz  %util
nvme0n1       1076.00  52000.00     0.00   0.00    0.21    48.33    0.00      0.00     8.00 100.00    0.00     0.00    0.00      0.00     0.00   0.00    0.00     0.00    0.00    0.00    0.23   7.40


10/05/2026 09:58:20 PM
Device            r/s     rkB/s   rrqm/s  %rrqm r_await rareq-sz     w/s     wkB/s   wrqm/s  %wrqm w_await wareq-sz     d/s     dkB/s   drqm/s  %drqm d_await dareq-sz     f/s f_await  aqu-sz  %util
nvme0n1       1667.00  87196.00     1.00   0.06    0.22    52.31   18.00    104.00     1.00   5.26    0.22     5.78    0.00      0.00     0.00   0.00    0.00     0.00    1.00    2.00    0.37  10.10


10/05/2026 09:58:21 PM
Device            r/s     rkB/s   rrqm/s  %rrqm r_await rareq-sz     w/s     wkB/s   wrqm/s  %wrqm w_await wareq-sz     d/s     dkB/s   drqm/s  %drqm d_await dareq-sz     f/s f_await  aqu-sz  %util
nvme0n1       4079.00  68760.00   401.00   8.95    0.10    16.86    3.00     12.00     0.00   0.00    0.67     4.00    0.00      0.00     0.00   0.00    0.00     0.00    0.00    0.00    0.41  21.60


10/05/2026 09:58:22 PM
Device            r/s     rkB/s   rrqm/s  %rrqm r_await rareq-sz     w/s     wkB/s   wrqm/s  %wrqm w_await wareq-sz     d/s     dkB/s   drqm/s  %drqm d_await dareq-sz     f/s f_await  aqu-sz  %util
nvme0n1        993.00  49152.00     6.00   0.60    0.19    49.50    0.00      0.00     0.00   0.00    0.00     0.00    0.00      0.00     0.00   0.00    0.00     0.00    0.00    0.00    0.19   7.10


10/05/2026 09:58:23 PM
Device            r/s     rkB/s   rrqm/s  %rrqm r_await rareq-sz     w/s     wkB/s   wrqm/s  %wrqm w_await wareq-sz     d/s     dkB/s   drqm/s  %drqm d_await dareq-sz     f/s f_await  aqu-sz  %util
nvme0n1        984.00  41852.00     1.00   0.10    0.21    42.53    1.00      4.00     0.00   0.00    1.00     4.00    0.00      0.00     0.00   0.00    0.00     0.00    0.00    0.00    0.21   6.80


10/05/2026 09:58:24 PM
Device            r/s     rkB/s   rrqm/s  %rrqm r_await rareq-sz     w/s     wkB/s   wrqm/s  %wrqm w_await wareq-sz     d/s     dkB/s   drqm/s  %drqm d_await dareq-sz     f/s f_await  aqu-sz  %util
nvme0n1       1947.00 100020.00     0.00   0.00    0.22    51.37    0.00      0.00     9.00 100.00    0.00     0.00    0.00      0.00     0.00   0.00    0.00     0.00    0.00    0.00    0.42   8.50


10/05/2026 09:58:25 PM
Device            r/s     rkB/s   rrqm/s  %rrqm r_await rareq-sz     w/s     wkB/s   wrqm/s  %wrqm w_await wareq-sz     d/s     dkB/s   drqm/s  %drqm d_await dareq-sz     f/s f_await  aqu-sz  %util
nvme0n1       3543.00 184408.00     0.00   0.00    0.19    52.05    3.00     44.00     0.00   0.00    1.00    14.67    0.00      0.00     0.00   0.00    0.00     0.00    1.00    2.00    0.68  15.50


10/05/2026 09:58:26 PM
Device            r/s     rkB/s   rrqm/s  %rrqm r_await rareq-sz     w/s     wkB/s   wrqm/s  %wrqm w_await wareq-sz     d/s     dkB/s   drqm/s  %drqm d_await dareq-sz     f/s f_await  aqu-sz  %util
nvme0n1       1802.00  86744.00     2.00   0.11    0.21    48.14    4.00     16.00     0.00   0.00    0.00     4.00    0.00      0.00     0.00   0.00    0.00     0.00    0.00    0.00    0.39   9.40


10/05/2026 09:58:27 PM
Device            r/s     rkB/s   rrqm/s  %rrqm r_await rareq-sz     w/s     wkB/s   wrqm/s  %wrqm w_await wareq-sz     d/s     dkB/s   drqm/s  %drqm d_await dareq-sz     f/s f_await  aqu-sz  %util
nvme0n1       7735.00  55156.00   305.00   3.79    0.08     7.13   31.00    132.00     0.00   0.00    0.06     4.26    0.00      0.00     0.00   0.00    0.00     0.00    0.00    0.00    0.63  55.90


10/05/2026 09:58:28 PM
Device            r/s     rkB/s   rrqm/s  %rrqm r_await rareq-sz     w/s     wkB/s   wrqm/s  %wrqm w_await wareq-sz     d/s     dkB/s   drqm/s  %drqm d_await dareq-sz     f/s f_await  aqu-sz  %util
nvme0n1       5560.00  22240.00     0.00   0.00    0.14     4.00    0.00      0.00     0.00   0.00    0.00     0.00    0.00      0.00     0.00   0.00    0.00     0.00    0.00    0.00    0.81  78.40


10/05/2026 09:58:29 PM
Device            r/s     rkB/s   rrqm/s  %rrqm r_await rareq-sz     w/s     wkB/s   wrqm/s  %wrqm w_await wareq-sz     d/s     dkB/s   drqm/s  %drqm d_await dareq-sz     f/s f_await  aqu-sz  %util
nvme0n1       2139.00 145172.00     5.00   0.23    0.22    67.87    2.00     44.00     9.00  81.82    0.00    22.00    0.00      0.00     0.00   0.00    0.00     0.00    0.00    0.00    0.46  28.10


10/05/2026 09:58:30 PM
Device            r/s     rkB/s   rrqm/s  %rrqm r_await rareq-sz     w/s     wkB/s   wrqm/s  %wrqm w_await wareq-sz     d/s     dkB/s   drqm/s  %drqm d_await dareq-sz     f/s f_await  aqu-sz  %util
nvme0n1       2124.00 266844.00     0.00   0.00    0.26   125.63   58.00   2892.00   666.00  91.99    2.12    49.86    0.00      0.00     0.00   0.00    0.00     0.00    1.00    1.00    0.69  22.60


10/05/2026 09:58:31 PM
Device            r/s     rkB/s   rrqm/s  %rrqm r_await rareq-sz     w/s     wkB/s   wrqm/s  %wrqm w_await wareq-sz     d/s     dkB/s   drqm/s  %drqm d_await dareq-sz     f/s f_await  aqu-sz  %util
nvme0n1       2648.00 328740.00     0.00   0.00    0.24   124.15  226.00    964.00    15.00   6.22    5.58     4.27    0.00      0.00     0.00   0.00    0.00     0.00    0.00    0.00    1.89  23.80


10/05/2026 09:58:32 PM
Device            r/s     rkB/s   rrqm/s  %rrqm r_await rareq-sz     w/s     wkB/s   wrqm/s  %wrqm w_await wareq-sz     d/s     dkB/s   drqm/s  %drqm d_await dareq-sz     f/s f_await  aqu-sz  %util
nvme0n1       2116.00 266096.00     0.00   0.00    0.25   125.75   18.00     80.00     2.00  10.00    7.39     4.44    0.00      0.00     0.00   0.00    0.00     0.00    0.00    0.00    0.66  20.50


10/05/2026 09:58:33 PM
Device            r/s     rkB/s   rrqm/s  %rrqm r_await rareq-sz     w/s     wkB/s   wrqm/s  %wrqm w_await wareq-sz     d/s     dkB/s   drqm/s  %drqm d_await dareq-sz     f/s f_await  aqu-sz  %util
nvme0n1       2641.00 330696.00     0.00   0.00    0.24   125.22   44.00    180.00     1.00   2.22    0.09     4.09    0.00      0.00     0.00   0.00    0.00     0.00    0.00    0.00    0.63  24.40


10/05/2026 09:58:34 PM
Device            r/s     rkB/s   rrqm/s  %rrqm r_await rareq-sz     w/s     wkB/s   wrqm/s  %wrqm w_await wareq-sz     d/s     dkB/s   drqm/s  %drqm d_await dareq-sz     f/s f_await  aqu-sz  %util
nvme0n1       2063.00 255864.00     0.00   0.00    0.25   124.03    0.00      0.00     3.00 100.00    0.00     0.00    0.00      0.00     0.00   0.00    0.00     0.00    0.00    0.00    0.51  19.60


10/05/2026 09:58:35 PM
Device            r/s     rkB/s   rrqm/s  %rrqm r_await rareq-sz     w/s     wkB/s   wrqm/s  %wrqm w_await wareq-sz     d/s     dkB/s   drqm/s  %drqm d_await dareq-sz     f/s f_await  aqu-sz  %util
nvme0n1       5155.00  24888.00     0.00   0.00    0.15     4.83    4.00     24.00     0.00   0.00    0.75     6.00    0.00      0.00     0.00   0.00    0.00     0.00    1.00    2.00    0.76  73.60


10/05/2026 09:58:36 PM
Device            r/s     rkB/s   rrqm/s  %rrqm r_await rareq-sz     w/s     wkB/s   wrqm/s  %wrqm w_await wareq-sz     d/s     dkB/s   drqm/s  %drqm d_await dareq-sz     f/s f_await  aqu-sz  %util
nvme0n1       2609.00 274532.00     1.00   0.04    0.23   105.22    0.00      0.00     0.00   0.00    0.00     0.00    0.00      0.00     0.00   0.00    0.00     0.00    0.00    0.00    0.61  26.50


10/05/2026 09:58:37 PM
Device            r/s     rkB/s   rrqm/s  %rrqm r_await rareq-sz     w/s     wkB/s   wrqm/s  %wrqm w_await wareq-sz     d/s     dkB/s   drqm/s  %drqm d_await dareq-sz     f/s f_await  aqu-sz  %util
nvme0n1       2433.00 306068.00     0.00   0.00    0.25   125.80    9.00    124.00    22.00  70.97    9.44    13.78    0.00      0.00     0.00   0.00    0.00     0.00    0.00    0.00    0.68  23.90


10/05/2026 09:58:38 PM
Device            r/s     rkB/s   rrqm/s  %rrqm r_await rareq-sz     w/s     wkB/s   wrqm/s  %wrqm w_await wareq-sz     d/s     dkB/s   drqm/s  %drqm d_await dareq-sz     f/s f_await  aqu-sz  %util
nvme0n1       2099.00 261716.00     0.00   0.00    0.24   124.69    3.00     12.00     0.00   0.00    0.00     4.00    0.00      0.00     0.00   0.00    0.00     0.00    0.00    0.00    0.51  21.30


10/05/2026 09:58:39 PM
Device            r/s     rkB/s   rrqm/s  %rrqm r_await rareq-sz     w/s     wkB/s   wrqm/s  %wrqm w_await wareq-sz     d/s     dkB/s   drqm/s  %drqm d_await dareq-sz     f/s f_await  aqu-sz  %util
nvme0n1       1794.00 223236.00     2.00   0.11    0.26   124.43    1.00     28.00     6.00  85.71    0.00    28.00    0.00      0.00     0.00   0.00    0.00     0.00    0.00    0.00    0.47  19.30


10/05/2026 09:58:40 PM
Device            r/s     rkB/s   rrqm/s  %rrqm r_await rareq-sz     w/s     wkB/s   wrqm/s  %wrqm w_await wareq-sz     d/s     dkB/s   drqm/s  %drqm d_await dareq-sz     f/s f_await  aqu-sz  %util
nvme0n1       3002.00 259568.00  1857.00  38.22    0.17    86.47    6.00     20.00     0.00   0.00    0.50     3.33    0.00      0.00     0.00   0.00    0.00     0.00    1.00    0.00    0.53  24.30


10/05/2026 09:58:41 PM
Device            r/s     rkB/s   rrqm/s  %rrqm r_await rareq-sz     w/s     wkB/s   wrqm/s  %wrqm w_await wareq-sz     d/s     dkB/s   drqm/s  %drqm d_await dareq-sz     f/s f_await  aqu-sz  %util
nvme0n1       2263.00 281684.00     0.00   0.00    0.23   124.47    2.00     12.00     1.00  33.33    0.00     6.00    0.00      0.00     0.00   0.00    0.00     0.00    0.00    0.00    0.52  22.20


10/05/2026 09:58:42 PM
Device            r/s     rkB/s   rrqm/s  %rrqm r_await rareq-sz     w/s     wkB/s   wrqm/s  %wrqm w_await wareq-sz     d/s     dkB/s   drqm/s  %drqm d_await dareq-sz     f/s f_await  aqu-sz  %util
nvme0n1       6569.00  33800.00     0.00   0.00    0.14     5.15    0.00      0.00     0.00   0.00    0.00     0.00    0.00      0.00     0.00   0.00    0.00     0.00    0.00    0.00    0.95  94.70


10/05/2026 09:58:43 PM
Device            r/s     rkB/s   rrqm/s  %rrqm r_await rareq-sz     w/s     wkB/s   wrqm/s  %wrqm w_await wareq-sz     d/s     dkB/s   drqm/s  %drqm d_await dareq-sz     f/s f_await  aqu-sz  %util
nvme0n1       1879.00 181760.00     0.00   0.00    0.22    96.73   33.00    132.00     0.00   0.00   24.39     4.00    0.00      0.00     0.00   0.00    0.00     0.00    0.00    0.00    1.22  23.10


10/05/2026 09:58:44 PM
Device            r/s     rkB/s   rrqm/s  %rrqm r_await rareq-sz     w/s     wkB/s   wrqm/s  %wrqm w_await wareq-sz     d/s     dkB/s   drqm/s  %drqm d_await dareq-sz     f/s f_await  aqu-sz  %util
nvme0n1       1491.00 175156.00     0.00   0.00    0.25   117.48    2.00      8.00    14.00  87.50    0.00     4.00    0.00      0.00     0.00   0.00    0.00     0.00    0.00    0.00    0.37  15.40


10/05/2026 09:58:45 PM
Device            r/s     rkB/s   rrqm/s  %rrqm r_await rareq-sz     w/s     wkB/s   wrqm/s  %wrqm w_await wareq-sz     d/s     dkB/s   drqm/s  %drqm d_await dareq-sz     f/s f_await  aqu-sz  %util
nvme0n1       1789.00 223256.00     0.00   0.00    0.30   124.79  880.00  11940.00  2058.00  70.05   20.17    13.57    0.00      0.00     0.00   0.00    0.00     0.00    1.00    2.00   18.30  22.00


10/05/2026 09:58:46 PM
Device            r/s     rkB/s   rrqm/s  %rrqm r_await rareq-sz     w/s     wkB/s   wrqm/s  %wrqm w_await wareq-sz     d/s     dkB/s   drqm/s  %drqm d_await dareq-sz     f/s f_await  aqu-sz  %util
nvme0n1       1052.00 130840.00     0.00   0.00    0.28   124.37    1.00      8.00     1.00  50.00   23.00     8.00    0.00      0.00     0.00   0.00    0.00     0.00    0.00    0.00    0.31  13.10


10/05/2026 09:58:47 PM
Device            r/s     rkB/s   rrqm/s  %rrqm r_await rareq-sz     w/s     wkB/s   wrqm/s  %wrqm w_await wareq-sz     d/s     dkB/s   drqm/s  %drqm d_await dareq-sz     f/s f_await  aqu-sz  %util
nvme0n1       1226.00 149468.00     0.00   0.00    0.28   121.92    1.00      8.00     1.00  50.00    1.00     8.00    0.00      0.00     0.00   0.00    0.00     0.00    0.00    0.00    0.34  16.80


10/05/2026 09:58:48 PM
Device            r/s     rkB/s   rrqm/s  %rrqm r_await rareq-sz     w/s     wkB/s   wrqm/s  %wrqm w_await wareq-sz     d/s     dkB/s   drqm/s  %drqm d_await dareq-sz     f/s f_await  aqu-sz  %util
nvme0n1       2441.00 130180.00     4.00   0.16    0.19    53.33    1.00     20.00     4.00  80.00   23.00    20.00    0.00      0.00     0.00   0.00    0.00     0.00    0.00    0.00    0.50  31.30


10/05/2026 09:58:49 PM
Device            r/s     rkB/s   rrqm/s  %rrqm r_await rareq-sz     w/s     wkB/s   wrqm/s  %wrqm w_await wareq-sz     d/s     dkB/s   drqm/s  %drqm d_await dareq-sz     f/s f_await  aqu-sz  %util
nvme0n1       3165.00  50812.00     0.00   0.00    0.16    16.05    0.00      0.00    10.00 100.00    0.00     0.00    0.00      0.00     0.00   0.00    0.00     0.00    0.00    0.00    0.51  44.40


10/05/2026 09:58:50 PM
Device            r/s     rkB/s   rrqm/s  %rrqm r_await rareq-sz     w/s     wkB/s   wrqm/s  %wrqm w_await wareq-sz     d/s     dkB/s   drqm/s  %drqm d_await dareq-sz     f/s f_await  aqu-sz  %util
nvme0n1        893.00 111268.00     0.00   0.00    0.44   124.60  439.00  13520.00  2932.00  86.98   22.79    30.80    0.00      0.00     0.00   0.00    0.00     0.00    1.00    1.00   10.40  18.60


10/05/2026 09:58:51 PM
Device            r/s     rkB/s   rrqm/s  %rrqm r_await rareq-sz     w/s     wkB/s   wrqm/s  %wrqm w_await wareq-sz     d/s     dkB/s   drqm/s  %drqm d_await dareq-sz     f/s f_await  aqu-sz  %util
nvme0n1       1769.00 211456.00     0.00   0.00    0.25   119.53    0.00      0.00     0.00   0.00    0.00     0.00    0.00      0.00     0.00   0.00    0.00     0.00    0.00    0.00    0.45  17.00


10/05/2026 09:58:52 PM
Device            r/s     rkB/s   rrqm/s  %rrqm r_await rareq-sz     w/s     wkB/s   wrqm/s  %wrqm w_await wareq-sz     d/s     dkB/s   drqm/s  %drqm d_await dareq-sz     f/s f_await  aqu-sz  %util
nvme0n1       1198.00 131960.00     0.00   0.00    0.25   110.15    0.00      0.00     0.00   0.00    0.00     0.00    0.00      0.00     0.00   0.00    0.00     0.00    0.00    0.00    0.30  14.80


10/05/2026 09:58:53 PM
Device            r/s     rkB/s   rrqm/s  %rrqm r_await rareq-sz     w/s     wkB/s   wrqm/s  %wrqm w_await wareq-sz     d/s     dkB/s   drqm/s  %drqm d_await dareq-sz     f/s f_await  aqu-sz  %util
nvme0n1       1230.00 123504.00    73.00   5.60    0.26   100.41    1.00      4.00     0.00   0.00    0.00     4.00    0.00      0.00     0.00   0.00    0.00     0.00    0.00    0.00    0.32  15.50


10/05/2026 09:58:54 PM
Device            r/s     rkB/s   rrqm/s  %rrqm r_await rareq-sz     w/s     wkB/s   wrqm/s  %wrqm w_await wareq-sz     d/s     dkB/s   drqm/s  %drqm d_await dareq-sz     f/s f_await  aqu-sz  %util
nvme0n1       6247.00  31544.00     1.00   0.02    0.15     5.05    0.00      0.00    10.00 100.00    0.00     0.00    0.00      0.00     0.00   0.00    0.00     0.00    0.00    0.00    0.91  90.40


10/05/2026 09:58:55 PM
Device            r/s     rkB/s   rrqm/s  %rrqm r_await rareq-sz     w/s     wkB/s   wrqm/s  %wrqm w_await wareq-sz     d/s     dkB/s   drqm/s  %drqm d_await dareq-sz     f/s f_await  aqu-sz  %util
nvme0n1       2364.00 156248.00     0.00   0.00    0.22    66.09    3.00     48.00     0.00   0.00    5.33    16.00    0.00      0.00     0.00   0.00    0.00     0.00    1.00    1.00    0.53  32.10


10/05/2026 09:58:56 PM
Device            r/s     rkB/s   rrqm/s  %rrqm r_await rareq-sz     w/s     wkB/s   wrqm/s  %wrqm w_await wareq-sz     d/s     dkB/s   drqm/s  %drqm d_await dareq-sz     f/s f_await  aqu-sz  %util
nvme0n1       1598.00 198980.00     0.00   0.00    0.27   124.52    4.00     16.00     0.00   0.00    0.00     4.00    0.00      0.00     0.00   0.00    0.00     0.00    0.00    0.00    0.42  18.60


10/05/2026 09:58:57 PM
Device            r/s     rkB/s   rrqm/s  %rrqm r_await rareq-sz     w/s     wkB/s   wrqm/s  %wrqm w_await wareq-sz     d/s     dkB/s   drqm/s  %drqm d_await dareq-sz     f/s f_await  aqu-sz  %util
nvme0n1       1848.00 210092.00     4.00   0.22    0.24   113.69   31.00    132.00     1.00   3.12    0.03     4.26    0.00      0.00     0.00   0.00    0.00     0.00    0.00    0.00    0.45  18.80


10/05/2026 09:58:58 PM
Device            r/s     rkB/s   rrqm/s  %rrqm r_await rareq-sz     w/s     wkB/s   wrqm/s  %wrqm w_await wareq-sz     d/s     dkB/s   drqm/s  %drqm d_await dareq-sz     f/s f_await  aqu-sz  %util
nvme0n1       1370.00 166828.00     0.00   0.00    0.26   121.77    0.00      0.00     0.00   0.00    0.00     0.00    0.00      0.00     0.00   0.00    0.00     0.00    0.00    0.00    0.36  16.30


10/05/2026 09:58:59 PM
Device            r/s     rkB/s   rrqm/s  %rrqm r_await rareq-sz     w/s     wkB/s   wrqm/s  %wrqm w_await wareq-sz     d/s     dkB/s   drqm/s  %drqm d_await dareq-sz     f/s f_await  aqu-sz  %util
nvme0n1       1152.00 129304.00     0.00   0.00    0.27   112.24    4.00     20.00    13.00  76.47   28.25     5.00    0.00      0.00     0.00   0.00    0.00     0.00    0.00    0.00    0.42  18.10


10/05/2026 09:59:00 PM
Device            r/s     rkB/s   rrqm/s  %rrqm r_await rareq-sz     w/s     wkB/s   wrqm/s  %wrqm w_await wareq-sz     d/s     dkB/s   drqm/s  %drqm d_await dareq-sz     f/s f_await  aqu-sz  %util
nvme0n1       1978.00 135632.00   459.00  18.83    0.22    68.57   16.00    108.00     0.00   0.00    0.19     6.75    0.00      0.00     0.00   0.00    0.00     0.00    1.00    2.00    0.43  15.80


10/05/2026 09:59:01 PM
Device            r/s     rkB/s   rrqm/s  %rrqm r_await rareq-sz     w/s     wkB/s   wrqm/s  %wrqm w_await wareq-sz     d/s     dkB/s   drqm/s  %drqm d_await dareq-sz     f/s f_await  aqu-sz  %util
nvme0n1       1978.00  38700.00  2606.00  56.85    0.10    19.57    0.00      0.00     0.00   0.00    0.00     0.00    0.00      0.00     0.00   0.00    0.00     0.00    0.00    0.00    0.20  11.10


10/05/2026 09:59:02 PM
Device            r/s     rkB/s   rrqm/s  %rrqm r_await rareq-sz     w/s     wkB/s   wrqm/s  %wrqm w_await wareq-sz     d/s     dkB/s   drqm/s  %drqm d_await dareq-sz     f/s f_await  aqu-sz  %util
nvme0n1        550.00  16392.00    18.00   3.17    0.22    29.80    3.00     16.00     1.00  25.00    0.00     5.33    0.00      0.00     0.00   0.00    0.00     0.00    0.00    0.00    0.12   5.50


10/05/2026 09:59:03 PM
Device            r/s     rkB/s   rrqm/s  %rrqm r_await rareq-sz     w/s     wkB/s   wrqm/s  %wrqm w_await wareq-sz     d/s     dkB/s   drqm/s  %drqm d_await dareq-sz     f/s f_await  aqu-sz  %util
nvme0n1        474.00  12824.00     7.00   1.46    0.23    27.05    0.00      0.00     0.00   0.00    0.00     0.00    0.00      0.00     0.00   0.00    0.00     0.00    0.00    0.00    0.11   4.80


10/05/2026 09:59:04 PM
Device            r/s     rkB/s   rrqm/s  %rrqm r_await rareq-sz     w/s     wkB/s   wrqm/s  %wrqm w_await wareq-sz     d/s     dkB/s   drqm/s  %drqm d_await dareq-sz     f/s f_await  aqu-sz  %util
nvme0n1        481.00  17408.00     5.00   1.03    0.26    36.19    1.00     28.00     6.00  85.71    0.00    28.00    0.00      0.00     0.00   0.00    0.00     0.00    0.00    0.00    0.13   4.40


10/05/2026 09:59:05 PM
Device            r/s     rkB/s   rrqm/s  %rrqm r_await rareq-sz     w/s     wkB/s   wrqm/s  %wrqm w_await wareq-sz     d/s     dkB/s   drqm/s  %drqm d_await dareq-sz     f/s f_await  aqu-sz  %util
nvme0n1        699.00  27948.00     4.00   0.57    0.27    39.98    3.00     12.00     1.00  25.00    1.33     4.00    0.00      0.00     0.00   0.00    0.00     0.00    1.00    1.00    0.19   5.70


10/05/2026 09:59:06 PM
Device            r/s     rkB/s   rrqm/s  %rrqm r_await rareq-sz     w/s     wkB/s   wrqm/s  %wrqm w_await wareq-sz     d/s     dkB/s   drqm/s  %drqm d_await dareq-sz     f/s f_await  aqu-sz  %util
nvme0n1        321.00   7908.00     8.00   2.43    0.22    24.64    0.00      0.00     0.00   0.00    0.00     0.00    0.00      0.00     0.00   0.00    0.00     0.00    0.00    0.00    0.07   4.80


10/05/2026 09:59:07 PM
Device            r/s     rkB/s   rrqm/s  %rrqm r_await rareq-sz     w/s     wkB/s   wrqm/s  %wrqm w_await wareq-sz     d/s     dkB/s   drqm/s  %drqm d_await dareq-sz     f/s f_await  aqu-sz  %util
nvme0n1        561.00  17304.00     8.00   1.41    0.24    30.84    0.00      0.00     0.00   0.00    0.00     0.00    0.00      0.00     0.00   0.00    0.00     0.00    0.00    0.00    0.13   5.60


10/05/2026 09:59:08 PM
Device            r/s     rkB/s   rrqm/s  %rrqm r_await rareq-sz     w/s     wkB/s   wrqm/s  %wrqm w_await wareq-sz     d/s     dkB/s   drqm/s  %drqm d_await dareq-sz     f/s f_await  aqu-sz  %util
nvme0n1        504.00  17164.00     4.00   0.79    0.22    34.06    3.00     12.00     0.00   0.00    0.00     4.00    0.00      0.00     0.00   0.00    0.00     0.00    0.00    0.00    0.11   4.80


10/05/2026 09:59:09 PM
Device            r/s     rkB/s   rrqm/s  %rrqm r_await rareq-sz     w/s     wkB/s   wrqm/s  %wrqm w_await wareq-sz     d/s     dkB/s   drqm/s  %drqm d_await dareq-sz     f/s f_await  aqu-sz  %util
nvme0n1       1041.00  48752.00     0.00   0.00    0.23    46.83    1.00     36.00     8.00  88.89    0.00    36.00    0.00      0.00     0.00   0.00    0.00     0.00    0.00    0.00    0.24   5.60


10/05/2026 09:59:10 PM
Device            r/s     rkB/s   rrqm/s  %rrqm r_await rareq-sz     w/s     wkB/s   wrqm/s  %wrqm w_await wareq-sz     d/s     dkB/s   drqm/s  %drqm d_await dareq-sz     f/s f_await  aqu-sz  %util
nvme0n1       1376.00  49188.00     8.00   0.58    0.21    35.75    9.00     36.00     1.00  10.00    0.78     4.00    0.00      0.00     0.00   0.00    0.00     0.00    1.00    1.00    0.30   9.20


10/05/2026 09:59:11 PM
Device            r/s     rkB/s   rrqm/s  %rrqm r_await rareq-sz     w/s     wkB/s   wrqm/s  %wrqm w_await wareq-sz     d/s     dkB/s   drqm/s  %drqm d_await dareq-sz     f/s f_await  aqu-sz  %util
nvme0n1       4243.00  35572.00   370.00   8.02    0.08     8.38    1.00      4.00     0.00   0.00    0.00     4.00    0.00      0.00     0.00   0.00    0.00     0.00    0.00    0.00    0.36  25.80


10/05/2026 09:59:12 PM
Device            r/s     rkB/s   rrqm/s  %rrqm r_await rareq-sz     w/s     wkB/s   wrqm/s  %wrqm w_await wareq-sz     d/s     dkB/s   drqm/s  %drqm d_await dareq-sz     f/s f_await  aqu-sz  %util
nvme0n1       5754.00  25296.00    26.00   0.45    0.15     4.40    0.00      0.00     0.00   0.00    0.00     0.00    0.00      0.00     0.00   0.00    0.00     0.00    0.00    0.00    0.86  83.00


10/05/2026 09:59:13 PM
Device            r/s     rkB/s   rrqm/s  %rrqm r_await rareq-sz     w/s     wkB/s   wrqm/s  %wrqm w_await wareq-sz     d/s     dkB/s   drqm/s  %drqm d_await dareq-sz     f/s f_await  aqu-sz  %util
nvme0n1       1341.00  32932.00     1.00   0.07    0.19    24.56    0.00      0.00     0.00   0.00    0.00     0.00    0.00      0.00     0.00   0.00    0.00     0.00    0.00    0.00    0.26  21.40


10/05/2026 09:59:14 PM
Device            r/s     rkB/s   rrqm/s  %rrqm r_await rareq-sz     w/s     wkB/s   wrqm/s  %wrqm w_await wareq-sz     d/s     dkB/s   drqm/s  %drqm d_await dareq-sz     f/s f_await  aqu-sz  %util
nvme0n1       1344.00 164456.00     0.00   0.00    0.29   122.36    5.00     24.00    12.00  70.59    0.80     4.80    0.00      0.00     0.00   0.00    0.00     0.00    0.00    0.00    0.39  15.60


10/05/2026 09:59:15 PM
Device            r/s     rkB/s   rrqm/s  %rrqm r_await rareq-sz     w/s     wkB/s   wrqm/s  %wrqm w_await wareq-sz     d/s     dkB/s   drqm/s  %drqm d_await dareq-sz     f/s f_await  aqu-sz  %util
nvme0n1       2245.00 279704.00     0.00   0.00    0.24   124.59    3.00     52.00     0.00   0.00    1.00    17.33    0.00      0.00     0.00   0.00    0.00     0.00    1.00    2.00    0.55  23.80


10/05/2026 09:59:16 PM
Device            r/s     rkB/s   rrqm/s  %rrqm r_await rareq-sz     w/s     wkB/s   wrqm/s  %wrqm w_await wareq-sz     d/s     dkB/s   drqm/s  %drqm d_await dareq-sz     f/s f_await  aqu-sz  %util
nvme0n1       2098.00 254772.00     0.00   0.00    0.20   121.44  485.00   2136.00    13.00   2.61    1.15     4.40    0.00      0.00     0.00   0.00    0.00     0.00    0.00    0.00    0.98  18.50


10/05/2026 09:59:17 PM
Device            r/s     rkB/s   rrqm/s  %rrqm r_await rareq-sz     w/s     wkB/s   wrqm/s  %wrqm w_await wareq-sz     d/s     dkB/s   drqm/s  %drqm d_await dareq-sz     f/s f_await  aqu-sz  %util
nvme0n1       2326.00 247160.00     0.00   0.00    0.23   106.26   12.00     48.00     0.00   0.00    0.08     4.00    0.00      0.00     0.00   0.00    0.00     0.00    0.00    0.00    0.54  21.90


10/05/2026 09:59:18 PM
Device            r/s     rkB/s   rrqm/s  %rrqm r_await rareq-sz     w/s     wkB/s   wrqm/s  %wrqm w_await wareq-sz     d/s     dkB/s   drqm/s  %drqm d_await dareq-sz     f/s f_await  aqu-sz  %util
nvme0n1       2837.00 207020.00     0.00   0.00    0.21    72.97  198.00    860.00    17.00   7.91    0.50     4.34    0.00      0.00     0.00   0.00    0.00     0.00    0.00    0.00    0.69  33.10


10/05/2026 09:59:19 PM
Device            r/s     rkB/s   rrqm/s  %rrqm r_await rareq-sz     w/s     wkB/s   wrqm/s  %wrqm w_await wareq-sz     d/s     dkB/s   drqm/s  %drqm d_await dareq-sz     f/s f_await  aqu-sz  %util
nvme0n1       5140.00  21924.00     0.00   0.00    0.15     4.27    0.00      0.00    11.00 100.00    0.00     0.00    0.00      0.00     0.00   0.00    0.00     0.00    0.00    0.00    0.75  72.00


10/05/2026 09:59:20 PM
Device            r/s     rkB/s   rrqm/s  %rrqm r_await rareq-sz     w/s     wkB/s   wrqm/s  %wrqm w_await wareq-sz     d/s     dkB/s   drqm/s  %drqm d_await dareq-sz     f/s f_await  aqu-sz  %util
nvme0n1       1904.00 224984.00     1.00   0.05    0.28   118.16  373.00   5936.00  1101.00  74.69    5.05    15.91    0.00      0.00     0.00   0.00    0.00     0.00    1.00    2.00    2.42  22.90


10/05/2026 09:59:21 PM
Device            r/s     rkB/s   rrqm/s  %rrqm r_await rareq-sz     w/s     wkB/s   wrqm/s  %wrqm w_await wareq-sz     d/s     dkB/s   drqm/s  %drqm d_await dareq-sz     f/s f_await  aqu-sz  %util
nvme0n1       1826.00 224548.00     0.00   0.00    0.26   122.97    2.00      8.00     0.00   0.00    0.00     4.00    0.00      0.00     0.00   0.00    0.00     0.00    0.00    0.00    0.48  19.80


10/05/2026 09:59:22 PM
Device            r/s     rkB/s   rrqm/s  %rrqm r_await rareq-sz     w/s     wkB/s   wrqm/s  %wrqm w_await wareq-sz     d/s     dkB/s   drqm/s  %drqm d_await dareq-sz     f/s f_await  aqu-sz  %util
nvme0n1       4473.00 291564.00    34.00   0.75    0.15    65.18    1.00      4.00     0.00   0.00    0.00     4.00    0.00      0.00     0.00   0.00    0.00     0.00    0.00    0.00    0.67  27.40


10/05/2026 09:59:23 PM
Device            r/s     rkB/s   rrqm/s  %rrqm r_await rareq-sz     w/s     wkB/s   wrqm/s  %wrqm w_await wareq-sz     d/s     dkB/s   drqm/s  %drqm d_await dareq-sz     f/s f_await  aqu-sz  %util
nvme0n1       1876.00 216844.00     0.00   0.00    0.25   115.59    0.00      0.00     0.00   0.00    0.00     0.00    0.00      0.00     0.00   0.00    0.00     0.00    0.00    0.00    0.47  20.70


10/05/2026 09:59:24 PM
Device            r/s     rkB/s   rrqm/s  %rrqm r_await rareq-sz     w/s     wkB/s   wrqm/s  %wrqm w_await wareq-sz     d/s     dkB/s   drqm/s  %drqm d_await dareq-sz     f/s f_await  aqu-sz  %util
nvme0n1       1612.00 187920.00     0.00   0.00    0.27   116.58    0.00      0.00     6.00 100.00    0.00     0.00    0.00      0.00     0.00   0.00    0.00     0.00    0.00    0.00    0.43  18.90


10/05/2026 09:59:25 PM
Device            r/s     rkB/s   rrqm/s  %rrqm r_await rareq-sz     w/s     wkB/s   wrqm/s  %wrqm w_await wareq-sz     d/s     dkB/s   drqm/s  %drqm d_await dareq-sz     f/s f_await  aqu-sz  %util
nvme0n1       2125.00 246924.00     1.00   0.05    0.24   116.20   14.00     80.00     1.00   6.67    0.36     5.71    0.00      0.00     0.00   0.00    0.00     0.00    1.00    2.00    0.52  20.70


10/05/2026 09:59:26 PM
Device            r/s     rkB/s   rrqm/s  %rrqm r_await rareq-sz     w/s     wkB/s   wrqm/s  %wrqm w_await wareq-sz     d/s     dkB/s   drqm/s  %drqm d_await dareq-sz     f/s f_await  aqu-sz  %util
nvme0n1       5128.00  72796.00     0.00   0.00    0.16    14.20    0.00      0.00     0.00   0.00    0.00     0.00    0.00      0.00     0.00   0.00    0.00     0.00    0.00    0.00    0.81  71.60


10/05/2026 09:59:27 PM
Device            r/s     rkB/s   rrqm/s  %rrqm r_await rareq-sz     w/s     wkB/s   wrqm/s  %wrqm w_await wareq-sz     d/s     dkB/s   drqm/s  %drqm d_await dareq-sz     f/s f_await  aqu-sz  %util
nvme0n1       2796.00  98700.00     0.00   0.00    0.19    35.30   36.00    152.00     0.00   0.00    0.14     4.22    0.00      0.00     0.00   0.00    0.00     0.00    0.00    0.00    0.53  40.00


10/05/2026 09:59:28 PM
Device            r/s     rkB/s   rrqm/s  %rrqm r_await rareq-sz     w/s     wkB/s   wrqm/s  %wrqm w_await wareq-sz     d/s     dkB/s   drqm/s  %drqm d_await dareq-sz     f/s f_await  aqu-sz  %util
nvme0n1        700.00  84504.00     0.00   0.00    0.34   120.72    1.00      8.00     1.00  50.00    0.00     8.00    0.00      0.00     0.00   0.00    0.00     0.00    0.00    0.00    0.24  11.60


10/05/2026 09:59:29 PM
Device            r/s     rkB/s   rrqm/s  %rrqm r_await rareq-sz     w/s     wkB/s   wrqm/s  %wrqm w_await wareq-sz     d/s     dkB/s   drqm/s  %drqm d_await dareq-sz     f/s f_await  aqu-sz  %util
nvme0n1       1409.00 162780.00     0.00   0.00    0.29   115.53    0.00      0.00     8.00 100.00    0.00     0.00    0.00      0.00     0.00   0.00    0.00     0.00    0.00    0.00    0.40  16.40


10/05/2026 09:59:30 PM
Device            r/s     rkB/s   rrqm/s  %rrqm r_await rareq-sz     w/s     wkB/s   wrqm/s  %wrqm w_await wareq-sz     d/s     dkB/s   drqm/s  %drqm d_await dareq-sz     f/s f_await  aqu-sz  %util
nvme0n1       1851.00 222808.00     0.00   0.00    0.25   120.37    3.00     40.00     0.00   0.00    0.33    13.33    0.00      0.00     0.00   0.00    0.00     0.00    1.00    1.00    0.47  18.50


10/05/2026 09:59:31 PM
Device            r/s     rkB/s   rrqm/s  %rrqm r_await rareq-sz     w/s     wkB/s   wrqm/s  %wrqm w_await wareq-sz     d/s     dkB/s   drqm/s  %drqm d_await dareq-sz     f/s f_await  aqu-sz  %util
nvme0n1       2111.00 250248.00     0.00   0.00    0.24   118.54    0.00      0.00     0.00   0.00    0.00     0.00    0.00      0.00     0.00   0.00    0.00     0.00    0.00    0.00    0.52  18.80


10/05/2026 09:59:32 PM
Device            r/s     rkB/s   rrqm/s  %rrqm r_await rareq-sz     w/s     wkB/s   wrqm/s  %wrqm w_await wareq-sz     d/s     dkB/s   drqm/s  %drqm d_await dareq-sz     f/s f_await  aqu-sz  %util
nvme0n1       4332.00 118964.00     0.00   0.00    0.17    27.46    0.00      0.00     0.00   0.00    0.00     0.00    0.00      0.00     0.00   0.00    0.00     0.00    0.00    0.00    0.73  59.40


10/05/2026 09:59:33 PM
Device            r/s     rkB/s   rrqm/s  %rrqm r_await rareq-sz     w/s     wkB/s   wrqm/s  %wrqm w_await wareq-sz     d/s     dkB/s   drqm/s  %drqm d_await dareq-sz     f/s f_await  aqu-sz  %util
nvme0n1       1424.00 129344.00     0.00   0.00    0.25    90.83    2.00      8.00     0.00   0.00    0.00     4.00    0.00      0.00     0.00   0.00    0.00     0.00    0.00    0.00    0.35  17.30


10/05/2026 09:59:34 PM
Device            r/s     rkB/s   rrqm/s  %rrqm r_await rareq-sz     w/s     wkB/s   wrqm/s  %wrqm w_await wareq-sz     d/s     dkB/s   drqm/s  %drqm d_await dareq-sz     f/s f_await  aqu-sz  %util
nvme0n1       1388.00 161364.00     1.00   0.07    0.26   116.26    1.00      8.00     6.00  85.71    0.00     8.00    0.00      0.00     0.00   0.00    0.00     0.00    0.00    0.00    0.37  14.80


10/05/2026 09:59:35 PM
Device            r/s     rkB/s   rrqm/s  %rrqm r_await rareq-sz     w/s     wkB/s   wrqm/s  %wrqm w_await wareq-sz     d/s     dkB/s   drqm/s  %drqm d_await dareq-sz     f/s f_await  aqu-sz  %util
nvme0n1       1332.00 159572.00     0.00   0.00    0.27   119.80    9.00     56.00     1.00  10.00    0.22     6.22    0.00      0.00     0.00   0.00    0.00     0.00    1.00    1.00    0.37  15.60


10/05/2026 09:59:36 PM
Device            r/s     rkB/s   rrqm/s  %rrqm r_await rareq-sz     w/s     wkB/s   wrqm/s  %wrqm w_await wareq-sz     d/s     dkB/s   drqm/s  %drqm d_await dareq-sz     f/s f_await  aqu-sz  %util
nvme0n1       1614.00 199240.00     0.00   0.00    0.25   123.44    0.00      0.00     0.00   0.00    0.00     0.00    0.00      0.00     0.00   0.00    0.00     0.00    0.00    0.00    0.41  17.00


10/05/2026 09:59:37 PM
Device            r/s     rkB/s   rrqm/s  %rrqm r_await rareq-sz     w/s     wkB/s   wrqm/s  %wrqm w_await wareq-sz     d/s     dkB/s   drqm/s  %drqm d_await dareq-sz     f/s f_await  aqu-sz  %util
nvme0n1       4217.00  94032.00     0.00   0.00    0.16    22.30    3.00     12.00     0.00   0.00   28.00     4.00    0.00      0.00     0.00   0.00    0.00     0.00    0.00    0.00    0.77  58.00


10/05/2026 09:59:38 PM
Device            r/s     rkB/s   rrqm/s  %rrqm r_await rareq-sz     w/s     wkB/s   wrqm/s  %wrqm w_await wareq-sz     d/s     dkB/s   drqm/s  %drqm d_await dareq-sz     f/s f_await  aqu-sz  %util
nvme0n1       3785.00  80904.00     0.00   0.00    0.17    21.37    0.00      0.00     0.00   0.00    0.00     0.00    0.00      0.00     0.00   0.00    0.00     0.00    0.00    0.00    0.63  53.60


10/05/2026 09:59:39 PM
Device            r/s     rkB/s   rrqm/s  %rrqm r_await rareq-sz     w/s     wkB/s   wrqm/s  %wrqm w_await wareq-sz     d/s     dkB/s   drqm/s  %drqm d_await dareq-sz     f/s f_await  aqu-sz  %util
nvme0n1       2911.00 317736.00     0.00   0.00    0.23   109.15   10.00     44.00     7.00  41.18   21.50     4.40    0.00      0.00     0.00   0.00    0.00     0.00    0.00    0.00    0.90  27.90


10/05/2026 09:59:40 PM
Device            r/s     rkB/s   rrqm/s  %rrqm r_await rareq-sz     w/s     wkB/s   wrqm/s  %wrqm w_await wareq-sz     d/s     dkB/s   drqm/s  %drqm d_await dareq-sz     f/s f_await  aqu-sz  %util
nvme0n1       2647.00 273988.00     0.00   0.00    0.23   103.51   72.00    312.00     1.00   1.37    0.14     4.33    0.00      0.00     0.00   0.00    0.00     0.00    1.00    1.00    0.61  23.90


10/05/2026 09:59:41 PM
Device            r/s     rkB/s   rrqm/s  %rrqm r_await rareq-sz     w/s     wkB/s   wrqm/s  %wrqm w_await wareq-sz     d/s     dkB/s   drqm/s  %drqm d_await dareq-sz     f/s f_await  aqu-sz  %util
nvme0n1       2786.00 249720.00    32.00   1.14    0.17    89.63   37.00   1576.00   595.00  94.15    0.16    42.59    0.00      0.00     0.00   0.00    0.00     0.00    0.00    0.00    0.48  21.70


10/05/2026 09:59:42 PM
Device            r/s     rkB/s   rrqm/s  %rrqm r_await rareq-sz     w/s     wkB/s   wrqm/s  %wrqm w_await wareq-sz     d/s     dkB/s   drqm/s  %drqm d_await dareq-sz     f/s f_await  aqu-sz  %util
nvme0n1       1296.00 149004.00    10.00   0.77    0.68   114.97  686.00  21872.00  4544.00  86.88  117.95    31.88    0.00      0.00     0.00   0.00    0.00     0.00    0.00    0.00   81.79  26.30


10/05/2026 09:59:43 PM
Device            r/s     rkB/s   rrqm/s  %rrqm r_await rareq-sz     w/s     wkB/s   wrqm/s  %wrqm w_await wareq-sz     d/s     dkB/s   drqm/s  %drqm d_await dareq-sz     f/s f_await  aqu-sz  %util
nvme0n1       2004.00 239548.00     0.00   0.00    0.24   119.53  245.00   1004.00     6.00   2.39    4.33     4.10    0.00      0.00     0.00   0.00    0.00     0.00    0.00    0.00    1.54  19.00


10/05/2026 09:59:44 PM
Device            r/s     rkB/s   rrqm/s  %rrqm r_await rareq-sz     w/s     wkB/s   wrqm/s  %wrqm w_await wareq-sz     d/s     dkB/s   drqm/s  %drqm d_await dareq-sz     f/s f_await  aqu-sz  %util
nvme0n1       1642.00 118124.00     0.00   0.00    0.57    71.94  908.00  86756.00 20792.00  95.82  192.12    95.55    0.00      0.00     0.00   0.00    0.00     0.00    0.00    0.00  175.39  40.50


10/05/2026 09:59:45 PM
Device            r/s     rkB/s   rrqm/s  %rrqm r_await rareq-sz     w/s     wkB/s   wrqm/s  %wrqm w_await wareq-sz     d/s     dkB/s   drqm/s  %drqm d_await dareq-sz     f/s f_await  aqu-sz  %util
nvme0n1       5938.00 234560.00  3085.00  34.19    0.13    39.50  163.00   2660.00   492.00  75.11    1.03    16.32    0.00      0.00     0.00   0.00    0.00     0.00    1.00    1.00    0.96  24.50


10/05/2026 09:59:46 PM
Device            r/s     rkB/s   rrqm/s  %rrqm r_await rareq-sz     w/s     wkB/s   wrqm/s  %wrqm w_await wareq-sz     d/s     dkB/s   drqm/s  %drqm d_await dareq-sz     f/s f_await  aqu-sz  %util
nvme0n1       1385.00  44976.00  1182.00  46.05    0.16    32.47   91.00    532.00     3.00   3.19    0.76     5.85    0.00      0.00     0.00   0.00    0.00     0.00    0.00    0.00    0.29   8.90


10/05/2026 09:59:47 PM
Device            r/s     rkB/s   rrqm/s  %rrqm r_await rareq-sz     w/s     wkB/s   wrqm/s  %wrqm w_await wareq-sz     d/s     dkB/s   drqm/s  %drqm d_await dareq-sz     f/s f_await  aqu-sz  %util
nvme0n1       1200.00  58608.00    16.00   1.32    0.21    48.84    0.00      0.00     0.00   0.00    0.00     0.00    0.00      0.00     0.00   0.00    0.00     0.00    0.00    0.00    0.25   7.70


10/05/2026 09:59:48 PM
Device            r/s     rkB/s   rrqm/s  %rrqm r_await rareq-sz     w/s     wkB/s   wrqm/s  %wrqm w_await wareq-sz     d/s     dkB/s   drqm/s  %drqm d_await dareq-sz     f/s f_await  aqu-sz  %util
nvme0n1       1045.00  47680.00     7.00   0.67    0.24    45.63    0.00      0.00     0.00   0.00    0.00     0.00    0.00      0.00     0.00   0.00    0.00     0.00    0.00    0.00    0.25   7.60


10/05/2026 09:59:49 PM
Device            r/s     rkB/s   rrqm/s  %rrqm r_await rareq-sz     w/s     wkB/s   wrqm/s  %wrqm w_await wareq-sz     d/s     dkB/s   drqm/s  %drqm d_await dareq-sz     f/s f_await  aqu-sz  %util
nvme0n1        992.00  48456.00     6.00   0.60    0.22    48.85    0.00      0.00     0.00   0.00    0.00     0.00    0.00      0.00     0.00   0.00    0.00     0.00    0.00    0.00    0.21   6.80


10/05/2026 09:59:50 PM
Device            r/s     rkB/s   rrqm/s  %rrqm r_await rareq-sz     w/s     wkB/s   wrqm/s  %wrqm w_await wareq-sz     d/s     dkB/s   drqm/s  %drqm d_await dareq-sz     f/s f_await  aqu-sz  %util
nvme0n1       1695.00  85536.00     8.00   0.47    0.22    50.46    3.00     52.00    11.00  78.57    0.33    17.33    0.00      0.00     0.00   0.00    0.00     0.00    1.00    1.00    0.38   9.20


10/05/2026 09:59:51 PM
Device            r/s     rkB/s   rrqm/s  %rrqm r_await rareq-sz     w/s     wkB/s   wrqm/s  %wrqm w_await wareq-sz     d/s     dkB/s   drqm/s  %drqm d_await dareq-sz     f/s f_await  aqu-sz  %util
nvme0n1        627.00  23424.00     4.00   0.63    0.23    37.36    2.00      8.00     0.00   0.00    1.00     4.00    0.00      0.00     0.00   0.00    0.00     0.00    0.00    0.00    0.15   5.70


10/05/2026 09:59:52 PM
Device            r/s     rkB/s   rrqm/s  %rrqm r_await rareq-sz     w/s     wkB/s   wrqm/s  %wrqm w_await wareq-sz     d/s     dkB/s   drqm/s  %drqm d_await dareq-sz     f/s f_await  aqu-sz  %util
nvme0n1       1330.00  58844.00    15.00   1.12    0.20    44.24    1.00      4.00     0.00   0.00    0.00     4.00    0.00      0.00     0.00   0.00    0.00     0.00    0.00    0.00    0.27   9.90


10/05/2026 09:59:53 PM
Device            r/s     rkB/s   rrqm/s  %rrqm r_await rareq-sz     w/s     wkB/s   wrqm/s  %wrqm w_await wareq-sz     d/s     dkB/s   drqm/s  %drqm d_await dareq-sz     f/s f_await  aqu-sz  %util
nvme0n1        840.00  40412.00     3.00   0.36    0.23    48.11    0.00      0.00     0.00   0.00    0.00     0.00    0.00      0.00     0.00   0.00    0.00     0.00    0.00    0.00    0.19   6.60


10/05/2026 09:59:54 PM
Device            r/s     rkB/s   rrqm/s  %rrqm r_await rareq-sz     w/s     wkB/s   wrqm/s  %wrqm w_await wareq-sz     d/s     dkB/s   drqm/s  %drqm d_await dareq-sz     f/s f_await  aqu-sz  %util
nvme0n1       1918.00  97208.00     0.00   0.00    0.21    50.68    0.00      0.00     0.00   0.00    0.00     0.00    0.00      0.00     0.00   0.00    0.00     0.00    0.00    0.00    0.41  10.20


10/05/2026 09:59:55 PM
Device            r/s     rkB/s   rrqm/s  %rrqm r_await rareq-sz     w/s     wkB/s   wrqm/s  %wrqm w_await wareq-sz     d/s     dkB/s   drqm/s  %drqm d_await dareq-sz     f/s f_await  aqu-sz  %util
nvme0n1       2383.00 120864.00     7.00   0.29    0.20    50.72   15.00     80.00     6.00  28.57    0.93     5.33    0.00      0.00     0.00   0.00    0.00     0.00    1.00    2.00    0.50  12.30


10/05/2026 09:59:56 PM
Device            r/s     rkB/s   rrqm/s  %rrqm r_await rareq-sz     w/s     wkB/s   wrqm/s  %wrqm w_await wareq-sz     d/s     dkB/s   drqm/s  %drqm d_await dareq-sz     f/s f_await  aqu-sz  %util
nvme0n1       1687.00  52020.00   227.00  11.86    0.16    30.84    0.00      0.00     0.00   0.00    0.00     0.00    0.00      0.00     0.00   0.00    0.00     0.00    0.00    0.00    0.27  10.10


10/05/2026 09:59:57 PM
Device            r/s     rkB/s   rrqm/s  %rrqm r_await rareq-sz     w/s     wkB/s   wrqm/s  %wrqm w_await wareq-sz     d/s     dkB/s   drqm/s  %drqm d_await dareq-sz     f/s f_await  aqu-sz  %util
nvme0n1       1225.00  16812.00  1574.00  56.23    0.10    13.72   35.00    148.00     1.00   2.78    2.37     4.23    0.00      0.00     0.00   0.00    0.00     0.00    0.00    0.00    0.20   9.50


10/05/2026 09:59:58 PM
Device            r/s     rkB/s   rrqm/s  %rrqm r_await rareq-sz     w/s     wkB/s   wrqm/s  %wrqm w_await wareq-sz     d/s     dkB/s   drqm/s  %drqm d_await dareq-sz     f/s f_await  aqu-sz  %util
nvme0n1       8899.00 164592.00  9367.00  51.28    0.07    18.50    1.00      8.00     1.00  50.00    0.00     8.00    0.00      0.00     0.00   0.00    0.00     0.00    0.00    0.00    0.64  58.40


10/05/2026 09:59:59 PM
Device            r/s     rkB/s   rrqm/s  %rrqm r_await rareq-sz     w/s     wkB/s   wrqm/s  %wrqm w_await wareq-sz     d/s     dkB/s   drqm/s  %drqm d_await dareq-sz     f/s f_await  aqu-sz  %util
nvme0n1        592.00  73692.00    90.00  13.20    0.20   124.48    0.00      0.00     0.00   0.00    0.00     0.00    0.00      0.00     0.00   0.00    0.00     0.00    0.00    0.00    0.12   4.70


10/05/2026 10:00:00 PM
Device            r/s     rkB/s   rrqm/s  %rrqm r_await rareq-sz     w/s     wkB/s   wrqm/s  %wrqm w_await wareq-sz     d/s     dkB/s   drqm/s  %drqm d_await dareq-sz     f/s f_await  aqu-sz  %util
nvme0n1         43.00    904.00     7.00  14.00    0.44    21.02    3.00     44.00     9.00  75.00    1.00    14.67    0.00      0.00     0.00   0.00    0.00     0.00    1.00    1.00    0.02   0.60


10/05/2026 10:00:01 PM
Device            r/s     rkB/s   rrqm/s  %rrqm r_await rareq-sz     w/s     wkB/s   wrqm/s  %wrqm w_await wareq-sz     d/s     dkB/s   drqm/s  %drqm d_await dareq-sz     f/s f_await  aqu-sz  %util
nvme0n1          0.00      0.00     0.00   0.00    0.00     0.00    0.00      0.00     0.00   0.00    0.00     0.00    0.00      0.00     0.00   0.00    0.00     0.00    0.00    0.00    0.00   0.00


10/05/2026 10:00:02 PM
Device            r/s     rkB/s   rrqm/s  %rrqm r_await rareq-sz     w/s     wkB/s   wrqm/s  %wrqm w_await wareq-sz     d/s     dkB/s   drqm/s  %drqm d_await dareq-sz     f/s f_await  aqu-sz  %util
nvme0n1          2.00      8.00     0.00   0.00    2.00     4.00    1.00      4.00     0.00   0.00    0.00     4.00    0.00      0.00     0.00   0.00    0.00     0.00    0.00    0.00    0.01   0.40


10/05/2026 10:00:03 PM
Device            r/s     rkB/s   rrqm/s  %rrqm r_await rareq-sz     w/s     wkB/s   wrqm/s  %wrqm w_await wareq-sz     d/s     dkB/s   drqm/s  %drqm d_await dareq-sz     f/s f_await  aqu-sz  %util
nvme0n1        356.00   6472.00   185.00  34.20    0.16    18.18    0.00      0.00     0.00   0.00    0.00     0.00    0.00      0.00     0.00   0.00    0.00     0.00    0.00    0.00    0.06   2.20


10/05/2026 10:00:04 PM
Device            r/s     rkB/s   rrqm/s  %rrqm r_await rareq-sz     w/s     wkB/s   wrqm/s  %wrqm w_await wareq-sz     d/s     dkB/s   drqm/s  %drqm d_await dareq-sz     f/s f_await  aqu-sz  %util
nvme0n1         70.00    284.00     1.00   1.41    0.14     4.06    2.00     24.00     1.00  33.33    2.00    12.00    0.00      0.00     0.00   0.00    0.00     0.00    0.00    0.00    0.01   1.30


10/05/2026 10:00:05 PM
Device            r/s     rkB/s   rrqm/s  %rrqm r_await rareq-sz     w/s     wkB/s   wrqm/s  %wrqm w_await wareq-sz     d/s     dkB/s   drqm/s  %drqm d_await dareq-sz     f/s f_await  aqu-sz  %util
nvme0n1       1448.00   8896.00   433.00  23.02    0.09     6.14   55.00    328.00    17.00  23.61    0.16     5.96    0.00      0.00     0.00   0.00    0.00     0.00    1.00    3.00    0.14   7.40


10/05/2026 10:00:06 PM
Device            r/s     rkB/s   rrqm/s  %rrqm r_await rareq-sz     w/s     wkB/s   wrqm/s  %wrqm w_await wareq-sz     d/s     dkB/s   drqm/s  %drqm d_await dareq-sz     f/s f_await  aqu-sz  %util
nvme0n1          0.00      0.00     0.00   0.00    0.00     0.00    1.00      4.00     0.00   0.00    1.00     4.00    0.00      0.00     0.00   0.00    0.00     0.00    0.00    0.00    0.00   0.00


10/05/2026 10:00:07 PM
Device            r/s     rkB/s   rrqm/s  %rrqm r_await rareq-sz     w/s     wkB/s   wrqm/s  %wrqm w_await wareq-sz     d/s     dkB/s   drqm/s  %drqm d_await dareq-sz     f/s f_await  aqu-sz  %util
nvme0n1        784.00   4516.00   145.00  15.61    0.10     5.76    0.00      0.00     0.00   0.00    0.00     0.00    0.00      0.00     0.00   0.00    0.00     0.00    0.00    0.00    0.07   5.20


10/05/2026 10:00:08 PM
Device            r/s     rkB/s   rrqm/s  %rrqm r_await rareq-sz     w/s     wkB/s   wrqm/s  %wrqm w_await wareq-sz     d/s     dkB/s   drqm/s  %drqm d_await dareq-sz     f/s f_await  aqu-sz  %util
nvme0n1          0.00      0.00     0.00   0.00    0.00     0.00    0.00      0.00     0.00   0.00    0.00     0.00    0.00      0.00     0.00   0.00    0.00     0.00    0.00    0.00    0.00   0.00


10/05/2026 10:00:09 PM
Device            r/s     rkB/s   rrqm/s  %rrqm r_await rareq-sz     w/s     wkB/s   wrqm/s  %wrqm w_await wareq-sz     d/s     dkB/s   drqm/s  %drqm d_await dareq-sz     f/s f_await  aqu-sz  %util
nvme0n1          1.00      4.00     0.00   0.00    4.00     4.00    4.00     24.00     2.00  33.33    3.00     6.00    0.00      0.00     0.00   0.00    0.00     0.00    0.00    0.00    0.02   0.40


10/05/2026 10:00:10 PM
Device            r/s     rkB/s   rrqm/s  %rrqm r_await rareq-sz     w/s     wkB/s   wrqm/s  %wrqm w_await wareq-sz     d/s     dkB/s   drqm/s  %drqm d_await dareq-sz     f/s f_await  aqu-sz  %util
nvme0n1          0.00      0.00     0.00   0.00    0.00     0.00    1.00      4.00    18.00  94.74    4.00     4.00    0.00      0.00     0.00   0.00    0.00     0.00    0.00    0.00    0.00   0.40


10/05/2026 10:00:11 PM
Device            r/s     rkB/s   rrqm/s  %rrqm r_await rareq-sz     w/s     wkB/s   wrqm/s  %wrqm w_await wareq-sz     d/s     dkB/s   drqm/s  %drqm d_await dareq-sz     f/s f_await  aqu-sz  %util
nvme0n1        108.00   1900.00     0.00   0.00    0.26    17.59   24.00    168.00     1.00   4.00    3.08     7.00    0.00      0.00     0.00   0.00    0.00     0.00    1.00    2.00    0.10   2.90


10/05/2026 10:00:12 PM
Device            r/s     rkB/s   rrqm/s  %rrqm r_await rareq-sz     w/s     wkB/s   wrqm/s  %wrqm w_await wareq-sz     d/s     dkB/s   drqm/s  %drqm d_await dareq-sz     f/s f_await  aqu-sz  %util
nvme0n1        125.00   5340.00    30.00  19.35    0.36    42.72  127.00    692.00     3.00   2.31    0.26     5.45    0.00      0.00     0.00   0.00    0.00     0.00    0.00    0.00    0.08   3.00


10/05/2026 10:00:13 PM
Device            r/s     rkB/s   rrqm/s  %rrqm r_await rareq-sz     w/s     wkB/s   wrqm/s  %wrqm w_await wareq-sz     d/s     dkB/s   drqm/s  %drqm d_await dareq-sz     f/s f_await  aqu-sz  %util
nvme0n1          0.00      0.00     0.00   0.00    0.00     0.00    0.00      0.00     0.00   0.00    0.00     0.00    0.00      0.00     0.00   0.00    0.00     0.00    0.00    0.00    0.00   0.00


10/05/2026 10:00:14 PM
Device            r/s     rkB/s   rrqm/s  %rrqm r_await rareq-sz     w/s     wkB/s   wrqm/s  %wrqm w_await wareq-sz     d/s     dkB/s   drqm/s  %drqm d_await dareq-sz     f/s f_await  aqu-sz  %util
nvme0n1         26.00    840.00     0.00   0.00    0.50    32.31    0.00      0.00     0.00   0.00    0.00     0.00    0.00      0.00     0.00   0.00    0.00     0.00    0.00    0.00    0.01   0.60


10/05/2026 10:00:15 PM
Device            r/s     rkB/s   rrqm/s  %rrqm r_await rareq-sz     w/s     wkB/s   wrqm/s  %wrqm w_await wareq-sz     d/s     dkB/s   drqm/s  %drqm d_await dareq-sz     f/s f_await  aqu-sz  %util
nvme0n1          0.00      0.00     0.00   0.00    0.00     0.00    0.00      0.00    16.00 100.00    0.00     0.00    0.00      0.00     0.00   0.00    0.00     0.00    0.00    0.00    0.00   0.00


10/05/2026 10:00:16 PM
Device            r/s     rkB/s   rrqm/s  %rrqm r_await rareq-sz     w/s     wkB/s   wrqm/s  %wrqm w_await wareq-sz     d/s     dkB/s   drqm/s  %drqm d_await dareq-sz     f/s f_await  aqu-sz  %util
nvme0n1          0.00      0.00     0.00   0.00    0.00     0.00    4.00     80.00     1.00  20.00    2.50    20.00    0.00      0.00     0.00   0.00    0.00     0.00    1.00    2.00    0.01   1.00


10/05/2026 10:00:17 PM
Device            r/s     rkB/s   rrqm/s  %rrqm r_await rareq-sz     w/s     wkB/s   wrqm/s  %wrqm w_await wareq-sz     d/s     dkB/s   drqm/s  %drqm d_await dareq-sz     f/s f_await  aqu-sz  %util
nvme0n1          0.00      0.00     0.00   0.00    0.00     0.00   79.00    452.00     2.00   2.47    0.54     5.72    0.00      0.00     0.00   0.00    0.00     0.00    0.00    0.00    0.04   0.40


10/05/2026 10:00:18 PM
Device            r/s     rkB/s   rrqm/s  %rrqm r_await rareq-sz     w/s     wkB/s   wrqm/s  %wrqm w_await wareq-sz     d/s     dkB/s   drqm/s  %drqm d_await dareq-sz     f/s f_await  aqu-sz  %util
nvme0n1          0.00      0.00     0.00   0.00    0.00     0.00    0.00      0.00     0.00   0.00    0.00     0.00    0.00      0.00     0.00   0.00    0.00     0.00    0.00    0.00    0.00   0.00


10/05/2026 10:00:19 PM
Device            r/s     rkB/s   rrqm/s  %rrqm r_await rareq-sz     w/s     wkB/s   wrqm/s  %wrqm w_await wareq-sz     d/s     dkB/s   drqm/s  %drqm d_await dareq-sz     f/s f_await  aqu-sz  %util
nvme0n1          0.00      0.00     0.00   0.00    0.00     0.00    2.00      8.00     0.00   0.00    4.50     4.00    0.00      0.00     0.00   0.00    0.00     0.00    0.00    0.00    0.01   0.40


10/05/2026 10:00:20 PM
Device            r/s     rkB/s   rrqm/s  %rrqm r_await rareq-sz     w/s     wkB/s   wrqm/s  %wrqm w_await wareq-sz     d/s     dkB/s   drqm/s  %drqm d_await dareq-sz     f/s f_await  aqu-sz  %util
nvme0n1          0.00      0.00     0.00   0.00    0.00     0.00    0.00      0.00     0.00   0.00    0.00     0.00    0.00      0.00     0.00   0.00    0.00     0.00    0.00    0.00    0.00   0.00


10/05/2026 10:00:21 PM
Device            r/s     rkB/s   rrqm/s  %rrqm r_await rareq-sz     w/s     wkB/s   wrqm/s  %wrqm w_await wareq-sz     d/s     dkB/s   drqm/s  %drqm d_await dareq-sz     f/s f_await  aqu-sz  %util
nvme0n1          0.00      0.00     0.00   0.00    0.00     0.00    3.00     32.00     6.00  66.67    2.00    10.67    0.00      0.00     0.00   0.00    0.00     0.00    1.00    2.00    0.01   0.60


10/05/2026 10:00:22 PM
Device            r/s     rkB/s   rrqm/s  %rrqm r_await rareq-sz     w/s     wkB/s   wrqm/s  %wrqm w_await wareq-sz     d/s     dkB/s   drqm/s  %drqm d_await dareq-sz     f/s f_await  aqu-sz  %util
nvme0n1          1.00      4.00     0.00   0.00    4.00     4.00    1.00      4.00     0.00   0.00    4.00     4.00    0.00      0.00     0.00   0.00    0.00     0.00    0.00    0.00    0.01   0.80


10/05/2026 10:00:23 PM
Device            r/s     rkB/s   rrqm/s  %rrqm r_await rareq-sz     w/s     wkB/s   wrqm/s  %wrqm w_await wareq-sz     d/s     dkB/s   drqm/s  %drqm d_await dareq-sz     f/s f_await  aqu-sz  %util
nvme0n1          0.00      0.00     0.00   0.00    0.00     0.00    0.00      0.00     0.00   0.00    0.00     0.00    0.00      0.00     0.00   0.00    0.00     0.00    0.00    0.00    0.00   0.00


10/05/2026 10:00:24 PM
Device            r/s     rkB/s   rrqm/s  %rrqm r_await rareq-sz     w/s     wkB/s   wrqm/s  %wrqm w_await wareq-sz     d/s     dkB/s   drqm/s  %drqm d_await dareq-sz     f/s f_await  aqu-sz  %util
nvme0n1          1.00      4.00     0.00   0.00    4.00     4.00    0.00      0.00     0.00   0.00    0.00     0.00    0.00      0.00     0.00   0.00    0.00     0.00    0.00    0.00    0.00   0.40


10/05/2026 10:00:25 PM
Device            r/s     rkB/s   rrqm/s  %rrqm r_await rareq-sz     w/s     wkB/s   wrqm/s  %wrqm w_await wareq-sz     d/s     dkB/s   drqm/s  %drqm d_await dareq-sz     f/s f_await  aqu-sz  %util
nvme0n1          5.00     20.00     0.00   0.00    1.00     4.00    0.00      0.00     0.00   0.00    0.00     0.00    0.00      0.00     0.00   0.00    0.00     0.00    0.00    0.00    0.01   0.50

