21:30:07 v2 start harness_pid=27128 pswpin=40384 pswpout=233638
21:30:09 phase=idle avail_mib=31098 free_mib=508 cached_mib=30886 swapused_mib=117 swapout_kib+=0 swapin_kib+=0 gpu_mib=0
21:30:11 phase=load avail_mib=30941 free_mib=861 cached_mib=30381 swapused_mib=117 swapout_kib+=0 swapin_kib+=0 gpu_mib=1
21:30:13 phase=load avail_mib=30791 free_mib=394 cached_mib=30707 swapused_mib=117 swapout_kib+=0 swapin_kib+=12 gpu_mib=113
21:30:15 phase=load avail_mib=30761 free_mib=299 cached_mib=30770 swapused_mib=117 swapout_kib+=0 swapin_kib+=0 gpu_mib=113
21:30:17 phase=load avail_mib=30770 free_mib=281 cached_mib=30798 swapused_mib=117 swapout_kib+=8 swapin_kib+=0 gpu_mib=113
21:30:19 phase=load avail_mib=30752 free_mib=281 cached_mib=30780 swapused_mib=117 swapout_kib+=0 swapin_kib+=0 gpu_mib=113
21:30:21 phase=load avail_mib=30727 free_mib=269 cached_mib=30766 swapused_mib=117 swapout_kib+=0 swapin_kib+=4 gpu_mib=113
21:30:23 phase=load avail_mib=30701 free_mib=306 cached_mib=30702 swapused_mib=117 swapout_kib+=0 swapin_kib+=0 gpu_mib=113
21:30:25 phase=load avail_mib=30724 free_mib=273 cached_mib=30759 swapused_mib=117 swapout_kib+=40 swapin_kib+=0 gpu_mib=113
21:30:27 phase=load avail_mib=30736 free_mib=215 cached_mib=30826 swapused_mib=119 swapout_kib+=25624 swapin_kib+=0 gpu_mib=3931
21:30:29 phase=load avail_mib=30941 free_mib=279 cached_mib=30967 swapused_mib=299 swapout_kib+=185732 swapin_kib+=692 gpu_mib=3931
21:30:31 phase=load avail_mib=30793 free_mib=357 cached_mib=30766 swapused_mib=331 swapout_kib+=36852 swapin_kib+=32196 gpu_mib=4825
21:30:33 phase=load avail_mib=30506 free_mib=241 cached_mib=30594 swapused_mib=331 swapout_kib+=0 swapin_kib+=21312 gpu_mib=4853
21:30:35 phase=load avail_mib=30443 free_mib=298 cached_mib=30476 swapused_mib=332 swapout_kib+=2460 swapin_kib+=512 gpu_mib=4857
21:30:37 phase=measured avail_mib=30369 free_mib=257 cached_mib=30440 swapused_mib=330 swapout_kib+=0 swapin_kib+=23184 gpu_mib=4857
21:30:39 phase=measured avail_mib=30392 free_mib=258 cached_mib=30462 swapused_mib=331 swapout_kib+=372 swapin_kib+=304 gpu_mib=4857
21:30:41 phase=measured avail_mib=30390 free_mib=305 cached_mib=30416 swapused_mib=331 swapout_kib+=2552 swapin_kib+=0 gpu_mib=4857
21:30:43 phase=measured avail_mib=30369 free_mib=258 cached_mib=30445 swapused_mib=331 swapout_kib+=2996 swapin_kib+=8532 gpu_mib=4857
21:30:45 phase=measured avail_mib=30356 free_mib=313 cached_mib=30378 swapused_mib=331 swapout_kib+=172 swapin_kib+=8 gpu_mib=4857
21:30:47 phase=measured avail_mib=30363 free_mib=301 cached_mib=30402 swapused_mib=346 swapout_kib+=18204 swapin_kib+=8 gpu_mib=4857
21:30:50 phase=measured avail_mib=30356 free_mib=301 cached_mib=30395 swapused_mib=346 swapout_kib+=88 swapin_kib+=56 gpu_mib=4857
21:30:52 phase=measured avail_mib=30352 free_mib=233 cached_mib=30460 swapused_mib=346 swapout_kib+=0 swapin_kib+=4 gpu_mib=4857
21:30:54 phase=measured avail_mib=30368 free_mib=270 cached_mib=30439 swapused_mib=356 swapout_kib+=18036 swapin_kib+=848 gpu_mib=4857
21:30:56 phase=measured avail_mib=30379 free_mib=295 cached_mib=30428 swapused_mib=356 swapout_kib+=1352 swapin_kib+=216 gpu_mib=4857
21:30:58 phase=measured avail_mib=30523 free_mib=262 cached_mib=30605 swapused_mib=464 swapout_kib+=125340 swapin_kib+=56 gpu_mib=4857
21:31:00 phase=measured avail_mib=30741 free_mib=248 cached_mib=30836 swapused_mib=669 swapout_kib+=219256 swapin_kib+=10004 gpu_mib=4857
21:31:02 phase=measured avail_mib=30755 free_mib=274 cached_mib=30822 swapused_mib=668 swapout_kib+=748 swapin_kib+=3012 gpu_mib=4857
21:31:04 phase=measured avail_mib=30747 free_mib=288 cached_mib=30799 swapused_mib=667 swapout_kib+=2152 swapin_kib+=1016 gpu_mib=4857
21:31:06 phase=measured avail_mib=30819 free_mib=260 cached_mib=30899 swapused_mib=755 swapout_kib+=93764 swapin_kib+=996 gpu_mib=4857
21:31:08 phase=measured avail_mib=30805 free_mib=272 cached_mib=30872 swapused_mib=764 swapout_kib+=12616 swapin_kib+=22160 gpu_mib=4857
21:31:10 phase=measured avail_mib=30793 free_mib=287 cached_mib=30844 swapused_mib=762 swapout_kib+=0 swapin_kib+=2652 gpu_mib=4857
21:31:12 phase=measured avail_mib=30866 free_mib=271 cached_mib=30933 swapused_mib=761 swapout_kib+=1396 swapin_kib+=2436 gpu_mib=4857
21:31:14 phase=measured avail_mib=30829 free_mib=302 cached_mib=30864 swapused_mib=757 swapout_kib+=2228 swapin_kib+=12048 gpu_mib=4857
21:31:16 phase=measured avail_mib=30813 free_mib=310 cached_mib=30839 swapused_mib=756 swapout_kib+=164 swapin_kib+=1720 gpu_mib=4857
21:31:18 phase=measured avail_mib=30799 free_mib=222 cached_mib=30912 swapused_mib=756 swapout_kib+=132 swapin_kib+=0 gpu_mib=4857
21:31:20 phase=measured avail_mib=30799 free_mib=315 cached_mib=30819 swapused_mib=759 swapout_kib+=3024 swapin_kib+=380 gpu_mib=4857
21:31:22 phase=measured avail_mib=30784 free_mib=297 cached_mib=30821 swapused_mib=757 swapout_kib+=92 swapin_kib+=1504 gpu_mib=4857
21:31:24 phase=measured avail_mib=30784 free_mib=230 cached_mib=30888 swapused_mib=757 swapout_kib+=0 swapin_kib+=748 gpu_mib=4857
21:31:26 phase=measured avail_mib=30843 free_mib=331 cached_mib=30846 swapused_mib=758 swapout_kib+=4516 swapin_kib+=192 gpu_mib=4857
21:31:28 phase=measured avail_mib=30836 free_mib=231 cached_mib=30939 swapused_mib=758 swapout_kib+=2328 swapin_kib+=276 gpu_mib=4857
21:31:30 phase=measured avail_mib=30844 free_mib=316 cached_mib=30861 swapused_mib=762 swapout_kib+=13152 swapin_kib+=9604 gpu_mib=4857
21:31:32 phase=measured avail_mib=30825 free_mib=224 cached_mib=30934 swapused_mib=760 swapout_kib+=112 swapin_kib+=4972 gpu_mib=4859
21:31:34 phase=measured avail_mib=30826 free_mib=330 cached_mib=30829 swapused_mib=758 swapout_kib+=252 swapin_kib+=3152 gpu_mib=4859
21:31:36 phase=measured avail_mib=30853 free_mib=250 cached_mib=30936 swapused_mib=757 swapout_kib+=928 swapin_kib+=880 gpu_mib=4859
21:31:38 phase=measured avail_mib=30810 free_mib=257 cached_mib=30887 swapused_mib=756 swapout_kib+=688 swapin_kib+=14388 gpu_mib=4859
21:31:40 phase=measured avail_mib=30691 free_mib=238 cached_mib=30784 swapused_mib=755 swapout_kib+=44 swapin_kib+=1948 gpu_mib=4859
21:31:42 phase=measured avail_mib=30685 free_mib=239 cached_mib=30777 swapused_mib=755 swapout_kib+=8 swapin_kib+=220 gpu_mib=4869
21:31:44 phase=measured avail_mib=30678 free_mib=311 cached_mib=30697 swapused_mib=755 swapout_kib+=0 swapin_kib+=3620 gpu_mib=4869
21:31:46 phase=measured avail_mib=30674 free_mib=252 cached_mib=30752 swapused_mib=755 swapout_kib+=0 swapin_kib+=0 gpu_mib=4869
21:31:48 phase=measured avail_mib=30683 free_mib=224 cached_mib=30790 swapused_mib=755 swapout_kib+=1304 swapin_kib+=8 gpu_mib=4869
21:31:50 phase=measured avail_mib=30682 free_mib=233 cached_mib=30781 swapused_mib=756 swapout_kib+=1324 swapin_kib+=40 gpu_mib=4869
21:31:52 phase=measured avail_mib=30541 free_mib=330 cached_mib=30542 swapused_mib=753 swapout_kib+=16 swapin_kib+=7088 gpu_mib=4903
21:31:55 phase=measured avail_mib=30520 free_mib=250 cached_mib=30601 swapused_mib=753 swapout_kib+=0 swapin_kib+=332 gpu_mib=4903
21:31:57 phase=measured avail_mib=30525 free_mib=226 cached_mib=30630 swapused_mib=753 swapout_kib+=0 swapin_kib+=164 gpu_mib=4903
21:31:59 phase=measured avail_mib=30537 free_mib=325 cached_mib=30543 swapused_mib=753 swapout_kib+=0 swapin_kib+=112 gpu_mib=4903
21:32:01 phase=measured avail_mib=30512 free_mib=253 cached_mib=30590 swapused_mib=753 swapout_kib+=0 swapin_kib+=100 gpu_mib=4903
21:32:03 phase=measured avail_mib=30535 free_mib=326 cached_mib=30539 swapused_mib=753 swapout_kib+=0 swapin_kib+=84 gpu_mib=4903
21:32:05 phase=measured avail_mib=30544 free_mib=273 cached_mib=30601 swapused_mib=753 swapout_kib+=472 swapin_kib+=68 gpu_mib=4903
21:32:07 phase=measured avail_mib=30537 free_mib=282 cached_mib=30586 swapused_mib=753 swapout_kib+=260 swapin_kib+=84 gpu_mib=4903
21:32:09 phase=measured avail_mib=30715 free_mib=509 cached_mib=30536 swapused_mib=752 swapout_kib+=180 swapin_kib+=27856 gpu_mib=4903
21:32:11 phase=measured avail_mib=30722 free_mib=236 cached_mib=30815 swapused_mib=752 swapout_kib+=60 swapin_kib+=40 gpu_mib=4903
21:32:13 phase=measured avail_mib=30738 free_mib=307 cached_mib=30760 swapused_mib=753 swapout_kib+=2124 swapin_kib+=0 gpu_mib=4903
21:32:15 phase=measured avail_mib=30741 free_mib=243 cached_mib=30826 swapused_mib=769 swapout_kib+=16976 swapin_kib+=60 gpu_mib=4903
21:32:17 phase=measured avail_mib=30736 free_mib=266 cached_mib=30799 swapused_mib=769 swapout_kib+=4 swapin_kib+=4 gpu_mib=4903
21:32:19 phase=measured avail_mib=30761 free_mib=269 cached_mib=30821 swapused_mib=768 swapout_kib+=308 swapin_kib+=992 gpu_mib=4903
21:32:21 phase=measured avail_mib=30754 free_mib=275 cached_mib=30808 swapused_mib=767 swapout_kib+=356 swapin_kib+=1168 gpu_mib=4903
21:32:23 phase=measured avail_mib=30753 free_mib=322 cached_mib=30760 swapused_mib=765 swapout_kib+=2812 swapin_kib+=7792 gpu_mib=4903
21:32:25 phase=measured avail_mib=30759 free_mib=301 cached_mib=30786 swapused_mib=766 swapout_kib+=11076 swapin_kib+=92 gpu_mib=4903
21:32:27 phase=measured avail_mib=30741 free_mib=324 cached_mib=30746 swapused_mib=765 swapout_kib+=12 swapin_kib+=308 gpu_mib=4903
21:32:29 phase=measured avail_mib=30740 free_mib=318 cached_mib=30751 swapused_mib=768 swapout_kib+=4484 swapin_kib+=8 gpu_mib=4903
21:32:31 phase=measured avail_mib=30749 free_mib=276 cached_mib=30801 swapused_mib=768 swapout_kib+=0 swapin_kib+=0 gpu_mib=4903
21:32:33 phase=measured avail_mib=30788 free_mib=322 cached_mib=30795 swapused_mib=768 swapout_kib+=368 swapin_kib+=768 gpu_mib=4903
21:32:35 phase=measured avail_mib=30807 free_mib=233 cached_mib=30903 swapused_mib=792 swapout_kib+=29352 swapin_kib+=84 gpu_mib=4903
21:32:37 phase=measured avail_mib=30817 free_mib=286 cached_mib=30860 swapused_mib=792 swapout_kib+=2264 swapin_kib+=1940 gpu_mib=4903
21:32:39 phase=measured avail_mib=30779 free_mib=249 cached_mib=30856 swapused_mib=798 swapout_kib+=11092 swapin_kib+=25748 gpu_mib=4903
21:32:41 phase=measured avail_mib=30767 free_mib=274 cached_mib=30819 swapused_mib=796 swapout_kib+=0 swapin_kib+=1396 gpu_mib=4903
21:32:43 phase=measured avail_mib=30763 free_mib=233 cached_mib=30856 swapused_mib=795 swapout_kib+=0 swapin_kib+=1864 gpu_mib=4903
21:32:45 phase=measured avail_mib=30774 free_mib=269 cached_mib=30830 swapused_mib=794 swapout_kib+=8 swapin_kib+=4140 gpu_mib=4903
21:32:47 phase=measured avail_mib=30772 free_mib=314 cached_mib=30784 swapused_mib=794 swapout_kib+=0 swapin_kib+=472 gpu_mib=4903
21:32:49 phase=measured avail_mib=30762 free_mib=257 cached_mib=30833 swapused_mib=794 swapout_kib+=180 swapin_kib+=0 gpu_mib=4903
21:32:51 phase=measured avail_mib=30764 free_mib=317 cached_mib=30775 swapused_mib=811 swapout_kib+=17476 swapin_kib+=0 gpu_mib=4903
21:32:53 phase=measured avail_mib=30758 free_mib=320 cached_mib=30767 swapused_mib=811 swapout_kib+=0 swapin_kib+=4 gpu_mib=4903
21:32:55 phase=measured avail_mib=30642 free_mib=332 cached_mib=30639 swapused_mib=810 swapout_kib+=0 swapin_kib+=996 gpu_mib=4903
21:32:58 phase=measured avail_mib=30670 free_mib=200 cached_mib=30798 swapused_mib=811 swapout_kib+=428 swapin_kib+=56 gpu_mib=4903
21:33:00 phase=measured avail_mib=30707 free_mib=221 cached_mib=30815 swapused_mib=811 swapout_kib+=928 swapin_kib+=4 gpu_mib=4903
21:33:02 phase=measured avail_mib=30720 free_mib=280 cached_mib=30768 swapused_mib=811 swapout_kib+=1068 swapin_kib+=8 gpu_mib=4903
21:33:04 phase=measured avail_mib=30709 free_mib=262 cached_mib=30776 swapused_mib=811 swapout_kib+=1744 swapin_kib+=0 gpu_mib=4903
21:33:06 phase=measured avail_mib=30741 free_mib=277 cached_mib=30793 swapused_mib=850 swapout_kib+=43720 swapin_kib+=2064 gpu_mib=4903
21:33:08 phase=measured avail_mib=30599 free_mib=348 cached_mib=30580 swapused_mib=823 swapout_kib+=0 swapin_kib+=34588 gpu_mib=4903
21:33:10 phase=measured avail_mib=30573 free_mib=276 cached_mib=30625 swapused_mib=804 swapout_kib+=4 swapin_kib+=23112 gpu_mib=4903
21:33:12 phase=measured avail_mib=30571 free_mib=273 cached_mib=30627 swapused_mib=804 swapout_kib+=0 swapin_kib+=204 gpu_mib=4903
21:33:14 phase=measured avail_mib=30582 free_mib=326 cached_mib=30584 swapused_mib=804 swapout_kib+=328 swapin_kib+=168 gpu_mib=4903
21:33:16 phase=measured avail_mib=30583 free_mib=332 cached_mib=30579 swapused_mib=804 swapout_kib+=36 swapin_kib+=4168 gpu_mib=4903
21:33:18 phase=measured avail_mib=30577 free_mib=237 cached_mib=30668 swapused_mib=804 swapout_kib+=0 swapin_kib+=112 gpu_mib=4903
21:33:20 phase=measured avail_mib=30587 free_mib=237 cached_mib=30678 swapused_mib=804 swapout_kib+=0 swapin_kib+=68 gpu_mib=4903
21:33:22 phase=measured avail_mib=30601 free_mib=252 cached_mib=30677 swapused_mib=804 swapout_kib+=424 swapin_kib+=56 gpu_mib=4903
21:33:24 phase=measured avail_mib=30729 free_mib=386 cached_mib=30671 swapused_mib=774 swapout_kib+=0 swapin_kib+=27024 gpu_mib=4903
21:33:26 phase=measured avail_mib=30709 free_mib=249 cached_mib=30788 swapused_mib=774 swapout_kib+=412 swapin_kib+=0 gpu_mib=4903
21:33:28 phase=measured avail_mib=30727 free_mib=273 cached_mib=30782 swapused_mib=774 swapout_kib+=992 swapin_kib+=264 gpu_mib=4903
21:33:30 phase=measured avail_mib=30711 free_mib=262 cached_mib=30777 swapused_mib=775 swapout_kib+=1564 swapin_kib+=208 gpu_mib=4903
21:33:32 phase=measured avail_mib=30707 free_mib=297 cached_mib=30738 swapused_mib=774 swapout_kib+=0 swapin_kib+=1224 gpu_mib=4903
21:33:34 phase=measured avail_mib=30756 free_mib=290 cached_mib=30795 swapused_mib=773 swapout_kib+=7836 swapin_kib+=1672 gpu_mib=4903
21:33:36 phase=measured avail_mib=30744 free_mib=256 cached_mib=30817 swapused_mib=772 swapout_kib+=800 swapin_kib+=1008 gpu_mib=4903
21:33:38 phase=measured avail_mib=30746 free_mib=314 cached_mib=30761 swapused_mib=776 swapout_kib+=6712 swapin_kib+=1672 gpu_mib=4903
21:33:40 phase=measured avail_mib=30710 free_mib=269 cached_mib=30770 swapused_mib=775 swapout_kib+=676 swapin_kib+=15396 gpu_mib=4903
21:33:42 phase=measured avail_mib=30719 free_mib=260 cached_mib=30787 swapused_mib=776 swapout_kib+=3240 swapin_kib+=712 gpu_mib=4903
21:33:44 phase=measured avail_mib=30716 free_mib=300 cached_mib=30744 swapused_mib=776 swapout_kib+=0 swapin_kib+=400 gpu_mib=4903
21:33:46 phase=measured avail_mib=30741 free_mib=268 cached_mib=30802 swapused_mib=776 swapout_kib+=0 swapin_kib+=1552 gpu_mib=4903
21:33:48 phase=measured avail_mib=30729 free_mib=251 cached_mib=30807 swapused_mib=776 swapout_kib+=248 swapin_kib+=8 gpu_mib=4903
21:33:50 phase=measured avail_mib=30781 free_mib=222 cached_mib=30887 swapused_mib=814 swapout_kib+=42172 swapin_kib+=832 gpu_mib=4903
21:33:52 phase=measured avail_mib=30782 free_mib=238 cached_mib=30873 swapused_mib=813 swapout_kib+=656 swapin_kib+=888 gpu_mib=4903
21:33:54 phase=measured avail_mib=30801 free_mib=332 cached_mib=30798 swapused_mib=816 swapout_kib+=3360 swapin_kib+=1036 gpu_mib=4903
21:33:56 phase=measured avail_mib=30790 free_mib=274 cached_mib=30845 swapused_mib=815 swapout_kib+=0 swapin_kib+=940 gpu_mib=4903
21:33:58 phase=measured avail_mib=30788 free_mib=240 cached_mib=30876 swapused_mib=814 swapout_kib+=0 swapin_kib+=1320 gpu_mib=4903
21:34:01 phase=measured avail_mib=30803 free_mib=229 cached_mib=30903 swapused_mib=814 swapout_kib+=1832 swapin_kib+=0 gpu_mib=4903
21:34:03 phase=measured avail_mib=30809 free_mib=302 cached_mib=30835 swapused_mib=814 swapout_kib+=6432 swapin_kib+=408 gpu_mib=4903
21:34:05 phase=measured avail_mib=30801 free_mib=266 cached_mib=30863 swapused_mib=815 swapout_kib+=892 swapin_kib+=716 gpu_mib=4903
21:34:07 phase=measured avail_mib=30809 free_mib=220 cached_mib=30917 swapused_mib=815 swapout_kib+=1348 swapin_kib+=4 gpu_mib=4903
21:34:09 phase=measured avail_mib=30797 free_mib=215 cached_mib=30910 swapused_mib=815 swapout_kib+=220 swapin_kib+=1580 gpu_mib=4903
21:34:11 phase=measured avail_mib=30690 free_mib=333 cached_mib=30685 swapused_mib=813 swapout_kib+=0 swapin_kib+=11700 gpu_mib=4903
21:34:13 phase=measured avail_mib=30650 free_mib=269 cached_mib=30709 swapused_mib=814 swapout_kib+=288 swapin_kib+=44 gpu_mib=4903
21:34:15 phase=measured avail_mib=30733 free_mib=291 cached_mib=30771 swapused_mib=814 swapout_kib+=576 swapin_kib+=0 gpu_mib=4903
21:34:17 phase=measured avail_mib=30688 free_mib=295 cached_mib=30721 swapused_mib=814 swapout_kib+=1688 swapin_kib+=4416 gpu_mib=4903
21:34:19 phase=measured avail_mib=30718 free_mib=281 cached_mib=30765 swapused_mib=866 swapout_kib+=57424 swapin_kib+=1132 gpu_mib=4903
21:34:21 phase=measured avail_mib=30727 free_mib=308 cached_mib=30747 swapused_mib=864 swapout_kib+=0 swapin_kib+=3148 gpu_mib=4903
21:34:23 phase=measured avail_mib=30615 free_mib=290 cached_mib=30653 swapused_mib=847 swapout_kib+=0 swapin_kib+=23596 gpu_mib=4903
21:34:25 phase=measured avail_mib=30584 free_mib=336 cached_mib=30576 swapused_mib=817 swapout_kib+=0 swapin_kib+=34328 gpu_mib=4903
21:34:27 phase=measured avail_mib=30580 free_mib=318 cached_mib=30589 swapused_mib=817 swapout_kib+=0 swapin_kib+=424 gpu_mib=4903
21:34:29 phase=measured avail_mib=30590 free_mib=246 cached_mib=30672 swapused_mib=817 swapout_kib+=0 swapin_kib+=124 gpu_mib=4903
21:34:31 phase=measured avail_mib=30584 free_mib=337 cached_mib=30575 swapused_mib=817 swapout_kib+=0 swapin_kib+=308 gpu_mib=4903
21:34:33 phase=measured avail_mib=30587 free_mib=283 cached_mib=30632 swapused_mib=817 swapout_kib+=0 swapin_kib+=84 gpu_mib=4903
21:34:35 phase=measured avail_mib=30613 free_mib=256 cached_mib=30685 swapused_mib=816 swapout_kib+=0 swapin_kib+=60 gpu_mib=4903
21:34:37 phase=measured avail_mib=30602 free_mib=236 cached_mib=30694 swapused_mib=816 swapout_kib+=0 swapin_kib+=44 gpu_mib=4903
21:34:39 phase=measured avail_mib=30788 free_mib=438 cached_mib=30656 swapused_mib=655 swapout_kib+=8 swapin_kib+=81612 gpu_mib=165
21:34:43 phase=idle avail_mib=31136 free_mib=705 cached_mib=30726 swapused_mib=134 swapout_kib+=0 swapin_kib+=7144 gpu_mib=0
21:34:45 phase=load avail_mib=30720 free_mib=261 cached_mib=30761 swapused_mib=134 swapout_kib+=0 swapin_kib+=796 gpu_mib=113
21:34:47 phase=load avail_mib=30724 free_mib=245 cached_mib=30781 swapused_mib=134 swapout_kib+=4 swapin_kib+=32 gpu_mib=113
21:34:49 phase=load avail_mib=30790 free_mib=332 cached_mib=30761 swapused_mib=134 swapout_kib+=36 swapin_kib+=4 gpu_mib=113
21:34:51 phase=load avail_mib=30750 free_mib=252 cached_mib=30800 swapused_mib=135 swapout_kib+=564 swapin_kib+=12 gpu_mib=113
21:34:53 phase=load avail_mib=30748 free_mib=294 cached_mib=30757 swapused_mib=135 swapout_kib+=152 swapin_kib+=0 gpu_mib=113
21:34:55 phase=load avail_mib=30763 free_mib=288 cached_mib=30778 swapused_mib=135 swapout_kib+=1692 swapin_kib+=4 gpu_mib=113
21:34:57 phase=load avail_mib=30754 free_mib=267 cached_mib=30790 swapused_mib=135 swapout_kib+=3068 swapin_kib+=0 gpu_mib=113
21:34:59 phase=load avail_mib=30740 free_mib=286 cached_mib=30757 swapused_mib=135 swapout_kib+=4492 swapin_kib+=76 gpu_mib=113
21:35:01 phase=load avail_mib=30738 free_mib=254 cached_mib=30787 swapused_mib=136 swapout_kib+=3188 swapin_kib+=164 gpu_mib=3931
21:35:03 phase=load avail_mib=30596 free_mib=250 cached_mib=30656 swapused_mib=136 swapout_kib+=528 swapin_kib+=20 gpu_mib=4587
21:35:05 phase=load avail_mib=30595 free_mib=304 cached_mib=30602 swapused_mib=136 swapout_kib+=0 swapin_kib+=0 gpu_mib=4587
21:35:07 phase=load avail_mib=30793 free_mib=284 cached_mib=30819 swapused_mib=309 swapout_kib+=178664 swapin_kib+=24 gpu_mib=4587
21:35:09 phase=measured avail_mib=30743 free_mib=339 cached_mib=30714 swapused_mib=309 swapout_kib+=0 swapin_kib+=12956 gpu_mib=4587
21:35:11 phase=measured avail_mib=30755 free_mib=337 cached_mib=30727 swapused_mib=309 swapout_kib+=0 swapin_kib+=1172 gpu_mib=4587
21:35:13 phase=measured avail_mib=30752 free_mib=298 cached_mib=30762 swapused_mib=309 swapout_kib+=816 swapin_kib+=260 gpu_mib=4587
21:35:16 phase=measured avail_mib=30777 free_mib=282 cached_mib=30803 swapused_mib=309 swapout_kib+=204 swapin_kib+=8 gpu_mib=4587
21:35:18 phase=measured avail_mib=30741 free_mib=252 cached_mib=30798 swapused_mib=309 swapout_kib+=152 swapin_kib+=2800 gpu_mib=4587
21:35:20 phase=measured avail_mib=30708 free_mib=312 cached_mib=30705 swapused_mib=309 swapout_kib+=4 swapin_kib+=0 gpu_mib=4587
21:35:22 phase=measured avail_mib=30763 free_mib=288 cached_mib=30783 swapused_mib=309 swapout_kib+=0 swapin_kib+=0 gpu_mib=4587
21:35:24 phase=measured avail_mib=30721 free_mib=294 cached_mib=30737 swapused_mib=309 swapout_kib+=112 swapin_kib+=0 gpu_mib=4587
21:35:26 phase=measured avail_mib=30749 free_mib=315 cached_mib=30743 swapused_mib=309 swapout_kib+=0 swapin_kib+=0 gpu_mib=4587
21:35:28 phase=measured avail_mib=30732 free_mib=289 cached_mib=30754 swapused_mib=308 swapout_kib+=64 swapin_kib+=136 gpu_mib=4587
21:35:30 phase=measured avail_mib=30743 free_mib=306 cached_mib=30748 swapused_mib=308 swapout_kib+=0 swapin_kib+=8 gpu_mib=4587
21:35:32 phase=measured avail_mib=30739 free_mib=366 cached_mib=30684 swapused_mib=308 swapout_kib+=584 swapin_kib+=0 gpu_mib=4587
21:35:34 phase=measured avail_mib=30715 free_mib=225 cached_mib=30801 swapused_mib=308 swapout_kib+=312 swapin_kib+=128 gpu_mib=4587
21:35:36 phase=measured avail_mib=30730 free_mib=235 cached_mib=30806 swapused_mib=316 swapout_kib+=7780 swapin_kib+=68 gpu_mib=4587
21:35:38 phase=measured avail_mib=30743 free_mib=387 cached_mib=30668 swapused_mib=321 swapout_kib+=5128 swapin_kib+=0 gpu_mib=4587
21:35:40 phase=measured avail_mib=30711 free_mib=257 cached_mib=30765 swapused_mib=320 swapout_kib+=0 swapin_kib+=3552 gpu_mib=4587
21:35:42 phase=measured avail_mib=30724 free_mib=272 cached_mib=30764 swapused_mib=320 swapout_kib+=0 swapin_kib+=52 gpu_mib=4587
21:35:44 phase=measured avail_mib=30744 free_mib=256 cached_mib=30799 swapused_mib=320 swapout_kib+=0 swapin_kib+=404 gpu_mib=4587
21:35:46 phase=measured avail_mib=30737 free_mib=275 cached_mib=30774 swapused_mib=320 swapout_kib+=108 swapin_kib+=0 gpu_mib=4587
21:35:48 phase=measured avail_mib=30692 free_mib=235 cached_mib=30789 swapused_mib=318 swapout_kib+=0 swapin_kib+=3264 gpu_mib=4869
21:35:50 phase=measured avail_mib=30466 free_mib=269 cached_mib=30523 swapused_mib=318 swapout_kib+=0 swapin_kib+=6892 gpu_mib=4901
21:35:52 phase=measured avail_mib=30452 free_mib=300 cached_mib=30478 swapused_mib=318 swapout_kib+=0 swapin_kib+=72 gpu_mib=4901
21:35:54 phase=measured avail_mib=30505 free_mib=310 cached_mib=30521 swapused_mib=318 swapout_kib+=0 swapin_kib+=0 gpu_mib=4901
21:35:56 phase=measured avail_mib=30447 free_mib=319 cached_mib=30453 swapused_mib=318 swapout_kib+=16 swapin_kib+=0 gpu_mib=4901
21:35:58 phase=measured avail_mib=30458 free_mib=251 cached_mib=30531 swapused_mib=318 swapout_kib+=0 swapin_kib+=0 gpu_mib=4901
21:36:00 phase=measured avail_mib=30466 free_mib=271 cached_mib=30520 swapused_mib=318 swapout_kib+=0 swapin_kib+=32 gpu_mib=4901
21:36:02 phase=measured avail_mib=30412 free_mib=296 cached_mib=30440 swapused_mib=318 swapout_kib+=0 swapin_kib+=0 gpu_mib=4901
21:36:04 phase=measured avail_mib=30408 free_mib=251 cached_mib=30480 swapused_mib=318 swapout_kib+=0 swapin_kib+=0 gpu_mib=4901
21:36:06 phase=measured avail_mib=30347 free_mib=287 cached_mib=30382 swapused_mib=321 swapout_kib+=2720 swapin_kib+=68 gpu_mib=4901
21:36:08 phase=measured avail_mib=30382 free_mib=255 cached_mib=30450 swapused_mib=321 swapout_kib+=0 swapin_kib+=0 gpu_mib=4901
21:36:10 phase=measured avail_mib=30382 free_mib=313 cached_mib=30391 swapused_mib=321 swapout_kib+=0 swapin_kib+=104 gpu_mib=4901
21:36:12 phase=measured avail_mib=30390 free_mib=307 cached_mib=30404 swapused_mib=321 swapout_kib+=0 swapin_kib+=32 gpu_mib=4907
21:36:14 phase=measured avail_mib=30374 free_mib=278 cached_mib=30417 swapused_mib=321 swapout_kib+=0 swapin_kib+=0 gpu_mib=4907
21:36:16 phase=measured avail_mib=30404 free_mib=291 cached_mib=30432 swapused_mib=321 swapout_kib+=0 swapin_kib+=32 gpu_mib=4911
21:36:19 phase=measured avail_mib=30413 free_mib=314 cached_mib=30418 swapused_mib=321 swapout_kib+=0 swapin_kib+=28 gpu_mib=4911
21:36:21 phase=measured avail_mib=30423 free_mib=357 cached_mib=30384 swapused_mib=321 swapout_kib+=0 swapin_kib+=0 gpu_mib=4911
21:36:23 phase=measured avail_mib=30428 free_mib=345 cached_mib=30401 swapused_mib=321 swapout_kib+=0 swapin_kib+=256 gpu_mib=4917
21:36:25 phase=measured avail_mib=30424 free_mib=295 cached_mib=30447 swapused_mib=321 swapout_kib+=140 swapin_kib+=20 gpu_mib=4917
21:36:27 phase=measured avail_mib=30431 free_mib=355 cached_mib=30393 swapused_mib=321 swapout_kib+=328 swapin_kib+=0 gpu_mib=4921
21:36:29 phase=measured avail_mib=30427 free_mib=349 cached_mib=30394 swapused_mib=321 swapout_kib+=188 swapin_kib+=0 gpu_mib=4921
21:36:31 phase=measured avail_mib=30415 free_mib=385 cached_mib=30346 swapused_mib=321 swapout_kib+=0 swapin_kib+=0 gpu_mib=4921
21:36:33 phase=measured avail_mib=30359 free_mib=302 cached_mib=30372 swapused_mib=321 swapout_kib+=0 swapin_kib+=0 gpu_mib=4927
21:36:35 phase=measured avail_mib=30399 free_mib=322 cached_mib=30393 swapused_mib=321 swapout_kib+=44 swapin_kib+=0 gpu_mib=4927
21:36:37 phase=measured avail_mib=30187 free_mib=255 cached_mib=30247 swapused_mib=321 swapout_kib+=824 swapin_kib+=948 gpu_mib=4929
21:36:39 phase=measured avail_mib=30174 free_mib=255 cached_mib=30235 swapused_mib=321 swapout_kib+=12 swapin_kib+=0 gpu_mib=4929
21:36:41 phase=measured avail_mib=30145 free_mib=255 cached_mib=30205 swapused_mib=317 swapout_kib+=8 swapin_kib+=29968 gpu_mib=4929
21:36:43 phase=measured avail_mib=30154 free_mib=240 cached_mib=30229 swapused_mib=317 swapout_kib+=0 swapin_kib+=0 gpu_mib=4929
21:36:45 phase=measured avail_mib=30147 free_mib=278 cached_mib=30185 swapused_mib=317 swapout_kib+=0 swapin_kib+=0 gpu_mib=4929
21:36:47 phase=measured avail_mib=30157 free_mib=262 cached_mib=30209 swapused_mib=317 swapout_kib+=0 swapin_kib+=0 gpu_mib=4929
21:36:49 phase=measured avail_mib=30170 free_mib=246 cached_mib=30239 swapused_mib=317 swapout_kib+=0 swapin_kib+=52 gpu_mib=4929
21:36:51 phase=measured avail_mib=30173 free_mib=255 cached_mib=30233 swapused_mib=317 swapout_kib+=0 swapin_kib+=0 gpu_mib=4929
21:36:53 phase=measured avail_mib=30149 free_mib=323 cached_mib=30142 swapused_mib=317 swapout_kib+=0 swapin_kib+=0 gpu_mib=4929
21:36:55 phase=measured avail_mib=30142 free_mib=279 cached_mib=30178 swapused_mib=317 swapout_kib+=0 swapin_kib+=0 gpu_mib=4929
21:36:57 phase=measured avail_mib=30159 free_mib=268 cached_mib=30205 swapused_mib=317 swapout_kib+=0 swapin_kib+=0 gpu_mib=4929
21:36:59 phase=measured avail_mib=30158 free_mib=253 cached_mib=30221 swapused_mib=317 swapout_kib+=0 swapin_kib+=32 gpu_mib=4929
21:37:01 phase=measured avail_mib=30174 free_mib=383 cached_mib=30106 swapused_mib=317 swapout_kib+=0 swapin_kib+=0 gpu_mib=4929
21:37:03 phase=measured avail_mib=30174 free_mib=331 cached_mib=30157 swapused_mib=317 swapout_kib+=0 swapin_kib+=60 gpu_mib=4929
21:37:05 phase=measured avail_mib=30121 free_mib=378 cached_mib=30057 swapused_mib=317 swapout_kib+=0 swapin_kib+=0 gpu_mib=4929
21:37:07 phase=measured avail_mib=30101 free_mib=333 cached_mib=30083 swapused_mib=317 swapout_kib+=0 swapin_kib+=0 gpu_mib=4929
21:37:09 phase=measured avail_mib=30115 free_mib=325 cached_mib=30105 swapused_mib=317 swapout_kib+=0 swapin_kib+=0 gpu_mib=4929
21:37:11 phase=measured avail_mib=30258 free_mib=440 cached_mib=30109 swapused_mib=302 swapout_kib+=0 swapin_kib+=67104 gpu_mib=165
21:37:14 phase=idle avail_mib=30886 free_mib=906 cached_mib=30261 swapused_mib=130 swapout_kib+=0 swapin_kib+=4304 gpu_mib=0
21:37:16 phase=load avail_mib=30759 free_mib=709 cached_mib=30330 swapused_mib=130 swapout_kib+=0 swapin_kib+=976 gpu_mib=1
21:37:18 phase=load avail_mib=30739 free_mib=350 cached_mib=30678 swapused_mib=130 swapout_kib+=32 swapin_kib+=32 gpu_mib=113
21:37:20 phase=load avail_mib=30762 free_mib=293 cached_mib=30758 swapused_mib=131 swapout_kib+=16 swapin_kib+=76 gpu_mib=113
21:37:22 phase=load avail_mib=30737 free_mib=312 cached_mib=30715 swapused_mib=131 swapout_kib+=0 swapin_kib+=0 gpu_mib=113
21:37:24 phase=load avail_mib=30706 free_mib=328 cached_mib=30666 swapused_mib=131 swapout_kib+=0 swapin_kib+=0 gpu_mib=113
21:37:26 phase=load avail_mib=30712 free_mib=310 cached_mib=30691 swapused_mib=131 swapout_kib+=0 swapin_kib+=20 gpu_mib=113
21:37:28 phase=load avail_mib=30697 free_mib=232 cached_mib=30756 swapused_mib=131 swapout_kib+=68 swapin_kib+=4 gpu_mib=113
21:37:30 phase=load avail_mib=30652 free_mib=208 cached_mib=30735 swapused_mib=155 swapout_kib+=25428 swapin_kib+=4 gpu_mib=113
21:37:32 phase=load avail_mib=30845 free_mib=228 cached_mib=30908 swapused_mib=302 swapout_kib+=152256 swapin_kib+=144 gpu_mib=113
21:37:34 phase=load avail_mib=30789 free_mib=274 cached_mib=30813 swapused_mib=324 swapout_kib+=33820 swapin_kib+=26136 gpu_mib=4553
21:37:36 phase=load avail_mib=30737 free_mib=252 cached_mib=30783 swapused_mib=323 swapout_kib+=2828 swapin_kib+=2332 gpu_mib=4587
21:37:38 phase=load avail_mib=30777 free_mib=296 cached_mib=30779 swapused_mib=326 swapout_kib+=31476 swapin_kib+=20 gpu_mib=4587
21:37:40 phase=measured avail_mib=30754 free_mib=243 cached_mib=30809 swapused_mib=326 swapout_kib+=456 swapin_kib+=80 gpu_mib=4587
21:37:42 phase=measured avail_mib=30709 free_mib=313 cached_mib=30691 swapused_mib=322 swapout_kib+=0 swapin_kib+=68080 gpu_mib=4587
21:37:44 phase=measured avail_mib=30635 free_mib=334 cached_mib=30596 swapused_mib=322 swapout_kib+=0 swapin_kib+=8 gpu_mib=4587
21:37:46 phase=measured avail_mib=30691 free_mib=295 cached_mib=30693 swapused_mib=322 swapout_kib+=1060 swapin_kib+=0 gpu_mib=4587
21:37:48 phase=measured avail_mib=30670 free_mib=271 cached_mib=30697 swapused_mib=322 swapout_kib+=56 swapin_kib+=8 gpu_mib=4587
21:37:51 phase=measured avail_mib=30677 free_mib=278 cached_mib=30696 swapused_mib=322 swapout_kib+=4 swapin_kib+=3912 gpu_mib=4587
21:37:53 phase=measured avail_mib=30716 free_mib=251 cached_mib=30762 swapused_mib=331 swapout_kib+=9304 swapin_kib+=0 gpu_mib=4587
21:37:55 phase=measured avail_mib=30713 free_mib=308 cached_mib=30703 swapused_mib=331 swapout_kib+=0 swapin_kib+=112 gpu_mib=4587
21:37:57 phase=measured avail_mib=30708 free_mib=352 cached_mib=30653 swapused_mib=331 swapout_kib+=0 swapin_kib+=0 gpu_mib=4587
21:37:59 phase=measured avail_mib=30691 free_mib=239 cached_mib=30749 swapused_mib=331 swapout_kib+=0 swapin_kib+=0 gpu_mib=4587
21:38:01 phase=measured avail_mib=30693 free_mib=297 cached_mib=30693 swapused_mib=331 swapout_kib+=0 swapin_kib+=0 gpu_mib=4587
21:38:03 phase=measured avail_mib=30680 free_mib=319 cached_mib=30658 swapused_mib=331 swapout_kib+=0 swapin_kib+=604 gpu_mib=4587
21:38:05 phase=measured avail_mib=30698 free_mib=218 cached_mib=30777 swapused_mib=331 swapout_kib+=0 swapin_kib+=4 gpu_mib=4587
21:38:07 phase=measured avail_mib=30669 free_mib=229 cached_mib=30738 swapused_mib=331 swapout_kib+=0 swapin_kib+=0 gpu_mib=4587
21:38:09 phase=measured avail_mib=30686 free_mib=225 cached_mib=30758 swapused_mib=331 swapout_kib+=0 swapin_kib+=8 gpu_mib=4587
21:38:11 phase=measured avail_mib=30671 free_mib=376 cached_mib=30592 swapused_mib=331 swapout_kib+=0 swapin_kib+=0 gpu_mib=4587
21:38:13 phase=measured avail_mib=30641 free_mib=344 cached_mib=30594 swapused_mib=331 swapout_kib+=680 swapin_kib+=220 gpu_mib=4587
21:38:15 phase=measured avail_mib=30690 free_mib=350 cached_mib=30638 swapused_mib=331 swapout_kib+=56 swapin_kib+=16 gpu_mib=4587
21:38:17 phase=measured avail_mib=30677 free_mib=375 cached_mib=30599 swapused_mib=331 swapout_kib+=764 swapin_kib+=0 gpu_mib=4587
21:38:19 phase=measured avail_mib=30645 free_mib=281 cached_mib=30661 swapused_mib=331 swapout_kib+=632 swapin_kib+=12 gpu_mib=4587
21:38:21 phase=measured avail_mib=30570 free_mib=374 cached_mib=30510 swapused_mib=325 swapout_kib+=1496 swapin_kib+=372 gpu_mib=4869
21:38:23 phase=measured avail_mib=30399 free_mib=221 cached_mib=30493 swapused_mib=325 swapout_kib+=3492 swapin_kib+=6456 gpu_mib=4901
21:38:25 phase=measured avail_mib=30391 free_mib=288 cached_mib=30418 swapused_mib=325 swapout_kib+=3660 swapin_kib+=8 gpu_mib=4901
21:38:27 phase=measured avail_mib=30393 free_mib=270 cached_mib=30438 swapused_mib=327 swapout_kib+=3420 swapin_kib+=12 gpu_mib=4901
21:38:29 phase=measured avail_mib=30402 free_mib=318 cached_mib=30400 swapused_mib=327 swapout_kib+=1436 swapin_kib+=4 gpu_mib=4901
21:38:31 phase=measured avail_mib=30399 free_mib=302 cached_mib=30412 swapused_mib=327 swapout_kib+=0 swapin_kib+=28 gpu_mib=4901
21:38:33 phase=measured avail_mib=30399 free_mib=242 cached_mib=30472 swapused_mib=389 swapout_kib+=70220 swapin_kib+=12 gpu_mib=4901
21:38:35 phase=measured avail_mib=30463 free_mib=266 cached_mib=30512 swapused_mib=394 swapout_kib+=6324 swapin_kib+=0 gpu_mib=4901
21:38:37 phase=measured avail_mib=30451 free_mib=230 cached_mib=30536 swapused_mib=394 swapout_kib+=0 swapin_kib+=500 gpu_mib=4901
21:38:39 phase=measured avail_mib=30465 free_mib=337 cached_mib=30443 swapused_mib=394 swapout_kib+=1752 swapin_kib+=0 gpu_mib=4901
21:38:41 phase=measured avail_mib=30457 free_mib=378 cached_mib=30394 swapused_mib=394 swapout_kib+=680 swapin_kib+=0 gpu_mib=4901
21:38:43 phase=measured avail_mib=30467 free_mib=342 cached_mib=30439 swapused_mib=394 swapout_kib+=0 swapin_kib+=1892 gpu_mib=4907
21:38:45 phase=measured avail_mib=30481 free_mib=304 cached_mib=30492 swapused_mib=394 swapout_kib+=2332 swapin_kib+=0 gpu_mib=4907
21:38:47 phase=measured avail_mib=30484 free_mib=294 cached_mib=30504 swapused_mib=394 swapout_kib+=188 swapin_kib+=8 gpu_mib=4907
21:38:49 phase=measured avail_mib=30502 free_mib=288 cached_mib=30528 swapused_mib=395 swapout_kib+=5024 swapin_kib+=300 gpu_mib=4911
21:38:52 phase=measured avail_mib=30472 free_mib=333 cached_mib=30454 swapused_mib=395 swapout_kib+=8 swapin_kib+=52 gpu_mib=4911
21:38:54 phase=measured avail_mib=30445 free_mib=335 cached_mib=30424 swapused_mib=395 swapout_kib+=0 swapin_kib+=236 gpu_mib=4911
21:38:56 phase=measured avail_mib=30452 free_mib=310 cached_mib=30456 swapused_mib=395 swapout_kib+=456 swapin_kib+=0 gpu_mib=4917
21:38:58 phase=measured avail_mib=30471 free_mib=331 cached_mib=30455 swapused_mib=395 swapout_kib+=588 swapin_kib+=0 gpu_mib=4917
21:39:00 phase=measured avail_mib=30482 free_mib=255 cached_mib=30541 swapused_mib=395 swapout_kib+=0 swapin_kib+=0 gpu_mib=4921
21:39:02 phase=measured avail_mib=30472 free_mib=278 cached_mib=30508 swapused_mib=395 swapout_kib+=4 swapin_kib+=0 gpu_mib=4921
21:39:04 phase=measured avail_mib=30485 free_mib=361 cached_mib=30439 swapused_mib=395 swapout_kib+=0 swapin_kib+=8 gpu_mib=4921
21:39:06 phase=measured avail_mib=30480 free_mib=247 cached_mib=30547 swapused_mib=395 swapout_kib+=0 swapin_kib+=4 gpu_mib=4927
21:39:08 phase=measured avail_mib=30203 free_mib=328 cached_mib=30190 swapused_mib=394 swapout_kib+=1368 swapin_kib+=1500 gpu_mib=4929
21:39:10 phase=measured avail_mib=30172 free_mib=274 cached_mib=30212 swapused_mib=394 swapout_kib+=0 swapin_kib+=0 gpu_mib=4929
21:39:12 phase=measured avail_mib=30185 free_mib=255 cached_mib=30244 swapused_mib=394 swapout_kib+=0 swapin_kib+=12 gpu_mib=4929
21:39:14 phase=measured avail_mib=30193 free_mib=259 cached_mib=30248 swapused_mib=394 swapout_kib+=20 swapin_kib+=3824 gpu_mib=4929
21:39:16 phase=measured avail_mib=30183 free_mib=227 cached_mib=30271 swapused_mib=394 swapout_kib+=0 swapin_kib+=0 gpu_mib=4929
21:39:18 phase=measured avail_mib=30215 free_mib=238 cached_mib=30291 swapused_mib=394 swapout_kib+=708 swapin_kib+=8 gpu_mib=4929
21:39:20 phase=measured avail_mib=30246 free_mib=333 cached_mib=30228 swapused_mib=416 swapout_kib+=30228 swapin_kib+=4 gpu_mib=4929
21:39:22 phase=measured avail_mib=30231 free_mib=274 cached_mib=30270 swapused_mib=416 swapout_kib+=0 swapin_kib+=40 gpu_mib=4929
21:39:24 phase=measured avail_mib=30249 free_mib=273 cached_mib=30290 swapused_mib=416 swapout_kib+=0 swapin_kib+=0 gpu_mib=4929
21:39:26 phase=measured avail_mib=30253 free_mib=227 cached_mib=30339 swapused_mib=416 swapout_kib+=0 swapin_kib+=24 gpu_mib=4929
21:39:28 phase=measured avail_mib=30246 free_mib=320 cached_mib=30239 swapused_mib=416 swapout_kib+=300 swapin_kib+=4 gpu_mib=4929
21:39:30 phase=measured avail_mib=30225 free_mib=271 cached_mib=30268 swapused_mib=416 swapout_kib+=0 swapin_kib+=8 gpu_mib=4929
21:39:32 phase=measured avail_mib=30242 free_mib=277 cached_mib=30278 swapused_mib=416 swapout_kib+=0 swapin_kib+=0 gpu_mib=4929
21:39:34 phase=measured avail_mib=30261 free_mib=270 cached_mib=30305 swapused_mib=416 swapout_kib+=0 swapin_kib+=28 gpu_mib=4929
21:39:36 phase=measured avail_mib=30253 free_mib=227 cached_mib=30339 swapused_mib=416 swapout_kib+=0 swapin_kib+=0 gpu_mib=4929
21:39:38 phase=measured avail_mib=30245 free_mib=289 cached_mib=30270 swapused_mib=416 swapout_kib+=156 swapin_kib+=0 gpu_mib=4929
21:39:40 phase=measured avail_mib=30257 free_mib=270 cached_mib=30301 swapused_mib=416 swapout_kib+=0 swapin_kib+=0 gpu_mib=4929
21:39:42 phase=measured avail_mib=30268 free_mib=329 cached_mib=30253 swapused_mib=416 swapout_kib+=156 swapin_kib+=128 gpu_mib=4929
21:39:46 phase=measured avail_mib=31073 free_mib=1030 cached_mib=30324 swapused_mib=134 swapout_kib+=0 swapin_kib+=72356 gpu_mib=0
21:39:48 phase=load avail_mib=30918 free_mib=719 cached_mib=30479 swapused_mib=134 swapout_kib+=0 swapin_kib+=904 gpu_mib=3
21:39:50 phase=load avail_mib=30734 free_mib=273 cached_mib=30749 swapused_mib=134 swapout_kib+=484 swapin_kib+=12 gpu_mib=113
21:39:52 phase=load avail_mib=30712 free_mib=253 cached_mib=30747 swapused_mib=134 swapout_kib+=1188 swapin_kib+=16 gpu_mib=113
21:39:54 phase=load avail_mib=30725 free_mib=277 cached_mib=30737 swapused_mib=134 swapout_kib+=340 swapin_kib+=4 gpu_mib=113
21:39:56 phase=load avail_mib=30712 free_mib=241 cached_mib=30760 swapused_mib=134 swapout_kib+=40 swapin_kib+=8 gpu_mib=113
21:39:58 phase=load avail_mib=30693 free_mib=227 cached_mib=30755 swapused_mib=134 swapout_kib+=0 swapin_kib+=4 gpu_mib=113
21:40:01 phase=load avail_mib=30708 free_mib=292 cached_mib=30705 swapused_mib=134 swapout_kib+=0 swapin_kib+=0 gpu_mib=113
21:40:03 phase=load avail_mib=30731 free_mib=298 cached_mib=30724 swapused_mib=134 swapout_kib+=2720 swapin_kib+=732 gpu_mib=113
21:40:05 phase=load avail_mib=30713 free_mib=229 cached_mib=30774 swapused_mib=134 swapout_kib+=3208 swapin_kib+=0 gpu_mib=113
21:40:07 phase=load avail_mib=30920 free_mib=257 cached_mib=30953 swapused_mib=333 swapout_kib+=213580 swapin_kib+=3124 gpu_mib=3931
21:40:09 phase=load avail_mib=30769 free_mib=252 cached_mib=30815 swapused_mib=323 swapout_kib+=292 swapin_kib+=24952 gpu_mib=4587
21:40:11 phase=load avail_mib=30759 free_mib=328 cached_mib=30728 swapused_mib=323 swapout_kib+=1828 swapin_kib+=440 gpu_mib=4587
21:40:13 phase=load avail_mib=30744 free_mib=320 cached_mib=30722 swapused_mib=323 swapout_kib+=876 swapin_kib+=18204 gpu_mib=4587
21:40:15 phase=measured avail_mib=30746 free_mib=358 cached_mib=30685 swapused_mib=323 swapout_kib+=0 swapin_kib+=84 gpu_mib=4587
21:40:17 phase=measured avail_mib=30735 free_mib=258 cached_mib=30774 swapused_mib=323 swapout_kib+=0 swapin_kib+=24 gpu_mib=4587
21:40:19 phase=measured avail_mib=30718 free_mib=308 cached_mib=30707 swapused_mib=323 swapout_kib+=2216 swapin_kib+=400 gpu_mib=4587
21:40:21 phase=measured avail_mib=30725 free_mib=307 cached_mib=30716 swapused_mib=323 swapout_kib+=496 swapin_kib+=8 gpu_mib=4587
21:40:23 phase=measured avail_mib=30732 free_mib=290 cached_mib=30739 swapused_mib=323 swapout_kib+=108 swapin_kib+=2188 gpu_mib=4587
21:40:25 phase=measured avail_mib=30740 free_mib=321 cached_mib=30716 swapused_mib=323 swapout_kib+=0 swapin_kib+=16 gpu_mib=4587
21:40:27 phase=measured avail_mib=30745 free_mib=255 cached_mib=30787 swapused_mib=324 swapout_kib+=1408 swapin_kib+=8 gpu_mib=4587
21:40:29 phase=measured avail_mib=30699 free_mib=284 cached_mib=30713 swapused_mib=324 swapout_kib+=800 swapin_kib+=4 gpu_mib=4587
21:40:31 phase=measured avail_mib=30704 free_mib=304 cached_mib=30697 swapused_mib=324 swapout_kib+=140 swapin_kib+=0 gpu_mib=4587
21:40:33 phase=measured avail_mib=30716 free_mib=292 cached_mib=30722 swapused_mib=324 swapout_kib+=28 swapin_kib+=0 gpu_mib=4587
21:40:35 phase=measured avail_mib=30726 free_mib=340 cached_mib=30684 swapused_mib=324 swapout_kib+=0 swapin_kib+=0 gpu_mib=4587
21:40:37 phase=measured avail_mib=30682 free_mib=301 cached_mib=30679 swapused_mib=324 swapout_kib+=0 swapin_kib+=0 gpu_mib=4587
21:40:39 phase=measured avail_mib=30694 free_mib=264 cached_mib=30728 swapused_mib=324 swapout_kib+=0 swapin_kib+=12 gpu_mib=4587
21:40:41 phase=measured avail_mib=30696 free_mib=269 cached_mib=30724 swapused_mib=324 swapout_kib+=0 swapin_kib+=8 gpu_mib=4587
21:40:43 phase=measured avail_mib=30674 free_mib=305 cached_mib=30666 swapused_mib=324 swapout_kib+=0 swapin_kib+=764 gpu_mib=4587
21:40:45 phase=measured avail_mib=30683 free_mib=303 cached_mib=30678 swapused_mib=324 swapout_kib+=0 swapin_kib+=0 gpu_mib=4587
21:40:47 phase=measured avail_mib=30686 free_mib=265 cached_mib=30719 swapused_mib=324 swapout_kib+=0 swapin_kib+=16 gpu_mib=4587
21:40:49 phase=measured avail_mib=30698 free_mib=329 cached_mib=30667 swapused_mib=324 swapout_kib+=0 swapin_kib+=16 gpu_mib=4587
21:40:51 phase=measured avail_mib=30715 free_mib=259 cached_mib=30754 swapused_mib=324 swapout_kib+=0 swapin_kib+=8 gpu_mib=4587
21:40:53 phase=measured avail_mib=30696 free_mib=283 cached_mib=30728 swapused_mib=324 swapout_kib+=84 swapin_kib+=140 gpu_mib=4869
21:40:55 phase=measured avail_mib=30441 free_mib=370 cached_mib=30386 swapused_mib=324 swapout_kib+=68 swapin_kib+=6332 gpu_mib=4901
21:40:57 phase=measured avail_mib=30413 free_mib=247 cached_mib=30482 swapused_mib=324 swapout_kib+=0 swapin_kib+=32 gpu_mib=4901
21:40:59 phase=measured avail_mib=30412 free_mib=306 cached_mib=30421 swapused_mib=324 swapout_kib+=472 swapin_kib+=4 gpu_mib=4901
21:41:01 phase=measured avail_mib=30412 free_mib=315 cached_mib=30412 swapused_mib=328 swapout_kib+=5472 swapin_kib+=52 gpu_mib=4901
21:41:04 phase=measured avail_mib=30407 free_mib=335 cached_mib=30387 swapused_mib=328 swapout_kib+=120 swapin_kib+=4 gpu_mib=4901
21:41:06 phase=measured avail_mib=30418 free_mib=274 cached_mib=30459 swapused_mib=328 swapout_kib+=412 swapin_kib+=28 gpu_mib=4901
21:41:08 phase=measured avail_mib=30400 free_mib=299 cached_mib=30416 swapused_mib=329 swapout_kib+=520 swapin_kib+=0 gpu_mib=4901
21:41:10 phase=measured avail_mib=30418 free_mib=345 cached_mib=30388 swapused_mib=343 swapout_kib+=17380 swapin_kib+=4 gpu_mib=4901
21:41:12 phase=measured avail_mib=30403 free_mib=297 cached_mib=30421 swapused_mib=343 swapout_kib+=0 swapin_kib+=124 gpu_mib=4901
21:41:14 phase=measured avail_mib=30406 free_mib=241 cached_mib=30480 swapused_mib=343 swapout_kib+=0 swapin_kib+=4380 gpu_mib=4901
21:41:16 phase=measured avail_mib=30440 free_mib=356 cached_mib=30398 swapused_mib=343 swapout_kib+=0 swapin_kib+=8 gpu_mib=4901
21:41:18 phase=measured avail_mib=30383 free_mib=302 cached_mib=30395 swapused_mib=343 swapout_kib+=0 swapin_kib+=48 gpu_mib=4907
21:41:20 phase=measured avail_mib=30418 free_mib=326 cached_mib=30407 swapused_mib=343 swapout_kib+=0 swapin_kib+=20 gpu_mib=4907
21:41:22 phase=measured avail_mib=30384 free_mib=283 cached_mib=30415 swapused_mib=343 swapout_kib+=0 swapin_kib+=108 gpu_mib=4911
21:41:24 phase=measured avail_mib=30372 free_mib=287 cached_mib=30398 swapused_mib=343 swapout_kib+=0 swapin_kib+=104 gpu_mib=4911
21:41:26 phase=measured avail_mib=30360 free_mib=257 cached_mib=30417 swapused_mib=343 swapout_kib+=0 swapin_kib+=0 gpu_mib=4911
21:41:28 phase=measured avail_mib=30421 free_mib=307 cached_mib=30427 swapused_mib=343 swapout_kib+=0 swapin_kib+=212 gpu_mib=4917
21:41:30 phase=measured avail_mib=30400 free_mib=232 cached_mib=30482 swapused_mib=343 swapout_kib+=0 swapin_kib+=0 gpu_mib=4917
21:41:32 phase=measured avail_mib=30414 free_mib=299 cached_mib=30428 swapused_mib=343 swapout_kib+=0 swapin_kib+=0 gpu_mib=4921
21:41:34 phase=measured avail_mib=30399 free_mib=246 cached_mib=30467 swapused_mib=343 swapout_kib+=0 swapin_kib+=32 gpu_mib=4921
21:41:36 phase=measured avail_mib=30449 free_mib=370 cached_mib=30392 swapused_mib=343 swapout_kib+=0 swapin_kib+=12 gpu_mib=4921
21:41:38 phase=measured avail_mib=30380 free_mib=264 cached_mib=30429 swapused_mib=343 swapout_kib+=0 swapin_kib+=4 gpu_mib=4927
21:41:40 phase=measured avail_mib=30385 free_mib=251 cached_mib=30447 swapused_mib=343 swapout_kib+=0 swapin_kib+=0 gpu_mib=4927
21:41:42 phase=measured avail_mib=30182 free_mib=284 cached_mib=30211 swapused_mib=343 swapout_kib+=80 swapin_kib+=412 gpu_mib=4929
21:41:44 phase=measured avail_mib=30170 free_mib=239 cached_mib=30244 swapused_mib=343 swapout_kib+=0 swapin_kib+=276 gpu_mib=4929
21:41:46 phase=measured avail_mib=30151 free_mib=259 cached_mib=30206 swapused_mib=343 swapout_kib+=0 swapin_kib+=0 gpu_mib=4929
21:41:48 phase=measured avail_mib=30168 free_mib=254 cached_mib=30227 swapused_mib=343 swapout_kib+=0 swapin_kib+=0 gpu_mib=4929
21:41:50 phase=measured avail_mib=30180 free_mib=323 cached_mib=30171 swapused_mib=343 swapout_kib+=24 swapin_kib+=8 gpu_mib=4929
21:41:52 phase=measured avail_mib=30150 free_mib=268 cached_mib=30196 swapused_mib=343 swapout_kib+=0 swapin_kib+=0 gpu_mib=4929
21:41:54 phase=measured avail_mib=30201 free_mib=261 cached_mib=30254 swapused_mib=343 swapout_kib+=0 swapin_kib+=36 gpu_mib=4929
21:41:56 phase=measured avail_mib=30176 free_mib=294 cached_mib=30196 swapused_mib=343 swapout_kib+=4 swapin_kib+=8 gpu_mib=4929
21:41:58 phase=measured avail_mib=30176 free_mib=256 cached_mib=30233 swapused_mib=343 swapout_kib+=0 swapin_kib+=4 gpu_mib=4929
21:42:00 phase=measured avail_mib=30199 free_mib=313 cached_mib=30199 swapused_mib=343 swapout_kib+=4 swapin_kib+=4 gpu_mib=4929
21:42:03 phase=measured avail_mib=30173 free_mib=259 cached_mib=30228 swapused_mib=343 swapout_kib+=0 swapin_kib+=0 gpu_mib=4929
21:42:05 phase=measured avail_mib=30183 free_mib=270 cached_mib=30227 swapused_mib=343 swapout_kib+=8 swapin_kib+=16 gpu_mib=4929
21:42:07 phase=measured avail_mib=30188 free_mib=261 cached_mib=30241 swapused_mib=343 swapout_kib+=0 swapin_kib+=0 gpu_mib=4929
21:42:09 phase=measured avail_mib=30204 free_mib=274 cached_mib=30243 swapused_mib=343 swapout_kib+=40 swapin_kib+=0 gpu_mib=4929
21:42:11 phase=measured avail_mib=30191 free_mib=326 cached_mib=30178 swapused_mib=343 swapout_kib+=0 swapin_kib+=64 gpu_mib=4929
21:42:13 phase=measured avail_mib=30147 free_mib=265 cached_mib=30204 swapused_mib=343 swapout_kib+=0 swapin_kib+=4 gpu_mib=4929
21:42:15 phase=measured avail_mib=30162 free_mib=262 cached_mib=30222 swapused_mib=343 swapout_kib+=0 swapin_kib+=1740 gpu_mib=4929
21:42:17 phase=measured avail_mib=30282 free_mib=348 cached_mib=30224 swapused_mib=340 swapout_kib+=0 swapin_kib+=55776 gpu_mib=165
21:42:19 phase=load avail_mib=30888 free_mib=724 cached_mib=30444 swapused_mib=134 swapout_kib+=0 swapin_kib+=15816 gpu_mib=1
21:42:21 phase=load avail_mib=30766 free_mib=254 cached_mib=30799 swapused_mib=134 swapout_kib+=8 swapin_kib+=152 gpu_mib=113
21:42:23 phase=load avail_mib=30754 free_mib=299 cached_mib=30743 swapused_mib=134 swapout_kib+=272 swapin_kib+=20 gpu_mib=113
21:42:25 phase=load avail_mib=30744 free_mib=238 cached_mib=30794 swapused_mib=135 swapout_kib+=1304 swapin_kib+=8 gpu_mib=113
21:42:27 phase=load avail_mib=30720 free_mib=295 cached_mib=30713 swapused_mib=135 swapout_kib+=284 swapin_kib+=0 gpu_mib=113
21:42:29 phase=load avail_mib=30711 free_mib=270 cached_mib=30729 swapused_mib=135 swapout_kib+=0 swapin_kib+=0 gpu_mib=113
21:42:31 phase=load avail_mib=30724 free_mib=287 cached_mib=30725 swapused_mib=135 swapout_kib+=12 swapin_kib+=0 gpu_mib=113
21:42:33 phase=load avail_mib=30699 free_mib=267 cached_mib=30721 swapused_mib=135 swapout_kib+=284 swapin_kib+=4 gpu_mib=113
21:42:35 phase=load avail_mib=30900 free_mib=229 cached_mib=30959 swapused_mib=335 swapout_kib+=205792 swapin_kib+=112 gpu_mib=113
21:42:37 phase=load avail_mib=30905 free_mib=285 cached_mib=30910 swapused_mib=336 swapout_kib+=11788 swapin_kib+=3068 gpu_mib=7781
21:42:39 phase=load avail_mib=30772 free_mib=284 cached_mib=30786 swapused_mib=326 swapout_kib+=0 swapin_kib+=24952 gpu_mib=8435
21:42:42 phase=load avail_mib=30766 free_mib=246 cached_mib=30819 swapused_mib=325 swapout_kib+=868 swapin_kib+=516 gpu_mib=8435
21:42:44 phase=load avail_mib=30737 free_mib=236 cached_mib=30796 swapused_mib=325 swapout_kib+=872 swapin_kib+=6124 gpu_mib=8435
21:42:46 phase=measured avail_mib=30748 free_mib=315 cached_mib=30729 swapused_mib=324 swapout_kib+=0 swapin_kib+=9264 gpu_mib=8435
21:42:48 phase=measured avail_mib=30745 free_mib=331 cached_mib=30710 swapused_mib=325 swapout_kib+=1152 swapin_kib+=8 gpu_mib=8435
21:42:50 phase=measured avail_mib=30757 free_mib=298 cached_mib=30754 swapused_mib=325 swapout_kib+=1204 swapin_kib+=16 gpu_mib=8435
21:42:52 phase=measured avail_mib=30748 free_mib=302 cached_mib=30743 swapused_mib=325 swapout_kib+=236 swapin_kib+=0 gpu_mib=8435
21:42:54 phase=measured avail_mib=30759 free_mib=285 cached_mib=30771 swapused_mib=325 swapout_kib+=0 swapin_kib+=12 gpu_mib=8435
21:42:56 phase=measured avail_mib=30741 free_mib=244 cached_mib=30794 swapused_mib=325 swapout_kib+=0 swapin_kib+=1896 gpu_mib=8435
21:42:58 phase=measured avail_mib=30728 free_mib=230 cached_mib=30796 swapused_mib=325 swapout_kib+=352 swapin_kib+=8 gpu_mib=8435
21:43:00 phase=measured avail_mib=30730 free_mib=265 cached_mib=30764 swapused_mib=325 swapout_kib+=80 swapin_kib+=0 gpu_mib=8435
21:43:02 phase=measured avail_mib=30734 free_mib=295 cached_mib=30737 swapused_mib=325 swapout_kib+=0 swapin_kib+=4 gpu_mib=8435
21:43:04 phase=measured avail_mib=30728 free_mib=332 cached_mib=30695 swapused_mib=325 swapout_kib+=0 swapin_kib+=0 gpu_mib=8435
21:43:06 phase=measured avail_mib=30730 free_mib=278 cached_mib=30750 swapused_mib=325 swapout_kib+=0 swapin_kib+=0 gpu_mib=8435
21:43:08 phase=measured avail_mib=30713 free_mib=255 cached_mib=30756 swapused_mib=325 swapout_kib+=0 swapin_kib+=8 gpu_mib=8435
21:43:10 phase=measured avail_mib=30717 free_mib=316 cached_mib=30699 swapused_mib=325 swapout_kib+=0 swapin_kib+=0 gpu_mib=8435
21:43:12 phase=measured avail_mib=30660 free_mib=250 cached_mib=30708 swapused_mib=325 swapout_kib+=0 swapin_kib+=0 gpu_mib=8435
21:43:14 phase=measured avail_mib=30681 free_mib=267 cached_mib=30712 swapused_mib=325 swapout_kib+=0 swapin_kib+=5244 gpu_mib=8435
21:43:16 phase=measured avail_mib=30690 free_mib=362 cached_mib=30626 swapused_mib=325 swapout_kib+=0 swapin_kib+=180 gpu_mib=8435
21:43:18 phase=measured avail_mib=30716 free_mib=373 cached_mib=30641 swapused_mib=325 swapout_kib+=0 swapin_kib+=0 gpu_mib=8435
21:43:20 phase=measured avail_mib=30658 free_mib=301 cached_mib=30654 swapused_mib=325 swapout_kib+=108 swapin_kib+=12 gpu_mib=8435
21:43:22 phase=measured avail_mib=30652 free_mib=260 cached_mib=30708 swapused_mib=325 swapout_kib+=0 swapin_kib+=164 gpu_mib=8717
21:43:24 phase=measured avail_mib=30436 free_mib=234 cached_mib=30518 swapused_mib=325 swapout_kib+=0 swapin_kib+=6244 gpu_mib=8749
21:43:26 phase=measured avail_mib=30455 free_mib=226 cached_mib=30545 swapused_mib=325 swapout_kib+=4 swapin_kib+=60 gpu_mib=8749
21:43:28 phase=measured avail_mib=30451 free_mib=268 cached_mib=30499 swapused_mib=325 swapout_kib+=204 swapin_kib+=0 gpu_mib=8749
21:43:30 phase=measured avail_mib=30421 free_mib=323 cached_mib=30413 swapused_mib=325 swapout_kib+=0 swapin_kib+=0 gpu_mib=8749
21:43:32 phase=measured avail_mib=30456 free_mib=320 cached_mib=30452 swapused_mib=325 swapout_kib+=20 swapin_kib+=28 gpu_mib=8749
21:43:34 phase=measured avail_mib=30408 free_mib=253 cached_mib=30471 swapused_mib=325 swapout_kib+=0 swapin_kib+=4 gpu_mib=8749
21:43:36 phase=measured avail_mib=30434 free_mib=240 cached_mib=30510 swapused_mib=325 swapout_kib+=0 swapin_kib+=0 gpu_mib=8749
21:43:38 phase=measured avail_mib=30426 free_mib=323 cached_mib=30419 swapused_mib=325 swapout_kib+=0 swapin_kib+=80 gpu_mib=8749
21:43:40 phase=measured avail_mib=30456 free_mib=246 cached_mib=30525 swapused_mib=327 swapout_kib+=3440 swapin_kib+=236 gpu_mib=8749
21:43:42 phase=measured avail_mib=30434 free_mib=320 cached_mib=30430 swapused_mib=327 swapout_kib+=240 swapin_kib+=12 gpu_mib=8749
21:43:45 phase=measured avail_mib=30440 free_mib=273 cached_mib=30483 swapused_mib=327 swapout_kib+=28 swapin_kib+=416 gpu_mib=8755
21:43:47 phase=measured avail_mib=30408 free_mib=265 cached_mib=30459 swapused_mib=327 swapout_kib+=152 swapin_kib+=20 gpu_mib=8755
21:43:49 phase=measured avail_mib=30399 free_mib=266 cached_mib=30448 swapused_mib=327 swapout_kib+=0 swapin_kib+=340 gpu_mib=8759
21:43:51 phase=measured avail_mib=30412 free_mib=260 cached_mib=30467 swapused_mib=327 swapout_kib+=0 swapin_kib+=0 gpu_mib=8759
21:43:53 phase=measured avail_mib=30419 free_mib=334 cached_mib=30401 swapused_mib=327 swapout_kib+=0 swapin_kib+=16 gpu_mib=8759
21:43:55 phase=measured avail_mib=30409 free_mib=268 cached_mib=30456 swapused_mib=327 swapout_kib+=0 swapin_kib+=168 gpu_mib=8765
21:43:57 phase=measured avail_mib=30433 free_mib=272 cached_mib=30476 swapused_mib=327 swapout_kib+=0 swapin_kib+=24 gpu_mib=8765
21:43:59 phase=measured avail_mib=30435 free_mib=316 cached_mib=30435 swapused_mib=327 swapout_kib+=0 swapin_kib+=0 gpu_mib=8769
21:44:01 phase=measured avail_mib=30405 free_mib=316 cached_mib=30404 swapused_mib=327 swapout_kib+=1192 swapin_kib+=0 gpu_mib=8769
21:44:03 phase=measured avail_mib=30373 free_mib=281 cached_mib=30407 swapused_mib=327 swapout_kib+=0 swapin_kib+=0 gpu_mib=8769
21:44:05 phase=measured avail_mib=30398 free_mib=338 cached_mib=30376 swapused_mib=327 swapout_kib+=0 swapin_kib+=0 gpu_mib=8775
21:44:07 phase=measured avail_mib=30157 free_mib=317 cached_mib=30155 swapused_mib=327 swapout_kib+=0 swapin_kib+=312 gpu_mib=8779
21:44:09 phase=measured avail_mib=30142 free_mib=289 cached_mib=30169 swapused_mib=327 swapout_kib+=0 swapin_kib+=0 gpu_mib=8779
21:44:11 phase=measured avail_mib=30139 free_mib=268 cached_mib=30186 swapused_mib=327 swapout_kib+=0 swapin_kib+=4 gpu_mib=8779
21:44:13 phase=measured avail_mib=30145 free_mib=264 cached_mib=30196 swapused_mib=327 swapout_kib+=0 swapin_kib+=12 gpu_mib=8779
21:44:15 phase=measured avail_mib=30174 free_mib=269 cached_mib=30221 swapused_mib=327 swapout_kib+=0 swapin_kib+=1752 gpu_mib=8779
21:44:17 phase=measured avail_mib=30181 free_mib=256 cached_mib=30240 swapused_mib=327 swapout_kib+=0 swapin_kib+=0 gpu_mib=8779
21:44:19 phase=measured avail_mib=30166 free_mib=345 cached_mib=30137 swapused_mib=327 swapout_kib+=0 swapin_kib+=316 gpu_mib=8779
21:44:21 phase=measured avail_mib=30136 free_mib=297 cached_mib=30155 swapused_mib=327 swapout_kib+=0 swapin_kib+=0 gpu_mib=8779
21:44:23 phase=measured avail_mib=30142 free_mib=269 cached_mib=30188 swapused_mib=327 swapout_kib+=0 swapin_kib+=0 gpu_mib=8779
21:44:25 phase=measured avail_mib=30163 free_mib=274 cached_mib=30204 swapused_mib=327 swapout_kib+=0 swapin_kib+=0 gpu_mib=8779
21:44:27 phase=measured avail_mib=30165 free_mib=364 cached_mib=30116 swapused_mib=327 swapout_kib+=0 swapin_kib+=64 gpu_mib=8779
21:44:29 phase=measured avail_mib=30163 free_mib=348 cached_mib=30130 swapused_mib=327 swapout_kib+=0 swapin_kib+=0 gpu_mib=8779
21:44:31 phase=measured avail_mib=30174 free_mib=339 cached_mib=30150 swapused_mib=327 swapout_kib+=0 swapin_kib+=16 gpu_mib=8779
21:44:33 phase=measured avail_mib=30157 free_mib=305 cached_mib=30167 swapused_mib=327 swapout_kib+=0 swapin_kib+=0 gpu_mib=8779
21:44:35 phase=measured avail_mib=30163 free_mib=297 cached_mib=30181 swapused_mib=327 swapout_kib+=0 swapin_kib+=0 gpu_mib=8779
21:44:37 phase=measured avail_mib=30164 free_mib=280 cached_mib=30199 swapused_mib=327 swapout_kib+=0 swapin_kib+=0 gpu_mib=8779
21:44:39 phase=measured avail_mib=30194 free_mib=274 cached_mib=30212 swapused_mib=327 swapout_kib+=0 swapin_kib+=16 gpu_mib=165
21:44:43 phase=idle avail_mib=30981 free_mib=897 cached_mib=30365 swapused_mib=135 swapout_kib+=0 swapin_kib+=71088 gpu_mib=0
21:44:45 phase=load avail_mib=30796 free_mib=627 cached_mib=30450 swapused_mib=135 swapout_kib+=0 swapin_kib+=904 gpu_mib=3
21:44:47 phase=load avail_mib=30707 free_mib=317 cached_mib=30680 swapused_mib=135 swapout_kib+=56 swapin_kib+=32 gpu_mib=113
21:44:49 phase=load avail_mib=30728 free_mib=302 cached_mib=30716 swapused_mib=135 swapout_kib+=416 swapin_kib+=4 gpu_mib=113
21:44:51 phase=load avail_mib=30740 free_mib=286 cached_mib=30743 swapused_mib=135 swapout_kib+=4 swapin_kib+=0 gpu_mib=113
21:44:53 phase=load avail_mib=30740 free_mib=286 cached_mib=30744 swapused_mib=135 swapout_kib+=20 swapin_kib+=0 gpu_mib=113
21:44:55 phase=load avail_mib=30721 free_mib=234 cached_mib=30777 swapused_mib=135 swapout_kib+=0 swapin_kib+=4 gpu_mib=113
21:44:57 phase=load avail_mib=30739 free_mib=295 cached_mib=30733 swapused_mib=135 swapout_kib+=232 swapin_kib+=76 gpu_mib=113
21:44:59 phase=load avail_mib=30717 free_mib=247 cached_mib=30760 swapused_mib=135 swapout_kib+=600 swapin_kib+=4 gpu_mib=113
21:45:01 phase=load avail_mib=30923 free_mib=282 cached_mib=30931 swapused_mib=333 swapout_kib+=208192 swapin_kib+=180 gpu_mib=7781
21:45:03 phase=load avail_mib=30821 free_mib=258 cached_mib=30860 swapused_mib=325 swapout_kib+=3104 swapin_kib+=23396 gpu_mib=8403
21:45:05 phase=load avail_mib=30771 free_mib=288 cached_mib=30779 swapused_mib=323 swapout_kib+=0 swapin_kib+=2372 gpu_mib=8435
21:45:07 phase=load avail_mib=30780 free_mib=333 cached_mib=30745 swapused_mib=323 swapout_kib+=3528 swapin_kib+=28 gpu_mib=8435
21:45:10 phase=measured avail_mib=30776 free_mib=334 cached_mib=30739 swapused_mib=323 swapout_kib+=0 swapin_kib+=4 gpu_mib=8435
21:45:12 phase=measured avail_mib=30769 free_mib=300 cached_mib=30767 swapused_mib=323 swapout_kib+=0 swapin_kib+=20 gpu_mib=8435
21:45:14 phase=measured avail_mib=30759 free_mib=234 cached_mib=30822 swapused_mib=323 swapout_kib+=0 swapin_kib+=0 gpu_mib=8435
21:45:16 phase=measured avail_mib=30724 free_mib=254 cached_mib=30766 swapused_mib=323 swapout_kib+=3156 swapin_kib+=18152 gpu_mib=8435
21:45:18 phase=measured avail_mib=30748 free_mib=253 cached_mib=30792 swapused_mib=323 swapout_kib+=472 swapin_kib+=332 gpu_mib=8435
21:45:20 phase=measured avail_mib=30737 free_mib=257 cached_mib=30777 swapused_mib=323 swapout_kib+=376 swapin_kib+=4 gpu_mib=8435
21:45:22 phase=measured avail_mib=30735 free_mib=359 cached_mib=30673 swapused_mib=323 swapout_kib+=16 swapin_kib+=4 gpu_mib=8435
21:45:24 phase=measured avail_mib=30754 free_mib=300 cached_mib=30750 swapused_mib=323 swapout_kib+=0 swapin_kib+=12 gpu_mib=8435
21:45:26 phase=measured avail_mib=30726 free_mib=304 cached_mib=30719 swapused_mib=323 swapout_kib+=0 swapin_kib+=4 gpu_mib=8435
21:45:28 phase=measured avail_mib=30716 free_mib=241 cached_mib=30769 swapused_mib=323 swapout_kib+=0 swapin_kib+=1608 gpu_mib=8435
21:45:30 phase=measured avail_mib=30712 free_mib=252 cached_mib=30754 swapused_mib=323 swapout_kib+=0 swapin_kib+=0 gpu_mib=8435
21:45:32 phase=measured avail_mib=30706 free_mib=307 cached_mib=30695 swapused_mib=323 swapout_kib+=0 swapin_kib+=12 gpu_mib=8435
21:45:34 phase=measured avail_mib=30740 free_mib=241 cached_mib=30795 swapused_mib=323 swapout_kib+=0 swapin_kib+=36 gpu_mib=8435
21:45:36 phase=measured avail_mib=30718 free_mib=241 cached_mib=30774 swapused_mib=323 swapout_kib+=0 swapin_kib+=36 gpu_mib=8435
21:45:38 phase=measured avail_mib=30741 free_mib=301 cached_mib=30737 swapused_mib=323 swapout_kib+=0 swapin_kib+=0 gpu_mib=8435
21:45:40 phase=measured avail_mib=30722 free_mib=340 cached_mib=30679 swapused_mib=323 swapout_kib+=0 swapin_kib+=0 gpu_mib=8435
21:45:42 phase=measured avail_mib=30721 free_mib=308 cached_mib=30709 swapused_mib=323 swapout_kib+=0 swapin_kib+=0 gpu_mib=8435
21:45:44 phase=measured avail_mib=30718 free_mib=341 cached_mib=30674 swapused_mib=323 swapout_kib+=0 swapin_kib+=20 gpu_mib=8435
21:45:46 phase=measured avail_mib=30697 free_mib=243 cached_mib=30750 swapused_mib=323 swapout_kib+=0 swapin_kib+=284 gpu_mib=8435
21:45:48 phase=measured avail_mib=30579 free_mib=319 cached_mib=30573 swapused_mib=323 swapout_kib+=0 swapin_kib+=5880 gpu_mib=8745
21:45:50 phase=measured avail_mib=30464 free_mib=279 cached_mib=30499 swapused_mib=323 swapout_kib+=0 swapin_kib+=564 gpu_mib=8749
21:45:52 phase=measured avail_mib=30424 free_mib=313 cached_mib=30425 swapused_mib=323 swapout_kib+=192 swapin_kib+=0 gpu_mib=8749
21:45:54 phase=measured avail_mib=30429 free_mib=299 cached_mib=30444 swapused_mib=323 swapout_kib+=0 swapin_kib+=4 gpu_mib=8749
21:45:56 phase=measured avail_mib=30468 free_mib=381 cached_mib=30402 swapused_mib=323 swapout_kib+=12 swapin_kib+=0 gpu_mib=8749
21:45:58 phase=measured avail_mib=30441 free_mib=259 cached_mib=30496 swapused_mib=323 swapout_kib+=0 swapin_kib+=56 gpu_mib=8749
21:46:00 phase=measured avail_mib=30478 free_mib=223 cached_mib=30569 swapused_mib=326 swapout_kib+=3272 swapin_kib+=0 gpu_mib=8749
21:46:02 phase=measured avail_mib=30436 free_mib=264 cached_mib=30487 swapused_mib=326 swapout_kib+=40 swapin_kib+=64 gpu_mib=8749
21:46:04 phase=measured avail_mib=30426 free_mib=235 cached_mib=30505 swapused_mib=326 swapout_kib+=4 swapin_kib+=328 gpu_mib=8749
21:46:06 phase=measured avail_mib=30441 free_mib=302 cached_mib=30453 swapused_mib=326 swapout_kib+=0 swapin_kib+=0 gpu_mib=8749
21:46:08 phase=measured avail_mib=30439 free_mib=312 cached_mib=30441 swapused_mib=326 swapout_kib+=0 swapin_kib+=44 gpu_mib=8755
21:46:11 phase=measured avail_mib=30437 free_mib=326 cached_mib=30426 swapused_mib=326 swapout_kib+=0 swapin_kib+=0 gpu_mib=8755
21:46:13 phase=measured avail_mib=30423 free_mib=336 cached_mib=30401 swapused_mib=326 swapout_kib+=0 swapin_kib+=16 gpu_mib=8755
21:46:15 phase=measured avail_mib=30441 free_mib=230 cached_mib=30526 swapused_mib=326 swapout_kib+=0 swapin_kib+=12 gpu_mib=8759
21:46:17 phase=measured avail_mib=30399 free_mib=241 cached_mib=30473 swapused_mib=326 swapout_kib+=4 swapin_kib+=2484 gpu_mib=8759
21:46:19 phase=measured avail_mib=30370 free_mib=246 cached_mib=30438 swapused_mib=326 swapout_kib+=28 swapin_kib+=236 gpu_mib=8765
21:46:21 phase=measured avail_mib=30357 free_mib=233 cached_mib=30438 swapused_mib=326 swapout_kib+=0 swapin_kib+=0 gpu_mib=8765
21:46:23 phase=measured avail_mib=30367 free_mib=307 cached_mib=30374 swapused_mib=326 swapout_kib+=0 swapin_kib+=0 gpu_mib=8765
21:46:25 phase=measured avail_mib=30371 free_mib=237 cached_mib=30448 swapused_mib=326 swapout_kib+=0 swapin_kib+=0 gpu_mib=8769
21:46:27 phase=measured avail_mib=30414 free_mib=378 cached_mib=30350 swapused_mib=326 swapout_kib+=0 swapin_kib+=0 gpu_mib=8769
21:46:29 phase=measured avail_mib=30357 free_mib=310 cached_mib=30361 swapused_mib=326 swapout_kib+=0 swapin_kib+=28 gpu_mib=8775
21:46:31 phase=measured avail_mib=30386 free_mib=317 cached_mib=30383 swapused_mib=326 swapout_kib+=36 swapin_kib+=0 gpu_mib=8775
21:46:33 phase=measured avail_mib=30088 free_mib=307 cached_mib=30098 swapused_mib=326 swapout_kib+=32 swapin_kib+=988 gpu_mib=8779
21:46:35 phase=measured avail_mib=30110 free_mib=308 cached_mib=30119 swapused_mib=326 swapout_kib+=0 swapin_kib+=4 gpu_mib=8779
21:46:37 phase=measured avail_mib=30109 free_mib=295 cached_mib=30130 swapused_mib=326 swapout_kib+=0 swapin_kib+=4 gpu_mib=8779
21:46:39 phase=measured avail_mib=30116 free_mib=291 cached_mib=30145 swapused_mib=326 swapout_kib+=0 swapin_kib+=4 gpu_mib=8779
21:46:41 phase=measured avail_mib=30124 free_mib=279 cached_mib=30166 swapused_mib=326 swapout_kib+=0 swapin_kib+=0 gpu_mib=8779
21:46:43 phase=measured avail_mib=30139 free_mib=278 cached_mib=30182 swapused_mib=326 swapout_kib+=0 swapin_kib+=56 gpu_mib=8779
21:46:45 phase=measured avail_mib=30159 free_mib=275 cached_mib=30205 swapused_mib=325 swapout_kib+=0 swapin_kib+=12 gpu_mib=8779
21:46:47 phase=measured avail_mib=30157 free_mib=254 cached_mib=30224 swapused_mib=325 swapout_kib+=0 swapin_kib+=124 gpu_mib=8779
21:46:49 phase=measured avail_mib=30139 free_mib=279 cached_mib=30174 swapused_mib=325 swapout_kib+=0 swapin_kib+=4 gpu_mib=8779
21:46:51 phase=measured avail_mib=30150 free_mib=280 cached_mib=30184 swapused_mib=325 swapout_kib+=0 swapin_kib+=0 gpu_mib=8779
21:46:53 phase=measured avail_mib=30167 free_mib=272 cached_mib=30210 swapused_mib=325 swapout_kib+=0 swapin_kib+=4 gpu_mib=8779
21:46:55 phase=measured avail_mib=30169 free_mib=261 cached_mib=30222 swapused_mib=325 swapout_kib+=0 swapin_kib+=16 gpu_mib=8779
21:46:57 phase=measured avail_mib=30183 free_mib=344 cached_mib=30153 swapused_mib=325 swapout_kib+=0 swapin_kib+=16 gpu_mib=8779
21:46:59 phase=measured avail_mib=30136 free_mib=274 cached_mib=30176 swapused_mib=325 swapout_kib+=0 swapin_kib+=36 gpu_mib=8779
21:47:01 phase=measured avail_mib=30157 free_mib=275 cached_mib=30196 swapused_mib=325 swapout_kib+=0 swapin_kib+=0 gpu_mib=8779
21:47:03 phase=measured avail_mib=30161 free_mib=264 cached_mib=30212 swapused_mib=325 swapout_kib+=0 swapin_kib+=0 gpu_mib=8779
21:47:05 phase=measured avail_mib=30288 free_mib=361 cached_mib=30218 swapused_mib=325 swapout_kib+=0 swapin_kib+=16 gpu_mib=165
21:47:08 phase=idle avail_mib=30977 free_mib=888 cached_mib=30369 swapused_mib=135 swapout_kib+=0 swapin_kib+=71224 gpu_mib=0
21:47:11 phase=load avail_mib=30759 free_mib=601 cached_mib=30438 swapused_mib=135 swapout_kib+=0 swapin_kib+=936 gpu_mib=1
21:47:13 phase=load avail_mib=30707 free_mib=309 cached_mib=30686 swapused_mib=135 swapout_kib+=20 swapin_kib+=20 gpu_mib=113
21:47:15 phase=load avail_mib=30694 free_mib=235 cached_mib=30747 swapused_mib=135 swapout_kib+=48 swapin_kib+=56 gpu_mib=113
21:47:17 phase=load avail_mib=30768 free_mib=331 cached_mib=30726 swapused_mib=135 swapout_kib+=376 swapin_kib+=2300 gpu_mib=113
21:47:19 phase=load avail_mib=30751 free_mib=269 cached_mib=30770 swapused_mib=135 swapout_kib+=8 swapin_kib+=0 gpu_mib=113
21:47:21 phase=load avail_mib=30732 free_mib=219 cached_mib=30801 swapused_mib=135 swapout_kib+=0 swapin_kib+=0 gpu_mib=113
21:47:23 phase=load avail_mib=30716 free_mib=267 cached_mib=30738 swapused_mib=135 swapout_kib+=0 swapin_kib+=0 gpu_mib=113
21:47:25 phase=load avail_mib=30749 free_mib=276 cached_mib=30761 swapused_mib=135 swapout_kib+=24 swapin_kib+=0 gpu_mib=113
21:47:27 phase=load avail_mib=30718 free_mib=251 cached_mib=30756 swapused_mib=135 swapout_kib+=452 swapin_kib+=12 gpu_mib=7781
21:47:29 phase=load avail_mib=30705 free_mib=413 cached_mib=30589 swapused_mib=135 swapout_kib+=1488 swapin_kib+=24 gpu_mib=8403
21:47:31 phase=load avail_mib=30609 free_mib=316 cached_mib=30592 swapused_mib=135 swapout_kib+=1464 swapin_kib+=12 gpu_mib=8435
21:47:33 phase=load avail_mib=30604 free_mib=240 cached_mib=30662 swapused_mib=135 swapout_kib+=1160 swapin_kib+=12 gpu_mib=8435
21:47:35 phase=measured avail_mib=30567 free_mib=235 cached_mib=30631 swapused_mib=135 swapout_kib+=572 swapin_kib+=32 gpu_mib=8435
21:47:37 phase=measured avail_mib=30703 free_mib=338 cached_mib=30664 swapused_mib=309 swapout_kib+=178524 swapin_kib+=76 gpu_mib=8435
21:47:39 phase=measured avail_mib=30713 free_mib=253 cached_mib=30758 swapused_mib=309 swapout_kib+=0 swapin_kib+=12 gpu_mib=8435
21:47:41 phase=measured avail_mib=30753 free_mib=272 cached_mib=30780 swapused_mib=309 swapout_kib+=0 swapin_kib+=4 gpu_mib=8435
21:47:43 phase=measured avail_mib=30761 free_mib=292 cached_mib=30767 swapused_mib=309 swapout_kib+=0 swapin_kib+=8 gpu_mib=8435
21:47:45 phase=measured avail_mib=30761 free_mib=306 cached_mib=30753 swapused_mib=309 swapout_kib+=824 swapin_kib+=8 gpu_mib=8435
21:47:47 phase=measured avail_mib=30741 free_mib=313 cached_mib=30727 swapused_mib=309 swapout_kib+=676 swapin_kib+=4492 gpu_mib=8435
21:47:49 phase=measured avail_mib=30758 free_mib=224 cached_mib=30833 swapused_mib=309 swapout_kib+=20 swapin_kib+=4 gpu_mib=8435
21:47:51 phase=measured avail_mib=30758 free_mib=350 cached_mib=30706 swapused_mib=309 swapout_kib+=0 swapin_kib+=0 gpu_mib=8435
21:47:53 phase=measured avail_mib=30715 free_mib=311 cached_mib=30702 swapused_mib=309 swapout_kib+=0 swapin_kib+=0 gpu_mib=8435
21:47:55 phase=measured avail_mib=30742 free_mib=248 cached_mib=30793 swapused_mib=309 swapout_kib+=404 swapin_kib+=0 gpu_mib=8435
21:47:57 phase=measured avail_mib=30745 free_mib=246 cached_mib=30797 swapused_mib=309 swapout_kib+=196 swapin_kib+=4 gpu_mib=8435
21:47:59 phase=measured avail_mib=30740 free_mib=243 cached_mib=30794 swapused_mib=309 swapout_kib+=1136 swapin_kib+=2004 gpu_mib=8435
21:48:01 phase=measured avail_mib=30731 free_mib=331 cached_mib=30698 swapused_mib=309 swapout_kib+=572 swapin_kib+=32 gpu_mib=8435
21:48:03 phase=measured avail_mib=30733 free_mib=294 cached_mib=30737 swapused_mib=309 swapout_kib+=0 swapin_kib+=8 gpu_mib=8435
21:48:05 phase=measured avail_mib=30702 free_mib=297 cached_mib=30704 swapused_mib=309 swapout_kib+=0 swapin_kib+=0 gpu_mib=8435
21:48:07 phase=measured avail_mib=30711 free_mib=261 cached_mib=30748 swapused_mib=309 swapout_kib+=0 swapin_kib+=308 gpu_mib=8435
21:48:10 phase=measured avail_mib=30727 free_mib=230 cached_mib=30795 swapused_mib=309 swapout_kib+=0 swapin_kib+=0 gpu_mib=8435
21:48:12 phase=measured avail_mib=30715 free_mib=371 cached_mib=30641 swapused_mib=309 swapout_kib+=0 swapin_kib+=0 gpu_mib=8435
21:48:14 phase=measured avail_mib=30699 free_mib=422 cached_mib=30593 swapused_mib=309 swapout_kib+=0 swapin_kib+=112 gpu_mib=8717
21:48:16 phase=measured avail_mib=30457 free_mib=326 cached_mib=30447 swapused_mib=309 swapout_kib+=0 swapin_kib+=6524 gpu_mib=8749
21:48:18 phase=measured avail_mib=30467 free_mib=324 cached_mib=30458 swapused_mib=309 swapout_kib+=0 swapin_kib+=3928 gpu_mib=8749
21:48:20 phase=measured avail_mib=30507 free_mib=282 cached_mib=30541 swapused_mib=315 swapout_kib+=6100 swapin_kib+=0 gpu_mib=8749
21:48:22 phase=measured avail_mib=30457 free_mib=265 cached_mib=30507 swapused_mib=315 swapout_kib+=76 swapin_kib+=0 gpu_mib=8749
21:48:24 phase=measured avail_mib=30436 free_mib=344 cached_mib=30407 swapused_mib=315 swapout_kib+=12 swapin_kib+=32 gpu_mib=8749
21:48:26 phase=measured avail_mib=30454 free_mib=243 cached_mib=30526 swapused_mib=315 swapout_kib+=0 swapin_kib+=4 gpu_mib=8749
21:48:28 phase=measured avail_mib=30436 free_mib=255 cached_mib=30496 swapused_mib=315 swapout_kib+=0 swapin_kib+=4 gpu_mib=8749
21:48:30 phase=measured avail_mib=30454 free_mib=228 cached_mib=30541 swapused_mib=315 swapout_kib+=0 swapin_kib+=108 gpu_mib=8749
21:48:32 phase=measured avail_mib=30437 free_mib=236 cached_mib=30516 swapused_mib=318 swapout_kib+=2800 swapin_kib+=8 gpu_mib=8749
21:48:34 phase=measured avail_mib=30440 free_mib=344 cached_mib=30411 swapused_mib=318 swapout_kib+=0 swapin_kib+=4 gpu_mib=8749
21:48:36 phase=measured avail_mib=30440 free_mib=351 cached_mib=30405 swapused_mib=318 swapout_kib+=8 swapin_kib+=280 gpu_mib=8755
21:48:38 phase=measured avail_mib=30406 free_mib=252 cached_mib=30468 swapused_mib=318 swapout_kib+=0 swapin_kib+=8 gpu_mib=8755
21:48:40 phase=measured avail_mib=30424 free_mib=287 cached_mib=30452 swapused_mib=318 swapout_kib+=0 swapin_kib+=12 gpu_mib=8759
21:48:42 phase=measured avail_mib=30415 free_mib=290 cached_mib=30440 swapused_mib=318 swapout_kib+=32 swapin_kib+=0 gpu_mib=8759
21:48:44 phase=measured avail_mib=30401 free_mib=291 cached_mib=30425 swapused_mib=318 swapout_kib+=132 swapin_kib+=0 gpu_mib=8759
21:48:46 phase=measured avail_mib=30421 free_mib=339 cached_mib=30397 swapused_mib=317 swapout_kib+=20 swapin_kib+=236 gpu_mib=8765
21:48:48 phase=measured avail_mib=30437 free_mib=270 cached_mib=30481 swapused_mib=317 swapout_kib+=152 swapin_kib+=196 gpu_mib=8765
21:48:50 phase=measured avail_mib=30432 free_mib=331 cached_mib=30416 swapused_mib=317 swapout_kib+=124 swapin_kib+=8 gpu_mib=8769
21:48:52 phase=measured avail_mib=30396 free_mib=353 cached_mib=30358 swapused_mib=317 swapout_kib+=0 swapin_kib+=16 gpu_mib=8769
21:48:54 phase=measured avail_mib=30401 free_mib=259 cached_mib=30456 swapused_mib=317 swapout_kib+=0 swapin_kib+=0 gpu_mib=8769
21:48:56 phase=measured avail_mib=30421 free_mib=302 cached_mib=30434 swapused_mib=317 swapout_kib+=0 swapin_kib+=0 gpu_mib=8775
21:48:58 phase=measured avail_mib=30409 free_mib=261 cached_mib=30463 swapused_mib=317 swapout_kib+=16 swapin_kib+=0 gpu_mib=8775
21:49:00 phase=measured avail_mib=30165 free_mib=366 cached_mib=30114 swapused_mib=317 swapout_kib+=0 swapin_kib+=992 gpu_mib=8779
21:49:02 phase=measured avail_mib=30133 free_mib=311 cached_mib=30136 swapused_mib=317 swapout_kib+=0 swapin_kib+=4 gpu_mib=8779
21:49:04 phase=measured avail_mib=30121 free_mib=288 cached_mib=30148 swapused_mib=317 swapout_kib+=0 swapin_kib+=0 gpu_mib=8779
21:49:06 phase=measured avail_mib=30103 free_mib=257 cached_mib=30160 swapused_mib=317 swapout_kib+=0 swapin_kib+=0 gpu_mib=8779
21:49:08 phase=measured avail_mib=30128 free_mib=258 cached_mib=30185 swapused_mib=317 swapout_kib+=0 swapin_kib+=8 gpu_mib=8779
21:49:10 phase=measured avail_mib=30144 free_mib=250 cached_mib=30208 swapused_mib=317 swapout_kib+=0 swapin_kib+=8 gpu_mib=8779
21:49:13 phase=measured avail_mib=30161 free_mib=371 cached_mib=30104 swapused_mib=317 swapout_kib+=0 swapin_kib+=4 gpu_mib=8779
21:49:15 phase=measured avail_mib=30139 free_mib=327 cached_mib=30127 swapused_mib=317 swapout_kib+=0 swapin_kib+=0 gpu_mib=8779
21:49:17 phase=measured avail_mib=30135 free_mib=297 cached_mib=30152 swapused_mib=317 swapout_kib+=0 swapin_kib+=16 gpu_mib=8779
21:49:19 phase=measured avail_mib=30126 free_mib=277 cached_mib=30163 swapused_mib=316 swapout_kib+=0 swapin_kib+=20988 gpu_mib=8779
21:49:21 phase=measured avail_mib=30119 free_mib=238 cached_mib=30195 swapused_mib=316 swapout_kib+=0 swapin_kib+=0 gpu_mib=8779
21:49:23 phase=measured avail_mib=30146 free_mib=259 cached_mib=30202 swapused_mib=316 swapout_kib+=0 swapin_kib+=0 gpu_mib=8779
21:49:25 phase=measured avail_mib=30158 free_mib=248 cached_mib=30225 swapused_mib=316 swapout_kib+=0 swapin_kib+=0 gpu_mib=8779
21:49:27 phase=measured avail_mib=30143 free_mib=350 cached_mib=30107 swapused_mib=316 swapout_kib+=0 swapin_kib+=0 gpu_mib=8779
21:49:29 phase=measured avail_mib=30102 free_mib=289 cached_mib=30127 swapused_mib=316 swapout_kib+=0 swapin_kib+=8 gpu_mib=8779
21:49:31 phase=measured avail_mib=30117 free_mib=271 cached_mib=30160 swapused_mib=316 swapout_kib+=0 swapin_kib+=8 gpu_mib=8779
21:49:33 phase=measured avail_mib=30274 free_mib=403 cached_mib=30161 swapused_mib=316 swapout_kib+=0 swapin_kib+=14628 gpu_mib=165
21:49:36 phase=idle avail_mib=30926 free_mib=892 cached_mib=30314 swapused_mib=134 swapout_kib+=0 swapin_kib+=56688 gpu_mib=0
21:49:38 phase=load avail_mib=30819 free_mib=696 cached_mib=30403 swapused_mib=134 swapout_kib+=0 swapin_kib+=776 gpu_mib=3
21:49:40 phase=load avail_mib=30715 free_mib=311 cached_mib=30693 swapused_mib=134 swapout_kib+=0 swapin_kib+=8 gpu_mib=113
21:49:42 phase=load avail_mib=30745 free_mib=249 cached_mib=30785 swapused_mib=134 swapout_kib+=56 swapin_kib+=0 gpu_mib=113
21:49:44 phase=load avail_mib=30709 free_mib=305 cached_mib=30692 swapused_mib=134 swapout_kib+=0 swapin_kib+=4 gpu_mib=113
21:49:46 phase=load avail_mib=30723 free_mib=279 cached_mib=30733 swapused_mib=134 swapout_kib+=24 swapin_kib+=0 gpu_mib=113
21:49:48 phase=load avail_mib=30703 free_mib=305 cached_mib=30686 swapused_mib=134 swapout_kib+=0 swapin_kib+=32 gpu_mib=113
21:49:50 phase=load avail_mib=30740 free_mib=223 cached_mib=30808 swapused_mib=134 swapout_kib+=8 swapin_kib+=4 gpu_mib=113
21:49:52 phase=load avail_mib=30720 free_mib=202 cached_mib=30809 swapused_mib=156 swapout_kib+=22908 swapin_kib+=4 gpu_mib=113
21:49:54 phase=load avail_mib=30905 free_mib=225 cached_mib=30970 swapused_mib=335 swapout_kib+=190116 swapin_kib+=3100 gpu_mib=10667
21:49:56 phase=load avail_mib=30819 free_mib=246 cached_mib=30872 swapused_mib=327 swapout_kib+=3208 swapin_kib+=23052 gpu_mib=11289
21:49:58 phase=load avail_mib=30781 free_mib=226 cached_mib=30854 swapused_mib=325 swapout_kib+=736 swapin_kib+=2380 gpu_mib=11321
21:50:00 phase=load avail_mib=30759 free_mib=288 cached_mib=30769 swapused_mib=325 swapout_kib+=0 swapin_kib+=24 gpu_mib=11321
21:50:02 phase=measured avail_mib=30769 free_mib=296 cached_mib=30771 swapused_mib=324 swapout_kib+=0 swapin_kib+=3328 gpu_mib=11321
21:50:04 phase=measured avail_mib=30752 free_mib=253 cached_mib=30796 swapused_mib=324 swapout_kib+=104 swapin_kib+=4 gpu_mib=11321
21:50:06 phase=measured avail_mib=30754 free_mib=252 cached_mib=30801 swapused_mib=324 swapout_kib+=812 swapin_kib+=4 gpu_mib=11321
21:50:08 phase=measured avail_mib=30762 free_mib=277 cached_mib=30783 swapused_mib=324 swapout_kib+=20 swapin_kib+=4 gpu_mib=11321
21:50:10 phase=measured avail_mib=30754 free_mib=286 cached_mib=30766 swapused_mib=324 swapout_kib+=220 swapin_kib+=588 gpu_mib=11321
21:50:12 phase=measured avail_mib=30730 free_mib=250 cached_mib=30778 swapused_mib=324 swapout_kib+=0 swapin_kib+=4 gpu_mib=11321
21:50:14 phase=measured avail_mib=30746 free_mib=340 cached_mib=30704 swapused_mib=325 swapout_kib+=15184 swapin_kib+=0 gpu_mib=11321
21:50:16 phase=measured avail_mib=30753 free_mib=281 cached_mib=30770 swapused_mib=325 swapout_kib+=324 swapin_kib+=4 gpu_mib=11321
21:50:18 phase=measured avail_mib=30691 free_mib=245 cached_mib=30743 swapused_mib=325 swapout_kib+=224 swapin_kib+=15912 gpu_mib=11321
21:50:20 phase=measured avail_mib=30744 free_mib=299 cached_mib=30741 swapused_mib=325 swapout_kib+=12 swapin_kib+=40 gpu_mib=11321
21:50:22 phase=measured avail_mib=30710 free_mib=253 cached_mib=30754 swapused_mib=325 swapout_kib+=0 swapin_kib+=0 gpu_mib=11321
21:50:25 phase=measured avail_mib=30726 free_mib=251 cached_mib=30772 swapused_mib=325 swapout_kib+=0 swapin_kib+=56 gpu_mib=11321
21:50:27 phase=measured avail_mib=30726 free_mib=276 cached_mib=30746 swapused_mib=325 swapout_kib+=0 swapin_kib+=0 gpu_mib=11321
21:50:29 phase=measured avail_mib=30727 free_mib=336 cached_mib=30688 swapused_mib=325 swapout_kib+=0 swapin_kib+=4 gpu_mib=11321
21:50:31 phase=measured avail_mib=30715 free_mib=228 cached_mib=30783 swapused_mib=325 swapout_kib+=0 swapin_kib+=8 gpu_mib=11321
21:50:33 phase=measured avail_mib=30648 free_mib=274 cached_mib=30666 swapused_mib=325 swapout_kib+=0 swapin_kib+=48 gpu_mib=11321
21:50:35 phase=measured avail_mib=30694 free_mib=236 cached_mib=30754 swapused_mib=325 swapout_kib+=0 swapin_kib+=4 gpu_mib=11321
21:50:37 phase=measured avail_mib=30699 free_mib=303 cached_mib=30692 swapused_mib=325 swapout_kib+=0 swapin_kib+=0 gpu_mib=11321
21:50:39 phase=measured avail_mib=30651 free_mib=324 cached_mib=30640 swapused_mib=325 swapout_kib+=0 swapin_kib+=164 gpu_mib=11603
21:50:41 phase=measured avail_mib=30428 free_mib=222 cached_mib=30520 swapused_mib=324 swapout_kib+=12 swapin_kib+=6276 gpu_mib=11635
21:50:43 phase=measured avail_mib=30422 free_mib=256 cached_mib=30480 swapused_mib=324 swapout_kib+=0 swapin_kib+=8 gpu_mib=11635
21:50:45 phase=measured avail_mib=30428 free_mib=263 cached_mib=30479 swapused_mib=324 swapout_kib+=0 swapin_kib+=0 gpu_mib=11635
21:50:47 phase=measured avail_mib=30416 free_mib=266 cached_mib=30465 swapused_mib=324 swapout_kib+=0 swapin_kib+=4 gpu_mib=11635
21:50:49 phase=measured avail_mib=30389 free_mib=281 cached_mib=30422 swapused_mib=324 swapout_kib+=0 swapin_kib+=992 gpu_mib=11635
21:50:51 phase=measured avail_mib=30442 free_mib=246 cached_mib=30509 swapused_mib=324 swapout_kib+=16 swapin_kib+=0 gpu_mib=11635
21:50:53 phase=measured avail_mib=30416 free_mib=338 cached_mib=30392 swapused_mib=324 swapout_kib+=0 swapin_kib+=0 gpu_mib=11635
21:50:55 phase=measured avail_mib=30411 free_mib=322 cached_mib=30404 swapused_mib=324 swapout_kib+=4 swapin_kib+=100 gpu_mib=11635
21:50:57 phase=measured avail_mib=30415 free_mib=328 cached_mib=30405 swapused_mib=324 swapout_kib+=0 swapin_kib+=4 gpu_mib=11635
21:50:59 phase=measured avail_mib=30354 free_mib=272 cached_mib=30400 swapused_mib=324 swapout_kib+=0 swapin_kib+=36 gpu_mib=11641
21:51:01 phase=measured avail_mib=30372 free_mib=264 cached_mib=30423 swapused_mib=324 swapout_kib+=0 swapin_kib+=0 gpu_mib=11641
21:51:03 phase=measured avail_mib=30425 free_mib=306 cached_mib=30434 swapused_mib=324 swapout_kib+=0 swapin_kib+=40 gpu_mib=11641
21:51:05 phase=measured avail_mib=30430 free_mib=258 cached_mib=30487 swapused_mib=324 swapout_kib+=0 swapin_kib+=28 gpu_mib=11645
21:51:07 phase=measured avail_mib=30402 free_mib=293 cached_mib=30424 swapused_mib=324 swapout_kib+=0 swapin_kib+=0 gpu_mib=11645
21:51:09 phase=measured avail_mib=30414 free_mib=330 cached_mib=30399 swapused_mib=324 swapout_kib+=0 swapin_kib+=140 gpu_mib=11651
21:51:11 phase=measured avail_mib=30384 free_mib=281 cached_mib=30418 swapused_mib=324 swapout_kib+=16 swapin_kib+=4 gpu_mib=11651
21:51:13 phase=measured avail_mib=30345 free_mib=278 cached_mib=30382 swapused_mib=324 swapout_kib+=0 swapin_kib+=0 gpu_mib=11655
21:51:15 phase=measured avail_mib=30371 free_mib=234 cached_mib=30452 swapused_mib=324 swapout_kib+=20 swapin_kib+=0 gpu_mib=11655
21:51:17 phase=measured avail_mib=30383 free_mib=267 cached_mib=30432 swapused_mib=332 swapout_kib+=9052 swapin_kib+=0 gpu_mib=11655
21:51:19 phase=measured avail_mib=30419 free_mib=262 cached_mib=30471 swapused_mib=332 swapout_kib+=0 swapin_kib+=1144 gpu_mib=11661
21:51:21 phase=measured avail_mib=30167 free_mib=329 cached_mib=30152 swapused_mib=332 swapout_kib+=4 swapin_kib+=44 gpu_mib=11661
21:51:23 phase=measured avail_mib=30108 free_mib=254 cached_mib=30168 swapused_mib=332 swapout_kib+=0 swapin_kib+=100 gpu_mib=11665
21:51:25 phase=measured avail_mib=30122 free_mib=248 cached_mib=30188 swapused_mib=332 swapout_kib+=0 swapin_kib+=0 gpu_mib=11665
21:51:27 phase=measured avail_mib=30131 free_mib=248 cached_mib=30196 swapused_mib=332 swapout_kib+=0 swapin_kib+=8 gpu_mib=11665
21:51:30 phase=measured avail_mib=30175 free_mib=272 cached_mib=30217 swapused_mib=332 swapout_kib+=0 swapin_kib+=32 gpu_mib=11665
21:51:32 phase=measured avail_mib=30163 free_mib=254 cached_mib=30230 swapused_mib=332 swapout_kib+=0 swapin_kib+=0 gpu_mib=11665
21:51:34 phase=measured avail_mib=30152 free_mib=334 cached_mib=30132 swapused_mib=332 swapout_kib+=0 swapin_kib+=40 gpu_mib=11665
21:51:36 phase=measured avail_mib=30120 free_mib=285 cached_mib=30149 swapused_mib=332 swapout_kib+=0 swapin_kib+=0 gpu_mib=11665
21:51:38 phase=measured avail_mib=30125 free_mib=256 cached_mib=30183 swapused_mib=332 swapout_kib+=0 swapin_kib+=0 gpu_mib=11665
21:51:40 phase=measured avail_mib=30143 free_mib=259 cached_mib=30197 swapused_mib=332 swapout_kib+=0 swapin_kib+=0 gpu_mib=11665
21:51:42 phase=measured avail_mib=30160 free_mib=250 cached_mib=30223 swapused_mib=332 swapout_kib+=0 swapin_kib+=0 gpu_mib=11665
21:51:44 phase=measured avail_mib=30166 free_mib=244 cached_mib=30236 swapused_mib=332 swapout_kib+=0 swapin_kib+=0 gpu_mib=11665
21:51:46 phase=measured avail_mib=30169 free_mib=355 cached_mib=30127 swapused_mib=332 swapout_kib+=0 swapin_kib+=0 gpu_mib=11665
21:51:48 phase=measured avail_mib=30152 free_mib=325 cached_mib=30141 swapused_mib=332 swapout_kib+=0 swapin_kib+=0 gpu_mib=11665
21:51:50 phase=measured avail_mib=30148 free_mib=307 cached_mib=30154 swapused_mib=332 swapout_kib+=0 swapin_kib+=128 gpu_mib=11665
21:51:52 phase=measured avail_mib=30164 free_mib=307 cached_mib=30170 swapused_mib=332 swapout_kib+=0 swapin_kib+=0 gpu_mib=11665
21:51:54 phase=measured avail_mib=30272 free_mib=391 cached_mib=30171 swapused_mib=332 swapout_kib+=0 swapin_kib+=21648 gpu_mib=165
21:51:57 phase=load avail_mib=30833 free_mib=722 cached_mib=30391 swapused_mib=135 swapout_kib+=0 swapin_kib+=49476 gpu_mib=1
21:51:59 phase=load avail_mib=30641 free_mib=282 cached_mib=30647 swapused_mib=135 swapout_kib+=0 swapin_kib+=72 gpu_mib=113
21:52:01 phase=load avail_mib=30646 free_mib=296 cached_mib=30637 swapused_mib=135 swapout_kib+=24 swapin_kib+=4 gpu_mib=113
21:52:03 phase=load avail_mib=30752 free_mib=236 cached_mib=30805 swapused_mib=135 swapout_kib+=384 swapin_kib+=4 gpu_mib=113
21:52:05 phase=load avail_mib=30748 free_mib=254 cached_mib=30783 swapused_mib=135 swapout_kib+=328 swapin_kib+=28 gpu_mib=113
21:52:07 phase=load avail_mib=30705 free_mib=260 cached_mib=30734 swapused_mib=135 swapout_kib+=24 swapin_kib+=0 gpu_mib=113
21:52:09 phase=load avail_mib=30746 free_mib=201 cached_mib=30847 swapused_mib=135 swapout_kib+=0 swapin_kib+=4 gpu_mib=113
21:52:11 phase=load avail_mib=30742 free_mib=235 cached_mib=30797 swapused_mib=135 swapout_kib+=2568 swapin_kib+=8 gpu_mib=113
21:52:13 phase=load avail_mib=30684 free_mib=255 cached_mib=30718 swapused_mib=135 swapout_kib+=8 swapin_kib+=12 gpu_mib=10667
21:52:15 phase=load avail_mib=30674 free_mib=285 cached_mib=30687 swapused_mib=135 swapout_kib+=288 swapin_kib+=192 gpu_mib=11289
21:52:17 phase=load avail_mib=30611 free_mib=315 cached_mib=30595 swapused_mib=135 swapout_kib+=3560 swapin_kib+=68 gpu_mib=11321
21:52:19 phase=load avail_mib=30594 free_mib=253 cached_mib=30639 swapused_mib=135 swapout_kib+=2084 swapin_kib+=8132 gpu_mib=11321
21:52:21 phase=measured avail_mib=30559 free_mib=272 cached_mib=30585 swapused_mib=135 swapout_kib+=0 swapin_kib+=0 gpu_mib=11321
21:52:23 phase=measured avail_mib=30743 free_mib=337 cached_mib=30704 swapused_mib=308 swapout_kib+=178472 swapin_kib+=8 gpu_mib=11321
21:52:25 phase=measured avail_mib=30741 free_mib=325 cached_mib=30714 swapused_mib=308 swapout_kib+=0 swapin_kib+=24 gpu_mib=11321
21:52:27 phase=measured avail_mib=30702 free_mib=300 cached_mib=30700 swapused_mib=308 swapout_kib+=0 swapin_kib+=0 gpu_mib=11321
21:52:29 phase=measured avail_mib=30755 free_mib=320 cached_mib=30733 swapused_mib=308 swapout_kib+=304 swapin_kib+=0 gpu_mib=11321
21:52:31 phase=measured avail_mib=30748 free_mib=234 cached_mib=30813 swapused_mib=309 swapout_kib+=816 swapin_kib+=0 gpu_mib=11321
21:52:33 phase=measured avail_mib=30733 free_mib=338 cached_mib=30693 swapused_mib=309 swapout_kib+=996 swapin_kib+=8 gpu_mib=11321
21:52:35 phase=measured avail_mib=30759 free_mib=265 cached_mib=30792 swapused_mib=309 swapout_kib+=48 swapin_kib+=20 gpu_mib=11321
21:52:37 phase=measured avail_mib=30722 free_mib=256 cached_mib=30764 swapused_mib=309 swapout_kib+=0 swapin_kib+=0 gpu_mib=11321
21:52:39 phase=measured avail_mib=30744 free_mib=247 cached_mib=30795 swapused_mib=309 swapout_kib+=16 swapin_kib+=0 gpu_mib=11321
21:52:41 phase=measured avail_mib=30737 free_mib=243 cached_mib=30792 swapused_mib=309 swapout_kib+=0 swapin_kib+=0 gpu_mib=11321
21:52:43 phase=measured avail_mib=30714 free_mib=271 cached_mib=30741 swapused_mib=309 swapout_kib+=4 swapin_kib+=0 gpu_mib=11321
21:52:45 phase=measured avail_mib=30723 free_mib=246 cached_mib=30776 swapused_mib=309 swapout_kib+=8 swapin_kib+=0 gpu_mib=11321
21:52:47 phase=measured avail_mib=30683 free_mib=243 cached_mib=30737 swapused_mib=309 swapout_kib+=4 swapin_kib+=16 gpu_mib=11321
21:52:49 phase=measured avail_mib=30701 free_mib=263 cached_mib=30736 swapused_mib=309 swapout_kib+=16 swapin_kib+=328 gpu_mib=11321
21:52:51 phase=measured avail_mib=30722 free_mib=246 cached_mib=30774 swapused_mib=309 swapout_kib+=0 swapin_kib+=0 gpu_mib=11321
21:52:53 phase=measured avail_mib=30732 free_mib=249 cached_mib=30781 swapused_mib=309 swapout_kib+=96 swapin_kib+=0 gpu_mib=11321
21:52:56 phase=measured avail_mib=30736 free_mib=240 cached_mib=30794 swapused_mib=309 swapout_kib+=0 swapin_kib+=0 gpu_mib=11321
21:52:58 phase=measured avail_mib=30699 free_mib=417 cached_mib=30598 swapused_mib=309 swapout_kib+=0 swapin_kib+=104 gpu_mib=11603
21:53:00 phase=measured avail_mib=30459 free_mib=241 cached_mib=30534 swapused_mib=308 swapout_kib+=160 swapin_kib+=6468 gpu_mib=11635
21:53:02 phase=measured avail_mib=30502 free_mib=285 cached_mib=30532 swapused_mib=308 swapout_kib+=168 swapin_kib+=36 gpu_mib=11635
21:53:04 phase=measured avail_mib=30477 free_mib=228 cached_mib=30565 swapused_mib=308 swapout_kib+=0 swapin_kib+=0 gpu_mib=11635
21:53:06 phase=measured avail_mib=30445 free_mib=268 cached_mib=30492 swapused_mib=308 swapout_kib+=0 swapin_kib+=44 gpu_mib=11635
21:53:08 phase=measured avail_mib=30411 free_mib=301 cached_mib=30427 swapused_mib=308 swapout_kib+=0 swapin_kib+=124 gpu_mib=11635
21:53:10 phase=measured avail_mib=30486 free_mib=233 cached_mib=30568 swapused_mib=316 swapout_kib+=8048 swapin_kib+=0 gpu_mib=11635
21:53:12 phase=measured avail_mib=30460 free_mib=298 cached_mib=30477 swapused_mib=316 swapout_kib+=252 swapin_kib+=60 gpu_mib=11635
21:53:14 phase=measured avail_mib=30459 free_mib=278 cached_mib=30496 swapused_mib=316 swapout_kib+=0 swapin_kib+=92 gpu_mib=11635
21:53:16 phase=measured avail_mib=30451 free_mib=269 cached_mib=30497 swapused_mib=316 swapout_kib+=68 swapin_kib+=0 gpu_mib=11635
21:53:18 phase=measured avail_mib=30445 free_mib=246 cached_mib=30514 swapused_mib=316 swapout_kib+=0 swapin_kib+=32 gpu_mib=11641
21:53:20 phase=measured avail_mib=30447 free_mib=250 cached_mib=30512 swapused_mib=316 swapout_kib+=0 swapin_kib+=2536 gpu_mib=11641
21:53:22 phase=measured avail_mib=30455 free_mib=255 cached_mib=30515 swapused_mib=316 swapout_kib+=12 swapin_kib+=0 gpu_mib=11641
21:53:24 phase=measured avail_mib=30461 free_mib=300 cached_mib=30476 swapused_mib=316 swapout_kib+=0 swapin_kib+=32 gpu_mib=11645
21:53:26 phase=measured avail_mib=30436 free_mib=264 cached_mib=30487 swapused_mib=316 swapout_kib+=0 swapin_kib+=0 gpu_mib=11645
21:53:28 phase=measured avail_mib=30464 free_mib=303 cached_mib=30475 swapused_mib=316 swapout_kib+=4 swapin_kib+=220 gpu_mib=11651
21:53:30 phase=measured avail_mib=30418 free_mib=297 cached_mib=30436 swapused_mib=319 swapout_kib+=2732 swapin_kib+=0 gpu_mib=11651
21:53:32 phase=measured avail_mib=30431 free_mib=334 cached_mib=30412 swapused_mib=319 swapout_kib+=12 swapin_kib+=8 gpu_mib=11651
21:53:34 phase=measured avail_mib=30418 free_mib=315 cached_mib=30418 swapused_mib=319 swapout_kib+=4 swapin_kib+=8 gpu_mib=11655
21:53:36 phase=measured avail_mib=30421 free_mib=275 cached_mib=30460 swapused_mib=319 swapout_kib+=0 swapin_kib+=40 gpu_mib=11655
21:53:38 phase=measured avail_mib=30430 free_mib=343 cached_mib=30402 swapused_mib=319 swapout_kib+=0 swapin_kib+=0 gpu_mib=11661
21:53:40 phase=measured avail_mib=30425 free_mib=303 cached_mib=30437 swapused_mib=319 swapout_kib+=0 swapin_kib+=4 gpu_mib=11661
21:53:42 phase=measured avail_mib=30151 free_mib=256 cached_mib=30210 swapused_mib=319 swapout_kib+=0 swapin_kib+=1000 gpu_mib=11665
21:53:44 phase=measured avail_mib=30167 free_mib=257 cached_mib=30233 swapused_mib=319 swapout_kib+=0 swapin_kib+=8 gpu_mib=11665
21:53:46 phase=measured avail_mib=30176 free_mib=382 cached_mib=30108 swapused_mib=319 swapout_kib+=0 swapin_kib+=0 gpu_mib=11665
21:53:48 phase=measured avail_mib=30143 free_mib=333 cached_mib=30125 swapused_mib=319 swapout_kib+=0 swapin_kib+=20 gpu_mib=11665
21:53:50 phase=measured avail_mib=30115 free_mib=285 cached_mib=30145 swapused_mib=319 swapout_kib+=0 swapin_kib+=208 gpu_mib=11665
21:53:52 phase=measured avail_mib=30139 free_mib=284 cached_mib=30169 swapused_mib=319 swapout_kib+=0 swapin_kib+=0 gpu_mib=11665
21:53:54 phase=measured avail_mib=30149 free_mib=276 cached_mib=30187 swapused_mib=319 swapout_kib+=0 swapin_kib+=8 gpu_mib=11665
21:53:56 phase=measured avail_mib=30177 free_mib=277 cached_mib=30214 swapused_mib=319 swapout_kib+=0 swapin_kib+=0 gpu_mib=11665
21:53:58 phase=measured avail_mib=30195 free_mib=277 cached_mib=30233 swapused_mib=319 swapout_kib+=0 swapin_kib+=0 gpu_mib=11665
21:54:01 phase=measured avail_mib=30195 free_mib=249 cached_mib=30261 swapused_mib=319 swapout_kib+=0 swapin_kib+=0 gpu_mib=11665
21:54:03 phase=measured avail_mib=30201 free_mib=372 cached_mib=30144 swapused_mib=319 swapout_kib+=0 swapin_kib+=0 gpu_mib=11665
21:54:05 phase=measured avail_mib=30168 free_mib=320 cached_mib=30163 swapused_mib=319 swapout_kib+=0 swapin_kib+=4 gpu_mib=11665
21:54:07 phase=measured avail_mib=30141 free_mib=275 cached_mib=30181 swapused_mib=319 swapout_kib+=0 swapin_kib+=32 gpu_mib=11665
21:54:09 phase=measured avail_mib=30155 free_mib=274 cached_mib=30195 swapused_mib=319 swapout_kib+=0 swapin_kib+=0 gpu_mib=11665
21:54:11 phase=measured avail_mib=30169 free_mib=273 cached_mib=30210 swapused_mib=319 swapout_kib+=0 swapin_kib+=0 gpu_mib=11665
21:54:13 phase=measured avail_mib=30198 free_mib=271 cached_mib=30218 swapused_mib=319 swapout_kib+=0 swapin_kib+=56 gpu_mib=165
21:54:16 phase=idle avail_mib=30987 free_mib=898 cached_mib=30370 swapused_mib=135 swapout_kib+=0 swapin_kib+=71436 gpu_mib=0
21:54:18 phase=load avail_mib=30880 free_mib=719 cached_mib=30441 swapused_mib=135 swapout_kib+=0 swapin_kib+=1216 gpu_mib=0
21:54:20 phase=load avail_mib=30656 free_mib=302 cached_mib=30642 swapused_mib=135 swapout_kib+=0 swapin_kib+=1264 gpu_mib=113
21:54:22 phase=load avail_mib=30636 free_mib=226 cached_mib=30698 swapused_mib=135 swapout_kib+=0 swapin_kib+=4 gpu_mib=113
21:54:24 phase=load avail_mib=30755 free_mib=283 cached_mib=30761 swapused_mib=135 swapout_kib+=148 swapin_kib+=20 gpu_mib=113
21:54:26 phase=load avail_mib=30758 free_mib=292 cached_mib=30754 swapused_mib=135 swapout_kib+=352 swapin_kib+=72 gpu_mib=113
21:54:28 phase=load avail_mib=30727 free_mib=262 cached_mib=30754 swapused_mib=135 swapout_kib+=0 swapin_kib+=4 gpu_mib=113
21:54:30 phase=load avail_mib=30756 free_mib=245 cached_mib=30800 swapused_mib=135 swapout_kib+=1228 swapin_kib+=0 gpu_mib=113
21:54:32 phase=load avail_mib=30724 free_mib=222 cached_mib=30791 swapused_mib=135 swapout_kib+=0 swapin_kib+=8 gpu_mib=113
21:54:34 phase=load avail_mib=30915 free_mib=261 cached_mib=30943 swapused_mib=336 swapout_kib+=205960 swapin_kib+=2824 gpu_mib=10667
21:54:36 phase=load avail_mib=30888 free_mib=291 cached_mib=30885 swapused_mib=336 swapout_kib+=4 swapin_kib+=456 gpu_mib=10667
21:54:38 phase=load avail_mib=30790 free_mib=309 cached_mib=30778 swapused_mib=326 swapout_kib+=108 swapin_kib+=25308 gpu_mib=11321
21:54:40 phase=load avail_mib=30782 free_mib=230 cached_mib=30849 swapused_mib=326 swapout_kib+=24 swapin_kib+=28 gpu_mib=11321
21:54:43 phase=load avail_mib=30755 free_mib=232 cached_mib=30820 swapused_mib=326 swapout_kib+=596 swapin_kib+=28 gpu_mib=11321
21:54:45 phase=measured avail_mib=30763 free_mib=254 cached_mib=30805 swapused_mib=326 swapout_kib+=676 swapin_kib+=0 gpu_mib=11321
21:54:47 phase=measured avail_mib=30762 free_mib=279 cached_mib=30781 swapused_mib=326 swapout_kib+=8740 swapin_kib+=0 gpu_mib=11321
21:54:49 phase=measured avail_mib=30786 free_mib=293 cached_mib=30791 swapused_mib=326 swapout_kib+=180 swapin_kib+=0 gpu_mib=11321
21:54:51 phase=measured avail_mib=30755 free_mib=243 cached_mib=30808 swapused_mib=326 swapout_kib+=0 swapin_kib+=11828 gpu_mib=11321
21:54:53 phase=measured avail_mib=30746 free_mib=238 cached_mib=30804 swapused_mib=326 swapout_kib+=0 swapin_kib+=0 gpu_mib=11321
21:54:55 phase=measured avail_mib=30721 free_mib=303 cached_mib=30714 swapused_mib=326 swapout_kib+=12 swapin_kib+=0 gpu_mib=11321
21:54:57 phase=measured avail_mib=30746 free_mib=336 cached_mib=30706 swapused_mib=326 swapout_kib+=0 swapin_kib+=0 gpu_mib=11321
21:54:59 phase=measured avail_mib=30732 free_mib=327 cached_mib=30701 swapused_mib=326 swapout_kib+=0 swapin_kib+=4 gpu_mib=11321
21:55:01 phase=measured avail_mib=30734 free_mib=243 cached_mib=30788 swapused_mib=326 swapout_kib+=0 swapin_kib+=32 gpu_mib=11321
21:55:03 phase=measured avail_mib=30746 free_mib=262 cached_mib=30780 swapused_mib=326 swapout_kib+=0 swapin_kib+=140 gpu_mib=11321
21:55:05 phase=measured avail_mib=30733 free_mib=340 cached_mib=30689 swapused_mib=326 swapout_kib+=0 swapin_kib+=0 gpu_mib=11321
21:55:07 phase=measured avail_mib=30721 free_mib=250 cached_mib=30768 swapused_mib=326 swapout_kib+=0 swapin_kib+=12 gpu_mib=11321
21:55:09 phase=measured avail_mib=30710 free_mib=259 cached_mib=30747 swapused_mib=326 swapout_kib+=0 swapin_kib+=4 gpu_mib=11321
21:55:11 phase=measured avail_mib=30713 free_mib=330 cached_mib=30679 swapused_mib=326 swapout_kib+=0 swapin_kib+=0 gpu_mib=11321
21:55:13 phase=measured avail_mib=30694 free_mib=295 cached_mib=30701 swapused_mib=326 swapout_kib+=0 swapin_kib+=0 gpu_mib=11321
21:55:15 phase=measured avail_mib=30710 free_mib=297 cached_mib=30710 swapused_mib=326 swapout_kib+=0 swapin_kib+=0 gpu_mib=11321
21:55:17 phase=measured avail_mib=30703 free_mib=240 cached_mib=30759 swapused_mib=326 swapout_kib+=152 swapin_kib+=12 gpu_mib=11321
21:55:19 phase=measured avail_mib=30650 free_mib=258 cached_mib=30711 swapused_mib=326 swapout_kib+=88 swapin_kib+=100 gpu_mib=11603
21:55:21 phase=measured avail_mib=30435 free_mib=294 cached_mib=30454 swapused_mib=326 swapout_kib+=148 swapin_kib+=8164 gpu_mib=11635
21:55:23 phase=measured avail_mib=30452 free_mib=250 cached_mib=30515 swapused_mib=326 swapout_kib+=156 swapin_kib+=0 gpu_mib=11635
21:55:25 phase=measured avail_mib=30469 free_mib=339 cached_mib=30444 swapused_mib=326 swapout_kib+=0 swapin_kib+=4 gpu_mib=11635
21:55:27 phase=measured avail_mib=30431 free_mib=282 cached_mib=30462 swapused_mib=326 swapout_kib+=0 swapin_kib+=0 gpu_mib=11635
21:55:29 phase=measured avail_mib=30417 free_mib=292 cached_mib=30439 swapused_mib=326 swapout_kib+=0 swapin_kib+=28 gpu_mib=11635
21:55:31 phase=measured avail_mib=30453 free_mib=328 cached_mib=30439 swapused_mib=326 swapout_kib+=48 swapin_kib+=0 gpu_mib=11635
21:55:33 phase=measured avail_mib=30425 free_mib=273 cached_mib=30467 swapused_mib=326 swapout_kib+=0 swapin_kib+=60 gpu_mib=11635
21:55:35 phase=measured avail_mib=30416 free_mib=256 cached_mib=30480 swapused_mib=326 swapout_kib+=16 swapin_kib+=0 gpu_mib=11635
21:55:37 phase=measured avail_mib=30416 free_mib=276 cached_mib=30454 swapused_mib=326 swapout_kib+=0 swapin_kib+=16 gpu_mib=11635
21:55:39 phase=measured avail_mib=30411 free_mib=243 cached_mib=30483 swapused_mib=326 swapout_kib+=0 swapin_kib+=32 gpu_mib=11641
21:55:41 phase=measured avail_mib=30437 free_mib=349 cached_mib=30403 swapused_mib=326 swapout_kib+=0 swapin_kib+=0 gpu_mib=11641
21:55:43 phase=measured avail_mib=30425 free_mib=289 cached_mib=30451 swapused_mib=326 swapout_kib+=0 swapin_kib+=0 gpu_mib=11641
21:55:46 phase=measured avail_mib=30452 free_mib=327 cached_mib=30440 swapused_mib=336 swapout_kib+=12516 swapin_kib+=28 gpu_mib=11645
21:55:48 phase=measured avail_mib=30420 free_mib=266 cached_mib=30469 swapused_mib=336 swapout_kib+=0 swapin_kib+=0 gpu_mib=11645
21:55:50 phase=measured avail_mib=30430 free_mib=248 cached_mib=30497 swapused_mib=336 swapout_kib+=0 swapin_kib+=1808 gpu_mib=11651
21:55:52 phase=measured avail_mib=30418 free_mib=223 cached_mib=30509 swapused_mib=336 swapout_kib+=0 swapin_kib+=292 gpu_mib=11651
21:55:54 phase=measured avail_mib=30442 free_mib=313 cached_mib=30443 swapused_mib=336 swapout_kib+=0 swapin_kib+=0 gpu_mib=11655
21:55:56 phase=measured avail_mib=30448 free_mib=320 cached_mib=30443 swapused_mib=336 swapout_kib+=0 swapin_kib+=0 gpu_mib=11655
21:55:58 phase=measured avail_mib=30438 free_mib=274 cached_mib=30478 swapused_mib=336 swapout_kib+=0 swapin_kib+=0 gpu_mib=11655
21:56:00 phase=measured avail_mib=30453 free_mib=335 cached_mib=30432 swapused_mib=336 swapout_kib+=0 swapin_kib+=0 gpu_mib=11661
21:56:02 phase=measured avail_mib=30169 free_mib=350 cached_mib=30133 swapused_mib=336 swapout_kib+=4 swapin_kib+=724 gpu_mib=11665
21:56:04 phase=measured avail_mib=30144 free_mib=314 cached_mib=30144 swapused_mib=336 swapout_kib+=0 swapin_kib+=0 gpu_mib=11665
21:56:06 phase=measured avail_mib=30132 free_mib=282 cached_mib=30164 swapused_mib=336 swapout_kib+=0 swapin_kib+=0 gpu_mib=11665
21:56:08 phase=measured avail_mib=30120 free_mib=261 cached_mib=30173 swapused_mib=336 swapout_kib+=0 swapin_kib+=12 gpu_mib=11665
21:56:10 phase=measured avail_mib=30143 free_mib=262 cached_mib=30195 swapused_mib=336 swapout_kib+=0 swapin_kib+=16 gpu_mib=11665
21:56:12 phase=measured avail_mib=30154 free_mib=259 cached_mib=30209 swapused_mib=336 swapout_kib+=0 swapin_kib+=0 gpu_mib=11665
21:56:14 phase=measured avail_mib=30185 free_mib=266 cached_mib=30234 swapused_mib=336 swapout_kib+=0 swapin_kib+=0 gpu_mib=11665
21:56:16 phase=measured avail_mib=30195 free_mib=263 cached_mib=30247 swapused_mib=336 swapout_kib+=0 swapin_kib+=0 gpu_mib=11665
21:56:18 phase=measured avail_mib=30210 free_mib=369 cached_mib=30156 swapused_mib=336 swapout_kib+=0 swapin_kib+=0 gpu_mib=11665
21:56:20 phase=measured avail_mib=30155 free_mib=303 cached_mib=30167 swapused_mib=336 swapout_kib+=0 swapin_kib+=1580 gpu_mib=11665
21:56:22 phase=measured avail_mib=30130 free_mib=253 cached_mib=30191 swapused_mib=336 swapout_kib+=0 swapin_kib+=112 gpu_mib=11665
21:56:24 phase=measured avail_mib=30159 free_mib=269 cached_mib=30204 swapused_mib=336 swapout_kib+=0 swapin_kib+=0 gpu_mib=11665
21:56:26 phase=measured avail_mib=30174 free_mib=260 cached_mib=30228 swapused_mib=336 swapout_kib+=0 swapin_kib+=0 gpu_mib=11665
21:56:28 phase=measured avail_mib=30190 free_mib=264 cached_mib=30240 swapused_mib=336 swapout_kib+=0 swapin_kib+=0 gpu_mib=11665
21:56:30 phase=measured avail_mib=30187 free_mib=245 cached_mib=30257 swapused_mib=336 swapout_kib+=0 swapin_kib+=0 gpu_mib=11665
21:56:32 phase=measured avail_mib=30179 free_mib=351 cached_mib=30142 swapused_mib=336 swapout_kib+=0 swapin_kib+=12 gpu_mib=11665
21:56:34 phase=measured avail_mib=30256 free_mib=406 cached_mib=30140 swapused_mib=323 swapout_kib+=0 swapin_kib+=64916 gpu_mib=165
21:56:37 phase=load avail_mib=30867 free_mib=787 cached_mib=30360 swapused_mib=136 swapout_kib+=0 swapin_kib+=6680 gpu_mib=1
21:56:39 phase=load avail_mib=30707 free_mib=239 cached_mib=30757 swapused_mib=136 swapout_kib+=64 swapin_kib+=108 gpu_mib=113
21:56:41 phase=load avail_mib=30735 free_mib=312 cached_mib=30711 swapused_mib=136 swapout_kib+=0 swapin_kib+=0 gpu_mib=113
21:56:43 phase=load avail_mib=30771 free_mib=284 cached_mib=30777 swapused_mib=136 swapout_kib+=2436 swapin_kib+=0 gpu_mib=113
21:56:45 phase=load avail_mib=30741 free_mib=329 cached_mib=30702 swapused_mib=136 swapout_kib+=12 swapin_kib+=4 gpu_mib=113
21:56:47 phase=load avail_mib=30723 free_mib=343 cached_mib=30670 swapused_mib=136 swapout_kib+=0 swapin_kib+=8 gpu_mib=113
21:56:49 phase=load avail_mib=30691 free_mib=227 cached_mib=30754 swapused_mib=136 swapout_kib+=0 swapin_kib+=0 gpu_mib=113
21:56:51 phase=load avail_mib=30755 free_mib=274 cached_mib=30771 swapused_mib=136 swapout_kib+=1016 swapin_kib+=284 gpu_mib=113
21:56:53 phase=load avail_mib=30744 free_mib=314 cached_mib=30721 swapused_mib=136 swapout_kib+=1680 swapin_kib+=16 gpu_mib=113
21:56:55 phase=idle avail_mib=30956 free_mib=376 cached_mib=30861 swapused_mib=136 swapout_kib+=0 swapin_kib+=16 gpu_mib=0
21:56:58 phase=load avail_mib=30958 free_mib=774 cached_mib=30466 swapused_mib=135 swapout_kib+=144 swapin_kib+=912 gpu_mib=1
21:57:00 phase=load avail_mib=30445 free_mib=249 cached_mib=30486 swapused_mib=135 swapout_kib+=0 swapin_kib+=504 gpu_mib=113
21:57:02 phase=load avail_mib=30543 free_mib=233 cached_mib=30600 swapused_mib=135 swapout_kib+=228 swapin_kib+=20 gpu_mib=113
21:57:04 phase=load avail_mib=30521 free_mib=295 cached_mib=30516 swapused_mib=136 swapout_kib+=2160 swapin_kib+=12 gpu_mib=113
21:57:06 phase=load avail_mib=30524 free_mib=248 cached_mib=30565 swapused_mib=136 swapout_kib+=0 swapin_kib+=20 gpu_mib=113
21:57:08 phase=load avail_mib=30748 free_mib=284 cached_mib=30755 swapused_mib=136 swapout_kib+=536 swapin_kib+=128 gpu_mib=113
21:57:10 phase=load avail_mib=30731 free_mib=242 cached_mib=30779 swapused_mib=136 swapout_kib+=3580 swapin_kib+=4328 gpu_mib=113
21:57:12 phase=load avail_mib=30981 free_mib=279 cached_mib=30992 swapused_mib=339 swapout_kib+=212772 swapin_kib+=0 gpu_mib=113
21:57:14 phase=load avail_mib=30948 free_mib=260 cached_mib=30979 swapused_mib=339 swapout_kib+=1760 swapin_kib+=112 gpu_mib=113
21:57:16 phase=load avail_mib=30947 free_mib=363 cached_mib=30874 swapused_mib=339 swapout_kib+=172 swapin_kib+=2452 gpu_mib=10667
21:57:18 phase=load avail_mib=30789 free_mib=268 cached_mib=30836 swapused_mib=338 swapout_kib+=320 swapin_kib+=23444 gpu_mib=11561
21:57:20 phase=load avail_mib=30616 free_mib=283 cached_mib=30648 swapused_mib=338 swapout_kib+=348 swapin_kib+=24524 gpu_mib=11561
21:57:22 phase=load avail_mib=30483 free_mib=228 cached_mib=30571 swapused_mib=337 swapout_kib+=0 swapin_kib+=25404 gpu_mib=11591
21:57:24 phase=measured avail_mib=30396 free_mib=212 cached_mib=30500 swapused_mib=337 swapout_kib+=368 swapin_kib+=356 gpu_mib=11593
21:57:26 phase=measured avail_mib=30396 free_mib=280 cached_mib=30431 swapused_mib=337 swapout_kib+=260 swapin_kib+=612 gpu_mib=11593
21:57:28 phase=measured avail_mib=30372 free_mib=295 cached_mib=30392 swapused_mib=337 swapout_kib+=0 swapin_kib+=0 gpu_mib=11593
21:57:30 phase=measured avail_mib=30350 free_mib=242 cached_mib=30423 swapused_mib=337 swapout_kib+=564 swapin_kib+=8 gpu_mib=11593
21:57:32 phase=measured avail_mib=30327 free_mib=275 cached_mib=30367 swapused_mib=337 swapout_kib+=0 swapin_kib+=8 gpu_mib=11593
21:57:34 phase=measured avail_mib=30339 free_mib=280 cached_mib=30374 swapused_mib=337 swapout_kib+=0 swapin_kib+=44 gpu_mib=11593
21:57:36 phase=measured avail_mib=30349 free_mib=219 cached_mib=30445 swapused_mib=337 swapout_kib+=0 swapin_kib+=12 gpu_mib=11593
21:57:38 phase=measured avail_mib=30343 free_mib=269 cached_mib=30388 swapused_mib=337 swapout_kib+=600 swapin_kib+=112 gpu_mib=11593
21:57:40 phase=measured avail_mib=30361 free_mib=245 cached_mib=30431 swapused_mib=341 swapout_kib+=9960 swapin_kib+=1916 gpu_mib=11593
21:57:42 phase=measured avail_mib=30345 free_mib=242 cached_mib=30417 swapused_mib=341 swapout_kib+=800 swapin_kib+=76 gpu_mib=11593
21:57:44 phase=measured avail_mib=30356 free_mib=258 cached_mib=30412 swapused_mib=341 swapout_kib+=652 swapin_kib+=36 gpu_mib=11593
21:57:46 phase=measured avail_mib=30373 free_mib=250 cached_mib=30437 swapused_mib=345 swapout_kib+=6988 swapin_kib+=0 gpu_mib=11593
21:57:48 phase=measured avail_mib=30364 free_mib=268 cached_mib=30411 swapused_mib=345 swapout_kib+=588 swapin_kib+=4 gpu_mib=11593
21:57:50 phase=measured avail_mib=30369 free_mib=336 cached_mib=30347 swapused_mib=348 swapout_kib+=3588 swapin_kib+=940 gpu_mib=11593
21:57:52 phase=measured avail_mib=30353 free_mib=245 cached_mib=30422 swapused_mib=348 swapout_kib+=240 swapin_kib+=12820 gpu_mib=11593
21:57:54 phase=measured avail_mib=30337 free_mib=315 cached_mib=30336 swapused_mib=348 swapout_kib+=0 swapin_kib+=160 gpu_mib=11593
21:57:56 phase=measured avail_mib=30334 free_mib=338 cached_mib=30311 swapused_mib=347 swapout_kib+=1324 swapin_kib+=28 gpu_mib=11593
21:57:59 phase=measured avail_mib=30314 free_mib=260 cached_mib=30369 swapused_mib=347 swapout_kib+=584 swapin_kib+=32 gpu_mib=11593
21:58:01 phase=measured avail_mib=30340 free_mib=251 cached_mib=30403 swapused_mib=374 swapout_kib+=32392 swapin_kib+=76 gpu_mib=11595
21:58:03 phase=measured avail_mib=30614 free_mib=315 cached_mib=30619 swapused_mib=614 swapout_kib+=246476 swapin_kib+=28 gpu_mib=11595
21:58:05 phase=measured avail_mib=30778 free_mib=236 cached_mib=30856 swapused_mib=757 swapout_kib+=152148 swapin_kib+=0 gpu_mib=11595
21:58:07 phase=measured avail_mib=30783 free_mib=268 cached_mib=30830 swapused_mib=757 swapout_kib+=844 swapin_kib+=4 gpu_mib=11595
21:58:09 phase=measured avail_mib=30668 free_mib=272 cached_mib=30710 swapused_mib=756 swapout_kib+=0 swapin_kib+=1828 gpu_mib=11605
21:58:11 phase=measured avail_mib=30692 free_mib=252 cached_mib=30754 swapused_mib=756 swapout_kib+=4 swapin_kib+=3868 gpu_mib=11605
21:58:13 phase=measured avail_mib=30705 free_mib=270 cached_mib=30749 swapused_mib=756 swapout_kib+=5416 swapin_kib+=4 gpu_mib=11605
21:58:15 phase=measured avail_mib=30577 free_mib=224 cached_mib=30668 swapused_mib=756 swapout_kib+=72 swapin_kib+=2172 gpu_mib=11605
21:58:17 phase=measured avail_mib=30535 free_mib=230 cached_mib=30620 swapused_mib=755 swapout_kib+=0 swapin_kib+=4388 gpu_mib=11637
21:58:19 phase=measured avail_mib=30540 free_mib=240 cached_mib=30615 swapused_mib=755 swapout_kib+=0 swapin_kib+=132 gpu_mib=11637
21:58:21 phase=measured avail_mib=30529 free_mib=291 cached_mib=30551 swapused_mib=755 swapout_kib+=0 swapin_kib+=4540 gpu_mib=11637
21:58:23 phase=measured avail_mib=30526 free_mib=298 cached_mib=30541 swapused_mib=754 swapout_kib+=0 swapin_kib+=7352 gpu_mib=11637
21:58:25 phase=measured avail_mib=30535 free_mib=253 cached_mib=30595 swapused_mib=754 swapout_kib+=0 swapin_kib+=44 gpu_mib=11637
21:58:27 phase=measured avail_mib=30718 free_mib=535 cached_mib=30495 swapused_mib=754 swapout_kib+=0 swapin_kib+=26760 gpu_mib=11637
21:58:29 phase=measured avail_mib=30710 free_mib=384 cached_mib=30638 swapused_mib=754 swapout_kib+=0 swapin_kib+=40 gpu_mib=11637
21:58:31 phase=measured avail_mib=30707 free_mib=231 cached_mib=30790 swapused_mib=757 swapout_kib+=3704 swapin_kib+=4 gpu_mib=11637
21:58:33 phase=measured avail_mib=30716 free_mib=226 cached_mib=30804 swapused_mib=757 swapout_kib+=340 swapin_kib+=0 gpu_mib=11637
21:58:35 phase=measured avail_mib=30716 free_mib=295 cached_mib=30735 swapused_mib=757 swapout_kib+=0 swapin_kib+=0 gpu_mib=11637
21:58:37 phase=measured avail_mib=30702 free_mib=340 cached_mib=30677 swapused_mib=757 swapout_kib+=124 swapin_kib+=20 gpu_mib=11637
21:58:39 phase=measured avail_mib=30710 free_mib=230 cached_mib=30795 swapused_mib=756 swapout_kib+=0 swapin_kib+=120 gpu_mib=11637
21:58:41 phase=measured avail_mib=30672 free_mib=223 cached_mib=30762 swapused_mib=756 swapout_kib+=4 swapin_kib+=56 gpu_mib=11637
21:58:43 phase=measured avail_mib=30680 free_mib=293 cached_mib=30701 swapused_mib=756 swapout_kib+=132 swapin_kib+=8 gpu_mib=11637
21:58:45 phase=measured avail_mib=30767 free_mib=257 cached_mib=30825 swapused_mib=765 swapout_kib+=11356 swapin_kib+=8 gpu_mib=11637
21:58:47 phase=measured avail_mib=30760 free_mib=260 cached_mib=30814 swapused_mib=765 swapout_kib+=8 swapin_kib+=0 gpu_mib=11637
21:58:49 phase=measured avail_mib=30745 free_mib=259 cached_mib=30801 swapused_mib=765 swapout_kib+=20 swapin_kib+=404 gpu_mib=11637
21:58:51 phase=measured avail_mib=30729 free_mib=283 cached_mib=30762 swapused_mib=777 swapout_kib+=13400 swapin_kib+=284 gpu_mib=11637
21:58:53 phase=measured avail_mib=30608 free_mib=338 cached_mib=30585 swapused_mib=777 swapout_kib+=0 swapin_kib+=1120 gpu_mib=11637
21:58:55 phase=measured avail_mib=30607 free_mib=236 cached_mib=30686 swapused_mib=777 swapout_kib+=0 swapin_kib+=40 gpu_mib=11637
21:58:57 phase=measured avail_mib=30621 free_mib=337 cached_mib=30598 swapused_mib=777 swapout_kib+=0 swapin_kib+=748 gpu_mib=11637
21:58:59 phase=measured avail_mib=30615 free_mib=230 cached_mib=30699 swapused_mib=777 swapout_kib+=12 swapin_kib+=28 gpu_mib=11637
21:59:02 phase=measured avail_mib=30513 free_mib=293 cached_mib=30534 swapused_mib=762 swapout_kib+=0 swapin_kib+=18732 gpu_mib=11637
21:59:04 phase=measured avail_mib=30501 free_mib=249 cached_mib=30567 swapused_mib=762 swapout_kib+=0 swapin_kib+=144 gpu_mib=11637
21:59:06 phase=measured avail_mib=30515 free_mib=227 cached_mib=30602 swapused_mib=762 swapout_kib+=0 swapin_kib+=92 gpu_mib=11637
21:59:08 phase=measured avail_mib=30518 free_mib=291 cached_mib=30541 swapused_mib=762 swapout_kib+=0 swapin_kib+=116 gpu_mib=11637
21:59:10 phase=measured avail_mib=30497 free_mib=260 cached_mib=30551 swapused_mib=762 swapout_kib+=0 swapin_kib+=64 gpu_mib=11637
21:59:12 phase=measured avail_mib=30713 free_mib=524 cached_mib=30503 swapused_mib=762 swapout_kib+=0 swapin_kib+=17252 gpu_mib=11637
21:59:14 phase=measured avail_mib=30712 free_mib=446 cached_mib=30581 swapused_mib=762 swapout_kib+=0 swapin_kib+=24 gpu_mib=11637
21:59:16 phase=measured avail_mib=30760 free_mib=193 cached_mib=30882 swapused_mib=762 swapout_kib+=1556 swapin_kib+=0 gpu_mib=11637
21:59:18 phase=measured avail_mib=30741 free_mib=309 cached_mib=30747 swapused_mib=762 swapout_kib+=908 swapin_kib+=0 gpu_mib=11637
21:59:20 phase=measured avail_mib=30725 free_mib=236 cached_mib=30804 swapused_mib=766 swapout_kib+=5884 swapin_kib+=16 gpu_mib=11637
21:59:22 phase=measured avail_mib=30714 free_mib=343 cached_mib=30686 swapused_mib=766 swapout_kib+=0 swapin_kib+=7540 gpu_mib=11637
21:59:24 phase=measured avail_mib=30684 free_mib=325 cached_mib=30674 swapused_mib=766 swapout_kib+=0 swapin_kib+=0 gpu_mib=11637
21:59:26 phase=measured avail_mib=30675 free_mib=344 cached_mib=30646 swapused_mib=766 swapout_kib+=0 swapin_kib+=20 gpu_mib=11637
21:59:28 phase=measured avail_mib=30655 free_mib=278 cached_mib=30691 swapused_mib=766 swapout_kib+=0 swapin_kib+=0 gpu_mib=11637
21:59:30 phase=measured avail_mib=30653 free_mib=264 cached_mib=30705 swapused_mib=766 swapout_kib+=0 swapin_kib+=4 gpu_mib=11637
21:59:32 phase=measured avail_mib=30665 free_mib=328 cached_mib=30652 swapused_mib=766 swapout_kib+=0 swapin_kib+=8 gpu_mib=11637
21:59:34 phase=measured avail_mib=30659 free_mib=273 cached_mib=30701 swapused_mib=766 swapout_kib+=0 swapin_kib+=148 gpu_mib=11637
21:59:36 phase=measured avail_mib=30668 free_mib=277 cached_mib=30705 swapused_mib=766 swapout_kib+=0 swapin_kib+=0 gpu_mib=11637
21:59:38 phase=measured avail_mib=30640 free_mib=252 cached_mib=30702 swapused_mib=766 swapout_kib+=12 swapin_kib+=0 gpu_mib=11637
21:59:40 phase=measured avail_mib=30635 free_mib=214 cached_mib=30735 swapused_mib=766 swapout_kib+=304 swapin_kib+=0 gpu_mib=11637
21:59:42 phase=measured avail_mib=30671 free_mib=238 cached_mib=30748 swapused_mib=787 swapout_kib+=23444 swapin_kib+=460 gpu_mib=11637
21:59:44 phase=measured avail_mib=30709 free_mib=305 cached_mib=30719 swapused_mib=870 swapout_kib+=87760 swapin_kib+=832 gpu_mib=11637
21:59:46 phase=measured avail_mib=30600 free_mib=291 cached_mib=30624 swapused_mib=851 swapout_kib+=2544 swapin_kib+=26332 gpu_mib=11637
21:59:48 phase=measured avail_mib=30601 free_mib=335 cached_mib=30581 swapused_mib=851 swapout_kib+=0 swapin_kib+=188 gpu_mib=11637
21:59:50 phase=measured avail_mib=30597 free_mib=325 cached_mib=30587 swapused_mib=851 swapout_kib+=0 swapin_kib+=148 gpu_mib=11637
21:59:52 phase=measured avail_mib=30586 free_mib=365 cached_mib=30535 swapused_mib=851 swapout_kib+=0 swapin_kib+=352 gpu_mib=11637
21:59:54 phase=measured avail_mib=30601 free_mib=350 cached_mib=30565 swapused_mib=851 swapout_kib+=0 swapin_kib+=20 gpu_mib=11637
21:59:56 phase=measured avail_mib=30585 free_mib=330 cached_mib=30546 swapused_mib=850 swapout_kib+=0 swapin_kib+=5800 gpu_mib=163
22:00:00 phase=idle avail_mib=31116 free_mib=768 cached_mib=30630 swapused_mib=136 swapout_kib+=0 swapin_kib+=77156 gpu_mib=0
22:00:03 phase=idle avail_mib=30975 free_mib=554 cached_mib=30702 swapused_mib=136 swapout_kib+=0 swapin_kib+=132 gpu_mib=0
22:00:07 phase=idle avail_mib=31025 free_mib=598 cached_mib=30707 swapused_mib=136 swapout_kib+=0 swapin_kib+=968 gpu_mib=0
