23:21:42 v2 start harness_pid=59663 pswpin=626856 pswpout=1372452
23:21:43 phase=idle avail_mib=30743 free_mib=30172 cached_mib=886 swapused_mib=123 swapout_kib+=0 swapin_kib+=0 gpu_mib=1
23:21:45 phase=load avail_mib=30524 free_mib=29229 cached_mib=1617 swapused_mib=123 swapout_kib+=0 swapin_kib+=0 gpu_mib=113
23:21:47 phase=load avail_mib=30536 free_mib=25442 cached_mib=5418 swapused_mib=123 swapout_kib+=0 swapin_kib+=0 gpu_mib=113
23:21:49 phase=load avail_mib=30534 free_mib=21816 cached_mib=9040 swapused_mib=123 swapout_kib+=0 swapin_kib+=0 gpu_mib=113
23:21:51 phase=load avail_mib=30547 free_mib=18132 cached_mib=12734 swapused_mib=123 swapout_kib+=0 swapin_kib+=0 gpu_mib=113
23:21:53 phase=load avail_mib=30543 free_mib=14465 cached_mib=16392 swapused_mib=123 swapout_kib+=0 swapin_kib+=0 gpu_mib=113
23:21:56 phase=load avail_mib=30521 free_mib=10741 cached_mib=20090 swapused_mib=123 swapout_kib+=0 swapin_kib+=0 gpu_mib=113
23:21:58 phase=load avail_mib=30527 free_mib=6722 cached_mib=24111 swapused_mib=123 swapout_kib+=0 swapin_kib+=0 gpu_mib=113
23:22:00 phase=load avail_mib=30525 free_mib=2779 cached_mib=28048 swapused_mib=123 swapout_kib+=0 swapin_kib+=0 gpu_mib=113
23:22:02 phase=load avail_mib=30135 free_mib=1790 cached_mib=28899 swapused_mib=123 swapout_kib+=0 swapin_kib+=0 gpu_mib=8265
23:22:04 phase=load avail_mib=29973 free_mib=1587 cached_mib=28939 swapused_mib=123 swapout_kib+=0 swapin_kib+=0 gpu_mib=8283
23:22:06 phase=load avail_mib=29950 free_mib=1552 cached_mib=28952 swapused_mib=123 swapout_kib+=0 swapin_kib+=4 gpu_mib=8283
23:22:08 phase=measured avail_mib=29897 free_mib=1494 cached_mib=28956 swapused_mib=123 swapout_kib+=0 swapin_kib+=0 gpu_mib=8283
23:22:10 phase=measured avail_mib=29848 free_mib=1427 cached_mib=28974 swapused_mib=123 swapout_kib+=0 swapin_kib+=0 gpu_mib=8283
23:22:12 phase=measured avail_mib=29833 free_mib=1413 cached_mib=28974 swapused_mib=123 swapout_kib+=0 swapin_kib+=0 gpu_mib=8283
23:22:14 phase=measured avail_mib=29875 free_mib=1440 cached_mib=28988 swapused_mib=123 swapout_kib+=0 swapin_kib+=0 gpu_mib=8289
23:22:16 phase=measured avail_mib=29858 free_mib=1406 cached_mib=29007 swapused_mib=123 swapout_kib+=0 swapin_kib+=0 gpu_mib=8289
23:22:18 phase=measured avail_mib=29881 free_mib=1428 cached_mib=29007 swapused_mib=123 swapout_kib+=0 swapin_kib+=0 gpu_mib=8293
23:22:20 phase=measured avail_mib=29884 free_mib=1416 cached_mib=29022 swapused_mib=123 swapout_kib+=0 swapin_kib+=0 gpu_mib=8299
23:22:22 phase=measured avail_mib=29881 free_mib=1413 cached_mib=29022 swapused_mib=123 swapout_kib+=0 swapin_kib+=0 gpu_mib=8299
23:22:24 phase=measured avail_mib=29887 free_mib=1407 cached_mib=29034 swapused_mib=123 swapout_kib+=0 swapin_kib+=0 gpu_mib=8303
23:22:26 phase=measured avail_mib=29909 free_mib=1427 cached_mib=29035 swapused_mib=123 swapout_kib+=0 swapin_kib+=0 gpu_mib=8303
23:22:28 phase=measured avail_mib=29819 free_mib=1321 cached_mib=29051 swapused_mib=123 swapout_kib+=0 swapin_kib+=0 gpu_mib=8311
23:22:30 phase=measured avail_mib=29803 free_mib=1305 cached_mib=29051 swapused_mib=123 swapout_kib+=0 swapin_kib+=0 gpu_mib=8311
23:22:32 phase=measured avail_mib=29631 free_mib=1131 cached_mib=29054 swapused_mib=123 swapout_kib+=0 swapin_kib+=0 gpu_mib=8313
23:22:34 phase=measured avail_mib=29617 free_mib=1115 cached_mib=29055 swapused_mib=123 swapout_kib+=0 swapin_kib+=0 gpu_mib=8313
23:22:36 phase=measured avail_mib=29596 free_mib=1093 cached_mib=29056 swapused_mib=123 swapout_kib+=0 swapin_kib+=0 gpu_mib=8313
23:22:38 phase=measured avail_mib=29610 free_mib=1106 cached_mib=29057 swapused_mib=123 swapout_kib+=0 swapin_kib+=0 gpu_mib=8313
23:22:40 phase=measured avail_mib=29640 free_mib=1135 cached_mib=29058 swapused_mib=123 swapout_kib+=0 swapin_kib+=0 gpu_mib=8313
23:22:42 phase=measured avail_mib=29647 free_mib=1141 cached_mib=29060 swapused_mib=123 swapout_kib+=0 swapin_kib+=0 gpu_mib=8313
23:22:44 phase=measured avail_mib=29657 free_mib=1150 cached_mib=29061 swapused_mib=123 swapout_kib+=0 swapin_kib+=0 gpu_mib=8313
23:22:46 phase=measured avail_mib=29663 free_mib=1155 cached_mib=29061 swapused_mib=123 swapout_kib+=0 swapin_kib+=0 gpu_mib=8313
23:22:48 phase=measured avail_mib=29677 free_mib=1168 cached_mib=29062 swapused_mib=123 swapout_kib+=0 swapin_kib+=0 gpu_mib=8313
23:22:50 phase=measured avail_mib=29678 free_mib=1169 cached_mib=29063 swapused_mib=123 swapout_kib+=0 swapin_kib+=0 gpu_mib=8313
23:22:52 phase=measured avail_mib=29670 free_mib=1160 cached_mib=29064 swapused_mib=123 swapout_kib+=0 swapin_kib+=0 gpu_mib=8313
23:22:55 phase=measured avail_mib=29675 free_mib=1164 cached_mib=29065 swapused_mib=123 swapout_kib+=0 swapin_kib+=0 gpu_mib=8313
23:22:57 phase=measured avail_mib=29677 free_mib=1165 cached_mib=29066 swapused_mib=123 swapout_kib+=0 swapin_kib+=0 gpu_mib=8313
23:22:59 phase=measured avail_mib=29673 free_mib=1160 cached_mib=29066 swapused_mib=123 swapout_kib+=0 swapin_kib+=0 gpu_mib=8313
23:23:01 phase=measured avail_mib=29224 free_mib=710 cached_mib=29067 swapused_mib=123 swapout_kib+=0 swapin_kib+=0 gpu_mib=8313
23:23:03 phase=measured avail_mib=29204 free_mib=690 cached_mib=29067 swapused_mib=123 swapout_kib+=0 swapin_kib+=0 gpu_mib=8313
23:23:05 phase=measured avail_mib=29208 free_mib=695 cached_mib=29067 swapused_mib=123 swapout_kib+=0 swapin_kib+=0 gpu_mib=8313
23:23:07 phase=measured avail_mib=29211 free_mib=697 cached_mib=29067 swapused_mib=123 swapout_kib+=0 swapin_kib+=32 gpu_mib=8313
23:23:09 phase=measured avail_mib=29238 free_mib=724 cached_mib=29067 swapused_mib=123 swapout_kib+=0 swapin_kib+=4 gpu_mib=8313
23:23:11 phase=measured avail_mib=29241 free_mib=727 cached_mib=29067 swapused_mib=123 swapout_kib+=0 swapin_kib+=0 gpu_mib=8313
23:23:13 phase=measured avail_mib=29276 free_mib=762 cached_mib=29067 swapused_mib=123 swapout_kib+=0 swapin_kib+=0 gpu_mib=8313
23:23:15 phase=measured avail_mib=29283 free_mib=769 cached_mib=29067 swapused_mib=123 swapout_kib+=0 swapin_kib+=8 gpu_mib=8313
23:23:17 phase=measured avail_mib=29246 free_mib=732 cached_mib=29067 swapused_mib=123 swapout_kib+=0 swapin_kib+=0 gpu_mib=8313
23:23:19 phase=measured avail_mib=29238 free_mib=724 cached_mib=29067 swapused_mib=123 swapout_kib+=0 swapin_kib+=0 gpu_mib=8313
23:23:21 phase=measured avail_mib=29236 free_mib=722 cached_mib=29067 swapused_mib=123 swapout_kib+=0 swapin_kib+=0 gpu_mib=8313
23:23:23 phase=measured avail_mib=29244 free_mib=730 cached_mib=29067 swapused_mib=123 swapout_kib+=0 swapin_kib+=24 gpu_mib=8313
23:23:25 phase=measured avail_mib=29176 free_mib=662 cached_mib=29067 swapused_mib=123 swapout_kib+=0 swapin_kib+=0 gpu_mib=8313
23:23:27 phase=measured avail_mib=29080 free_mib=566 cached_mib=29067 swapused_mib=123 swapout_kib+=0 swapin_kib+=0 gpu_mib=8313
23:23:29 phase=measured avail_mib=29085 free_mib=570 cached_mib=29067 swapused_mib=123 swapout_kib+=0 swapin_kib+=0 gpu_mib=8313
23:23:31 phase=measured avail_mib=29085 free_mib=571 cached_mib=29068 swapused_mib=123 swapout_kib+=0 swapin_kib+=0 gpu_mib=8313
23:23:33 phase=measured avail_mib=29098 free_mib=584 cached_mib=29068 swapused_mib=123 swapout_kib+=0 swapin_kib+=0 gpu_mib=8313
23:23:35 phase=measured avail_mib=29132 free_mib=618 cached_mib=29068 swapused_mib=123 swapout_kib+=0 swapin_kib+=0 gpu_mib=8313
23:23:37 phase=measured avail_mib=29149 free_mib=634 cached_mib=29068 swapused_mib=123 swapout_kib+=0 swapin_kib+=4 gpu_mib=8313
23:23:39 phase=measured avail_mib=29160 free_mib=645 cached_mib=29068 swapused_mib=123 swapout_kib+=0 swapin_kib+=0 gpu_mib=8313
23:23:41 phase=measured avail_mib=29153 free_mib=638 cached_mib=29068 swapused_mib=123 swapout_kib+=0 swapin_kib+=0 gpu_mib=8313
23:23:43 phase=measured avail_mib=29163 free_mib=648 cached_mib=29068 swapused_mib=123 swapout_kib+=0 swapin_kib+=0 gpu_mib=8313
23:23:45 phase=measured avail_mib=29184 free_mib=669 cached_mib=29068 swapused_mib=123 swapout_kib+=0 swapin_kib+=0 gpu_mib=8313
23:23:47 phase=measured avail_mib=29190 free_mib=675 cached_mib=29069 swapused_mib=123 swapout_kib+=0 swapin_kib+=48 gpu_mib=8313
23:23:49 phase=measured avail_mib=29194 free_mib=677 cached_mib=29070 swapused_mib=123 swapout_kib+=0 swapin_kib+=0 gpu_mib=8313
23:23:51 phase=measured avail_mib=29189 free_mib=672 cached_mib=29070 swapused_mib=123 swapout_kib+=0 swapin_kib+=8 gpu_mib=8313
23:23:53 phase=measured avail_mib=29201 free_mib=683 cached_mib=29071 swapused_mib=123 swapout_kib+=0 swapin_kib+=0 gpu_mib=8313
23:23:55 phase=measured avail_mib=28979 free_mib=533 cached_mib=28823 swapused_mib=123 swapout_kib+=372 swapin_kib+=0 gpu_mib=8313
23:23:58 phase=measured avail_mib=28927 free_mib=470 cached_mib=28833 swapused_mib=123 swapout_kib+=0 swapin_kib+=0 gpu_mib=8313
23:24:00 phase=measured avail_mib=28935 free_mib=461 cached_mib=28850 swapused_mib=123 swapout_kib+=0 swapin_kib+=0 gpu_mib=8313
23:24:02 phase=measured avail_mib=28941 free_mib=466 cached_mib=28850 swapused_mib=123 swapout_kib+=0 swapin_kib+=0 gpu_mib=8313
23:24:04 phase=measured avail_mib=28960 free_mib=468 cached_mib=28867 swapused_mib=123 swapout_kib+=0 swapin_kib+=0 gpu_mib=8313
23:24:06 phase=measured avail_mib=28994 free_mib=486 cached_mib=28882 swapused_mib=123 swapout_kib+=0 swapin_kib+=0 gpu_mib=8313
23:24:08 phase=measured avail_mib=28983 free_mib=474 cached_mib=28882 swapused_mib=123 swapout_kib+=0 swapin_kib+=0 gpu_mib=8313
23:24:10 phase=measured avail_mib=28974 free_mib=429 cached_mib=28912 swapused_mib=123 swapout_kib+=0 swapin_kib+=16 gpu_mib=8313
23:24:12 phase=measured avail_mib=29028 free_mib=484 cached_mib=28912 swapused_mib=123 swapout_kib+=0 swapin_kib+=0 gpu_mib=8313
23:24:14 phase=measured avail_mib=29076 free_mib=516 cached_mib=28927 swapused_mib=123 swapout_kib+=0 swapin_kib+=0 gpu_mib=8313
23:24:16 phase=measured avail_mib=29037 free_mib=465 cached_mib=28939 swapused_mib=123 swapout_kib+=0 swapin_kib+=0 gpu_mib=8313
23:24:18 phase=measured avail_mib=29044 free_mib=472 cached_mib=28939 swapused_mib=123 swapout_kib+=0 swapin_kib+=0 gpu_mib=8313
23:24:20 phase=measured avail_mib=29036 free_mib=463 cached_mib=28940 swapused_mib=123 swapout_kib+=0 swapin_kib+=0 gpu_mib=8313
23:24:22 phase=measured avail_mib=28938 free_mib=351 cached_mib=28956 swapused_mib=123 swapout_kib+=0 swapin_kib+=0 gpu_mib=8313
23:24:24 phase=measured avail_mib=28848 free_mib=267 cached_mib=28949 swapused_mib=123 swapout_kib+=0 swapin_kib+=0 gpu_mib=8313
23:24:26 phase=measured avail_mib=28858 free_mib=284 cached_mib=28946 swapused_mib=123 swapout_kib+=0 swapin_kib+=0 gpu_mib=8313
23:24:28 phase=measured avail_mib=28869 free_mib=294 cached_mib=28947 swapused_mib=123 swapout_kib+=0 swapin_kib+=0 gpu_mib=8313
23:24:30 phase=measured avail_mib=28882 free_mib=305 cached_mib=28948 swapused_mib=123 swapout_kib+=0 swapin_kib+=0 gpu_mib=8313
23:24:32 phase=measured avail_mib=28900 free_mib=323 cached_mib=28949 swapused_mib=123 swapout_kib+=0 swapin_kib+=0 gpu_mib=8313
23:24:34 phase=measured avail_mib=28916 free_mib=338 cached_mib=28950 swapused_mib=123 swapout_kib+=0 swapin_kib+=0 gpu_mib=8313
23:24:36 phase=measured avail_mib=28888 free_mib=308 cached_mib=28951 swapused_mib=123 swapout_kib+=0 swapin_kib+=4 gpu_mib=8313
23:24:38 phase=measured avail_mib=28897 free_mib=317 cached_mib=28952 swapused_mib=123 swapout_kib+=0 swapin_kib+=0 gpu_mib=8313
23:24:40 phase=measured avail_mib=28897 free_mib=316 cached_mib=28953 swapused_mib=123 swapout_kib+=0 swapin_kib+=0 gpu_mib=8313
23:24:42 phase=measured avail_mib=28879 free_mib=298 cached_mib=28953 swapused_mib=123 swapout_kib+=0 swapin_kib+=0 gpu_mib=8313
23:24:44 phase=measured avail_mib=28887 free_mib=304 cached_mib=28954 swapused_mib=123 swapout_kib+=0 swapin_kib+=0 gpu_mib=8313
23:24:46 phase=measured avail_mib=28880 free_mib=296 cached_mib=28955 swapused_mib=123 swapout_kib+=0 swapin_kib+=0 gpu_mib=8313
23:24:48 phase=measured avail_mib=28895 free_mib=310 cached_mib=28956 swapused_mib=123 swapout_kib+=0 swapin_kib+=0 gpu_mib=8313
23:24:50 phase=measured avail_mib=28903 free_mib=318 cached_mib=28957 swapused_mib=123 swapout_kib+=0 swapin_kib+=0 gpu_mib=8313
23:24:52 phase=measured avail_mib=28892 free_mib=305 cached_mib=28958 swapused_mib=123 swapout_kib+=0 swapin_kib+=0 gpu_mib=8313
23:24:54 phase=measured avail_mib=28951 free_mib=496 cached_mib=28876 swapused_mib=407 swapout_kib+=294012 swapin_kib+=92 gpu_mib=8313
23:24:56 phase=measured avail_mib=28895 free_mib=440 cached_mib=28876 swapused_mib=407 swapout_kib+=0 swapin_kib+=32 gpu_mib=8313
23:24:59 phase=measured avail_mib=28919 free_mib=464 cached_mib=28876 swapused_mib=406 swapout_kib+=0 swapin_kib+=1220 gpu_mib=8313
23:25:01 phase=measured avail_mib=28913 free_mib=457 cached_mib=28876 swapused_mib=406 swapout_kib+=0 swapin_kib+=0 gpu_mib=8313
23:25:03 phase=measured avail_mib=28901 free_mib=445 cached_mib=28877 swapused_mib=406 swapout_kib+=0 swapin_kib+=132 gpu_mib=8313
23:25:05 phase=measured avail_mib=28902 free_mib=447 cached_mib=28877 swapused_mib=406 swapout_kib+=0 swapin_kib+=0 gpu_mib=8313
23:25:07 phase=measured avail_mib=28891 free_mib=430 cached_mib=28882 swapused_mib=406 swapout_kib+=0 swapin_kib+=624 gpu_mib=8313
23:25:09 phase=measured avail_mib=28854 free_mib=393 cached_mib=28882 swapused_mib=406 swapout_kib+=0 swapin_kib+=0 gpu_mib=8313
23:25:11 phase=measured avail_mib=28864 free_mib=385 cached_mib=28900 swapused_mib=406 swapout_kib+=0 swapin_kib+=20 gpu_mib=8313
23:25:13 phase=measured avail_mib=28872 free_mib=393 cached_mib=28900 swapused_mib=406 swapout_kib+=0 swapin_kib+=0 gpu_mib=8313
23:25:15 phase=measured avail_mib=28861 free_mib=382 cached_mib=28900 swapused_mib=406 swapout_kib+=0 swapin_kib+=0 gpu_mib=8313
23:25:17 phase=measured avail_mib=28792 free_mib=322 cached_mib=28892 swapused_mib=427 swapout_kib+=22384 swapin_kib+=780 gpu_mib=8315
23:25:19 phase=measured avail_mib=28940 free_mib=423 cached_mib=28892 swapused_mib=578 swapout_kib+=154356 swapin_kib+=0 gpu_mib=8315
23:25:21 phase=measured avail_mib=28840 free_mib=323 cached_mib=28892 swapused_mib=578 swapout_kib+=0 swapin_kib+=108 gpu_mib=8315
23:25:23 phase=measured avail_mib=28854 free_mib=337 cached_mib=28892 swapused_mib=578 swapout_kib+=0 swapin_kib+=0 gpu_mib=8315
23:25:25 phase=measured avail_mib=28848 free_mib=332 cached_mib=28892 swapused_mib=578 swapout_kib+=0 swapin_kib+=0 gpu_mib=8315
23:25:27 phase=measured avail_mib=28855 free_mib=339 cached_mib=28892 swapused_mib=578 swapout_kib+=0 swapin_kib+=0 gpu_mib=8315
23:25:29 phase=measured avail_mib=28852 free_mib=335 cached_mib=28892 swapused_mib=578 swapout_kib+=0 swapin_kib+=0 gpu_mib=8315
23:25:31 phase=measured avail_mib=28860 free_mib=343 cached_mib=28892 swapused_mib=578 swapout_kib+=0 swapin_kib+=0 gpu_mib=8315
23:25:33 phase=measured avail_mib=28840 free_mib=323 cached_mib=28892 swapused_mib=578 swapout_kib+=0 swapin_kib+=0 gpu_mib=8315
23:25:35 phase=measured avail_mib=28851 free_mib=333 cached_mib=28892 swapused_mib=578 swapout_kib+=0 swapin_kib+=0 gpu_mib=8315
23:25:37 phase=measured avail_mib=28852 free_mib=334 cached_mib=28893 swapused_mib=578 swapout_kib+=0 swapin_kib+=60 gpu_mib=8315
23:25:39 phase=measured avail_mib=28868 free_mib=350 cached_mib=28893 swapused_mib=578 swapout_kib+=0 swapin_kib+=0 gpu_mib=8315
23:25:41 phase=measured avail_mib=28854 free_mib=336 cached_mib=28893 swapused_mib=578 swapout_kib+=0 swapin_kib+=0 gpu_mib=8315
23:25:43 phase=measured avail_mib=28862 free_mib=344 cached_mib=28893 swapused_mib=578 swapout_kib+=0 swapin_kib+=0 gpu_mib=8315
23:25:45 phase=measured avail_mib=28864 free_mib=345 cached_mib=28893 swapused_mib=578 swapout_kib+=0 swapin_kib+=8 gpu_mib=8315
23:25:47 phase=measured avail_mib=28848 free_mib=330 cached_mib=28893 swapused_mib=578 swapout_kib+=0 swapin_kib+=4 gpu_mib=8315
23:25:49 phase=measured avail_mib=28785 free_mib=355 cached_mib=28851 swapused_mib=917 swapout_kib+=347796 swapin_kib+=16 gpu_mib=8315
23:25:51 phase=measured avail_mib=28951 free_mib=520 cached_mib=28851 swapused_mib=938 swapout_kib+=21028 swapin_kib+=0 gpu_mib=8315
23:25:53 phase=measured avail_mib=28930 free_mib=499 cached_mib=28851 swapused_mib=938 swapout_kib+=0 swapin_kib+=8 gpu_mib=8315
23:25:55 phase=measured avail_mib=28919 free_mib=488 cached_mib=28851 swapused_mib=938 swapout_kib+=0 swapin_kib+=0 gpu_mib=8315
23:25:57 phase=measured avail_mib=28941 free_mib=510 cached_mib=28851 swapused_mib=938 swapout_kib+=0 swapin_kib+=0 gpu_mib=8315
23:25:59 phase=measured avail_mib=28929 free_mib=499 cached_mib=28851 swapused_mib=938 swapout_kib+=0 swapin_kib+=0 gpu_mib=8315
23:26:02 phase=measured avail_mib=28901 free_mib=471 cached_mib=28851 swapused_mib=938 swapout_kib+=0 swapin_kib+=0 gpu_mib=8315
23:26:04 phase=measured avail_mib=28932 free_mib=501 cached_mib=28851 swapused_mib=938 swapout_kib+=0 swapin_kib+=0 gpu_mib=8315
23:26:06 phase=measured avail_mib=28946 free_mib=515 cached_mib=28851 swapused_mib=938 swapout_kib+=0 swapin_kib+=0 gpu_mib=8315
23:26:08 phase=measured avail_mib=28906 free_mib=476 cached_mib=28851 swapused_mib=938 swapout_kib+=0 swapin_kib+=456 gpu_mib=8315
23:26:10 phase=measured avail_mib=28883 free_mib=452 cached_mib=28851 swapused_mib=938 swapout_kib+=0 swapin_kib+=0 gpu_mib=8315
23:26:12 phase=measured avail_mib=28886 free_mib=447 cached_mib=28859 swapused_mib=938 swapout_kib+=0 swapin_kib+=0 gpu_mib=8315
23:26:14 phase=measured avail_mib=28806 free_mib=367 cached_mib=28859 swapused_mib=938 swapout_kib+=0 swapin_kib+=0 gpu_mib=8315
23:26:16 phase=measured avail_mib=28801 free_mib=443 cached_mib=28732 swapused_mib=979 swapout_kib+=41732 swapin_kib+=0 gpu_mib=8315
23:26:18 phase=measured avail_mib=28768 free_mib=410 cached_mib=28732 swapused_mib=979 swapout_kib+=0 swapin_kib+=0 gpu_mib=8315
23:26:20 phase=measured avail_mib=28787 free_mib=429 cached_mib=28732 swapused_mib=979 swapout_kib+=0 swapin_kib+=0 gpu_mib=8315
23:26:22 phase=measured avail_mib=28789 free_mib=430 cached_mib=28732 swapused_mib=979 swapout_kib+=0 swapin_kib+=28 gpu_mib=8315
23:26:24 phase=measured avail_mib=28777 free_mib=418 cached_mib=28733 swapused_mib=979 swapout_kib+=0 swapin_kib+=16 gpu_mib=8315
23:26:26 phase=measured avail_mib=28773 free_mib=413 cached_mib=28734 swapused_mib=979 swapout_kib+=0 swapin_kib+=0 gpu_mib=8315
23:26:28 phase=measured avail_mib=28768 free_mib=407 cached_mib=28735 swapused_mib=979 swapout_kib+=0 swapin_kib+=8 gpu_mib=8315
23:26:30 phase=measured avail_mib=28772 free_mib=411 cached_mib=28735 swapused_mib=979 swapout_kib+=0 swapin_kib+=12 gpu_mib=8315
23:26:32 phase=measured avail_mib=28775 free_mib=413 cached_mib=28736 swapused_mib=979 swapout_kib+=0 swapin_kib+=16 gpu_mib=8315
23:26:34 phase=measured avail_mib=28789 free_mib=426 cached_mib=28737 swapused_mib=979 swapout_kib+=0 swapin_kib+=4 gpu_mib=8315
23:26:36 phase=measured avail_mib=28783 free_mib=420 cached_mib=28738 swapused_mib=979 swapout_kib+=0 swapin_kib+=4 gpu_mib=8315
23:26:38 phase=measured avail_mib=28799 free_mib=435 cached_mib=28738 swapused_mib=979 swapout_kib+=0 swapin_kib+=4 gpu_mib=8315
23:26:40 phase=measured avail_mib=28802 free_mib=437 cached_mib=28739 swapused_mib=979 swapout_kib+=0 swapin_kib+=4 gpu_mib=8315
23:26:42 phase=measured avail_mib=28812 free_mib=447 cached_mib=28739 swapused_mib=979 swapout_kib+=0 swapin_kib+=4 gpu_mib=8315
23:26:44 phase=measured avail_mib=28773 free_mib=407 cached_mib=28740 swapused_mib=979 swapout_kib+=0 swapin_kib+=0 gpu_mib=8315
23:26:46 phase=measured avail_mib=28572 free_mib=462 cached_mib=28485 swapused_mib=979 swapout_kib+=0 swapin_kib+=40 gpu_mib=8315
23:26:48 phase=measured avail_mib=28556 free_mib=446 cached_mib=28485 swapused_mib=979 swapout_kib+=0 swapin_kib+=0 gpu_mib=8315
23:26:50 phase=measured avail_mib=28564 free_mib=454 cached_mib=28485 swapused_mib=979 swapout_kib+=0 swapin_kib+=0 gpu_mib=8315
23:26:52 phase=measured avail_mib=28548 free_mib=437 cached_mib=28485 swapused_mib=979 swapout_kib+=0 swapin_kib+=4 gpu_mib=8315
23:26:54 phase=measured avail_mib=28557 free_mib=446 cached_mib=28485 swapused_mib=979 swapout_kib+=0 swapin_kib+=0 gpu_mib=8315
23:26:56 phase=measured avail_mib=28523 free_mib=412 cached_mib=28485 swapused_mib=979 swapout_kib+=0 swapin_kib+=0 gpu_mib=8315
23:26:58 phase=measured avail_mib=28520 free_mib=410 cached_mib=28485 swapused_mib=979 swapout_kib+=0 swapin_kib+=0 gpu_mib=8315
23:27:01 phase=measured avail_mib=28527 free_mib=417 cached_mib=28485 swapused_mib=979 swapout_kib+=0 swapin_kib+=0 gpu_mib=8315
23:27:03 phase=measured avail_mib=28548 free_mib=437 cached_mib=28485 swapused_mib=979 swapout_kib+=0 swapin_kib+=0 gpu_mib=8315
23:27:05 phase=measured avail_mib=28545 free_mib=434 cached_mib=28485 swapused_mib=979 swapout_kib+=0 swapin_kib+=0 gpu_mib=8315
23:27:07 phase=measured avail_mib=28547 free_mib=436 cached_mib=28485 swapused_mib=979 swapout_kib+=0 swapin_kib+=424 gpu_mib=8315
23:27:09 phase=measured avail_mib=28431 free_mib=320 cached_mib=28485 swapused_mib=979 swapout_kib+=0 swapin_kib+=0 gpu_mib=8315
23:27:11 phase=measured avail_mib=28312 free_mib=331 cached_mib=28355 swapused_mib=979 swapout_kib+=0 swapin_kib+=0 gpu_mib=8315
23:27:13 phase=measured avail_mib=28288 free_mib=299 cached_mib=28363 swapused_mib=979 swapout_kib+=0 swapin_kib+=4 gpu_mib=8315
23:27:15 phase=measured avail_mib=28285 free_mib=295 cached_mib=28363 swapused_mib=979 swapout_kib+=0 swapin_kib+=0 gpu_mib=8315
23:27:17 phase=measured avail_mib=28312 free_mib=322 cached_mib=28363 swapused_mib=979 swapout_kib+=0 swapin_kib+=0 gpu_mib=8315
23:27:19 phase=measured avail_mib=28328 free_mib=339 cached_mib=28363 swapused_mib=979 swapout_kib+=0 swapin_kib+=0 gpu_mib=8315
23:27:21 phase=measured avail_mib=28312 free_mib=322 cached_mib=28363 swapused_mib=979 swapout_kib+=0 swapin_kib+=0 gpu_mib=8315
23:27:23 phase=measured avail_mib=28332 free_mib=342 cached_mib=28363 swapused_mib=979 swapout_kib+=0 swapin_kib+=0 gpu_mib=8315
23:27:25 phase=measured avail_mib=28333 free_mib=344 cached_mib=28363 swapused_mib=979 swapout_kib+=0 swapin_kib+=0 gpu_mib=8315
23:27:27 phase=measured avail_mib=28322 free_mib=332 cached_mib=28363 swapused_mib=979 swapout_kib+=0 swapin_kib+=0 gpu_mib=8315
23:27:29 phase=measured avail_mib=28324 free_mib=334 cached_mib=28363 swapused_mib=979 swapout_kib+=0 swapin_kib+=0 gpu_mib=8315
23:27:31 phase=measured avail_mib=28335 free_mib=345 cached_mib=28364 swapused_mib=979 swapout_kib+=0 swapin_kib+=12 gpu_mib=8315
23:27:33 phase=measured avail_mib=28329 free_mib=339 cached_mib=28364 swapused_mib=979 swapout_kib+=0 swapin_kib+=0 gpu_mib=8315
23:27:35 phase=measured avail_mib=28339 free_mib=348 cached_mib=28365 swapused_mib=979 swapout_kib+=0 swapin_kib+=0 gpu_mib=8315
23:27:37 phase=measured avail_mib=28341 free_mib=350 cached_mib=28365 swapused_mib=979 swapout_kib+=0 swapin_kib+=20 gpu_mib=8315
23:27:39 phase=measured avail_mib=27965 free_mib=234 cached_mib=28105 swapused_mib=979 swapout_kib+=0 swapin_kib+=11412 gpu_mib=8315
23:27:41 phase=measured avail_mib=28089 free_mib=617 cached_mib=27846 swapused_mib=979 swapout_kib+=0 swapin_kib+=0 gpu_mib=8315
23:27:43 phase=measured avail_mib=28098 free_mib=626 cached_mib=27846 swapused_mib=979 swapout_kib+=0 swapin_kib+=4 gpu_mib=8315
23:27:45 phase=measured avail_mib=28083 free_mib=611 cached_mib=27846 swapused_mib=979 swapout_kib+=0 swapin_kib+=0 gpu_mib=8315
23:27:47 phase=measured avail_mib=28038 free_mib=567 cached_mib=27846 swapused_mib=979 swapout_kib+=0 swapin_kib+=0 gpu_mib=8315
23:27:49 phase=measured avail_mib=28055 free_mib=584 cached_mib=27846 swapused_mib=979 swapout_kib+=0 swapin_kib+=0 gpu_mib=8315
23:27:51 phase=measured avail_mib=28074 free_mib=602 cached_mib=27846 swapused_mib=979 swapout_kib+=0 swapin_kib+=0 gpu_mib=8315
23:27:53 phase=measured avail_mib=28073 free_mib=601 cached_mib=27846 swapused_mib=979 swapout_kib+=0 swapin_kib+=0 gpu_mib=8315
23:27:55 phase=measured avail_mib=28060 free_mib=589 cached_mib=27846 swapused_mib=979 swapout_kib+=0 swapin_kib+=0 gpu_mib=8315
23:27:57 phase=measured avail_mib=28082 free_mib=610 cached_mib=27846 swapused_mib=979 swapout_kib+=0 swapin_kib+=0 gpu_mib=8315
23:27:59 phase=measured avail_mib=28036 free_mib=564 cached_mib=27846 swapused_mib=979 swapout_kib+=0 swapin_kib+=0 gpu_mib=8315
23:28:01 phase=measured avail_mib=28036 free_mib=564 cached_mib=27846 swapused_mib=979 swapout_kib+=0 swapin_kib+=4 gpu_mib=8315
23:28:04 phase=measured avail_mib=28036 free_mib=547 cached_mib=27863 swapused_mib=979 swapout_kib+=0 swapin_kib+=132 gpu_mib=8315
23:28:06 phase=measured avail_mib=28059 free_mib=570 cached_mib=27863 swapused_mib=979 swapout_kib+=0 swapin_kib+=36 gpu_mib=8317
23:28:08 phase=measured avail_mib=28053 free_mib=548 cached_mib=27879 swapused_mib=978 swapout_kib+=0 swapin_kib+=388 gpu_mib=8323
23:28:10 phase=measured avail_mib=28046 free_mib=541 cached_mib=27879 swapused_mib=978 swapout_kib+=0 swapin_kib+=36 gpu_mib=8323
23:28:12 phase=measured avail_mib=28048 free_mib=537 cached_mib=27884 swapused_mib=978 swapout_kib+=0 swapin_kib+=0 gpu_mib=8327
23:28:14 phase=measured avail_mib=28031 free_mib=508 cached_mib=27897 swapused_mib=978 swapout_kib+=0 swapin_kib+=372 gpu_mib=8333
23:28:16 phase=measured avail_mib=28010 free_mib=486 cached_mib=27897 swapused_mib=978 swapout_kib+=0 swapin_kib+=0 gpu_mib=8333
23:28:18 phase=measured avail_mib=28026 free_mib=484 cached_mib=27916 swapused_mib=978 swapout_kib+=0 swapin_kib+=104 gpu_mib=8337
23:28:20 phase=measured avail_mib=28035 free_mib=469 cached_mib=27939 swapused_mib=978 swapout_kib+=0 swapin_kib+=44 gpu_mib=8337
23:28:22 phase=measured avail_mib=28022 free_mib=456 cached_mib=27939 swapused_mib=978 swapout_kib+=0 swapin_kib+=0 gpu_mib=8343
23:28:24 phase=measured avail_mib=28037 free_mib=455 cached_mib=27956 swapused_mib=978 swapout_kib+=0 swapin_kib+=0 gpu_mib=8347
23:28:26 phase=measured avail_mib=28045 free_mib=463 cached_mib=27956 swapused_mib=978 swapout_kib+=0 swapin_kib+=0 gpu_mib=8347
23:28:28 phase=measured avail_mib=28037 free_mib=437 cached_mib=27973 swapused_mib=978 swapout_kib+=0 swapin_kib+=56 gpu_mib=8353
23:28:30 phase=measured avail_mib=28031 free_mib=411 cached_mib=27994 swapused_mib=978 swapout_kib+=0 swapin_kib+=88 gpu_mib=8353
23:28:32 phase=measured avail_mib=28032 free_mib=412 cached_mib=27994 swapused_mib=978 swapout_kib+=0 swapin_kib+=0 gpu_mib=8357
23:28:34 phase=measured avail_mib=28009 free_mib=369 cached_mib=28013 swapused_mib=978 swapout_kib+=0 swapin_kib+=24 gpu_mib=8363
23:28:36 phase=measured avail_mib=28074 free_mib=435 cached_mib=28013 swapused_mib=978 swapout_kib+=0 swapin_kib+=0 gpu_mib=8363
23:28:38 phase=measured avail_mib=28009 free_mib=358 cached_mib=28025 swapused_mib=978 swapout_kib+=0 swapin_kib+=48 gpu_mib=8367
23:28:40 phase=measured avail_mib=28016 free_mib=352 cached_mib=28037 swapused_mib=978 swapout_kib+=0 swapin_kib+=44 gpu_mib=8373
23:28:42 phase=measured avail_mib=28021 free_mib=357 cached_mib=28037 swapused_mib=978 swapout_kib+=0 swapin_kib+=0 gpu_mib=8373
23:28:44 phase=measured avail_mib=28033 free_mib=354 cached_mib=28053 swapused_mib=978 swapout_kib+=0 swapin_kib+=88 gpu_mib=8377
23:28:46 phase=measured avail_mib=28008 free_mib=328 cached_mib=28053 swapused_mib=978 swapout_kib+=0 swapin_kib+=0 gpu_mib=8377
23:28:48 phase=measured avail_mib=28049 free_mib=357 cached_mib=28065 swapused_mib=978 swapout_kib+=0 swapin_kib+=44 gpu_mib=8383
23:28:50 phase=measured avail_mib=28055 free_mib=357 cached_mib=28071 swapused_mib=978 swapout_kib+=0 swapin_kib+=0 gpu_mib=8387
23:28:52 phase=measured avail_mib=28045 free_mib=347 cached_mib=28071 swapused_mib=978 swapout_kib+=0 swapin_kib+=0 gpu_mib=8387
23:28:54 phase=measured avail_mib=28051 free_mib=336 cached_mib=28089 swapused_mib=978 swapout_kib+=0 swapin_kib+=44 gpu_mib=8393
23:28:56 phase=measured avail_mib=28053 free_mib=338 cached_mib=28089 swapused_mib=978 swapout_kib+=0 swapin_kib+=100 gpu_mib=8393
23:28:58 phase=measured avail_mib=28053 free_mib=324 cached_mib=28103 swapused_mib=978 swapout_kib+=0 swapin_kib+=4 gpu_mib=8397
23:29:00 phase=measured avail_mib=28062 free_mib=319 cached_mib=28117 swapused_mib=978 swapout_kib+=0 swapin_kib+=44 gpu_mib=8403
23:29:02 phase=measured avail_mib=28062 free_mib=318 cached_mib=28117 swapused_mib=978 swapout_kib+=0 swapin_kib+=0 gpu_mib=8403
23:29:04 phase=measured avail_mib=28067 free_mib=303 cached_mib=28137 swapused_mib=978 swapout_kib+=0 swapin_kib+=0 gpu_mib=8407
23:29:06 phase=measured avail_mib=28049 free_mib=285 cached_mib=28137 swapused_mib=978 swapout_kib+=0 swapin_kib+=0 gpu_mib=8407
23:29:09 phase=measured avail_mib=28032 free_mib=257 cached_mib=28150 swapused_mib=978 swapout_kib+=0 swapin_kib+=328 gpu_mib=8413
23:29:11 phase=measured avail_mib=28076 free_mib=287 cached_mib=28162 swapused_mib=978 swapout_kib+=0 swapin_kib+=44 gpu_mib=8413
23:29:13 phase=measured avail_mib=28034 free_mib=246 cached_mib=28162 swapused_mib=978 swapout_kib+=0 swapin_kib+=0 gpu_mib=8417
23:29:15 phase=measured avail_mib=28069 free_mib=269 cached_mib=28174 swapused_mib=978 swapout_kib+=0 swapin_kib+=44 gpu_mib=8423
23:29:17 phase=measured avail_mib=28077 free_mib=277 cached_mib=28174 swapused_mib=978 swapout_kib+=0 swapin_kib+=0 gpu_mib=8423
23:29:19 phase=measured avail_mib=28075 free_mib=269 cached_mib=28179 swapused_mib=978 swapout_kib+=0 swapin_kib+=0 gpu_mib=8427
23:29:21 phase=measured avail_mib=28052 free_mib=246 cached_mib=28180 swapused_mib=978 swapout_kib+=0 swapin_kib+=192 gpu_mib=8427
23:29:23 phase=measured avail_mib=28004 free_mib=291 cached_mib=28106 swapused_mib=978 swapout_kib+=0 swapin_kib+=56 gpu_mib=8427
23:29:25 phase=measured avail_mib=27981 free_mib=369 cached_mib=27985 swapused_mib=978 swapout_kib+=0 swapin_kib+=0 gpu_mib=8435
23:29:27 phase=measured avail_mib=27829 free_mib=281 cached_mib=27921 swapused_mib=977 swapout_kib+=0 swapin_kib+=1132 gpu_mib=8435
23:29:29 phase=measured avail_mib=27803 free_mib=255 cached_mib=27922 swapused_mib=977 swapout_kib+=0 swapin_kib+=8 gpu_mib=8435
23:29:31 phase=measured avail_mib=27812 free_mib=263 cached_mib=27922 swapused_mib=977 swapout_kib+=0 swapin_kib+=0 gpu_mib=8435
23:29:33 phase=measured avail_mib=27822 free_mib=273 cached_mib=27923 swapused_mib=977 swapout_kib+=0 swapin_kib+=0 gpu_mib=8435
23:29:35 phase=measured avail_mib=27817 free_mib=268 cached_mib=27923 swapused_mib=977 swapout_kib+=0 swapin_kib+=28 gpu_mib=8435
23:29:37 phase=measured avail_mib=27808 free_mib=258 cached_mib=27923 swapused_mib=977 swapout_kib+=0 swapin_kib+=36 gpu_mib=8435
23:29:39 phase=measured avail_mib=27810 free_mib=259 cached_mib=27924 swapused_mib=977 swapout_kib+=0 swapin_kib+=60 gpu_mib=8435
23:29:41 phase=measured avail_mib=27809 free_mib=257 cached_mib=27925 swapused_mib=977 swapout_kib+=0 swapin_kib+=4 gpu_mib=8435
23:29:43 phase=measured avail_mib=27834 free_mib=281 cached_mib=27926 swapused_mib=977 swapout_kib+=0 swapin_kib+=16 gpu_mib=8435
23:29:45 phase=measured avail_mib=27819 free_mib=266 cached_mib=27926 swapused_mib=977 swapout_kib+=0 swapin_kib+=8 gpu_mib=8435
23:29:47 phase=measured avail_mib=27826 free_mib=272 cached_mib=27927 swapused_mib=977 swapout_kib+=0 swapin_kib+=8 gpu_mib=8435
23:29:49 phase=measured avail_mib=27813 free_mib=259 cached_mib=27927 swapused_mib=977 swapout_kib+=0 swapin_kib+=4 gpu_mib=8435
23:29:51 phase=measured avail_mib=27827 free_mib=272 cached_mib=27928 swapused_mib=977 swapout_kib+=0 swapin_kib+=28 gpu_mib=8435
23:29:53 phase=measured avail_mib=27815 free_mib=260 cached_mib=27929 swapused_mib=977 swapout_kib+=0 swapin_kib+=8 gpu_mib=8435
23:29:55 phase=measured avail_mib=27822 free_mib=266 cached_mib=27929 swapused_mib=977 swapout_kib+=0 swapin_kib+=4 gpu_mib=8435
23:29:58 phase=measured avail_mib=27649 free_mib=211 cached_mib=27830 swapused_mib=977 swapout_kib+=0 swapin_kib+=2444 gpu_mib=8435
23:30:00 phase=measured avail_mib=26999 free_mib=315 cached_mib=27059 swapused_mib=977 swapout_kib+=296 swapin_kib+=112 gpu_mib=8435
23:30:02 phase=measured avail_mib=26993 free_mib=303 cached_mib=27064 swapused_mib=977 swapout_kib+=0 swapin_kib+=0 gpu_mib=8435
23:30:04 phase=measured avail_mib=26992 free_mib=284 cached_mib=27082 swapused_mib=977 swapout_kib+=0 swapin_kib+=0 gpu_mib=8435
23:30:06 phase=measured avail_mib=27016 free_mib=290 cached_mib=27100 swapused_mib=977 swapout_kib+=0 swapin_kib+=0 gpu_mib=8435
23:30:08 phase=measured avail_mib=27013 free_mib=285 cached_mib=27102 swapused_mib=977 swapout_kib+=0 swapin_kib+=468 gpu_mib=8435
23:30:10 phase=measured avail_mib=27035 free_mib=293 cached_mib=27116 swapused_mib=977 swapout_kib+=0 swapin_kib+=40 gpu_mib=8435
23:30:12 phase=measured avail_mib=27043 free_mib=301 cached_mib=27116 swapused_mib=977 swapout_kib+=0 swapin_kib+=0 gpu_mib=8435
23:30:14 phase=measured avail_mib=27053 free_mib=274 cached_mib=27152 swapused_mib=977 swapout_kib+=0 swapin_kib+=4 gpu_mib=8435
23:30:16 phase=measured avail_mib=27084 free_mib=291 cached_mib=27167 swapused_mib=977 swapout_kib+=0 swapin_kib+=0 gpu_mib=8435
23:30:18 phase=measured avail_mib=27110 free_mib=316 cached_mib=27167 swapused_mib=977 swapout_kib+=0 swapin_kib+=0 gpu_mib=8435
23:30:20 phase=measured avail_mib=27146 free_mib=339 cached_mib=27180 swapused_mib=977 swapout_kib+=0 swapin_kib+=0 gpu_mib=8435
23:30:22 phase=measured avail_mib=27143 free_mib=337 cached_mib=27180 swapused_mib=977 swapout_kib+=0 swapin_kib+=16 gpu_mib=8435
23:30:24 phase=measured avail_mib=27159 free_mib=337 cached_mib=27195 swapused_mib=977 swapout_kib+=0 swapin_kib+=0 gpu_mib=8435
23:30:26 phase=measured avail_mib=27155 free_mib=332 cached_mib=27195 swapused_mib=977 swapout_kib+=0 swapin_kib+=0 gpu_mib=8435
23:30:28 phase=measured avail_mib=27167 free_mib=344 cached_mib=27195 swapused_mib=977 swapout_kib+=0 swapin_kib+=0 gpu_mib=8435
23:30:30 phase=measured avail_mib=27168 free_mib=346 cached_mib=27196 swapused_mib=977 swapout_kib+=0 swapin_kib+=0 gpu_mib=8435
23:30:32 phase=measured avail_mib=27144 free_mib=322 cached_mib=27196 swapused_mib=977 swapout_kib+=0 swapin_kib+=0 gpu_mib=8435
23:30:34 phase=measured avail_mib=27161 free_mib=339 cached_mib=27196 swapused_mib=977 swapout_kib+=0 swapin_kib+=0 gpu_mib=8435
23:30:36 phase=measured avail_mib=27157 free_mib=335 cached_mib=27196 swapused_mib=977 swapout_kib+=0 swapin_kib+=0 gpu_mib=8435
23:30:39 phase=measured avail_mib=27126 free_mib=303 cached_mib=27196 swapused_mib=977 swapout_kib+=0 swapin_kib+=20 gpu_mib=8435
23:30:41 phase=measured avail_mib=27147 free_mib=325 cached_mib=27196 swapused_mib=977 swapout_kib+=0 swapin_kib+=0 gpu_mib=8435
23:30:43 phase=measured avail_mib=27178 free_mib=355 cached_mib=27196 swapused_mib=977 swapout_kib+=0 swapin_kib+=0 gpu_mib=8435
23:30:45 phase=measured avail_mib=27184 free_mib=361 cached_mib=27196 swapused_mib=977 swapout_kib+=0 swapin_kib+=0 gpu_mib=8435
23:30:47 phase=measured avail_mib=27198 free_mib=375 cached_mib=27196 swapused_mib=977 swapout_kib+=0 swapin_kib+=0 gpu_mib=8435
23:30:49 phase=measured avail_mib=27193 free_mib=370 cached_mib=27196 swapused_mib=977 swapout_kib+=0 swapin_kib+=0 gpu_mib=8435
23:30:51 phase=measured avail_mib=27178 free_mib=356 cached_mib=27196 swapused_mib=977 swapout_kib+=0 swapin_kib+=0 gpu_mib=8435
23:30:53 phase=measured avail_mib=27175 free_mib=352 cached_mib=27196 swapused_mib=977 swapout_kib+=0 swapin_kib+=0 gpu_mib=8435
23:30:55 phase=measured avail_mib=27181 free_mib=358 cached_mib=27196 swapused_mib=977 swapout_kib+=0 swapin_kib+=0 gpu_mib=8435
23:30:57 phase=measured avail_mib=27202 free_mib=380 cached_mib=27196 swapused_mib=977 swapout_kib+=0 swapin_kib+=0 gpu_mib=8435
23:30:59 phase=measured avail_mib=27180 free_mib=357 cached_mib=27196 swapused_mib=977 swapout_kib+=0 swapin_kib+=0 gpu_mib=8435
23:31:01 phase=measured avail_mib=27164 free_mib=341 cached_mib=27196 swapused_mib=977 swapout_kib+=0 swapin_kib+=0 gpu_mib=8435
23:31:03 phase=measured avail_mib=27178 free_mib=355 cached_mib=27196 swapused_mib=977 swapout_kib+=0 swapin_kib+=0 gpu_mib=8435
23:31:05 phase=measured avail_mib=27193 free_mib=370 cached_mib=27196 swapused_mib=977 swapout_kib+=0 swapin_kib+=0 gpu_mib=8435
23:31:07 phase=measured avail_mib=27195 free_mib=372 cached_mib=27196 swapused_mib=977 swapout_kib+=0 swapin_kib+=0 gpu_mib=8435
23:31:09 phase=measured avail_mib=27195 free_mib=372 cached_mib=27196 swapused_mib=976 swapout_kib+=0 swapin_kib+=564 gpu_mib=8435
23:31:11 phase=measured avail_mib=27192 free_mib=369 cached_mib=27196 swapused_mib=976 swapout_kib+=0 swapin_kib+=0 gpu_mib=8435
23:31:13 phase=measured avail_mib=27181 free_mib=358 cached_mib=27196 swapused_mib=976 swapout_kib+=0 swapin_kib+=0 gpu_mib=8435
23:31:15 phase=measured avail_mib=27171 free_mib=348 cached_mib=27196 swapused_mib=976 swapout_kib+=0 swapin_kib+=4 gpu_mib=8435
23:31:17 phase=measured avail_mib=27133 free_mib=309 cached_mib=27197 swapused_mib=976 swapout_kib+=0 swapin_kib+=0 gpu_mib=8435
23:31:19 phase=measured avail_mib=27126 free_mib=303 cached_mib=27197 swapused_mib=976 swapout_kib+=0 swapin_kib+=0 gpu_mib=8435
23:31:21 phase=measured avail_mib=27137 free_mib=314 cached_mib=27197 swapused_mib=976 swapout_kib+=0 swapin_kib+=0 gpu_mib=8435
23:31:23 phase=measured avail_mib=27096 free_mib=273 cached_mib=27197 swapused_mib=976 swapout_kib+=0 swapin_kib+=0 gpu_mib=8435
23:31:25 phase=measured avail_mib=27106 free_mib=282 cached_mib=27197 swapused_mib=976 swapout_kib+=0 swapin_kib+=4 gpu_mib=8435
23:31:27 phase=measured avail_mib=27141 free_mib=317 cached_mib=27197 swapused_mib=976 swapout_kib+=0 swapin_kib+=0 gpu_mib=8435
23:31:29 phase=measured avail_mib=27133 free_mib=310 cached_mib=27197 swapused_mib=976 swapout_kib+=0 swapin_kib+=0 gpu_mib=8435
23:31:31 phase=measured avail_mib=27153 free_mib=329 cached_mib=27197 swapused_mib=976 swapout_kib+=0 swapin_kib+=0 gpu_mib=8435
23:31:33 phase=measured avail_mib=27155 free_mib=332 cached_mib=27197 swapused_mib=976 swapout_kib+=0 swapin_kib+=0 gpu_mib=8435
23:31:35 phase=measured avail_mib=27155 free_mib=331 cached_mib=27197 swapused_mib=976 swapout_kib+=0 swapin_kib+=0 gpu_mib=8435
23:31:37 phase=measured avail_mib=27135 free_mib=312 cached_mib=27197 swapused_mib=976 swapout_kib+=0 swapin_kib+=0 gpu_mib=8435
23:31:39 phase=measured avail_mib=27114 free_mib=291 cached_mib=27197 swapused_mib=976 swapout_kib+=0 swapin_kib+=4 gpu_mib=8435
23:31:41 phase=measured avail_mib=27009 free_mib=314 cached_mib=27069 swapused_mib=976 swapout_kib+=0 swapin_kib+=0 gpu_mib=8435
23:31:44 phase=measured avail_mib=26938 free_mib=279 cached_mib=27033 swapused_mib=976 swapout_kib+=0 swapin_kib+=0 gpu_mib=8435
23:31:46 phase=measured avail_mib=26942 free_mib=376 cached_mib=26940 swapused_mib=976 swapout_kib+=0 swapin_kib+=0 gpu_mib=8435
23:31:48 phase=measured avail_mib=26930 free_mib=363 cached_mib=26940 swapused_mib=976 swapout_kib+=0 swapin_kib+=0 gpu_mib=8435
23:31:50 phase=measured avail_mib=26925 free_mib=358 cached_mib=26940 swapused_mib=976 swapout_kib+=0 swapin_kib+=0 gpu_mib=8435
23:31:52 phase=measured avail_mib=26913 free_mib=346 cached_mib=26941 swapused_mib=976 swapout_kib+=0 swapin_kib+=0 gpu_mib=8435
23:31:54 phase=measured avail_mib=26922 free_mib=354 cached_mib=26942 swapused_mib=976 swapout_kib+=0 swapin_kib+=16 gpu_mib=8435
23:31:56 phase=measured avail_mib=26926 free_mib=358 cached_mib=26942 swapused_mib=976 swapout_kib+=0 swapin_kib+=0 gpu_mib=8435
23:31:58 phase=measured avail_mib=26929 free_mib=360 cached_mib=26942 swapused_mib=976 swapout_kib+=0 swapin_kib+=0 gpu_mib=8435
23:32:00 phase=measured avail_mib=26914 free_mib=346 cached_mib=26942 swapused_mib=976 swapout_kib+=0 swapin_kib+=0 gpu_mib=8435
23:32:02 phase=measured avail_mib=26927 free_mib=358 cached_mib=26942 swapused_mib=976 swapout_kib+=0 swapin_kib+=0 gpu_mib=8435
23:32:04 phase=measured avail_mib=26916 free_mib=347 cached_mib=26943 swapused_mib=976 swapout_kib+=0 swapin_kib+=0 gpu_mib=8435
23:32:06 phase=measured avail_mib=26910 free_mib=341 cached_mib=26943 swapused_mib=976 swapout_kib+=0 swapin_kib+=4 gpu_mib=8435
23:32:08 phase=measured avail_mib=26902 free_mib=332 cached_mib=26943 swapused_mib=976 swapout_kib+=0 swapin_kib+=0 gpu_mib=8435
23:32:10 phase=measured avail_mib=26922 free_mib=352 cached_mib=26943 swapused_mib=976 swapout_kib+=0 swapin_kib+=2228 gpu_mib=8435
23:32:12 phase=measured avail_mib=26902 free_mib=332 cached_mib=26944 swapused_mib=976 swapout_kib+=0 swapin_kib+=0 gpu_mib=8435
23:32:14 phase=measured avail_mib=26261 free_mib=470 cached_mib=26165 swapused_mib=975 swapout_kib+=0 swapin_kib+=844 gpu_mib=8435
23:32:16 phase=measured avail_mib=26250 free_mib=451 cached_mib=26173 swapused_mib=975 swapout_kib+=0 swapin_kib+=0 gpu_mib=8435
23:32:18 phase=measured avail_mib=26241 free_mib=442 cached_mib=26173 swapused_mib=975 swapout_kib+=0 swapin_kib+=0 gpu_mib=8435
23:32:20 phase=measured avail_mib=26242 free_mib=443 cached_mib=26173 swapused_mib=975 swapout_kib+=0 swapin_kib+=0 gpu_mib=8435
23:32:22 phase=measured avail_mib=26258 free_mib=459 cached_mib=26173 swapused_mib=975 swapout_kib+=0 swapin_kib+=0 gpu_mib=8435
23:32:24 phase=measured avail_mib=26241 free_mib=442 cached_mib=26173 swapused_mib=975 swapout_kib+=0 swapin_kib+=0 gpu_mib=8435
23:32:26 phase=measured avail_mib=26262 free_mib=463 cached_mib=26173 swapused_mib=975 swapout_kib+=0 swapin_kib+=0 gpu_mib=8435
23:32:28 phase=measured avail_mib=26222 free_mib=422 cached_mib=26173 swapused_mib=975 swapout_kib+=0 swapin_kib+=0 gpu_mib=8435
23:32:30 phase=measured avail_mib=26240 free_mib=441 cached_mib=26173 swapused_mib=975 swapout_kib+=0 swapin_kib+=0 gpu_mib=8435
23:32:32 phase=measured avail_mib=26264 free_mib=465 cached_mib=26173 swapused_mib=975 swapout_kib+=0 swapin_kib+=0 gpu_mib=8435
23:32:34 phase=measured avail_mib=26260 free_mib=461 cached_mib=26173 swapused_mib=975 swapout_kib+=0 swapin_kib+=0 gpu_mib=8435
23:32:36 phase=measured avail_mib=26255 free_mib=456 cached_mib=26173 swapused_mib=975 swapout_kib+=0 swapin_kib+=0 gpu_mib=8435
23:32:38 phase=measured avail_mib=26241 free_mib=428 cached_mib=26186 swapused_mib=975 swapout_kib+=0 swapin_kib+=28 gpu_mib=8435
23:32:40 phase=measured avail_mib=26268 free_mib=455 cached_mib=26186 swapused_mib=975 swapout_kib+=0 swapin_kib+=0 gpu_mib=8435
23:32:42 phase=measured avail_mib=26274 free_mib=450 cached_mib=26197 swapused_mib=975 swapout_kib+=0 swapin_kib+=0 gpu_mib=8435
23:32:45 phase=measured avail_mib=26264 free_mib=436 cached_mib=26201 swapused_mib=975 swapout_kib+=0 swapin_kib+=0 gpu_mib=8435
23:32:47 phase=measured avail_mib=26278 free_mib=450 cached_mib=26202 swapused_mib=975 swapout_kib+=0 swapin_kib+=0 gpu_mib=8435
23:32:49 phase=measured avail_mib=26299 free_mib=466 cached_mib=26206 swapused_mib=975 swapout_kib+=0 swapin_kib+=0 gpu_mib=8435
23:32:51 phase=measured avail_mib=26267 free_mib=434 cached_mib=26206 swapused_mib=975 swapout_kib+=0 swapin_kib+=0 gpu_mib=8435
23:32:53 phase=measured avail_mib=26269 free_mib=423 cached_mib=26220 swapused_mib=975 swapout_kib+=0 swapin_kib+=0 gpu_mib=8435
23:32:55 phase=measured avail_mib=26298 free_mib=435 cached_mib=26236 swapused_mib=975 swapout_kib+=0 swapin_kib+=0 gpu_mib=8435
23:32:57 phase=measured avail_mib=26270 free_mib=407 cached_mib=26236 swapused_mib=975 swapout_kib+=0 swapin_kib+=0 gpu_mib=8435
23:32:59 phase=measured avail_mib=26225 free_mib=348 cached_mib=26251 swapused_mib=975 swapout_kib+=0 swapin_kib+=0 gpu_mib=8435
23:33:01 phase=measured avail_mib=26190 free_mib=312 cached_mib=26251 swapused_mib=975 swapout_kib+=0 swapin_kib+=0 gpu_mib=8435
23:33:03 phase=measured avail_mib=26219 free_mib=328 cached_mib=26265 swapused_mib=975 swapout_kib+=0 swapin_kib+=0 gpu_mib=8435
23:33:05 phase=measured avail_mib=26226 free_mib=318 cached_mib=26281 swapused_mib=975 swapout_kib+=0 swapin_kib+=0 gpu_mib=8435
23:33:07 phase=measured avail_mib=26215 free_mib=307 cached_mib=26281 swapused_mib=975 swapout_kib+=0 swapin_kib+=0 gpu_mib=8435
23:33:09 phase=measured avail_mib=26220 free_mib=297 cached_mib=26296 swapused_mib=975 swapout_kib+=0 swapin_kib+=32 gpu_mib=8435
23:33:11 phase=measured avail_mib=26218 free_mib=295 cached_mib=26296 swapused_mib=975 swapout_kib+=0 swapin_kib+=0 gpu_mib=8435
23:33:13 phase=measured avail_mib=26237 free_mib=304 cached_mib=26306 swapused_mib=975 swapout_kib+=0 swapin_kib+=0 gpu_mib=8435
23:33:15 phase=measured avail_mib=26241 free_mib=299 cached_mib=26316 swapused_mib=975 swapout_kib+=0 swapin_kib+=16 gpu_mib=8435
23:33:17 phase=measured avail_mib=26260 free_mib=317 cached_mib=26316 swapused_mib=975 swapout_kib+=0 swapin_kib+=4 gpu_mib=8435
23:33:19 phase=measured avail_mib=26250 free_mib=295 cached_mib=26328 swapused_mib=975 swapout_kib+=0 swapin_kib+=0 gpu_mib=8435
23:33:21 phase=measured avail_mib=26285 free_mib=322 cached_mib=26337 swapused_mib=975 swapout_kib+=0 swapin_kib+=0 gpu_mib=8435
23:33:23 phase=measured avail_mib=26295 free_mib=329 cached_mib=26339 swapused_mib=975 swapout_kib+=0 swapin_kib+=0 gpu_mib=8435
23:33:25 phase=measured avail_mib=26273 free_mib=302 cached_mib=26344 swapused_mib=975 swapout_kib+=0 swapin_kib+=4 gpu_mib=8435
23:33:27 phase=measured avail_mib=26264 free_mib=293 cached_mib=26344 swapused_mib=975 swapout_kib+=0 swapin_kib+=0 gpu_mib=8435
23:33:29 phase=measured avail_mib=26289 free_mib=303 cached_mib=26359 swapused_mib=975 swapout_kib+=0 swapin_kib+=0 gpu_mib=8435
23:33:31 phase=measured avail_mib=26298 free_mib=300 cached_mib=26371 swapused_mib=975 swapout_kib+=0 swapin_kib+=0 gpu_mib=8435
23:33:33 phase=measured avail_mib=26304 free_mib=306 cached_mib=26371 swapused_mib=975 swapout_kib+=0 swapin_kib+=0 gpu_mib=8435
23:33:35 phase=measured avail_mib=26284 free_mib=273 cached_mib=26385 swapused_mib=975 swapout_kib+=0 swapin_kib+=0 gpu_mib=8435
23:33:37 phase=measured avail_mib=26305 free_mib=293 cached_mib=26385 swapused_mib=975 swapout_kib+=0 swapin_kib+=0 gpu_mib=8435
23:33:39 phase=measured avail_mib=26314 free_mib=286 cached_mib=26401 swapused_mib=975 swapout_kib+=0 swapin_kib+=24 gpu_mib=8435
23:33:41 phase=measured avail_mib=26303 free_mib=275 cached_mib=26401 swapused_mib=975 swapout_kib+=0 swapin_kib+=0 gpu_mib=8435
23:33:43 phase=measured avail_mib=26295 free_mib=256 cached_mib=26413 swapused_mib=975 swapout_kib+=0 swapin_kib+=0 gpu_mib=8435
23:33:45 phase=measured avail_mib=26258 free_mib=338 cached_mib=26293 swapused_mib=975 swapout_kib+=0 swapin_kib+=12 gpu_mib=8435
23:33:47 phase=measured avail_mib=26255 free_mib=335 cached_mib=26293 swapused_mib=975 swapout_kib+=0 swapin_kib+=0 gpu_mib=8435
23:33:50 phase=measured avail_mib=26233 free_mib=304 cached_mib=26303 swapused_mib=975 swapout_kib+=0 swapin_kib+=0 gpu_mib=8435
23:33:52 phase=measured avail_mib=26234 free_mib=304 cached_mib=26303 swapused_mib=975 swapout_kib+=0 swapin_kib+=0 gpu_mib=8435
23:33:54 phase=measured avail_mib=26262 free_mib=327 cached_mib=26309 swapused_mib=975 swapout_kib+=0 swapin_kib+=0 gpu_mib=8435
23:33:56 phase=measured avail_mib=26224 free_mib=288 cached_mib=26309 swapused_mib=975 swapout_kib+=0 swapin_kib+=0 gpu_mib=8435
23:33:58 phase=measured avail_mib=26108 free_mib=291 cached_mib=26190 swapused_mib=975 swapout_kib+=0 swapin_kib+=0 gpu_mib=8435
23:34:00 phase=measured avail_mib=26097 free_mib=280 cached_mib=26190 swapused_mib=975 swapout_kib+=0 swapin_kib+=0 gpu_mib=8435
23:34:02 phase=measured avail_mib=25941 free_mib=254 cached_mib=26061 swapused_mib=975 swapout_kib+=0 swapin_kib+=36 gpu_mib=8435
23:34:04 phase=measured avail_mib=25958 free_mib=270 cached_mib=26061 swapused_mib=975 swapout_kib+=0 swapin_kib+=8 gpu_mib=8435
23:34:06 phase=measured avail_mib=25963 free_mib=275 cached_mib=26062 swapused_mib=975 swapout_kib+=0 swapin_kib+=4 gpu_mib=8435
23:34:08 phase=measured avail_mib=25991 free_mib=302 cached_mib=26063 swapused_mib=975 swapout_kib+=0 swapin_kib+=4 gpu_mib=8435
23:34:10 phase=measured avail_mib=25968 free_mib=278 cached_mib=26063 swapused_mib=975 swapout_kib+=0 swapin_kib+=24 gpu_mib=8435
23:34:12 phase=measured avail_mib=25991 free_mib=300 cached_mib=26064 swapused_mib=975 swapout_kib+=0 swapin_kib+=4 gpu_mib=8435
23:34:14 phase=measured avail_mib=26008 free_mib=316 cached_mib=26065 swapused_mib=975 swapout_kib+=0 swapin_kib+=0 gpu_mib=8435
23:34:16 phase=measured avail_mib=26004 free_mib=307 cached_mib=26070 swapused_mib=975 swapout_kib+=0 swapin_kib+=8 gpu_mib=8435
23:34:18 phase=measured avail_mib=25993 free_mib=295 cached_mib=26071 swapused_mib=975 swapout_kib+=0 swapin_kib+=4 gpu_mib=8435
23:34:20 phase=measured avail_mib=25989 free_mib=291 cached_mib=26072 swapused_mib=975 swapout_kib+=0 swapin_kib+=0 gpu_mib=8435
23:34:22 phase=measured avail_mib=25987 free_mib=289 cached_mib=26072 swapused_mib=975 swapout_kib+=0 swapin_kib+=0 gpu_mib=8435
23:34:24 phase=measured avail_mib=25999 free_mib=300 cached_mib=26073 swapused_mib=975 swapout_kib+=0 swapin_kib+=0 gpu_mib=8435
23:34:26 phase=measured avail_mib=25989 free_mib=288 cached_mib=26074 swapused_mib=975 swapout_kib+=0 swapin_kib+=8 gpu_mib=8435
23:34:28 phase=measured avail_mib=25958 free_mib=256 cached_mib=26075 swapused_mib=975 swapout_kib+=0 swapin_kib+=0 gpu_mib=8435
23:34:30 phase=measured avail_mib=25978 free_mib=275 cached_mib=26076 swapused_mib=975 swapout_kib+=0 swapin_kib+=8 gpu_mib=8435
23:34:32 phase=measured avail_mib=25342 free_mib=505 cached_mib=25211 swapused_mib=975 swapout_kib+=0 swapin_kib+=12 gpu_mib=8435
23:34:34 phase=measured avail_mib=25337 free_mib=499 cached_mib=25211 swapused_mib=975 swapout_kib+=0 swapin_kib+=0 gpu_mib=8435
23:34:36 phase=measured avail_mib=25344 free_mib=507 cached_mib=25211 swapused_mib=975 swapout_kib+=0 swapin_kib+=0 gpu_mib=8435
23:34:38 phase=measured avail_mib=25341 free_mib=504 cached_mib=25211 swapused_mib=975 swapout_kib+=0 swapin_kib+=0 gpu_mib=8435
23:34:40 phase=measured avail_mib=25323 free_mib=486 cached_mib=25211 swapused_mib=975 swapout_kib+=0 swapin_kib+=16 gpu_mib=8435
23:34:42 phase=measured avail_mib=25335 free_mib=498 cached_mib=25211 swapused_mib=975 swapout_kib+=0 swapin_kib+=0 gpu_mib=8435
23:34:44 phase=measured avail_mib=25344 free_mib=507 cached_mib=25211 swapused_mib=975 swapout_kib+=0 swapin_kib+=0 gpu_mib=8435
23:34:46 phase=measured avail_mib=25329 free_mib=492 cached_mib=25211 swapused_mib=975 swapout_kib+=0 swapin_kib+=0 gpu_mib=8435
23:34:48 phase=measured avail_mib=25353 free_mib=515 cached_mib=25211 swapused_mib=975 swapout_kib+=0 swapin_kib+=0 gpu_mib=8435
23:34:50 phase=measured avail_mib=25344 free_mib=507 cached_mib=25211 swapused_mib=975 swapout_kib+=0 swapin_kib+=0 gpu_mib=8435
23:34:53 phase=measured avail_mib=25360 free_mib=523 cached_mib=25211 swapused_mib=975 swapout_kib+=0 swapin_kib+=0 gpu_mib=8435
23:34:55 phase=measured avail_mib=25350 free_mib=513 cached_mib=25211 swapused_mib=975 swapout_kib+=0 swapin_kib+=0 gpu_mib=8435
23:34:57 phase=measured avail_mib=25352 free_mib=514 cached_mib=25211 swapused_mib=975 swapout_kib+=0 swapin_kib+=0 gpu_mib=8435
23:34:59 phase=measured avail_mib=25353 free_mib=515 cached_mib=25211 swapused_mib=975 swapout_kib+=0 swapin_kib+=0 gpu_mib=8435
23:35:01 phase=measured avail_mib=25341 free_mib=504 cached_mib=25211 swapused_mib=975 swapout_kib+=0 swapin_kib+=0 gpu_mib=8435
23:35:03 phase=measured avail_mib=25361 free_mib=523 cached_mib=25211 swapused_mib=975 swapout_kib+=0 swapin_kib+=0 gpu_mib=8435
23:35:05 phase=measured avail_mib=25355 free_mib=518 cached_mib=25211 swapused_mib=975 swapout_kib+=0 swapin_kib+=0 gpu_mib=8435
23:35:07 phase=measured avail_mib=25351 free_mib=514 cached_mib=25211 swapused_mib=975 swapout_kib+=0 swapin_kib+=0 gpu_mib=8435
23:35:09 phase=measured avail_mib=25371 free_mib=534 cached_mib=25211 swapused_mib=975 swapout_kib+=0 swapin_kib+=0 gpu_mib=8435
23:35:11 phase=measured avail_mib=25351 free_mib=514 cached_mib=25211 swapused_mib=975 swapout_kib+=0 swapin_kib+=0 gpu_mib=8435
23:35:13 phase=measured avail_mib=25313 free_mib=476 cached_mib=25211 swapused_mib=975 swapout_kib+=0 swapin_kib+=0 gpu_mib=8435
23:35:15 phase=measured avail_mib=25331 free_mib=493 cached_mib=25211 swapused_mib=975 swapout_kib+=0 swapin_kib+=0 gpu_mib=8435
23:35:17 phase=measured avail_mib=25302 free_mib=457 cached_mib=25218 swapused_mib=975 swapout_kib+=0 swapin_kib+=16 gpu_mib=8435
23:35:19 phase=measured avail_mib=25315 free_mib=470 cached_mib=25218 swapused_mib=975 swapout_kib+=0 swapin_kib+=4 gpu_mib=8435
23:35:21 phase=measured avail_mib=25330 free_mib=485 cached_mib=25218 swapused_mib=975 swapout_kib+=0 swapin_kib+=0 gpu_mib=8435
23:35:23 phase=measured avail_mib=25357 free_mib=512 cached_mib=25218 swapused_mib=975 swapout_kib+=0 swapin_kib+=0 gpu_mib=8435
23:35:25 phase=measured avail_mib=25361 free_mib=516 cached_mib=25218 swapused_mib=975 swapout_kib+=0 swapin_kib+=0 gpu_mib=8435
23:35:27 phase=measured avail_mib=25348 free_mib=503 cached_mib=25218 swapused_mib=975 swapout_kib+=0 swapin_kib+=0 gpu_mib=8435
23:35:29 phase=measured avail_mib=25354 free_mib=509 cached_mib=25218 swapused_mib=975 swapout_kib+=0 swapin_kib+=0 gpu_mib=8435
23:35:31 phase=measured avail_mib=25307 free_mib=462 cached_mib=25218 swapused_mib=975 swapout_kib+=0 swapin_kib+=0 gpu_mib=8435
23:35:33 phase=measured avail_mib=25340 free_mib=495 cached_mib=25218 swapused_mib=975 swapout_kib+=0 swapin_kib+=0 gpu_mib=8435
23:35:35 phase=measured avail_mib=25351 free_mib=506 cached_mib=25218 swapused_mib=975 swapout_kib+=0 swapin_kib+=0 gpu_mib=8435
23:35:37 phase=measured avail_mib=25379 free_mib=534 cached_mib=25218 swapused_mib=975 swapout_kib+=0 swapin_kib+=8 gpu_mib=8435
23:35:39 phase=measured avail_mib=25370 free_mib=525 cached_mib=25218 swapused_mib=975 swapout_kib+=0 swapin_kib+=32 gpu_mib=8435
23:35:41 phase=measured avail_mib=25348 free_mib=503 cached_mib=25218 swapused_mib=975 swapout_kib+=0 swapin_kib+=4 gpu_mib=8435
23:35:43 phase=measured avail_mib=25343 free_mib=498 cached_mib=25218 swapused_mib=975 swapout_kib+=0 swapin_kib+=0 gpu_mib=8435
23:35:45 phase=measured avail_mib=25336 free_mib=491 cached_mib=25218 swapused_mib=975 swapout_kib+=0 swapin_kib+=0 gpu_mib=8435
23:35:47 phase=measured avail_mib=25352 free_mib=507 cached_mib=25218 swapused_mib=975 swapout_kib+=0 swapin_kib+=0 gpu_mib=8435
23:35:49 phase=measured avail_mib=25339 free_mib=494 cached_mib=25218 swapused_mib=975 swapout_kib+=0 swapin_kib+=0 gpu_mib=8435
23:35:51 phase=measured avail_mib=25328 free_mib=483 cached_mib=25218 swapused_mib=975 swapout_kib+=0 swapin_kib+=0 gpu_mib=8435
23:35:53 phase=measured avail_mib=25345 free_mib=500 cached_mib=25218 swapused_mib=975 swapout_kib+=0 swapin_kib+=0 gpu_mib=8435
23:35:55 phase=measured avail_mib=25368 free_mib=523 cached_mib=25218 swapused_mib=975 swapout_kib+=0 swapin_kib+=0 gpu_mib=8435
23:35:58 phase=measured avail_mib=25363 free_mib=518 cached_mib=25218 swapused_mib=975 swapout_kib+=0 swapin_kib+=0 gpu_mib=8435
23:36:00 phase=measured avail_mib=25357 free_mib=512 cached_mib=25218 swapused_mib=975 swapout_kib+=0 swapin_kib+=0 gpu_mib=8435
23:36:02 phase=measured avail_mib=25353 free_mib=508 cached_mib=25218 swapused_mib=975 swapout_kib+=0 swapin_kib+=0 gpu_mib=8435
23:36:04 phase=measured avail_mib=25353 free_mib=508 cached_mib=25218 swapused_mib=975 swapout_kib+=0 swapin_kib+=0 gpu_mib=8435
23:36:06 phase=measured avail_mib=25373 free_mib=528 cached_mib=25218 swapused_mib=975 swapout_kib+=0 swapin_kib+=0 gpu_mib=8435
23:36:08 phase=measured avail_mib=25346 free_mib=501 cached_mib=25218 swapused_mib=975 swapout_kib+=0 swapin_kib+=0 gpu_mib=8435
23:36:10 phase=measured avail_mib=25328 free_mib=483 cached_mib=25218 swapused_mib=975 swapout_kib+=0 swapin_kib+=16 gpu_mib=8435
23:36:12 phase=measured avail_mib=25235 free_mib=390 cached_mib=25218 swapused_mib=975 swapout_kib+=0 swapin_kib+=0 gpu_mib=8435
23:36:14 phase=measured avail_mib=25137 free_mib=292 cached_mib=25218 swapused_mib=975 swapout_kib+=0 swapin_kib+=0 gpu_mib=8435
23:36:16 phase=measured avail_mib=25112 free_mib=267 cached_mib=25218 swapused_mib=975 swapout_kib+=0 swapin_kib+=0 gpu_mib=8435
23:36:18 phase=measured avail_mib=25113 free_mib=268 cached_mib=25219 swapused_mib=975 swapout_kib+=0 swapin_kib+=0 gpu_mib=8435
23:36:20 phase=measured avail_mib=25112 free_mib=267 cached_mib=25219 swapused_mib=975 swapout_kib+=0 swapin_kib+=0 gpu_mib=8435
23:36:22 phase=measured avail_mib=25121 free_mib=276 cached_mib=25219 swapused_mib=975 swapout_kib+=0 swapin_kib+=0 gpu_mib=8435
23:36:24 phase=measured avail_mib=25117 free_mib=271 cached_mib=25219 swapused_mib=975 swapout_kib+=0 swapin_kib+=0 gpu_mib=8435
23:36:26 phase=measured avail_mib=25138 free_mib=292 cached_mib=25219 swapused_mib=975 swapout_kib+=0 swapin_kib+=0 gpu_mib=8435
23:36:28 phase=measured avail_mib=25154 free_mib=308 cached_mib=25219 swapused_mib=975 swapout_kib+=0 swapin_kib+=0 gpu_mib=8435
23:36:30 phase=measured avail_mib=25120 free_mib=273 cached_mib=25220 swapused_mib=975 swapout_kib+=0 swapin_kib+=8 gpu_mib=8435
23:36:32 phase=measured avail_mib=25107 free_mib=259 cached_mib=25220 swapused_mib=975 swapout_kib+=0 swapin_kib+=4 gpu_mib=8435
23:36:34 phase=measured avail_mib=25134 free_mib=287 cached_mib=25221 swapused_mib=975 swapout_kib+=0 swapin_kib+=0 gpu_mib=8435
23:36:36 phase=measured avail_mib=25134 free_mib=286 cached_mib=25222 swapused_mib=975 swapout_kib+=0 swapin_kib+=0 gpu_mib=8435
23:36:38 phase=measured avail_mib=25101 free_mib=252 cached_mib=25223 swapused_mib=975 swapout_kib+=0 swapin_kib+=16 gpu_mib=8435
23:36:40 phase=measured avail_mib=25093 free_mib=243 cached_mib=25223 swapused_mib=975 swapout_kib+=0 swapin_kib+=0 gpu_mib=8435
23:36:42 phase=measured avail_mib=25100 free_mib=249 cached_mib=25224 swapused_mib=975 swapout_kib+=0 swapin_kib+=0 gpu_mib=8435
23:36:44 phase=measured avail_mib=25026 free_mib=210 cached_mib=25208 swapused_mib=1032 swapout_kib+=58336 swapin_kib+=16 gpu_mib=8435
23:36:46 phase=measured avail_mib=24698 free_mib=432 cached_mib=24640 swapused_mib=1109 swapout_kib+=79444 swapin_kib+=0 gpu_mib=8435
23:36:48 phase=measured avail_mib=24650 free_mib=382 cached_mib=24641 swapused_mib=1109 swapout_kib+=0 swapin_kib+=0 gpu_mib=8435
23:36:50 phase=measured avail_mib=24635 free_mib=353 cached_mib=24657 swapused_mib=1109 swapout_kib+=0 swapin_kib+=0 gpu_mib=8435
23:36:52 phase=measured avail_mib=24666 free_mib=367 cached_mib=24674 swapused_mib=1109 swapout_kib+=0 swapin_kib+=0 gpu_mib=8435
23:36:55 phase=measured avail_mib=24653 free_mib=353 cached_mib=24674 swapused_mib=1109 swapout_kib+=0 swapin_kib+=0 gpu_mib=8435
23:36:57 phase=measured avail_mib=24639 free_mib=325 cached_mib=24688 swapused_mib=1109 swapout_kib+=0 swapin_kib+=0 gpu_mib=8435
23:36:59 phase=measured avail_mib=24623 free_mib=298 cached_mib=24699 swapused_mib=1109 swapout_kib+=0 swapin_kib+=0 gpu_mib=8435
23:37:01 phase=measured avail_mib=24622 free_mib=290 cached_mib=24706 swapused_mib=1109 swapout_kib+=0 swapin_kib+=0 gpu_mib=8435
23:37:03 phase=measured avail_mib=24625 free_mib=278 cached_mib=24721 swapused_mib=1109 swapout_kib+=0 swapin_kib+=0 gpu_mib=8435
23:37:05 phase=measured avail_mib=24635 free_mib=288 cached_mib=24721 swapused_mib=1109 swapout_kib+=0 swapin_kib+=0 gpu_mib=8435
23:37:07 phase=measured avail_mib=24654 free_mib=294 cached_mib=24734 swapused_mib=1109 swapout_kib+=0 swapin_kib+=0 gpu_mib=8435
23:37:09 phase=measured avail_mib=24672 free_mib=297 cached_mib=24749 swapused_mib=1109 swapout_kib+=0 swapin_kib+=0 gpu_mib=8435
23:37:11 phase=measured avail_mib=24667 free_mib=287 cached_mib=24754 swapused_mib=1109 swapout_kib+=0 swapin_kib+=32 gpu_mib=8435
23:37:13 phase=measured avail_mib=24639 free_mib=245 cached_mib=24768 swapused_mib=1109 swapout_kib+=0 swapin_kib+=0 gpu_mib=8435
23:37:15 phase=measured avail_mib=24670 free_mib=277 cached_mib=24768 swapused_mib=1156 swapout_kib+=47700 swapin_kib+=0 gpu_mib=8435
23:37:17 phase=measured avail_mib=24684 free_mib=278 cached_mib=24779 swapused_mib=1156 swapout_kib+=0 swapin_kib+=0 gpu_mib=8435
23:37:19 phase=measured avail_mib=24675 free_mib=247 cached_mib=24801 swapused_mib=1156 swapout_kib+=0 swapin_kib+=0 gpu_mib=8435
23:37:21 phase=measured avail_mib=24675 free_mib=248 cached_mib=24801 swapused_mib=1156 swapout_kib+=0 swapin_kib+=0 gpu_mib=8435
23:37:23 phase=measured avail_mib=24736 free_mib=304 cached_mib=24806 swapused_mib=1266 swapout_kib+=112680 swapin_kib+=0 gpu_mib=8435
23:37:25 phase=measured avail_mib=24788 free_mib=350 cached_mib=24812 swapused_mib=1266 swapout_kib+=208 swapin_kib+=0 gpu_mib=8435
23:37:27 phase=measured avail_mib=24759 free_mib=321 cached_mib=24812 swapused_mib=1266 swapout_kib+=0 swapin_kib+=0 gpu_mib=8435
23:37:29 phase=measured avail_mib=24768 free_mib=312 cached_mib=24829 swapused_mib=1266 swapout_kib+=0 swapin_kib+=24 gpu_mib=8435
23:37:31 phase=measured avail_mib=24780 free_mib=325 cached_mib=24829 swapused_mib=1266 swapout_kib+=0 swapin_kib+=0 gpu_mib=8435
23:37:33 phase=measured avail_mib=24770 free_mib=300 cached_mib=24844 swapused_mib=1266 swapout_kib+=0 swapin_kib+=0 gpu_mib=8435
23:37:35 phase=measured avail_mib=24768 free_mib=284 cached_mib=24858 swapused_mib=1266 swapout_kib+=0 swapin_kib+=0 gpu_mib=8435
23:37:37 phase=measured avail_mib=24754 free_mib=270 cached_mib=24858 swapused_mib=1266 swapout_kib+=0 swapin_kib+=0 gpu_mib=8435
23:37:39 phase=measured avail_mib=24738 free_mib=237 cached_mib=24875 swapused_mib=1266 swapout_kib+=0 swapin_kib+=0 gpu_mib=8435
23:37:41 phase=measured avail_mib=24933 free_mib=432 cached_mib=24875 swapused_mib=1360 swapout_kib+=96556 swapin_kib+=32 gpu_mib=8435
23:37:43 phase=measured avail_mib=24921 free_mib=405 cached_mib=24890 swapused_mib=1360 swapout_kib+=0 swapin_kib+=0 gpu_mib=8435
23:37:45 phase=measured avail_mib=24906 free_mib=380 cached_mib=24899 swapused_mib=1360 swapout_kib+=0 swapin_kib+=0 gpu_mib=8435
23:37:47 phase=measured avail_mib=24863 free_mib=337 cached_mib=24899 swapused_mib=1360 swapout_kib+=0 swapin_kib+=0 gpu_mib=8435
23:37:49 phase=measured avail_mib=24843 free_mib=308 cached_mib=24909 swapused_mib=1360 swapout_kib+=0 swapin_kib+=0 gpu_mib=8435
23:37:52 phase=measured avail_mib=24878 free_mib=337 cached_mib=24915 swapused_mib=1360 swapout_kib+=0 swapin_kib+=0 gpu_mib=8435
23:37:54 phase=measured avail_mib=24860 free_mib=312 cached_mib=24922 swapused_mib=1360 swapout_kib+=0 swapin_kib+=0 gpu_mib=8435
23:37:56 phase=measured avail_mib=24869 free_mib=310 cached_mib=24933 swapused_mib=1360 swapout_kib+=0 swapin_kib+=0 gpu_mib=8435
23:37:58 phase=measured avail_mib=24879 free_mib=320 cached_mib=24933 swapused_mib=1360 swapout_kib+=0 swapin_kib+=0 gpu_mib=8435
23:38:00 phase=measured avail_mib=24908 free_mib=344 cached_mib=24938 swapused_mib=1360 swapout_kib+=0 swapin_kib+=0 gpu_mib=8435
23:38:02 phase=measured avail_mib=24926 free_mib=348 cached_mib=24952 swapused_mib=1360 swapout_kib+=0 swapin_kib+=0 gpu_mib=8435
23:38:04 phase=measured avail_mib=24941 free_mib=362 cached_mib=24953 swapused_mib=1360 swapout_kib+=0 swapin_kib+=0 gpu_mib=8435
23:38:06 phase=measured avail_mib=24918 free_mib=326 cached_mib=24965 swapused_mib=1360 swapout_kib+=0 swapin_kib+=0 gpu_mib=8435
23:38:08 phase=measured avail_mib=24920 free_mib=329 cached_mib=24965 swapused_mib=1360 swapout_kib+=0 swapin_kib+=0 gpu_mib=8435
23:38:10 phase=measured avail_mib=24923 free_mib=317 cached_mib=24979 swapused_mib=1360 swapout_kib+=0 swapin_kib+=0 gpu_mib=8435
23:38:12 phase=measured avail_mib=24929 free_mib=322 cached_mib=24981 swapused_mib=1360 swapout_kib+=0 swapin_kib+=0 gpu_mib=8435
23:38:14 phase=measured avail_mib=24870 free_mib=248 cached_mib=24996 swapused_mib=1360 swapout_kib+=0 swapin_kib+=0 gpu_mib=8435
23:38:16 phase=measured avail_mib=24998 free_mib=364 cached_mib=25007 swapused_mib=1488 swapout_kib+=130580 swapin_kib+=0 gpu_mib=8435
23:38:18 phase=measured avail_mib=25004 free_mib=370 cached_mib=25007 swapused_mib=1488 swapout_kib+=0 swapin_kib+=0 gpu_mib=8435
23:38:20 phase=measured avail_mib=24979 free_mib=315 cached_mib=25036 swapused_mib=1487 swapout_kib+=0 swapin_kib+=2324 gpu_mib=8435
23:38:22 phase=measured avail_mib=24964 free_mib=299 cached_mib=25036 swapused_mib=1487 swapout_kib+=0 swapin_kib+=0 gpu_mib=8435
23:38:24 phase=measured avail_mib=24991 free_mib=316 cached_mib=25046 swapused_mib=1487 swapout_kib+=0 swapin_kib+=0 gpu_mib=8435
23:38:26 phase=measured avail_mib=24994 free_mib=314 cached_mib=25051 swapused_mib=1487 swapout_kib+=0 swapin_kib+=0 gpu_mib=8435
23:38:28 phase=measured avail_mib=24987 free_mib=307 cached_mib=25051 swapused_mib=1487 swapout_kib+=0 swapin_kib+=0 gpu_mib=8435
23:38:30 phase=measured avail_mib=25010 free_mib=329 cached_mib=25052 swapused_mib=1487 swapout_kib+=0 swapin_kib+=0 gpu_mib=8435
23:38:32 phase=measured avail_mib=25047 free_mib=360 cached_mib=25059 swapused_mib=1689 swapout_kib+=207052 swapin_kib+=216 gpu_mib=8435
23:38:34 phase=measured avail_mib=25040 free_mib=353 cached_mib=25060 swapused_mib=1689 swapout_kib+=0 swapin_kib+=0 gpu_mib=8435
23:38:36 phase=measured avail_mib=24923 free_mib=235 cached_mib=25060 swapused_mib=1689 swapout_kib+=0 swapin_kib+=4 gpu_mib=8435
23:38:38 phase=measured avail_mib=25030 free_mib=344 cached_mib=25059 swapused_mib=1707 swapout_kib+=18640 swapin_kib+=0 gpu_mib=8435
23:38:40 phase=measured avail_mib=24987 free_mib=300 cached_mib=25060 swapused_mib=1707 swapout_kib+=0 swapin_kib+=0 gpu_mib=8435
23:38:42 phase=measured avail_mib=24991 free_mib=303 cached_mib=25060 swapused_mib=1707 swapout_kib+=0 swapin_kib+=4 gpu_mib=8435
23:38:44 phase=measured avail_mib=24983 free_mib=295 cached_mib=25061 swapused_mib=1707 swapout_kib+=0 swapin_kib+=0 gpu_mib=8435
23:38:46 phase=measured avail_mib=24972 free_mib=282 cached_mib=25062 swapused_mib=1707 swapout_kib+=0 swapin_kib+=0 gpu_mib=8435
23:38:48 phase=measured avail_mib=24987 free_mib=296 cached_mib=25063 swapused_mib=1707 swapout_kib+=0 swapin_kib+=0 gpu_mib=8435
23:38:50 phase=measured avail_mib=24985 free_mib=293 cached_mib=25064 swapused_mib=1707 swapout_kib+=0 swapin_kib+=0 gpu_mib=8435
23:38:52 phase=measured avail_mib=24995 free_mib=303 cached_mib=25065 swapused_mib=1707 swapout_kib+=0 swapin_kib+=0 gpu_mib=8435
23:38:54 phase=measured avail_mib=25005 free_mib=312 cached_mib=25065 swapused_mib=1707 swapout_kib+=0 swapin_kib+=0 gpu_mib=8435
23:38:57 phase=measured avail_mib=25008 free_mib=314 cached_mib=25066 swapused_mib=1707 swapout_kib+=0 swapin_kib+=0 gpu_mib=8435
23:38:59 phase=measured avail_mib=25007 free_mib=313 cached_mib=25067 swapused_mib=1707 swapout_kib+=0 swapin_kib+=0 gpu_mib=8435
23:39:01 phase=measured avail_mib=25027 free_mib=332 cached_mib=25068 swapused_mib=1707 swapout_kib+=0 swapin_kib+=0 gpu_mib=8435
23:39:03 phase=measured avail_mib=25023 free_mib=327 cached_mib=25068 swapused_mib=1707 swapout_kib+=0 swapin_kib+=0 gpu_mib=8435
23:39:05 phase=measured avail_mib=25011 free_mib=314 cached_mib=25069 swapused_mib=1707 swapout_kib+=0 swapin_kib+=0 gpu_mib=8435
23:39:07 phase=measured avail_mib=24886 free_mib=217 cached_mib=25068 swapused_mib=1778 swapout_kib+=72228 swapin_kib+=196 gpu_mib=8435
23:39:09 phase=measured avail_mib=24526 free_mib=463 cached_mib=24448 swapused_mib=1858 swapout_kib+=80748 swapin_kib+=20 gpu_mib=8435
23:39:11 phase=measured avail_mib=24501 free_mib=438 cached_mib=24448 swapused_mib=1858 swapout_kib+=0 swapin_kib+=0 gpu_mib=8435
23:39:13 phase=measured avail_mib=24445 free_mib=382 cached_mib=24448 swapused_mib=1858 swapout_kib+=0 swapin_kib+=0 gpu_mib=8435
23:39:15 phase=measured avail_mib=24496 free_mib=433 cached_mib=24448 swapused_mib=1858 swapout_kib+=0 swapin_kib+=0 gpu_mib=8435
23:39:17 phase=measured avail_mib=24505 free_mib=442 cached_mib=24448 swapused_mib=1858 swapout_kib+=0 swapin_kib+=0 gpu_mib=8435
23:39:19 phase=measured avail_mib=24506 free_mib=424 cached_mib=24467 swapused_mib=1858 swapout_kib+=0 swapin_kib+=4 gpu_mib=8435
23:39:21 phase=measured avail_mib=24520 free_mib=437 cached_mib=24467 swapused_mib=1858 swapout_kib+=0 swapin_kib+=0 gpu_mib=8435
23:39:23 phase=measured avail_mib=24512 free_mib=429 cached_mib=24467 swapused_mib=1858 swapout_kib+=0 swapin_kib+=0 gpu_mib=8435
23:39:25 phase=measured avail_mib=24514 free_mib=431 cached_mib=24467 swapused_mib=1858 swapout_kib+=0 swapin_kib+=0 gpu_mib=8435
23:39:27 phase=measured avail_mib=24501 free_mib=419 cached_mib=24467 swapused_mib=1858 swapout_kib+=0 swapin_kib+=0 gpu_mib=8435
23:39:29 phase=measured avail_mib=24512 free_mib=430 cached_mib=24467 swapused_mib=1858 swapout_kib+=0 swapin_kib+=0 gpu_mib=8435
23:39:31 phase=measured avail_mib=24503 free_mib=421 cached_mib=24467 swapused_mib=1858 swapout_kib+=0 swapin_kib+=0 gpu_mib=8435
23:39:33 phase=measured avail_mib=24464 free_mib=382 cached_mib=24467 swapused_mib=1858 swapout_kib+=0 swapin_kib+=0 gpu_mib=8435
23:39:35 phase=measured avail_mib=24484 free_mib=402 cached_mib=24467 swapused_mib=1858 swapout_kib+=0 swapin_kib+=0 gpu_mib=8435
23:39:37 phase=measured avail_mib=24498 free_mib=415 cached_mib=24467 swapused_mib=1858 swapout_kib+=0 swapin_kib+=0 gpu_mib=8435
23:39:39 phase=measured avail_mib=24554 free_mib=472 cached_mib=24467 swapused_mib=1858 swapout_kib+=0 swapin_kib+=0 gpu_mib=8435
23:39:41 phase=measured avail_mib=24484 free_mib=402 cached_mib=24467 swapused_mib=1858 swapout_kib+=0 swapin_kib+=0 gpu_mib=8435
23:39:44 phase=measured avail_mib=24502 free_mib=420 cached_mib=24467 swapused_mib=1858 swapout_kib+=0 swapin_kib+=0 gpu_mib=8435
23:39:46 phase=measured avail_mib=24484 free_mib=401 cached_mib=24467 swapused_mib=1858 swapout_kib+=0 swapin_kib+=0 gpu_mib=8435
23:39:48 phase=measured avail_mib=24469 free_mib=387 cached_mib=24467 swapused_mib=1858 swapout_kib+=0 swapin_kib+=0 gpu_mib=8435
23:39:50 phase=measured avail_mib=24470 free_mib=388 cached_mib=24467 swapused_mib=1858 swapout_kib+=0 swapin_kib+=0 gpu_mib=8435
23:39:52 phase=measured avail_mib=24498 free_mib=416 cached_mib=24467 swapused_mib=1858 swapout_kib+=0 swapin_kib+=4 gpu_mib=8435
23:39:54 phase=measured avail_mib=24511 free_mib=428 cached_mib=24467 swapused_mib=1858 swapout_kib+=0 swapin_kib+=0 gpu_mib=8435
23:39:56 phase=measured avail_mib=24471 free_mib=388 cached_mib=24467 swapused_mib=1858 swapout_kib+=0 swapin_kib+=0 gpu_mib=8435
23:39:58 phase=measured avail_mib=24467 free_mib=385 cached_mib=24467 swapused_mib=1858 swapout_kib+=0 swapin_kib+=0 gpu_mib=8435
23:40:00 phase=measured avail_mib=24458 free_mib=376 cached_mib=24467 swapused_mib=1858 swapout_kib+=0 swapin_kib+=0 gpu_mib=8435
23:40:02 phase=measured avail_mib=24473 free_mib=390 cached_mib=24467 swapused_mib=1858 swapout_kib+=0 swapin_kib+=0 gpu_mib=8435
23:40:04 phase=measured avail_mib=24476 free_mib=393 cached_mib=24468 swapused_mib=1858 swapout_kib+=0 swapin_kib+=8 gpu_mib=8435
23:40:06 phase=measured avail_mib=24452 free_mib=369 cached_mib=24468 swapused_mib=1858 swapout_kib+=0 swapin_kib+=4 gpu_mib=8435
23:40:08 phase=measured avail_mib=24479 free_mib=396 cached_mib=24468 swapused_mib=1858 swapout_kib+=0 swapin_kib+=0 gpu_mib=8435
23:40:10 phase=measured avail_mib=24527 free_mib=444 cached_mib=24468 swapused_mib=1858 swapout_kib+=0 swapin_kib+=0 gpu_mib=8435
23:40:12 phase=measured avail_mib=24471 free_mib=388 cached_mib=24468 swapused_mib=1858 swapout_kib+=0 swapin_kib+=52 gpu_mib=8435
23:40:14 phase=measured avail_mib=24510 free_mib=427 cached_mib=24468 swapused_mib=1858 swapout_kib+=0 swapin_kib+=0 gpu_mib=8435
23:40:16 phase=measured avail_mib=24528 free_mib=445 cached_mib=24468 swapused_mib=1858 swapout_kib+=0 swapin_kib+=0 gpu_mib=8435
23:40:18 phase=measured avail_mib=24511 free_mib=428 cached_mib=24468 swapused_mib=1858 swapout_kib+=0 swapin_kib+=0 gpu_mib=8435
23:40:20 phase=measured avail_mib=24490 free_mib=407 cached_mib=24468 swapused_mib=1858 swapout_kib+=0 swapin_kib+=0 gpu_mib=8435
23:40:22 phase=measured avail_mib=24494 free_mib=411 cached_mib=24468 swapused_mib=1858 swapout_kib+=0 swapin_kib+=0 gpu_mib=8435
23:40:24 phase=measured avail_mib=24471 free_mib=388 cached_mib=24468 swapused_mib=1858 swapout_kib+=0 swapin_kib+=0 gpu_mib=8435
23:40:26 phase=measured avail_mib=24497 free_mib=414 cached_mib=24468 swapused_mib=1858 swapout_kib+=0 swapin_kib+=0 gpu_mib=8435
23:40:28 phase=measured avail_mib=24487 free_mib=404 cached_mib=24468 swapused_mib=1858 swapout_kib+=0 swapin_kib+=0 gpu_mib=8435
23:40:30 phase=measured avail_mib=24464 free_mib=381 cached_mib=24468 swapused_mib=1858 swapout_kib+=0 swapin_kib+=0 gpu_mib=8435
23:40:32 phase=measured avail_mib=24461 free_mib=378 cached_mib=24468 swapused_mib=1858 swapout_kib+=0 swapin_kib+=0 gpu_mib=8435
23:40:34 phase=measured avail_mib=24475 free_mib=392 cached_mib=24468 swapused_mib=1858 swapout_kib+=0 swapin_kib+=0 gpu_mib=8435
23:40:36 phase=measured avail_mib=24508 free_mib=425 cached_mib=24468 swapused_mib=1858 swapout_kib+=0 swapin_kib+=0 gpu_mib=8435
23:40:38 phase=measured avail_mib=24497 free_mib=414 cached_mib=24468 swapused_mib=1858 swapout_kib+=0 swapin_kib+=0 gpu_mib=8435
23:40:40 phase=measured avail_mib=24503 free_mib=420 cached_mib=24468 swapused_mib=1858 swapout_kib+=0 swapin_kib+=0 gpu_mib=8435
23:40:42 phase=measured avail_mib=24529 free_mib=446 cached_mib=24468 swapused_mib=1858 swapout_kib+=0 swapin_kib+=4 gpu_mib=8435
23:40:44 phase=measured avail_mib=24505 free_mib=422 cached_mib=24468 swapused_mib=1858 swapout_kib+=0 swapin_kib+=0 gpu_mib=8435
23:40:46 phase=measured avail_mib=24410 free_mib=327 cached_mib=24468 swapused_mib=1858 swapout_kib+=0 swapin_kib+=0 gpu_mib=8435
23:40:49 phase=measured avail_mib=24410 free_mib=327 cached_mib=24468 swapused_mib=1858 swapout_kib+=0 swapin_kib+=0 gpu_mib=8435
23:40:51 phase=measured avail_mib=24296 free_mib=266 cached_mib=24403 swapused_mib=1858 swapout_kib+=0 swapin_kib+=56 gpu_mib=8435
23:40:53 phase=measured avail_mib=24272 free_mib=241 cached_mib=24403 swapused_mib=1858 swapout_kib+=0 swapin_kib+=0 gpu_mib=8435
23:40:55 phase=measured avail_mib=24290 free_mib=259 cached_mib=24404 swapused_mib=1858 swapout_kib+=0 swapin_kib+=0 gpu_mib=8435
23:40:57 phase=measured avail_mib=24297 free_mib=266 cached_mib=24404 swapused_mib=1858 swapout_kib+=0 swapin_kib+=0 gpu_mib=8435
23:40:59 phase=measured avail_mib=24288 free_mib=256 cached_mib=24404 swapused_mib=1858 swapout_kib+=0 swapin_kib+=0 gpu_mib=8435
23:41:01 phase=measured avail_mib=24298 free_mib=266 cached_mib=24406 swapused_mib=1858 swapout_kib+=0 swapin_kib+=40 gpu_mib=8435
23:41:03 phase=measured avail_mib=24296 free_mib=263 cached_mib=24406 swapused_mib=1858 swapout_kib+=0 swapin_kib+=0 gpu_mib=8435
23:41:05 phase=measured avail_mib=24302 free_mib=269 cached_mib=24406 swapused_mib=1858 swapout_kib+=0 swapin_kib+=0 gpu_mib=8435
23:41:07 phase=measured avail_mib=24294 free_mib=260 cached_mib=24407 swapused_mib=1858 swapout_kib+=0 swapin_kib+=0 gpu_mib=8435
23:41:09 phase=measured avail_mib=24308 free_mib=273 cached_mib=24408 swapused_mib=1858 swapout_kib+=0 swapin_kib+=0 gpu_mib=8435
23:41:11 phase=measured avail_mib=24288 free_mib=252 cached_mib=24408 swapused_mib=1858 swapout_kib+=0 swapin_kib+=8 gpu_mib=8435
23:41:13 phase=measured avail_mib=24297 free_mib=261 cached_mib=24409 swapused_mib=1858 swapout_kib+=0 swapin_kib+=0 gpu_mib=8435
23:41:15 phase=measured avail_mib=24304 free_mib=267 cached_mib=24409 swapused_mib=1858 swapout_kib+=0 swapin_kib+=0 gpu_mib=8435
23:41:17 phase=measured avail_mib=24305 free_mib=268 cached_mib=24410 swapused_mib=1858 swapout_kib+=0 swapin_kib+=0 gpu_mib=8435
23:41:19 phase=measured avail_mib=24310 free_mib=271 cached_mib=24411 swapused_mib=1858 swapout_kib+=0 swapin_kib+=4 gpu_mib=8435
23:41:21 phase=measured avail_mib=23666 free_mib=562 cached_mib=23476 swapused_mib=1858 swapout_kib+=0 swapin_kib+=5324 gpu_mib=8435
23:41:23 phase=measured avail_mib=23626 free_mib=522 cached_mib=23477 swapused_mib=1858 swapout_kib+=0 swapin_kib+=0 gpu_mib=8435
23:41:25 phase=measured avail_mib=23643 free_mib=523 cached_mib=23493 swapused_mib=1858 swapout_kib+=0 swapin_kib+=0 gpu_mib=8435
23:41:27 phase=measured avail_mib=23651 free_mib=516 cached_mib=23507 swapused_mib=1858 swapout_kib+=0 swapin_kib+=0 gpu_mib=8435
23:41:29 phase=measured avail_mib=23651 free_mib=514 cached_mib=23510 swapused_mib=1858 swapout_kib+=0 swapin_kib+=0 gpu_mib=8435
23:41:31 phase=measured avail_mib=23660 free_mib=520 cached_mib=23513 swapused_mib=1858 swapout_kib+=0 swapin_kib+=0 gpu_mib=8435
23:41:33 phase=measured avail_mib=23654 free_mib=514 cached_mib=23513 swapused_mib=1858 swapout_kib+=0 swapin_kib+=0 gpu_mib=8435
23:41:35 phase=measured avail_mib=23633 free_mib=493 cached_mib=23513 swapused_mib=1858 swapout_kib+=0 swapin_kib+=0 gpu_mib=8435
23:41:37 phase=measured avail_mib=23625 free_mib=486 cached_mib=23513 swapused_mib=1858 swapout_kib+=0 swapin_kib+=0 gpu_mib=8435
23:41:39 phase=measured avail_mib=23612 free_mib=472 cached_mib=23513 swapused_mib=1858 swapout_kib+=0 swapin_kib+=0 gpu_mib=8435
23:41:41 phase=measured avail_mib=23626 free_mib=486 cached_mib=23513 swapused_mib=1858 swapout_kib+=0 swapin_kib+=4 gpu_mib=8435
23:41:43 phase=measured avail_mib=23619 free_mib=479 cached_mib=23513 swapused_mib=1858 swapout_kib+=0 swapin_kib+=0 gpu_mib=8435
23:41:45 phase=measured avail_mib=23663 free_mib=524 cached_mib=23513 swapused_mib=1858 swapout_kib+=0 swapin_kib+=0 gpu_mib=8435
23:41:47 phase=measured avail_mib=23631 free_mib=491 cached_mib=23513 swapused_mib=1858 swapout_kib+=0 swapin_kib+=0 gpu_mib=8435
23:41:49 phase=measured avail_mib=23600 free_mib=449 cached_mib=23524 swapused_mib=1858 swapout_kib+=0 swapin_kib+=0 gpu_mib=8435
23:41:52 phase=measured avail_mib=23554 free_mib=403 cached_mib=23524 swapused_mib=1858 swapout_kib+=0 swapin_kib+=0 gpu_mib=8435
23:41:54 phase=measured avail_mib=23592 free_mib=437 cached_mib=23528 swapused_mib=1858 swapout_kib+=0 swapin_kib+=0 gpu_mib=8435
23:41:56 phase=measured avail_mib=23583 free_mib=427 cached_mib=23528 swapused_mib=1858 swapout_kib+=0 swapin_kib+=0 gpu_mib=8435
23:41:58 phase=measured avail_mib=23597 free_mib=441 cached_mib=23528 swapused_mib=1858 swapout_kib+=0 swapin_kib+=0 gpu_mib=8435
23:42:00 phase=measured avail_mib=23614 free_mib=444 cached_mib=23543 swapused_mib=1858 swapout_kib+=0 swapin_kib+=0 gpu_mib=8435
23:42:02 phase=measured avail_mib=23604 free_mib=417 cached_mib=23560 swapused_mib=1858 swapout_kib+=0 swapin_kib+=0 gpu_mib=8435
23:42:04 phase=measured avail_mib=23615 free_mib=428 cached_mib=23560 swapused_mib=1858 swapout_kib+=0 swapin_kib+=0 gpu_mib=8435
23:42:06 phase=measured avail_mib=23644 free_mib=442 cached_mib=23574 swapused_mib=1858 swapout_kib+=0 swapin_kib+=0 gpu_mib=8435
23:42:08 phase=measured avail_mib=23617 free_mib=416 cached_mib=23574 swapused_mib=1858 swapout_kib+=0 swapin_kib+=0 gpu_mib=8435
23:42:10 phase=measured avail_mib=23600 free_mib=391 cached_mib=23581 swapused_mib=1858 swapout_kib+=0 swapin_kib+=0 gpu_mib=8435
23:42:12 phase=measured avail_mib=23644 free_mib=436 cached_mib=23581 swapused_mib=1858 swapout_kib+=0 swapin_kib+=32 gpu_mib=8435
23:42:14 phase=measured avail_mib=23657 free_mib=449 cached_mib=23581 swapused_mib=1858 swapout_kib+=0 swapin_kib+=0 gpu_mib=8435
23:42:16 phase=measured avail_mib=23637 free_mib=413 cached_mib=23596 swapused_mib=1858 swapout_kib+=0 swapin_kib+=0 gpu_mib=8435
23:42:18 phase=measured avail_mib=23601 free_mib=368 cached_mib=23606 swapused_mib=1858 swapout_kib+=0 swapin_kib+=0 gpu_mib=8435
23:42:20 phase=measured avail_mib=23573 free_mib=340 cached_mib=23606 swapused_mib=1858 swapout_kib+=0 swapin_kib+=0 gpu_mib=8435
23:42:22 phase=measured avail_mib=23601 free_mib=357 cached_mib=23616 swapused_mib=1858 swapout_kib+=0 swapin_kib+=0 gpu_mib=8435
23:42:24 phase=measured avail_mib=23633 free_mib=390 cached_mib=23616 swapused_mib=1858 swapout_kib+=0 swapin_kib+=0 gpu_mib=8435
23:42:26 phase=measured avail_mib=23628 free_mib=372 cached_mib=23628 swapused_mib=1858 swapout_kib+=0 swapin_kib+=12 gpu_mib=8435
23:42:28 phase=measured avail_mib=23618 free_mib=352 cached_mib=23639 swapused_mib=1858 swapout_kib+=0 swapin_kib+=0 gpu_mib=8435
23:42:30 phase=measured avail_mib=23621 free_mib=355 cached_mib=23639 swapused_mib=1858 swapout_kib+=0 swapin_kib+=0 gpu_mib=8435
23:42:32 phase=measured avail_mib=23621 free_mib=349 cached_mib=23645 swapused_mib=1858 swapout_kib+=0 swapin_kib+=0 gpu_mib=8435
23:42:34 phase=measured avail_mib=23650 free_mib=378 cached_mib=23645 swapused_mib=1858 swapout_kib+=0 swapin_kib+=0 gpu_mib=8435
23:42:36 phase=measured avail_mib=23657 free_mib=370 cached_mib=23659 swapused_mib=1858 swapout_kib+=0 swapin_kib+=0 gpu_mib=8435
23:42:38 phase=measured avail_mib=23646 free_mib=347 cached_mib=23671 swapused_mib=1858 swapout_kib+=0 swapin_kib+=0 gpu_mib=8435
23:42:40 phase=measured avail_mib=23639 free_mib=340 cached_mib=23672 swapused_mib=1858 swapout_kib+=0 swapin_kib+=0 gpu_mib=8435
23:42:42 phase=measured avail_mib=23647 free_mib=334 cached_mib=23685 swapused_mib=1858 swapout_kib+=0 swapin_kib+=0 gpu_mib=8435
23:42:44 phase=measured avail_mib=23661 free_mib=348 cached_mib=23685 swapused_mib=1858 swapout_kib+=0 swapin_kib+=0 gpu_mib=8435
23:42:46 phase=measured avail_mib=23651 free_mib=322 cached_mib=23702 swapused_mib=1858 swapout_kib+=0 swapin_kib+=0 gpu_mib=8435
23:42:48 phase=measured avail_mib=23648 free_mib=309 cached_mib=23712 swapused_mib=1858 swapout_kib+=0 swapin_kib+=0 gpu_mib=8435
23:42:50 phase=measured avail_mib=23635 free_mib=294 cached_mib=23713 swapused_mib=1858 swapout_kib+=0 swapin_kib+=0 gpu_mib=8435
23:42:52 phase=measured avail_mib=23637 free_mib=286 cached_mib=23723 swapused_mib=1858 swapout_kib+=0 swapin_kib+=0 gpu_mib=8435
23:42:54 phase=measured avail_mib=23639 free_mib=288 cached_mib=23724 swapused_mib=1858 swapout_kib+=0 swapin_kib+=0 gpu_mib=8435
23:42:57 phase=measured avail_mib=23632 free_mib=271 cached_mib=23734 swapused_mib=1858 swapout_kib+=0 swapin_kib+=0 gpu_mib=8435
23:42:59 phase=measured avail_mib=23640 free_mib=392 cached_mib=23621 swapused_mib=1873 swapout_kib+=15104 swapin_kib+=0 gpu_mib=8435
23:43:01 phase=measured avail_mib=23627 free_mib=375 cached_mib=23625 swapused_mib=1873 swapout_kib+=0 swapin_kib+=0 gpu_mib=8435
23:43:03 phase=measured avail_mib=23626 free_mib=362 cached_mib=23637 swapused_mib=1873 swapout_kib+=0 swapin_kib+=0 gpu_mib=8435
23:43:05 phase=measured avail_mib=23608 free_mib=344 cached_mib=23637 swapused_mib=1873 swapout_kib+=0 swapin_kib+=0 gpu_mib=8435
23:43:07 phase=measured avail_mib=23616 free_mib=339 cached_mib=23650 swapused_mib=1873 swapout_kib+=0 swapin_kib+=180 gpu_mib=8437
23:43:09 phase=measured avail_mib=23610 free_mib=332 cached_mib=23650 swapused_mib=1873 swapout_kib+=0 swapin_kib+=0 gpu_mib=8437
23:43:11 phase=measured avail_mib=23575 free_mib=284 cached_mib=23664 swapused_mib=1872 swapout_kib+=0 swapin_kib+=32 gpu_mib=8443
23:43:13 phase=measured avail_mib=23540 free_mib=237 cached_mib=23675 swapused_mib=1872 swapout_kib+=0 swapin_kib+=60 gpu_mib=8443
23:43:15 phase=measured avail_mib=23588 free_mib=290 cached_mib=23671 swapused_mib=1911 swapout_kib+=39204 swapin_kib+=0 gpu_mib=8447
23:43:17 phase=measured avail_mib=23613 free_mib=306 cached_mib=23680 swapused_mib=1911 swapout_kib+=0 swapin_kib+=32 gpu_mib=8453
23:43:19 phase=measured avail_mib=23625 free_mib=318 cached_mib=23680 swapused_mib=1911 swapout_kib+=0 swapin_kib+=0 gpu_mib=8453
23:43:21 phase=measured avail_mib=23640 free_mib=325 cached_mib=23688 swapused_mib=1911 swapout_kib+=0 swapin_kib+=104 gpu_mib=8457
23:43:23 phase=measured avail_mib=23645 free_mib=315 cached_mib=23703 swapused_mib=1911 swapout_kib+=0 swapin_kib+=44 gpu_mib=8457
23:43:25 phase=measured avail_mib=23667 free_mib=336 cached_mib=23704 swapused_mib=1911 swapout_kib+=0 swapin_kib+=0 gpu_mib=8463
23:43:27 phase=measured avail_mib=23665 free_mib=324 cached_mib=23713 swapused_mib=1911 swapout_kib+=0 swapin_kib+=12 gpu_mib=8467
23:43:29 phase=measured avail_mib=23618 free_mib=278 cached_mib=23713 swapused_mib=1911 swapout_kib+=0 swapin_kib+=0 gpu_mib=8467
23:43:31 phase=measured avail_mib=23611 free_mib=258 cached_mib=23726 swapused_mib=1911 swapout_kib+=0 swapin_kib+=32 gpu_mib=8473
23:43:33 phase=measured avail_mib=23659 free_mib=306 cached_mib=23726 swapused_mib=1911 swapout_kib+=0 swapin_kib+=0 gpu_mib=8473
23:43:35 phase=measured avail_mib=23647 free_mib=285 cached_mib=23734 swapused_mib=1911 swapout_kib+=0 swapin_kib+=100 gpu_mib=8477
23:43:37 phase=measured avail_mib=23644 free_mib=276 cached_mib=23740 swapused_mib=1911 swapout_kib+=0 swapin_kib+=32 gpu_mib=8483
23:43:39 phase=measured avail_mib=23643 free_mib=276 cached_mib=23740 swapused_mib=1911 swapout_kib+=0 swapin_kib+=0 gpu_mib=8483
23:43:41 phase=measured avail_mib=23631 free_mib=255 cached_mib=23748 swapused_mib=1911 swapout_kib+=0 swapin_kib+=40 gpu_mib=8487
23:43:43 phase=measured avail_mib=23732 free_mib=357 cached_mib=23748 swapused_mib=2034 swapout_kib+=126892 swapin_kib+=4 gpu_mib=8487
23:43:45 phase=measured avail_mib=23719 free_mib=337 cached_mib=23755 swapused_mib=2034 swapout_kib+=0 swapin_kib+=32 gpu_mib=8493
23:43:47 phase=measured avail_mib=23726 free_mib=332 cached_mib=23767 swapused_mib=2034 swapout_kib+=0 swapin_kib+=116 gpu_mib=8497
23:43:49 phase=measured avail_mib=23740 free_mib=345 cached_mib=23768 swapused_mib=2034 swapout_kib+=0 swapin_kib+=4 gpu_mib=8497
23:43:51 phase=measured avail_mib=23716 free_mib=313 cached_mib=23776 swapused_mib=2034 swapout_kib+=0 swapin_kib+=32 gpu_mib=8503
23:43:53 phase=measured avail_mib=23751 free_mib=348 cached_mib=23776 swapused_mib=2034 swapout_kib+=0 swapin_kib+=0 gpu_mib=8503
23:43:55 phase=measured avail_mib=23785 free_mib=369 cached_mib=23789 swapused_mib=2034 swapout_kib+=0 swapin_kib+=24 gpu_mib=8507
23:43:57 phase=measured avail_mib=23777 free_mib=360 cached_mib=23789 swapused_mib=2034 swapout_kib+=0 swapin_kib+=0 gpu_mib=8507
23:43:59 phase=measured avail_mib=23790 free_mib=363 cached_mib=23800 swapused_mib=2034 swapout_kib+=0 swapin_kib+=32 gpu_mib=8513
23:44:02 phase=measured avail_mib=23787 free_mib=351 cached_mib=23809 swapused_mib=2034 swapout_kib+=0 swapin_kib+=88 gpu_mib=8517
23:44:04 phase=measured avail_mib=23790 free_mib=354 cached_mib=23809 swapused_mib=2034 swapout_kib+=0 swapin_kib+=0 gpu_mib=8517
23:44:06 phase=measured avail_mib=23796 free_mib=351 cached_mib=23818 swapused_mib=2034 swapout_kib+=0 swapin_kib+=32 gpu_mib=8523
23:44:08 phase=measured avail_mib=23815 free_mib=369 cached_mib=23818 swapused_mib=2034 swapout_kib+=0 swapin_kib+=0 gpu_mib=8523
23:44:10 phase=measured avail_mib=23827 free_mib=375 cached_mib=23825 swapused_mib=2034 swapout_kib+=0 swapin_kib+=12 gpu_mib=8527
23:44:12 phase=measured avail_mib=23823 free_mib=362 cached_mib=23834 swapused_mib=2034 swapout_kib+=0 swapin_kib+=812 gpu_mib=8527
23:44:14 phase=measured avail_mib=23819 free_mib=354 cached_mib=23837 swapused_mib=2034 swapout_kib+=0 swapin_kib+=0 gpu_mib=8533
23:44:16 phase=measured avail_mib=23818 free_mib=348 cached_mib=23843 swapused_mib=2034 swapout_kib+=0 swapin_kib+=116 gpu_mib=8537
23:44:18 phase=measured avail_mib=23814 free_mib=343 cached_mib=23843 swapused_mib=2034 swapout_kib+=0 swapin_kib+=0 gpu_mib=8537
23:44:20 phase=measured avail_mib=23826 free_mib=347 cached_mib=23852 swapused_mib=2034 swapout_kib+=0 swapin_kib+=32 gpu_mib=8543
23:44:22 phase=measured avail_mib=23779 free_mib=300 cached_mib=23852 swapused_mib=2034 swapout_kib+=0 swapin_kib+=0 gpu_mib=8543
23:44:24 phase=measured avail_mib=23787 free_mib=298 cached_mib=23861 swapused_mib=2034 swapout_kib+=0 swapin_kib+=24 gpu_mib=8547
23:44:26 phase=measured avail_mib=23772 free_mib=273 cached_mib=23872 swapused_mib=2034 swapout_kib+=0 swapin_kib+=32 gpu_mib=8553
23:44:28 phase=measured avail_mib=23782 free_mib=283 cached_mib=23872 swapused_mib=2034 swapout_kib+=0 swapin_kib+=0 gpu_mib=8553
23:44:30 phase=measured avail_mib=23754 free_mib=245 cached_mib=23881 swapused_mib=2034 swapout_kib+=0 swapin_kib+=100 gpu_mib=8557
23:44:32 phase=measured avail_mib=23903 free_mib=394 cached_mib=23881 swapused_mib=2175 swapout_kib+=144892 swapin_kib+=0 gpu_mib=8557
23:44:34 phase=measured avail_mib=23895 free_mib=375 cached_mib=23893 swapused_mib=2175 swapout_kib+=0 swapin_kib+=32 gpu_mib=8563
23:44:36 phase=measured avail_mib=23910 free_mib=389 cached_mib=23893 swapused_mib=2175 swapout_kib+=0 swapin_kib+=0 gpu_mib=8563
23:44:38 phase=measured avail_mib=23920 free_mib=388 cached_mib=23905 swapused_mib=2175 swapout_kib+=0 swapin_kib+=12 gpu_mib=8567
23:44:40 phase=measured avail_mib=23913 free_mib=368 cached_mib=23917 swapused_mib=2175 swapout_kib+=0 swapin_kib+=32 gpu_mib=8567
23:44:42 phase=measured avail_mib=23923 free_mib=379 cached_mib=23917 swapused_mib=2175 swapout_kib+=0 swapin_kib+=12 gpu_mib=8573
23:44:44 phase=measured avail_mib=23897 free_mib=341 cached_mib=23928 swapused_mib=2175 swapout_kib+=0 swapin_kib+=64 gpu_mib=8577
23:44:46 phase=measured avail_mib=23919 free_mib=363 cached_mib=23928 swapused_mib=2175 swapout_kib+=0 swapin_kib+=0 gpu_mib=8577
23:44:48 phase=measured avail_mib=23920 free_mib=352 cached_mib=23941 swapused_mib=2175 swapout_kib+=0 swapin_kib+=32 gpu_mib=8583
23:44:50 phase=measured avail_mib=23910 free_mib=342 cached_mib=23941 swapused_mib=2175 swapout_kib+=0 swapin_kib+=0 gpu_mib=8583
23:44:52 phase=measured avail_mib=23934 free_mib=357 cached_mib=23949 swapused_mib=2173 swapout_kib+=0 swapin_kib+=2892 gpu_mib=8583
23:44:54 phase=measured avail_mib=23878 free_mib=297 cached_mib=23954 swapused_mib=2190 swapout_kib+=18112 swapin_kib+=64 gpu_mib=8593
23:44:56 phase=measured avail_mib=23947 free_mib=364 cached_mib=23955 swapused_mib=2321 swapout_kib+=133332 swapin_kib+=36 gpu_mib=8593
23:44:58 phase=measured avail_mib=23879 free_mib=297 cached_mib=23954 swapused_mib=2360 swapout_kib+=40908 swapin_kib+=1188 gpu_mib=8593
23:45:00 phase=measured avail_mib=23903 free_mib=321 cached_mib=23955 swapused_mib=2360 swapout_kib+=0 swapin_kib+=108 gpu_mib=8593
23:45:02 phase=measured avail_mib=23906 free_mib=322 cached_mib=23956 swapused_mib=2360 swapout_kib+=0 swapin_kib+=0 gpu_mib=8593
23:45:04 phase=measured avail_mib=23907 free_mib=323 cached_mib=23956 swapused_mib=2360 swapout_kib+=0 swapin_kib+=0 gpu_mib=8593
23:45:07 phase=measured avail_mib=23903 free_mib=319 cached_mib=23957 swapused_mib=2360 swapout_kib+=0 swapin_kib+=0 gpu_mib=8593
23:45:09 phase=measured avail_mib=23907 free_mib=323 cached_mib=23957 swapused_mib=2360 swapout_kib+=0 swapin_kib+=0 gpu_mib=8593
23:45:11 phase=measured avail_mib=23920 free_mib=335 cached_mib=23958 swapused_mib=2360 swapout_kib+=0 swapin_kib+=12 gpu_mib=8593
23:45:13 phase=measured avail_mib=23913 free_mib=327 cached_mib=23958 swapused_mib=2360 swapout_kib+=0 swapin_kib+=8 gpu_mib=8593
23:45:15 phase=measured avail_mib=23921 free_mib=335 cached_mib=23959 swapused_mib=2360 swapout_kib+=0 swapin_kib+=0 gpu_mib=8593
23:45:17 phase=measured avail_mib=23925 free_mib=338 cached_mib=23960 swapused_mib=2360 swapout_kib+=0 swapin_kib+=0 gpu_mib=8593
23:45:19 phase=measured avail_mib=23920 free_mib=332 cached_mib=23960 swapused_mib=2360 swapout_kib+=0 swapin_kib+=0 gpu_mib=8593
23:45:21 phase=measured avail_mib=23935 free_mib=346 cached_mib=23961 swapused_mib=2360 swapout_kib+=0 swapin_kib+=0 gpu_mib=8593
23:45:23 phase=measured avail_mib=23935 free_mib=341 cached_mib=23966 swapused_mib=2360 swapout_kib+=0 swapin_kib+=28 gpu_mib=8593
23:45:25 phase=measured avail_mib=23918 free_mib=324 cached_mib=23966 swapused_mib=2360 swapout_kib+=0 swapin_kib+=12 gpu_mib=8593
23:45:27 phase=measured avail_mib=23915 free_mib=320 cached_mib=23967 swapused_mib=2360 swapout_kib+=0 swapin_kib+=28 gpu_mib=8593
23:45:29 phase=measured avail_mib=23919 free_mib=323 cached_mib=23968 swapused_mib=2360 swapout_kib+=0 swapin_kib+=0 gpu_mib=8593
23:45:31 phase=measured avail_mib=23781 free_mib=208 cached_mib=23963 swapused_mib=1305 swapout_kib+=18292 swapin_kib+=1324 gpu_mib=8593
23:45:33 phase=measured avail_mib=23137 free_mib=469 cached_mib=23058 swapused_mib=1318 swapout_kib+=12624 swapin_kib+=132 gpu_mib=8593
23:45:35 phase=measured avail_mib=23118 free_mib=448 cached_mib=23061 swapused_mib=1318 swapout_kib+=0 swapin_kib+=0 gpu_mib=8593
23:45:37 phase=measured avail_mib=23110 free_mib=440 cached_mib=23061 swapused_mib=1318 swapout_kib+=0 swapin_kib+=0 gpu_mib=8593
23:45:39 phase=measured avail_mib=23105 free_mib=435 cached_mib=23061 swapused_mib=1318 swapout_kib+=0 swapin_kib+=4 gpu_mib=8593
23:45:41 phase=measured avail_mib=23103 free_mib=424 cached_mib=23069 swapused_mib=1318 swapout_kib+=0 swapin_kib+=4 gpu_mib=8593
23:45:43 phase=measured avail_mib=23095 free_mib=414 cached_mib=23072 swapused_mib=1318 swapout_kib+=0 swapin_kib+=24 gpu_mib=8593
23:45:45 phase=measured avail_mib=23105 free_mib=409 cached_mib=23088 swapused_mib=1318 swapout_kib+=0 swapin_kib+=4 gpu_mib=8593
23:45:47 phase=measured avail_mib=23112 free_mib=415 cached_mib=23088 swapused_mib=1318 swapout_kib+=0 swapin_kib+=4 gpu_mib=8593
23:45:49 phase=measured avail_mib=23132 free_mib=422 cached_mib=23101 swapused_mib=1318 swapout_kib+=0 swapin_kib+=0 gpu_mib=8593
23:45:51 phase=measured avail_mib=23066 free_mib=345 cached_mib=23112 swapused_mib=1318 swapout_kib+=0 swapin_kib+=0 gpu_mib=8593
23:45:53 phase=measured avail_mib=23083 free_mib=362 cached_mib=23112 swapused_mib=1318 swapout_kib+=0 swapin_kib+=0 gpu_mib=8593
23:45:55 phase=measured avail_mib=23133 free_mib=396 cached_mib=23127 swapused_mib=1318 swapout_kib+=0 swapin_kib+=0 gpu_mib=8593
23:45:57 phase=measured avail_mib=23100 free_mib=358 cached_mib=23132 swapused_mib=1318 swapout_kib+=0 swapin_kib+=0 gpu_mib=8593
23:46:00 phase=measured avail_mib=23103 free_mib=353 cached_mib=23140 swapused_mib=1318 swapout_kib+=0 swapin_kib+=0 gpu_mib=8593
23:46:02 phase=measured avail_mib=23117 free_mib=367 cached_mib=23141 swapused_mib=1318 swapout_kib+=0 swapin_kib+=0 gpu_mib=8593
23:46:04 phase=measured avail_mib=23121 free_mib=371 cached_mib=23141 swapused_mib=1318 swapout_kib+=0 swapin_kib+=0 gpu_mib=8593
23:46:06 phase=measured avail_mib=23117 free_mib=367 cached_mib=23141 swapused_mib=1318 swapout_kib+=0 swapin_kib+=0 gpu_mib=8593
23:46:08 phase=measured avail_mib=23103 free_mib=349 cached_mib=23145 swapused_mib=1318 swapout_kib+=0 swapin_kib+=0 gpu_mib=8593
23:46:10 phase=measured avail_mib=23127 free_mib=373 cached_mib=23145 swapused_mib=1318 swapout_kib+=0 swapin_kib+=0 gpu_mib=8593
23:46:12 phase=measured avail_mib=23136 free_mib=382 cached_mib=23145 swapused_mib=1318 swapout_kib+=0 swapin_kib+=16 gpu_mib=8593
23:46:14 phase=measured avail_mib=23145 free_mib=391 cached_mib=23145 swapused_mib=1318 swapout_kib+=0 swapin_kib+=8 gpu_mib=8593
23:46:16 phase=measured avail_mib=23120 free_mib=365 cached_mib=23145 swapused_mib=1318 swapout_kib+=0 swapin_kib+=0 gpu_mib=8593
23:46:18 phase=measured avail_mib=23103 free_mib=349 cached_mib=23145 swapused_mib=1318 swapout_kib+=0 swapin_kib+=0 gpu_mib=8593
23:46:20 phase=measured avail_mib=23129 free_mib=368 cached_mib=23151 swapused_mib=1318 swapout_kib+=0 swapin_kib+=0 gpu_mib=8593
23:46:22 phase=measured avail_mib=23117 free_mib=357 cached_mib=23151 swapused_mib=1318 swapout_kib+=0 swapin_kib+=0 gpu_mib=8593
23:46:24 phase=measured avail_mib=23152 free_mib=358 cached_mib=23185 swapused_mib=1318 swapout_kib+=0 swapin_kib+=24 gpu_mib=8593
23:46:26 phase=measured avail_mib=23151 free_mib=356 cached_mib=23185 swapused_mib=1318 swapout_kib+=0 swapin_kib+=0 gpu_mib=8593
23:46:28 phase=measured avail_mib=23146 free_mib=352 cached_mib=23185 swapused_mib=1318 swapout_kib+=0 swapin_kib+=0 gpu_mib=8593
23:46:30 phase=measured avail_mib=23153 free_mib=358 cached_mib=23185 swapused_mib=1318 swapout_kib+=0 swapin_kib+=0 gpu_mib=8593
23:46:32 phase=measured avail_mib=23146 free_mib=351 cached_mib=23185 swapused_mib=1318 swapout_kib+=0 swapin_kib+=0 gpu_mib=8593
23:46:34 phase=measured avail_mib=23137 free_mib=342 cached_mib=23185 swapused_mib=1318 swapout_kib+=0 swapin_kib+=0 gpu_mib=8593
23:46:36 phase=measured avail_mib=23142 free_mib=348 cached_mib=23185 swapused_mib=1318 swapout_kib+=0 swapin_kib+=0 gpu_mib=8593
23:46:38 phase=measured avail_mib=23146 free_mib=351 cached_mib=23185 swapused_mib=1318 swapout_kib+=0 swapin_kib+=0 gpu_mib=8593
23:46:40 phase=measured avail_mib=23146 free_mib=351 cached_mib=23185 swapused_mib=1318 swapout_kib+=0 swapin_kib+=0 gpu_mib=8593
23:46:42 phase=measured avail_mib=23155 free_mib=360 cached_mib=23185 swapused_mib=1318 swapout_kib+=0 swapin_kib+=0 gpu_mib=8593
23:46:44 phase=measured avail_mib=23153 free_mib=358 cached_mib=23185 swapused_mib=1318 swapout_kib+=0 swapin_kib+=0 gpu_mib=8593
23:46:46 phase=measured avail_mib=23151 free_mib=357 cached_mib=23185 swapused_mib=1318 swapout_kib+=0 swapin_kib+=0 gpu_mib=8593
23:46:48 phase=measured avail_mib=23152 free_mib=357 cached_mib=23185 swapused_mib=1318 swapout_kib+=0 swapin_kib+=0 gpu_mib=8593
23:46:50 phase=measured avail_mib=23144 free_mib=349 cached_mib=23185 swapused_mib=1318 swapout_kib+=0 swapin_kib+=0 gpu_mib=8593
23:46:52 phase=measured avail_mib=23153 free_mib=358 cached_mib=23185 swapused_mib=1318 swapout_kib+=0 swapin_kib+=0 gpu_mib=8593
23:46:54 phase=measured avail_mib=23147 free_mib=352 cached_mib=23185 swapused_mib=1318 swapout_kib+=0 swapin_kib+=0 gpu_mib=8593
23:46:56 phase=measured avail_mib=23147 free_mib=352 cached_mib=23185 swapused_mib=1318 swapout_kib+=0 swapin_kib+=0 gpu_mib=8593
23:46:58 phase=measured avail_mib=23153 free_mib=358 cached_mib=23185 swapused_mib=1318 swapout_kib+=0 swapin_kib+=0 gpu_mib=8593
23:47:00 phase=measured avail_mib=23131 free_mib=336 cached_mib=23185 swapused_mib=1318 swapout_kib+=0 swapin_kib+=0 gpu_mib=8593
23:47:02 phase=measured avail_mib=23147 free_mib=352 cached_mib=23185 swapused_mib=1318 swapout_kib+=0 swapin_kib+=0 gpu_mib=8593
23:47:04 phase=measured avail_mib=23147 free_mib=352 cached_mib=23185 swapused_mib=1318 swapout_kib+=0 swapin_kib+=0 gpu_mib=8593
23:47:07 phase=measured avail_mib=23147 free_mib=352 cached_mib=23185 swapused_mib=1318 swapout_kib+=0 swapin_kib+=0 gpu_mib=8593
23:47:09 phase=measured avail_mib=23151 free_mib=357 cached_mib=23185 swapused_mib=1318 swapout_kib+=0 swapin_kib+=0 gpu_mib=8593
23:47:11 phase=measured avail_mib=23152 free_mib=357 cached_mib=23185 swapused_mib=1318 swapout_kib+=0 swapin_kib+=0 gpu_mib=8593
23:47:13 phase=measured avail_mib=23143 free_mib=348 cached_mib=23185 swapused_mib=1318 swapout_kib+=0 swapin_kib+=28 gpu_mib=8593
23:47:15 phase=measured avail_mib=23156 free_mib=361 cached_mib=23185 swapused_mib=1318 swapout_kib+=0 swapin_kib+=0 gpu_mib=8593
23:47:17 phase=measured avail_mib=23146 free_mib=352 cached_mib=23185 swapused_mib=1318 swapout_kib+=0 swapin_kib+=0 gpu_mib=8593
23:47:19 phase=measured avail_mib=23151 free_mib=356 cached_mib=23185 swapused_mib=1318 swapout_kib+=0 swapin_kib+=0 gpu_mib=8593
23:47:21 phase=measured avail_mib=23148 free_mib=353 cached_mib=23185 swapused_mib=1318 swapout_kib+=0 swapin_kib+=0 gpu_mib=8593
23:47:23 phase=measured avail_mib=23147 free_mib=352 cached_mib=23185 swapused_mib=1318 swapout_kib+=0 swapin_kib+=0 gpu_mib=8593
23:47:25 phase=measured avail_mib=23151 free_mib=357 cached_mib=23185 swapused_mib=1318 swapout_kib+=0 swapin_kib+=0 gpu_mib=8593
23:47:27 phase=measured avail_mib=23160 free_mib=365 cached_mib=23185 swapused_mib=1318 swapout_kib+=0 swapin_kib+=0 gpu_mib=8593
23:47:29 phase=measured avail_mib=23149 free_mib=354 cached_mib=23185 swapused_mib=1318 swapout_kib+=0 swapin_kib+=0 gpu_mib=8593
23:47:31 phase=measured avail_mib=23145 free_mib=350 cached_mib=23185 swapused_mib=1318 swapout_kib+=0 swapin_kib+=0 gpu_mib=8593
23:47:33 phase=measured avail_mib=23149 free_mib=354 cached_mib=23185 swapused_mib=1318 swapout_kib+=0 swapin_kib+=0 gpu_mib=8593
23:47:35 phase=measured avail_mib=23148 free_mib=354 cached_mib=23185 swapused_mib=1318 swapout_kib+=0 swapin_kib+=0 gpu_mib=8593
23:47:37 phase=measured avail_mib=23146 free_mib=351 cached_mib=23185 swapused_mib=1318 swapout_kib+=0 swapin_kib+=0 gpu_mib=8593
23:47:39 phase=measured avail_mib=23143 free_mib=348 cached_mib=23185 swapused_mib=1318 swapout_kib+=0 swapin_kib+=0 gpu_mib=8593
23:47:41 phase=measured avail_mib=23143 free_mib=348 cached_mib=23185 swapused_mib=1318 swapout_kib+=0 swapin_kib+=0 gpu_mib=8593
23:47:43 phase=measured avail_mib=23137 free_mib=342 cached_mib=23185 swapused_mib=1318 swapout_kib+=0 swapin_kib+=4 gpu_mib=8593
23:47:45 phase=measured avail_mib=23142 free_mib=347 cached_mib=23185 swapused_mib=1318 swapout_kib+=0 swapin_kib+=0 gpu_mib=8593
23:47:47 phase=measured avail_mib=23135 free_mib=340 cached_mib=23185 swapused_mib=1318 swapout_kib+=0 swapin_kib+=0 gpu_mib=8593
23:47:49 phase=measured avail_mib=23147 free_mib=352 cached_mib=23185 swapused_mib=1318 swapout_kib+=0 swapin_kib+=0 gpu_mib=8593
23:47:51 phase=measured avail_mib=23141 free_mib=346 cached_mib=23185 swapused_mib=1318 swapout_kib+=0 swapin_kib+=0 gpu_mib=8593
23:47:53 phase=measured avail_mib=23135 free_mib=340 cached_mib=23185 swapused_mib=1318 swapout_kib+=0 swapin_kib+=0 gpu_mib=8593
23:47:55 phase=measured avail_mib=23142 free_mib=347 cached_mib=23185 swapused_mib=1318 swapout_kib+=0 swapin_kib+=0 gpu_mib=8593
23:47:57 phase=measured avail_mib=23142 free_mib=347 cached_mib=23185 swapused_mib=1318 swapout_kib+=0 swapin_kib+=0 gpu_mib=8593
23:47:59 phase=measured avail_mib=23145 free_mib=350 cached_mib=23185 swapused_mib=1318 swapout_kib+=0 swapin_kib+=0 gpu_mib=8593
23:48:01 phase=measured avail_mib=23147 free_mib=352 cached_mib=23185 swapused_mib=1318 swapout_kib+=0 swapin_kib+=0 gpu_mib=8593
23:48:03 phase=measured avail_mib=23147 free_mib=352 cached_mib=23185 swapused_mib=1318 swapout_kib+=0 swapin_kib+=0 gpu_mib=8593
23:48:05 phase=measured avail_mib=23146 free_mib=351 cached_mib=23185 swapused_mib=1318 swapout_kib+=0 swapin_kib+=0 gpu_mib=8593
23:48:07 phase=measured avail_mib=23151 free_mib=356 cached_mib=23185 swapused_mib=1318 swapout_kib+=0 swapin_kib+=0 gpu_mib=8593
23:48:09 phase=measured avail_mib=23145 free_mib=350 cached_mib=23185 swapused_mib=1318 swapout_kib+=0 swapin_kib+=0 gpu_mib=8593
23:48:12 phase=measured avail_mib=23157 free_mib=362 cached_mib=23185 swapused_mib=1318 swapout_kib+=0 swapin_kib+=0 gpu_mib=8593
23:48:14 phase=measured avail_mib=23160 free_mib=365 cached_mib=23185 swapused_mib=1318 swapout_kib+=0 swapin_kib+=16 gpu_mib=8593
23:48:16 phase=measured avail_mib=23151 free_mib=356 cached_mib=23185 swapused_mib=1318 swapout_kib+=0 swapin_kib+=0 gpu_mib=8593
23:48:18 phase=measured avail_mib=23151 free_mib=356 cached_mib=23185 swapused_mib=1318 swapout_kib+=0 swapin_kib+=0 gpu_mib=8593
23:48:20 phase=measured avail_mib=23145 free_mib=349 cached_mib=23185 swapused_mib=1318 swapout_kib+=0 swapin_kib+=0 gpu_mib=8593
23:48:22 phase=measured avail_mib=23143 free_mib=348 cached_mib=23185 swapused_mib=1318 swapout_kib+=0 swapin_kib+=0 gpu_mib=8593
23:48:24 phase=measured avail_mib=23149 free_mib=354 cached_mib=23185 swapused_mib=1318 swapout_kib+=0 swapin_kib+=12 gpu_mib=8593
23:48:26 phase=measured avail_mib=23143 free_mib=347 cached_mib=23185 swapused_mib=1318 swapout_kib+=0 swapin_kib+=0 gpu_mib=8593
23:48:28 phase=measured avail_mib=23163 free_mib=368 cached_mib=23185 swapused_mib=1318 swapout_kib+=0 swapin_kib+=0 gpu_mib=8593
23:48:30 phase=measured avail_mib=23160 free_mib=365 cached_mib=23185 swapused_mib=1318 swapout_kib+=0 swapin_kib+=0 gpu_mib=8593
23:48:32 phase=measured avail_mib=23152 free_mib=357 cached_mib=23185 swapused_mib=1318 swapout_kib+=0 swapin_kib+=0 gpu_mib=8593
23:48:34 phase=measured avail_mib=23150 free_mib=354 cached_mib=23185 swapused_mib=1318 swapout_kib+=0 swapin_kib+=0 gpu_mib=8593
23:48:36 phase=measured avail_mib=23147 free_mib=351 cached_mib=23185 swapused_mib=1318 swapout_kib+=0 swapin_kib+=0 gpu_mib=8593
23:48:38 phase=measured avail_mib=23148 free_mib=352 cached_mib=23185 swapused_mib=1318 swapout_kib+=0 swapin_kib+=0 gpu_mib=8593
23:48:40 phase=measured avail_mib=23138 free_mib=342 cached_mib=23185 swapused_mib=1318 swapout_kib+=0 swapin_kib+=0 gpu_mib=8593
23:48:42 phase=measured avail_mib=23152 free_mib=357 cached_mib=23185 swapused_mib=1318 swapout_kib+=0 swapin_kib+=0 gpu_mib=8593
23:48:44 phase=measured avail_mib=23151 free_mib=356 cached_mib=23186 swapused_mib=1318 swapout_kib+=0 swapin_kib+=0 gpu_mib=8593
23:48:46 phase=measured avail_mib=23142 free_mib=347 cached_mib=23186 swapused_mib=1318 swapout_kib+=0 swapin_kib+=0 gpu_mib=8593
23:48:48 phase=measured avail_mib=23149 free_mib=354 cached_mib=23186 swapused_mib=1318 swapout_kib+=0 swapin_kib+=0 gpu_mib=8593
23:48:50 phase=measured avail_mib=23154 free_mib=359 cached_mib=23186 swapused_mib=1318 swapout_kib+=0 swapin_kib+=0 gpu_mib=8593
23:48:52 phase=measured avail_mib=23156 free_mib=361 cached_mib=23186 swapused_mib=1318 swapout_kib+=0 swapin_kib+=4 gpu_mib=8593
23:48:54 phase=measured avail_mib=23153 free_mib=358 cached_mib=23186 swapused_mib=1318 swapout_kib+=0 swapin_kib+=12 gpu_mib=8593
23:48:56 phase=measured avail_mib=23064 free_mib=396 cached_mib=23041 swapused_mib=1318 swapout_kib+=0 swapin_kib+=0 gpu_mib=8593
23:48:58 phase=measured avail_mib=23053 free_mib=385 cached_mib=23041 swapused_mib=1318 swapout_kib+=0 swapin_kib+=0 gpu_mib=8593
23:49:00 phase=measured avail_mib=22923 free_mib=384 cached_mib=22911 swapused_mib=1318 swapout_kib+=0 swapin_kib+=0 gpu_mib=8593
23:49:02 phase=measured avail_mib=22892 free_mib=353 cached_mib=22911 swapused_mib=1318 swapout_kib+=0 swapin_kib+=0 gpu_mib=8593
23:49:04 phase=measured avail_mib=22892 free_mib=353 cached_mib=22912 swapused_mib=1318 swapout_kib+=0 swapin_kib+=0 gpu_mib=8593
23:49:06 phase=measured avail_mib=22888 free_mib=348 cached_mib=22912 swapused_mib=1318 swapout_kib+=0 swapin_kib+=0 gpu_mib=8593
23:49:08 phase=measured avail_mib=22842 free_mib=302 cached_mib=22912 swapused_mib=1318 swapout_kib+=0 swapin_kib+=0 gpu_mib=8593
23:49:10 phase=measured avail_mib=22869 free_mib=328 cached_mib=22913 swapused_mib=1318 swapout_kib+=0 swapin_kib+=0 gpu_mib=8593
23:49:12 phase=measured avail_mib=22861 free_mib=319 cached_mib=22914 swapused_mib=1318 swapout_kib+=0 swapin_kib+=4 gpu_mib=8593
23:49:15 phase=measured avail_mib=22838 free_mib=295 cached_mib=22915 swapused_mib=1318 swapout_kib+=0 swapin_kib+=20 gpu_mib=8593
23:49:17 phase=measured avail_mib=22865 free_mib=322 cached_mib=22916 swapused_mib=1318 swapout_kib+=0 swapin_kib+=4 gpu_mib=8593
23:49:19 phase=measured avail_mib=22889 free_mib=345 cached_mib=22916 swapused_mib=1318 swapout_kib+=0 swapin_kib+=4 gpu_mib=8593
23:49:21 phase=measured avail_mib=22891 free_mib=346 cached_mib=22917 swapused_mib=1318 swapout_kib+=0 swapin_kib+=8 gpu_mib=8593
23:49:23 phase=measured avail_mib=22879 free_mib=333 cached_mib=22918 swapused_mib=1318 swapout_kib+=0 swapin_kib+=8 gpu_mib=8593
23:49:25 phase=measured avail_mib=22847 free_mib=301 cached_mib=22919 swapused_mib=1318 swapout_kib+=0 swapin_kib+=0 gpu_mib=8593
23:49:27 phase=measured avail_mib=22851 free_mib=304 cached_mib=22920 swapused_mib=1318 swapout_kib+=0 swapin_kib+=0 gpu_mib=8593
23:49:29 phase=measured avail_mib=22866 free_mib=317 cached_mib=22920 swapused_mib=1318 swapout_kib+=0 swapin_kib+=0 gpu_mib=8593
23:49:31 phase=measured avail_mib=22870 free_mib=320 cached_mib=22921 swapused_mib=1318 swapout_kib+=0 swapin_kib+=4 gpu_mib=8593
23:49:33 phase=measured avail_mib=22732 free_mib=291 cached_mib=22813 swapused_mib=870 swapout_kib+=0 swapin_kib+=1268 gpu_mib=8593
23:49:35 phase=measured avail_mib=22739 free_mib=523 cached_mib=22588 swapused_mib=874 swapout_kib+=4096 swapin_kib+=12 gpu_mib=8593
23:49:37 phase=measured avail_mib=22742 free_mib=511 cached_mib=22603 swapused_mib=874 swapout_kib+=0 swapin_kib+=0 gpu_mib=8593
23:49:39 phase=measured avail_mib=22751 free_mib=519 cached_mib=22604 swapused_mib=874 swapout_kib+=0 swapin_kib+=0 gpu_mib=8593
23:49:41 phase=measured avail_mib=22688 free_mib=440 cached_mib=22620 swapused_mib=874 swapout_kib+=0 swapin_kib+=0 gpu_mib=8593
23:49:43 phase=measured avail_mib=22681 free_mib=433 cached_mib=22620 swapused_mib=874 swapout_kib+=0 swapin_kib+=12 gpu_mib=8593
23:49:45 phase=measured avail_mib=22699 free_mib=448 cached_mib=22624 swapused_mib=874 swapout_kib+=0 swapin_kib+=0 gpu_mib=8593
23:49:47 phase=measured avail_mib=22725 free_mib=471 cached_mib=22627 swapused_mib=874 swapout_kib+=0 swapin_kib+=4 gpu_mib=8593
23:49:49 phase=measured avail_mib=22731 free_mib=476 cached_mib=22627 swapused_mib=874 swapout_kib+=0 swapin_kib+=0 gpu_mib=8593
23:49:51 phase=measured avail_mib=22745 free_mib=488 cached_mib=22629 swapused_mib=874 swapout_kib+=0 swapin_kib+=0 gpu_mib=8593
23:49:53 phase=measured avail_mib=22709 free_mib=452 cached_mib=22630 swapused_mib=874 swapout_kib+=0 swapin_kib+=0 gpu_mib=8593
23:49:55 phase=measured avail_mib=22676 free_mib=419 cached_mib=22630 swapused_mib=874 swapout_kib+=0 swapin_kib+=4 gpu_mib=8593
23:49:57 phase=measured avail_mib=22678 free_mib=420 cached_mib=22630 swapused_mib=874 swapout_kib+=0 swapin_kib+=0 gpu_mib=8593
23:49:59 phase=measured avail_mib=22709 free_mib=450 cached_mib=22631 swapused_mib=874 swapout_kib+=0 swapin_kib+=0 gpu_mib=8593
23:50:01 phase=measured avail_mib=22678 free_mib=420 cached_mib=22631 swapused_mib=874 swapout_kib+=0 swapin_kib+=0 gpu_mib=8593
23:50:03 phase=measured avail_mib=22703 free_mib=433 cached_mib=22641 swapused_mib=874 swapout_kib+=0 swapin_kib+=0 gpu_mib=8593
23:50:05 phase=measured avail_mib=22710 free_mib=436 cached_mib=22646 swapused_mib=874 swapout_kib+=0 swapin_kib+=0 gpu_mib=8593
23:50:07 phase=measured avail_mib=22710 free_mib=436 cached_mib=22646 swapused_mib=874 swapout_kib+=0 swapin_kib+=0 gpu_mib=8593
23:50:09 phase=measured avail_mib=22732 free_mib=458 cached_mib=22646 swapused_mib=874 swapout_kib+=0 swapin_kib+=0 gpu_mib=8593
23:50:11 phase=measured avail_mib=22714 free_mib=427 cached_mib=22660 swapused_mib=874 swapout_kib+=0 swapin_kib+=0 gpu_mib=8593
23:50:13 phase=measured avail_mib=22699 free_mib=412 cached_mib=22660 swapused_mib=874 swapout_kib+=0 swapin_kib+=0 gpu_mib=8593
23:50:15 phase=measured avail_mib=22727 free_mib=422 cached_mib=22677 swapused_mib=874 swapout_kib+=0 swapin_kib+=0 gpu_mib=8593
23:50:18 phase=measured avail_mib=22735 free_mib=430 cached_mib=22677 swapused_mib=874 swapout_kib+=0 swapin_kib+=0 gpu_mib=8593
23:50:20 phase=measured avail_mib=22746 free_mib=426 cached_mib=22691 swapused_mib=874 swapout_kib+=0 swapin_kib+=0 gpu_mib=8593
23:50:22 phase=measured avail_mib=22752 free_mib=425 cached_mib=22699 swapused_mib=874 swapout_kib+=0 swapin_kib+=0 gpu_mib=8593
23:50:24 phase=measured avail_mib=22756 free_mib=429 cached_mib=22699 swapused_mib=874 swapout_kib+=0 swapin_kib+=0 gpu_mib=8593
23:50:26 phase=measured avail_mib=22742 free_mib=408 cached_mib=22705 swapused_mib=874 swapout_kib+=0 swapin_kib+=4 gpu_mib=8593
23:50:28 phase=measured avail_mib=22728 free_mib=380 cached_mib=22720 swapused_mib=874 swapout_kib+=0 swapin_kib+=0 gpu_mib=8593
23:50:30 phase=measured avail_mib=22742 free_mib=393 cached_mib=22720 swapused_mib=874 swapout_kib+=0 swapin_kib+=0 gpu_mib=8593
23:50:32 phase=measured avail_mib=22698 free_mib=340 cached_mib=22730 swapused_mib=874 swapout_kib+=0 swapin_kib+=0 gpu_mib=8593
23:50:34 phase=measured avail_mib=22673 free_mib=315 cached_mib=22730 swapused_mib=874 swapout_kib+=0 swapin_kib+=0 gpu_mib=8593
23:50:36 phase=measured avail_mib=22645 free_mib=278 cached_mib=22740 swapused_mib=874 swapout_kib+=0 swapin_kib+=0 gpu_mib=8593
23:50:38 phase=measured avail_mib=22650 free_mib=271 cached_mib=22751 swapused_mib=874 swapout_kib+=0 swapin_kib+=0 gpu_mib=8593
23:50:40 phase=measured avail_mib=22654 free_mib=275 cached_mib=22751 swapused_mib=874 swapout_kib+=0 swapin_kib+=0 gpu_mib=8593
23:50:42 phase=measured avail_mib=22663 free_mib=273 cached_mib=22762 swapused_mib=874 swapout_kib+=0 swapin_kib+=0 gpu_mib=8593
23:50:44 phase=measured avail_mib=22654 free_mib=264 cached_mib=22762 swapused_mib=874 swapout_kib+=0 swapin_kib+=0 gpu_mib=8593
23:50:46 phase=measured avail_mib=22655 free_mib=259 cached_mib=22767 swapused_mib=874 swapout_kib+=0 swapin_kib+=0 gpu_mib=8593
23:50:48 phase=measured avail_mib=22648 free_mib=237 cached_mib=22782 swapused_mib=874 swapout_kib+=0 swapin_kib+=0 gpu_mib=8593
23:50:50 phase=measured avail_mib=22668 free_mib=258 cached_mib=22782 swapused_mib=874 swapout_kib+=0 swapin_kib+=0 gpu_mib=8593
23:50:52 phase=measured avail_mib=22673 free_mib=251 cached_mib=22794 swapused_mib=874 swapout_kib+=0 swapin_kib+=4 gpu_mib=8593
23:50:54 phase=measured avail_mib=22672 free_mib=250 cached_mib=22794 swapused_mib=874 swapout_kib+=0 swapin_kib+=0 gpu_mib=8593
23:50:56 phase=measured avail_mib=22805 free_mib=378 cached_mib=22800 swapused_mib=1003 swapout_kib+=132892 swapin_kib+=12 gpu_mib=8593
23:50:58 phase=measured avail_mib=22792 free_mib=355 cached_mib=22809 swapused_mib=1003 swapout_kib+=0 swapin_kib+=0 gpu_mib=8593
23:51:00 phase=measured avail_mib=22818 free_mib=374 cached_mib=22816 swapused_mib=1003 swapout_kib+=0 swapin_kib+=0 gpu_mib=8593
23:51:02 phase=measured avail_mib=22829 free_mib=374 cached_mib=22827 swapused_mib=1003 swapout_kib+=0 swapin_kib+=0 gpu_mib=8593
23:51:04 phase=measured avail_mib=22831 free_mib=376 cached_mib=22827 swapused_mib=1003 swapout_kib+=0 swapin_kib+=0 gpu_mib=8593
23:51:06 phase=measured avail_mib=22847 free_mib=381 cached_mib=22838 swapused_mib=1003 swapout_kib+=0 swapin_kib+=0 gpu_mib=8593
23:51:08 phase=measured avail_mib=22806 free_mib=341 cached_mib=22838 swapused_mib=1003 swapout_kib+=0 swapin_kib+=0 gpu_mib=8593
23:51:10 phase=measured avail_mib=22824 free_mib=348 cached_mib=22848 swapused_mib=1003 swapout_kib+=0 swapin_kib+=0 gpu_mib=8593
23:51:12 phase=measured avail_mib=22835 free_mib=354 cached_mib=22853 swapused_mib=1003 swapout_kib+=0 swapin_kib+=0 gpu_mib=8593
23:51:14 phase=measured avail_mib=22856 free_mib=375 cached_mib=22853 swapused_mib=1003 swapout_kib+=0 swapin_kib+=4 gpu_mib=8593
23:51:16 phase=measured avail_mib=22840 free_mib=347 cached_mib=22865 swapused_mib=1003 swapout_kib+=0 swapin_kib+=0 gpu_mib=8593
23:51:18 phase=measured avail_mib=22848 free_mib=355 cached_mib=22865 swapused_mib=1003 swapout_kib+=0 swapin_kib+=0 gpu_mib=8593
23:51:21 phase=measured avail_mib=22862 free_mib=359 cached_mib=22875 swapused_mib=1003 swapout_kib+=0 swapin_kib+=0 gpu_mib=8593
23:51:23 phase=measured avail_mib=22856 free_mib=343 cached_mib=22885 swapused_mib=1003 swapout_kib+=0 swapin_kib+=0 gpu_mib=8593
23:51:25 phase=measured avail_mib=22862 free_mib=348 cached_mib=22885 swapused_mib=1003 swapout_kib+=0 swapin_kib+=0 gpu_mib=8593
23:51:27 phase=measured avail_mib=22862 free_mib=332 cached_mib=22902 swapused_mib=1003 swapout_kib+=0 swapin_kib+=0 gpu_mib=8593
23:51:29 phase=measured avail_mib=22860 free_mib=330 cached_mib=22902 swapused_mib=1003 swapout_kib+=0 swapin_kib+=0 gpu_mib=8593
23:51:31 phase=measured avail_mib=22877 free_mib=339 cached_mib=22909 swapused_mib=1003 swapout_kib+=0 swapin_kib+=0 gpu_mib=8593
23:51:33 phase=measured avail_mib=22876 free_mib=331 cached_mib=22916 swapused_mib=1003 swapout_kib+=0 swapin_kib+=0 gpu_mib=8593
23:51:35 phase=measured avail_mib=22886 free_mib=341 cached_mib=22917 swapused_mib=1003 swapout_kib+=0 swapin_kib+=0 gpu_mib=8593
23:51:37 phase=measured avail_mib=22873 free_mib=319 cached_mib=22926 swapused_mib=1003 swapout_kib+=0 swapin_kib+=0 gpu_mib=8593
23:51:39 phase=measured avail_mib=22864 free_mib=310 cached_mib=22926 swapused_mib=1003 swapout_kib+=0 swapin_kib+=0 gpu_mib=8593
23:51:41 phase=measured avail_mib=22806 free_mib=244 cached_mib=22933 swapused_mib=1003 swapout_kib+=0 swapin_kib+=0 gpu_mib=8593
23:51:43 phase=measured avail_mib=22807 free_mib=243 cached_mib=22936 swapused_mib=1003 swapout_kib+=0 swapin_kib+=0 gpu_mib=8593
23:51:45 phase=measured avail_mib=22927 free_mib=364 cached_mib=22935 swapused_mib=1130 swapout_kib+=130344 swapin_kib+=0 gpu_mib=8593
23:51:47 phase=measured avail_mib=22918 free_mib=348 cached_mib=22942 swapused_mib=1130 swapout_kib+=0 swapin_kib+=0 gpu_mib=8593
23:51:49 phase=measured avail_mib=22886 free_mib=315 cached_mib=22942 swapused_mib=1130 swapout_kib+=0 swapin_kib+=0 gpu_mib=8593
23:51:51 phase=measured avail_mib=22888 free_mib=313 cached_mib=22947 swapused_mib=1130 swapout_kib+=0 swapin_kib+=0 gpu_mib=8593
23:51:53 phase=measured avail_mib=22910 free_mib=335 cached_mib=22947 swapused_mib=1130 swapout_kib+=0 swapin_kib+=0 gpu_mib=8593
23:51:55 phase=measured avail_mib=22901 free_mib=319 cached_mib=22954 swapused_mib=1130 swapout_kib+=0 swapin_kib+=0 gpu_mib=8593
23:51:57 phase=measured avail_mib=22929 free_mib=341 cached_mib=22959 swapused_mib=1130 swapout_kib+=0 swapin_kib+=0 gpu_mib=8593
23:51:59 phase=measured avail_mib=22917 free_mib=329 cached_mib=22960 swapused_mib=1130 swapout_kib+=0 swapin_kib+=0 gpu_mib=8593
23:52:01 phase=measured avail_mib=22908 free_mib=310 cached_mib=22970 swapused_mib=1130 swapout_kib+=0 swapin_kib+=0 gpu_mib=8593
23:52:03 phase=measured avail_mib=22934 free_mib=336 cached_mib=22970 swapused_mib=1130 swapout_kib+=0 swapin_kib+=0 gpu_mib=8593
23:52:05 phase=measured avail_mib=22941 free_mib=337 cached_mib=22977 swapused_mib=1130 swapout_kib+=0 swapin_kib+=0 gpu_mib=8593
23:52:07 phase=measured avail_mib=22948 free_mib=332 cached_mib=22988 swapused_mib=1130 swapout_kib+=0 swapin_kib+=0 gpu_mib=8593
23:52:09 phase=measured avail_mib=22939 free_mib=323 cached_mib=22988 swapused_mib=1130 swapout_kib+=0 swapin_kib+=0 gpu_mib=8593
23:52:11 phase=measured avail_mib=22974 free_mib=351 cached_mib=22995 swapused_mib=1130 swapout_kib+=0 swapin_kib+=0 gpu_mib=8593
23:52:13 phase=measured avail_mib=22969 free_mib=345 cached_mib=22996 swapused_mib=1130 swapout_kib+=0 swapin_kib+=0 gpu_mib=8593
23:52:15 phase=measured avail_mib=22967 free_mib=336 cached_mib=23003 swapused_mib=1130 swapout_kib+=0 swapin_kib+=0 gpu_mib=8593
23:52:17 phase=measured avail_mib=22971 free_mib=340 cached_mib=23003 swapused_mib=1130 swapout_kib+=0 swapin_kib+=0 gpu_mib=8593
23:52:19 phase=measured avail_mib=22974 free_mib=335 cached_mib=23010 swapused_mib=1130 swapout_kib+=0 swapin_kib+=0 gpu_mib=8593
23:52:21 phase=measured avail_mib=22957 free_mib=313 cached_mib=23016 swapused_mib=1130 swapout_kib+=0 swapin_kib+=0 gpu_mib=8593
23:52:23 phase=measured avail_mib=22956 free_mib=312 cached_mib=23016 swapused_mib=1130 swapout_kib+=0 swapin_kib+=0 gpu_mib=8593
23:52:26 phase=measured avail_mib=22958 free_mib=307 cached_mib=23023 swapused_mib=1130 swapout_kib+=0 swapin_kib+=0 gpu_mib=8593
23:52:28 phase=measured avail_mib=22928 free_mib=270 cached_mib=23030 swapused_mib=1130 swapout_kib+=0 swapin_kib+=4 gpu_mib=8593
23:52:30 phase=measured avail_mib=22946 free_mib=283 cached_mib=23035 swapused_mib=1130 swapout_kib+=0 swapin_kib+=0 gpu_mib=8593
23:52:32 phase=measured avail_mib=22939 free_mib=270 cached_mib=23041 swapused_mib=1130 swapout_kib+=0 swapin_kib+=0 gpu_mib=8593
23:52:34 phase=measured avail_mib=22948 free_mib=278 cached_mib=23041 swapused_mib=1130 swapout_kib+=0 swapin_kib+=0 gpu_mib=8593
23:52:36 phase=measured avail_mib=22931 free_mib=254 cached_mib=23049 swapused_mib=1130 swapout_kib+=0 swapin_kib+=0 gpu_mib=8593
23:52:38 phase=measured avail_mib=23038 free_mib=368 cached_mib=23042 swapused_mib=1228 swapout_kib+=100460 swapin_kib+=0 gpu_mib=8593
23:52:40 phase=measured avail_mib=23038 free_mib=359 cached_mib=23051 swapused_mib=1228 swapout_kib+=0 swapin_kib+=0 gpu_mib=8593
23:52:42 phase=measured avail_mib=23002 free_mib=323 cached_mib=23051 swapused_mib=1228 swapout_kib+=0 swapin_kib+=0 gpu_mib=8593
23:52:44 phase=measured avail_mib=22975 free_mib=287 cached_mib=23059 swapused_mib=1228 swapout_kib+=0 swapin_kib+=4 gpu_mib=8593
23:52:46 phase=measured avail_mib=23014 free_mib=317 cached_mib=23069 swapused_mib=1228 swapout_kib+=0 swapin_kib+=0 gpu_mib=8593
23:52:48 phase=measured avail_mib=23042 free_mib=345 cached_mib=23069 swapused_mib=1228 swapout_kib+=0 swapin_kib+=0 gpu_mib=8593
23:52:50 phase=measured avail_mib=23037 free_mib=331 cached_mib=23079 swapused_mib=1228 swapout_kib+=0 swapin_kib+=0 gpu_mib=8593
23:52:52 phase=measured avail_mib=23033 free_mib=326 cached_mib=23079 swapused_mib=1228 swapout_kib+=0 swapin_kib+=0 gpu_mib=8593
23:52:54 phase=measured avail_mib=23026 free_mib=308 cached_mib=23090 swapused_mib=1228 swapout_kib+=0 swapin_kib+=0 gpu_mib=8593
23:52:56 phase=measured avail_mib=23037 free_mib=319 cached_mib=23090 swapused_mib=1228 swapout_kib+=0 swapin_kib+=0 gpu_mib=8593
23:52:58 phase=measured avail_mib=23066 free_mib=338 cached_mib=23100 swapused_mib=1228 swapout_kib+=0 swapin_kib+=0 gpu_mib=8593
23:53:00 phase=measured avail_mib=23048 free_mib=319 cached_mib=23100 swapused_mib=1228 swapout_kib+=0 swapin_kib+=0 gpu_mib=8593
23:53:02 phase=measured avail_mib=23068 free_mib=329 cached_mib=23111 swapused_mib=1228 swapout_kib+=0 swapin_kib+=0 gpu_mib=8593
23:53:04 phase=measured avail_mib=23071 free_mib=325 cached_mib=23117 swapused_mib=1228 swapout_kib+=0 swapin_kib+=0 gpu_mib=8593
23:53:06 phase=measured avail_mib=23071 free_mib=325 cached_mib=23117 swapused_mib=1228 swapout_kib+=0 swapin_kib+=0 gpu_mib=8593
23:53:08 phase=measured avail_mib=23075 free_mib=325 cached_mib=23122 swapused_mib=1308 swapout_kib+=82652 swapin_kib+=12 gpu_mib=8593
23:53:10 phase=measured avail_mib=23077 free_mib=326 cached_mib=23122 swapused_mib=1308 swapout_kib+=0 swapin_kib+=0 gpu_mib=8593
23:53:12 phase=measured avail_mib=22980 free_mib=306 cached_mib=23046 swapused_mib=1408 swapout_kib+=101736 swapin_kib+=24 gpu_mib=8593
23:53:14 phase=measured avail_mib=22980 free_mib=305 cached_mib=23047 swapused_mib=1408 swapout_kib+=0 swapin_kib+=4 gpu_mib=8593
23:53:16 phase=measured avail_mib=22990 free_mib=314 cached_mib=23048 swapused_mib=1408 swapout_kib+=0 swapin_kib+=0 gpu_mib=8593
23:53:18 phase=measured avail_mib=22978 free_mib=302 cached_mib=23048 swapused_mib=1408 swapout_kib+=0 swapin_kib+=0 gpu_mib=8593
23:53:20 phase=measured avail_mib=22983 free_mib=306 cached_mib=23049 swapused_mib=1408 swapout_kib+=0 swapin_kib+=0 gpu_mib=8593
23:53:22 phase=measured avail_mib=22985 free_mib=308 cached_mib=23049 swapused_mib=1408 swapout_kib+=0 swapin_kib+=0 gpu_mib=8593
23:53:24 phase=measured avail_mib=22986 free_mib=308 cached_mib=23050 swapused_mib=1408 swapout_kib+=0 swapin_kib+=0 gpu_mib=8593
23:53:26 phase=measured avail_mib=22998 free_mib=319 cached_mib=23051 swapused_mib=1408 swapout_kib+=0 swapin_kib+=0 gpu_mib=8593
23:53:29 phase=measured avail_mib=22985 free_mib=293 cached_mib=23064 swapused_mib=1408 swapout_kib+=0 swapin_kib+=4 gpu_mib=8593
23:53:31 phase=measured avail_mib=22985 free_mib=292 cached_mib=23065 swapused_mib=1408 swapout_kib+=0 swapin_kib+=4 gpu_mib=8593
23:53:33 phase=measured avail_mib=22980 free_mib=286 cached_mib=23065 swapused_mib=1408 swapout_kib+=0 swapin_kib+=0 gpu_mib=8593
23:53:35 phase=measured avail_mib=22994 free_mib=300 cached_mib=23066 swapused_mib=1408 swapout_kib+=0 swapin_kib+=4 gpu_mib=8593
23:53:37 phase=measured avail_mib=23001 free_mib=306 cached_mib=23067 swapused_mib=1408 swapout_kib+=0 swapin_kib+=8 gpu_mib=8593
23:53:39 phase=measured avail_mib=23000 free_mib=304 cached_mib=23067 swapused_mib=1407 swapout_kib+=0 swapin_kib+=8 gpu_mib=8593
23:53:41 phase=measured avail_mib=22995 free_mib=299 cached_mib=23068 swapused_mib=1407 swapout_kib+=0 swapin_kib+=0 gpu_mib=8593
23:53:43 phase=measured avail_mib=22996 free_mib=299 cached_mib=23069 swapused_mib=1407 swapout_kib+=0 swapin_kib+=0 gpu_mib=8593
23:53:45 phase=measured avail_mib=23055 free_mib=441 cached_mib=22986 swapused_mib=971 swapout_kib+=0 swapin_kib+=1612 gpu_mib=8593
23:53:47 phase=measured avail_mib=23043 free_mib=429 cached_mib=22986 swapused_mib=971 swapout_kib+=0 swapin_kib+=0 gpu_mib=8593
23:53:49 phase=measured avail_mib=23059 free_mib=445 cached_mib=22986 swapused_mib=971 swapout_kib+=0 swapin_kib+=0 gpu_mib=8593
23:53:51 phase=measured avail_mib=23075 free_mib=461 cached_mib=22986 swapused_mib=971 swapout_kib+=0 swapin_kib+=4 gpu_mib=8593
23:53:53 phase=measured avail_mib=23053 free_mib=439 cached_mib=22986 swapused_mib=971 swapout_kib+=0 swapin_kib+=0 gpu_mib=8593
23:53:55 phase=measured avail_mib=23077 free_mib=463 cached_mib=22986 swapused_mib=971 swapout_kib+=0 swapin_kib+=0 gpu_mib=8593
23:53:57 phase=measured avail_mib=23102 free_mib=488 cached_mib=22986 swapused_mib=971 swapout_kib+=0 swapin_kib+=0 gpu_mib=8593
23:53:59 phase=measured avail_mib=23096 free_mib=482 cached_mib=22986 swapused_mib=971 swapout_kib+=0 swapin_kib+=0 gpu_mib=8593
23:54:01 phase=measured avail_mib=23125 free_mib=511 cached_mib=22986 swapused_mib=971 swapout_kib+=0 swapin_kib+=0 gpu_mib=8593
23:54:03 phase=measured avail_mib=23090 free_mib=476 cached_mib=22986 swapused_mib=971 swapout_kib+=0 swapin_kib+=0 gpu_mib=8593
23:54:05 phase=measured avail_mib=23123 free_mib=509 cached_mib=22986 swapused_mib=971 swapout_kib+=0 swapin_kib+=0 gpu_mib=8593
23:54:07 phase=measured avail_mib=23122 free_mib=508 cached_mib=22986 swapused_mib=971 swapout_kib+=0 swapin_kib+=0 gpu_mib=8593
23:54:09 phase=measured avail_mib=23145 free_mib=531 cached_mib=22986 swapused_mib=971 swapout_kib+=0 swapin_kib+=0 gpu_mib=8593
23:54:11 phase=measured avail_mib=23178 free_mib=564 cached_mib=22986 swapused_mib=971 swapout_kib+=0 swapin_kib+=0 gpu_mib=8593
23:54:13 phase=measured avail_mib=23180 free_mib=566 cached_mib=22986 swapused_mib=971 swapout_kib+=0 swapin_kib+=0 gpu_mib=8593
23:54:15 phase=measured avail_mib=23160 free_mib=546 cached_mib=22986 swapused_mib=971 swapout_kib+=0 swapin_kib+=0 gpu_mib=8593
23:54:17 phase=measured avail_mib=23157 free_mib=543 cached_mib=22986 swapused_mib=971 swapout_kib+=0 swapin_kib+=0 gpu_mib=8593
23:54:19 phase=measured avail_mib=23151 free_mib=537 cached_mib=22986 swapused_mib=971 swapout_kib+=0 swapin_kib+=0 gpu_mib=8593
23:54:21 phase=measured avail_mib=23176 free_mib=562 cached_mib=22986 swapused_mib=971 swapout_kib+=0 swapin_kib+=0 gpu_mib=8593
23:54:23 phase=measured avail_mib=23175 free_mib=560 cached_mib=22986 swapused_mib=971 swapout_kib+=0 swapin_kib+=0 gpu_mib=8593
23:54:25 phase=measured avail_mib=23174 free_mib=559 cached_mib=22986 swapused_mib=971 swapout_kib+=0 swapin_kib+=0 gpu_mib=8593
23:54:27 phase=measured avail_mib=23143 free_mib=529 cached_mib=22986 swapused_mib=971 swapout_kib+=0 swapin_kib+=0 gpu_mib=8593
23:54:29 phase=measured avail_mib=23132 free_mib=518 cached_mib=22986 swapused_mib=971 swapout_kib+=0 swapin_kib+=0 gpu_mib=8593
23:54:31 phase=measured avail_mib=23158 free_mib=543 cached_mib=22986 swapused_mib=971 swapout_kib+=0 swapin_kib+=0 gpu_mib=8593
23:54:34 phase=measured avail_mib=23160 free_mib=546 cached_mib=22986 swapused_mib=971 swapout_kib+=0 swapin_kib+=0 gpu_mib=8593
23:54:36 phase=measured avail_mib=23181 free_mib=567 cached_mib=22986 swapused_mib=971 swapout_kib+=0 swapin_kib+=4 gpu_mib=8593
23:54:38 phase=measured avail_mib=23165 free_mib=550 cached_mib=22986 swapused_mib=971 swapout_kib+=0 swapin_kib+=0 gpu_mib=8593
23:54:40 phase=measured avail_mib=23186 free_mib=572 cached_mib=22986 swapused_mib=971 swapout_kib+=0 swapin_kib+=0 gpu_mib=8593
23:54:42 phase=measured avail_mib=23187 free_mib=573 cached_mib=22986 swapused_mib=971 swapout_kib+=0 swapin_kib+=0 gpu_mib=8593
23:54:44 phase=measured avail_mib=23149 free_mib=535 cached_mib=22986 swapused_mib=971 swapout_kib+=0 swapin_kib+=0 gpu_mib=8593
23:54:46 phase=measured avail_mib=23122 free_mib=508 cached_mib=22986 swapused_mib=971 swapout_kib+=0 swapin_kib+=0 gpu_mib=8593
23:54:48 phase=measured avail_mib=23118 free_mib=504 cached_mib=22986 swapused_mib=971 swapout_kib+=0 swapin_kib+=0 gpu_mib=8593
23:54:50 phase=measured avail_mib=23080 free_mib=466 cached_mib=22986 swapused_mib=971 swapout_kib+=0 swapin_kib+=0 gpu_mib=8593
23:54:52 phase=measured avail_mib=23074 free_mib=459 cached_mib=22986 swapused_mib=971 swapout_kib+=0 swapin_kib+=0 gpu_mib=8593
23:54:54 phase=measured avail_mib=23114 free_mib=500 cached_mib=22986 swapused_mib=971 swapout_kib+=0 swapin_kib+=0 gpu_mib=8593
23:54:56 phase=measured avail_mib=23113 free_mib=499 cached_mib=22986 swapused_mib=971 swapout_kib+=0 swapin_kib+=0 gpu_mib=8593
23:54:58 phase=measured avail_mib=23112 free_mib=497 cached_mib=22986 swapused_mib=971 swapout_kib+=0 swapin_kib+=0 gpu_mib=8593
23:55:00 phase=measured avail_mib=23157 free_mib=543 cached_mib=22986 swapused_mib=971 swapout_kib+=0 swapin_kib+=0 gpu_mib=8593
23:55:02 phase=measured avail_mib=23160 free_mib=546 cached_mib=22986 swapused_mib=971 swapout_kib+=0 swapin_kib+=0 gpu_mib=8593
23:55:04 phase=measured avail_mib=23114 free_mib=500 cached_mib=22986 swapused_mib=971 swapout_kib+=0 swapin_kib+=0 gpu_mib=8593
23:55:06 phase=measured avail_mib=23125 free_mib=510 cached_mib=22986 swapused_mib=971 swapout_kib+=0 swapin_kib+=0 gpu_mib=8593
23:55:08 phase=measured avail_mib=23135 free_mib=521 cached_mib=22986 swapused_mib=971 swapout_kib+=0 swapin_kib+=0 gpu_mib=8593
23:55:10 phase=measured avail_mib=23121 free_mib=507 cached_mib=22986 swapused_mib=971 swapout_kib+=0 swapin_kib+=0 gpu_mib=8593
23:55:12 phase=measured avail_mib=23133 free_mib=518 cached_mib=22986 swapused_mib=971 swapout_kib+=0 swapin_kib+=0 gpu_mib=8593
23:55:14 phase=measured avail_mib=23108 free_mib=493 cached_mib=22986 swapused_mib=971 swapout_kib+=0 swapin_kib+=8 gpu_mib=8593
23:55:16 phase=measured avail_mib=23088 free_mib=474 cached_mib=22986 swapused_mib=971 swapout_kib+=0 swapin_kib+=0 gpu_mib=8593
23:55:18 phase=measured avail_mib=23124 free_mib=510 cached_mib=22986 swapused_mib=971 swapout_kib+=0 swapin_kib+=0 gpu_mib=8593
23:55:20 phase=measured avail_mib=23133 free_mib=519 cached_mib=22986 swapused_mib=971 swapout_kib+=0 swapin_kib+=0 gpu_mib=8593
23:55:22 phase=measured avail_mib=23111 free_mib=497 cached_mib=22986 swapused_mib=971 swapout_kib+=0 swapin_kib+=0 gpu_mib=8593
23:55:24 phase=measured avail_mib=23100 free_mib=485 cached_mib=22986 swapused_mib=971 swapout_kib+=0 swapin_kib+=0 gpu_mib=8593
23:55:26 phase=measured avail_mib=23121 free_mib=506 cached_mib=22986 swapused_mib=971 swapout_kib+=0 swapin_kib+=0 gpu_mib=8593
23:55:28 phase=measured avail_mib=23135 free_mib=521 cached_mib=22986 swapused_mib=971 swapout_kib+=0 swapin_kib+=60 gpu_mib=8593
23:55:30 phase=measured avail_mib=23127 free_mib=512 cached_mib=22986 swapused_mib=971 swapout_kib+=0 swapin_kib+=0 gpu_mib=8593
23:55:32 phase=measured avail_mib=23142 free_mib=527 cached_mib=22986 swapused_mib=971 swapout_kib+=0 swapin_kib+=0 gpu_mib=8593
23:55:34 phase=measured avail_mib=23119 free_mib=505 cached_mib=22986 swapused_mib=971 swapout_kib+=0 swapin_kib+=0 gpu_mib=8593
23:55:37 phase=measured avail_mib=23147 free_mib=533 cached_mib=22986 swapused_mib=971 swapout_kib+=0 swapin_kib+=0 gpu_mib=8593
23:55:39 phase=measured avail_mib=23153 free_mib=538 cached_mib=22986 swapused_mib=971 swapout_kib+=0 swapin_kib+=0 gpu_mib=8593
23:55:41 phase=measured avail_mib=23165 free_mib=550 cached_mib=22986 swapused_mib=971 swapout_kib+=0 swapin_kib+=0 gpu_mib=8593
23:55:43 phase=measured avail_mib=23158 free_mib=544 cached_mib=22986 swapused_mib=971 swapout_kib+=0 swapin_kib+=0 gpu_mib=8593
23:55:45 phase=measured avail_mib=23110 free_mib=495 cached_mib=22986 swapused_mib=971 swapout_kib+=0 swapin_kib+=12 gpu_mib=8593
23:55:47 phase=measured avail_mib=23106 free_mib=491 cached_mib=22986 swapused_mib=971 swapout_kib+=0 swapin_kib+=0 gpu_mib=8593
23:55:49 phase=measured avail_mib=23093 free_mib=479 cached_mib=22986 swapused_mib=971 swapout_kib+=0 swapin_kib+=0 gpu_mib=8593
23:55:51 phase=measured avail_mib=23130 free_mib=515 cached_mib=22986 swapused_mib=971 swapout_kib+=0 swapin_kib+=60 gpu_mib=8593
23:55:53 phase=measured avail_mib=23131 free_mib=516 cached_mib=22986 swapused_mib=971 swapout_kib+=0 swapin_kib+=0 gpu_mib=8593
23:55:55 phase=measured avail_mib=23180 free_mib=566 cached_mib=22986 swapused_mib=971 swapout_kib+=0 swapin_kib+=0 gpu_mib=8593
23:55:57 phase=measured avail_mib=23175 free_mib=560 cached_mib=22986 swapused_mib=971 swapout_kib+=0 swapin_kib+=0 gpu_mib=8593
23:55:59 phase=measured avail_mib=23175 free_mib=561 cached_mib=22986 swapused_mib=971 swapout_kib+=0 swapin_kib+=0 gpu_mib=8593
23:56:01 phase=measured avail_mib=23159 free_mib=544 cached_mib=22986 swapused_mib=971 swapout_kib+=0 swapin_kib+=0 gpu_mib=8593
23:56:03 phase=measured avail_mib=23168 free_mib=553 cached_mib=22986 swapused_mib=971 swapout_kib+=0 swapin_kib+=0 gpu_mib=8593
23:56:05 phase=measured avail_mib=23160 free_mib=545 cached_mib=22986 swapused_mib=971 swapout_kib+=0 swapin_kib+=0 gpu_mib=8593
23:56:07 phase=measured avail_mib=23145 free_mib=530 cached_mib=22986 swapused_mib=971 swapout_kib+=0 swapin_kib+=0 gpu_mib=8593
23:56:09 phase=measured avail_mib=23154 free_mib=539 cached_mib=22986 swapused_mib=971 swapout_kib+=0 swapin_kib+=0 gpu_mib=8593
23:56:11 phase=measured avail_mib=23158 free_mib=543 cached_mib=22986 swapused_mib=971 swapout_kib+=0 swapin_kib+=0 gpu_mib=8593
23:56:13 phase=measured avail_mib=23153 free_mib=539 cached_mib=22986 swapused_mib=971 swapout_kib+=0 swapin_kib+=0 gpu_mib=8593
23:56:15 phase=measured avail_mib=23186 free_mib=571 cached_mib=22986 swapused_mib=970 swapout_kib+=0 swapin_kib+=568 gpu_mib=8593
23:56:17 phase=measured avail_mib=23186 free_mib=571 cached_mib=22986 swapused_mib=970 swapout_kib+=0 swapin_kib+=0 gpu_mib=8593
23:56:19 phase=measured avail_mib=23161 free_mib=546 cached_mib=22986 swapused_mib=970 swapout_kib+=0 swapin_kib+=0 gpu_mib=8593
23:56:21 phase=measured avail_mib=23183 free_mib=568 cached_mib=22986 swapused_mib=970 swapout_kib+=0 swapin_kib+=0 gpu_mib=8593
23:56:23 phase=measured avail_mib=23187 free_mib=572 cached_mib=22986 swapused_mib=970 swapout_kib+=0 swapin_kib+=0 gpu_mib=8593
23:56:25 phase=measured avail_mib=23169 free_mib=555 cached_mib=22986 swapused_mib=970 swapout_kib+=0 swapin_kib+=0 gpu_mib=8593
23:56:27 phase=measured avail_mib=23166 free_mib=551 cached_mib=22986 swapused_mib=970 swapout_kib+=0 swapin_kib+=0 gpu_mib=8593
23:56:29 phase=measured avail_mib=23196 free_mib=581 cached_mib=22986 swapused_mib=970 swapout_kib+=0 swapin_kib+=4 gpu_mib=8593
23:56:31 phase=measured avail_mib=23170 free_mib=555 cached_mib=22986 swapused_mib=970 swapout_kib+=0 swapin_kib+=0 gpu_mib=8593
23:56:33 phase=measured avail_mib=23171 free_mib=556 cached_mib=22986 swapused_mib=970 swapout_kib+=0 swapin_kib+=0 gpu_mib=8593
23:56:35 phase=measured avail_mib=23169 free_mib=554 cached_mib=22986 swapused_mib=970 swapout_kib+=0 swapin_kib+=0 gpu_mib=8593
23:56:37 phase=measured avail_mib=23126 free_mib=511 cached_mib=22986 swapused_mib=970 swapout_kib+=0 swapin_kib+=0 gpu_mib=8593
23:56:39 phase=measured avail_mib=23127 free_mib=512 cached_mib=22986 swapused_mib=970 swapout_kib+=0 swapin_kib+=0 gpu_mib=8593
23:56:42 phase=measured avail_mib=23107 free_mib=492 cached_mib=22986 swapused_mib=970 swapout_kib+=0 swapin_kib+=0 gpu_mib=8593
23:56:44 phase=measured avail_mib=23140 free_mib=525 cached_mib=22986 swapused_mib=970 swapout_kib+=0 swapin_kib+=0 gpu_mib=8593
23:56:46 phase=measured avail_mib=23119 free_mib=504 cached_mib=22986 swapused_mib=970 swapout_kib+=0 swapin_kib+=16 gpu_mib=8593
23:56:48 phase=measured avail_mib=23153 free_mib=538 cached_mib=22986 swapused_mib=970 swapout_kib+=0 swapin_kib+=0 gpu_mib=8593
23:56:50 phase=measured avail_mib=23145 free_mib=530 cached_mib=22986 swapused_mib=970 swapout_kib+=0 swapin_kib+=0 gpu_mib=8593
23:56:52 phase=measured avail_mib=23170 free_mib=554 cached_mib=22986 swapused_mib=970 swapout_kib+=0 swapin_kib+=0 gpu_mib=8593
23:56:54 phase=measured avail_mib=23156 free_mib=541 cached_mib=22986 swapused_mib=970 swapout_kib+=0 swapin_kib+=0 gpu_mib=8593
23:56:56 phase=measured avail_mib=23159 free_mib=544 cached_mib=22986 swapused_mib=970 swapout_kib+=0 swapin_kib+=0 gpu_mib=8593
23:56:58 phase=measured avail_mib=23162 free_mib=547 cached_mib=22986 swapused_mib=970 swapout_kib+=0 swapin_kib+=0 gpu_mib=8593
23:57:00 phase=measured avail_mib=23155 free_mib=540 cached_mib=22986 swapused_mib=970 swapout_kib+=0 swapin_kib+=0 gpu_mib=8593
23:57:02 phase=measured avail_mib=23142 free_mib=527 cached_mib=22986 swapused_mib=970 swapout_kib+=0 swapin_kib+=0 gpu_mib=8593
23:57:04 phase=measured avail_mib=23118 free_mib=503 cached_mib=22986 swapused_mib=970 swapout_kib+=0 swapin_kib+=0 gpu_mib=8593
23:57:06 phase=measured avail_mib=23114 free_mib=499 cached_mib=22986 swapused_mib=970 swapout_kib+=0 swapin_kib+=0 gpu_mib=8593
23:57:08 phase=measured avail_mib=23043 free_mib=428 cached_mib=22986 swapused_mib=970 swapout_kib+=0 swapin_kib+=0 gpu_mib=8593
23:57:10 phase=measured avail_mib=22949 free_mib=334 cached_mib=22986 swapused_mib=970 swapout_kib+=0 swapin_kib+=0 gpu_mib=8593
23:57:12 phase=measured avail_mib=22885 free_mib=270 cached_mib=22986 swapused_mib=970 swapout_kib+=0 swapin_kib+=0 gpu_mib=8593
23:57:14 phase=measured avail_mib=22874 free_mib=259 cached_mib=22987 swapused_mib=970 swapout_kib+=0 swapin_kib+=0 gpu_mib=8593
23:57:16 phase=measured avail_mib=22889 free_mib=271 cached_mib=22989 swapused_mib=970 swapout_kib+=0 swapin_kib+=0 gpu_mib=8593
23:57:18 phase=measured avail_mib=22872 free_mib=254 cached_mib=22989 swapused_mib=970 swapout_kib+=0 swapin_kib+=0 gpu_mib=8593
23:57:20 phase=measured avail_mib=22872 free_mib=253 cached_mib=22989 swapused_mib=970 swapout_kib+=0 swapin_kib+=0 gpu_mib=8593
23:57:22 phase=measured avail_mib=22907 free_mib=419 cached_mib=22860 swapused_mib=970 swapout_kib+=0 swapin_kib+=20 gpu_mib=8593
23:57:24 phase=measured avail_mib=22896 free_mib=406 cached_mib=22861 swapused_mib=970 swapout_kib+=0 swapin_kib+=0 gpu_mib=8593
23:57:26 phase=measured avail_mib=22906 free_mib=416 cached_mib=22862 swapused_mib=970 swapout_kib+=0 swapin_kib+=0 gpu_mib=8593
23:57:28 phase=measured avail_mib=22908 free_mib=417 cached_mib=22862 swapused_mib=970 swapout_kib+=0 swapin_kib+=8 gpu_mib=8593
23:57:30 phase=measured avail_mib=22911 free_mib=420 cached_mib=22863 swapused_mib=970 swapout_kib+=0 swapin_kib+=0 gpu_mib=8593
23:57:32 phase=measured avail_mib=22924 free_mib=432 cached_mib=22863 swapused_mib=970 swapout_kib+=0 swapin_kib+=4 gpu_mib=8593
23:57:34 phase=measured avail_mib=22909 free_mib=417 cached_mib=22864 swapused_mib=970 swapout_kib+=0 swapin_kib+=0 gpu_mib=8593
23:57:36 phase=measured avail_mib=22914 free_mib=421 cached_mib=22864 swapused_mib=970 swapout_kib+=0 swapin_kib+=0 gpu_mib=8593
23:57:38 phase=measured avail_mib=22924 free_mib=430 cached_mib=22865 swapused_mib=970 swapout_kib+=0 swapin_kib+=8 gpu_mib=8593
23:57:40 phase=measured avail_mib=22898 free_mib=404 cached_mib=22866 swapused_mib=970 swapout_kib+=0 swapin_kib+=0 gpu_mib=8593
23:57:42 phase=measured avail_mib=24197 free_mib=1702 cached_mib=22866 swapused_mib=710 swapout_kib+=0 swapin_kib+=1104 gpu_mib=8593
23:57:45 phase=measured avail_mib=23260 free_mib=765 cached_mib=22867 swapused_mib=710 swapout_kib+=0 swapin_kib+=0 gpu_mib=8593
23:57:47 phase=measured avail_mib=23240 free_mib=745 cached_mib=22867 swapused_mib=710 swapout_kib+=0 swapin_kib+=0 gpu_mib=8593
23:57:49 phase=measured avail_mib=23240 free_mib=745 cached_mib=22867 swapused_mib=710 swapout_kib+=0 swapin_kib+=0 gpu_mib=8593
23:57:51 phase=measured avail_mib=23251 free_mib=756 cached_mib=22867 swapused_mib=710 swapout_kib+=0 swapin_kib+=0 gpu_mib=8593
23:57:53 phase=measured avail_mib=23236 free_mib=741 cached_mib=22867 swapused_mib=710 swapout_kib+=0 swapin_kib+=0 gpu_mib=8593
23:57:55 phase=measured avail_mib=23264 free_mib=769 cached_mib=22867 swapused_mib=710 swapout_kib+=0 swapin_kib+=0 gpu_mib=8593
23:57:57 phase=measured avail_mib=23191 free_mib=696 cached_mib=22867 swapused_mib=710 swapout_kib+=0 swapin_kib+=0 gpu_mib=8593
23:57:59 phase=measured avail_mib=23247 free_mib=752 cached_mib=22867 swapused_mib=710 swapout_kib+=0 swapin_kib+=0 gpu_mib=8593
23:58:01 phase=measured avail_mib=23229 free_mib=734 cached_mib=22867 swapused_mib=710 swapout_kib+=0 swapin_kib+=0 gpu_mib=8593
23:58:03 phase=measured avail_mib=23250 free_mib=755 cached_mib=22867 swapused_mib=710 swapout_kib+=0 swapin_kib+=0 gpu_mib=8593
23:58:05 phase=measured avail_mib=23244 free_mib=749 cached_mib=22867 swapused_mib=710 swapout_kib+=0 swapin_kib+=0 gpu_mib=8593
23:58:07 phase=measured avail_mib=23263 free_mib=767 cached_mib=22867 swapused_mib=710 swapout_kib+=0 swapin_kib+=0 gpu_mib=8593
23:58:09 phase=measured avail_mib=23268 free_mib=772 cached_mib=22867 swapused_mib=710 swapout_kib+=0 swapin_kib+=0 gpu_mib=8593
23:58:11 phase=measured avail_mib=23239 free_mib=744 cached_mib=22867 swapused_mib=710 swapout_kib+=0 swapin_kib+=0 gpu_mib=8593
23:58:13 phase=measured avail_mib=23252 free_mib=757 cached_mib=22867 swapused_mib=710 swapout_kib+=0 swapin_kib+=0 gpu_mib=8593
23:58:15 phase=measured avail_mib=23273 free_mib=778 cached_mib=22867 swapused_mib=710 swapout_kib+=0 swapin_kib+=0 gpu_mib=8593
23:58:17 phase=measured avail_mib=23242 free_mib=746 cached_mib=22867 swapused_mib=710 swapout_kib+=0 swapin_kib+=0 gpu_mib=8593
23:58:19 phase=measured avail_mib=23248 free_mib=753 cached_mib=22867 swapused_mib=710 swapout_kib+=0 swapin_kib+=0 gpu_mib=8593
23:58:21 phase=measured avail_mib=23277 free_mib=781 cached_mib=22867 swapused_mib=710 swapout_kib+=0 swapin_kib+=0 gpu_mib=8593
23:58:23 phase=measured avail_mib=23266 free_mib=771 cached_mib=22867 swapused_mib=710 swapout_kib+=0 swapin_kib+=0 gpu_mib=8593
23:58:25 phase=measured avail_mib=23236 free_mib=741 cached_mib=22867 swapused_mib=710 swapout_kib+=0 swapin_kib+=0 gpu_mib=8593
23:58:27 phase=measured avail_mib=23277 free_mib=781 cached_mib=22867 swapused_mib=710 swapout_kib+=0 swapin_kib+=0 gpu_mib=8593
23:58:29 phase=measured avail_mib=23255 free_mib=759 cached_mib=22867 swapused_mib=710 swapout_kib+=0 swapin_kib+=0 gpu_mib=8593
23:58:31 phase=measured avail_mib=23275 free_mib=780 cached_mib=22867 swapused_mib=710 swapout_kib+=0 swapin_kib+=0 gpu_mib=8593
23:58:33 phase=measured avail_mib=23268 free_mib=773 cached_mib=22867 swapused_mib=710 swapout_kib+=0 swapin_kib+=0 gpu_mib=8593
23:58:35 phase=measured avail_mib=23283 free_mib=787 cached_mib=22867 swapused_mib=710 swapout_kib+=0 swapin_kib+=0 gpu_mib=8593
23:58:37 phase=measured avail_mib=23268 free_mib=773 cached_mib=22867 swapused_mib=710 swapout_kib+=0 swapin_kib+=0 gpu_mib=8593
23:58:39 phase=measured avail_mib=23263 free_mib=767 cached_mib=22867 swapused_mib=710 swapout_kib+=0 swapin_kib+=0 gpu_mib=8593
23:58:41 phase=measured avail_mib=23273 free_mib=778 cached_mib=22867 swapused_mib=710 swapout_kib+=0 swapin_kib+=0 gpu_mib=8593
23:58:43 phase=measured avail_mib=23259 free_mib=763 cached_mib=22867 swapused_mib=710 swapout_kib+=0 swapin_kib+=0 gpu_mib=8593
23:58:45 phase=measured avail_mib=23259 free_mib=763 cached_mib=22867 swapused_mib=710 swapout_kib+=0 swapin_kib+=4 gpu_mib=8593
23:58:47 phase=measured avail_mib=23265 free_mib=770 cached_mib=22867 swapused_mib=710 swapout_kib+=0 swapin_kib+=0 gpu_mib=8593
23:58:50 phase=measured avail_mib=23268 free_mib=772 cached_mib=22867 swapused_mib=710 swapout_kib+=0 swapin_kib+=0 gpu_mib=8593
23:58:52 phase=measured avail_mib=23260 free_mib=764 cached_mib=22867 swapused_mib=710 swapout_kib+=0 swapin_kib+=0 gpu_mib=8593
23:58:54 phase=measured avail_mib=23268 free_mib=772 cached_mib=22867 swapused_mib=710 swapout_kib+=0 swapin_kib+=0 gpu_mib=8593
23:58:56 phase=measured avail_mib=23275 free_mib=779 cached_mib=22867 swapused_mib=710 swapout_kib+=0 swapin_kib+=0 gpu_mib=8593
23:58:58 phase=measured avail_mib=23261 free_mib=765 cached_mib=22867 swapused_mib=710 swapout_kib+=0 swapin_kib+=0 gpu_mib=8593
23:59:00 phase=measured avail_mib=23287 free_mib=791 cached_mib=22867 swapused_mib=710 swapout_kib+=0 swapin_kib+=0 gpu_mib=8593
23:59:02 phase=measured avail_mib=23269 free_mib=773 cached_mib=22867 swapused_mib=710 swapout_kib+=0 swapin_kib+=4 gpu_mib=8593
23:59:04 phase=measured avail_mib=23273 free_mib=777 cached_mib=22867 swapused_mib=710 swapout_kib+=0 swapin_kib+=0 gpu_mib=8593
23:59:06 phase=measured avail_mib=23278 free_mib=782 cached_mib=22867 swapused_mib=710 swapout_kib+=0 swapin_kib+=0 gpu_mib=8593
23:59:08 phase=measured avail_mib=23258 free_mib=763 cached_mib=22867 swapused_mib=710 swapout_kib+=0 swapin_kib+=0 gpu_mib=8593
23:59:10 phase=measured avail_mib=23278 free_mib=782 cached_mib=22867 swapused_mib=710 swapout_kib+=0 swapin_kib+=0 gpu_mib=8593
23:59:12 phase=measured avail_mib=23230 free_mib=735 cached_mib=22867 swapused_mib=710 swapout_kib+=0 swapin_kib+=0 gpu_mib=8593
23:59:14 phase=measured avail_mib=23208 free_mib=712 cached_mib=22867 swapused_mib=710 swapout_kib+=0 swapin_kib+=0 gpu_mib=8593
23:59:16 phase=measured avail_mib=23240 free_mib=745 cached_mib=22867 swapused_mib=710 swapout_kib+=0 swapin_kib+=0 gpu_mib=8593
23:59:18 phase=measured avail_mib=23237 free_mib=741 cached_mib=22867 swapused_mib=710 swapout_kib+=0 swapin_kib+=0 gpu_mib=8593
23:59:20 phase=measured avail_mib=23209 free_mib=713 cached_mib=22867 swapused_mib=710 swapout_kib+=0 swapin_kib+=0 gpu_mib=8593
23:59:22 phase=measured avail_mib=23217 free_mib=722 cached_mib=22867 swapused_mib=710 swapout_kib+=0 swapin_kib+=0 gpu_mib=8593
23:59:24 phase=measured avail_mib=23225 free_mib=730 cached_mib=22867 swapused_mib=710 swapout_kib+=0 swapin_kib+=0 gpu_mib=8593
23:59:26 phase=measured avail_mib=23207 free_mib=711 cached_mib=22867 swapused_mib=710 swapout_kib+=0 swapin_kib+=0 gpu_mib=8593
23:59:28 phase=measured avail_mib=23243 free_mib=747 cached_mib=22867 swapused_mib=710 swapout_kib+=0 swapin_kib+=0 gpu_mib=8593
23:59:30 phase=measured avail_mib=23257 free_mib=761 cached_mib=22867 swapused_mib=710 swapout_kib+=0 swapin_kib+=0 gpu_mib=8593
23:59:32 phase=measured avail_mib=23196 free_mib=701 cached_mib=22867 swapused_mib=710 swapout_kib+=0 swapin_kib+=0 gpu_mib=8593
23:59:34 phase=measured avail_mib=23208 free_mib=712 cached_mib=22867 swapused_mib=710 swapout_kib+=0 swapin_kib+=0 gpu_mib=8593
23:59:36 phase=measured avail_mib=23232 free_mib=736 cached_mib=22867 swapused_mib=710 swapout_kib+=0 swapin_kib+=0 gpu_mib=8593
23:59:38 phase=measured avail_mib=23238 free_mib=742 cached_mib=22867 swapused_mib=710 swapout_kib+=0 swapin_kib+=0 gpu_mib=8593
23:59:40 phase=measured avail_mib=23243 free_mib=747 cached_mib=22867 swapused_mib=710 swapout_kib+=0 swapin_kib+=0 gpu_mib=8593
23:59:42 phase=measured avail_mib=23246 free_mib=750 cached_mib=22867 swapused_mib=710 swapout_kib+=0 swapin_kib+=0 gpu_mib=8593
23:59:44 phase=measured avail_mib=23261 free_mib=765 cached_mib=22867 swapused_mib=710 swapout_kib+=0 swapin_kib+=0 gpu_mib=8593
23:59:46 phase=measured avail_mib=23269 free_mib=773 cached_mib=22867 swapused_mib=710 swapout_kib+=0 swapin_kib+=0 gpu_mib=8593
23:59:48 phase=measured avail_mib=23253 free_mib=757 cached_mib=22867 swapused_mib=710 swapout_kib+=0 swapin_kib+=8 gpu_mib=8593
23:59:50 phase=measured avail_mib=23249 free_mib=753 cached_mib=22867 swapused_mib=710 swapout_kib+=0 swapin_kib+=0 gpu_mib=8593
23:59:52 phase=measured avail_mib=23244 free_mib=748 cached_mib=22867 swapused_mib=710 swapout_kib+=0 swapin_kib+=0 gpu_mib=8593
23:59:54 phase=measured avail_mib=23249 free_mib=753 cached_mib=22867 swapused_mib=710 swapout_kib+=0 swapin_kib+=0 gpu_mib=8593
23:59:57 phase=measured avail_mib=23233 free_mib=737 cached_mib=22867 swapused_mib=710 swapout_kib+=0 swapin_kib+=0 gpu_mib=8593
23:59:59 phase=measured avail_mib=23250 free_mib=755 cached_mib=22867 swapused_mib=710 swapout_kib+=0 swapin_kib+=60 gpu_mib=8593
00:00:01 phase=measured avail_mib=23257 free_mib=761 cached_mib=22867 swapused_mib=710 swapout_kib+=0 swapin_kib+=0 gpu_mib=8593
00:00:03 phase=measured avail_mib=23255 free_mib=759 cached_mib=22867 swapused_mib=710 swapout_kib+=0 swapin_kib+=0 gpu_mib=8593
00:00:05 phase=measured avail_mib=23204 free_mib=708 cached_mib=22867 swapused_mib=710 swapout_kib+=0 swapin_kib+=0 gpu_mib=8593
00:00:07 phase=measured avail_mib=23223 free_mib=727 cached_mib=22867 swapused_mib=710 swapout_kib+=0 swapin_kib+=0 gpu_mib=8593
00:00:09 phase=measured avail_mib=23232 free_mib=736 cached_mib=22867 swapused_mib=710 swapout_kib+=0 swapin_kib+=0 gpu_mib=8593
00:00:11 phase=measured avail_mib=23228 free_mib=732 cached_mib=22867 swapused_mib=710 swapout_kib+=0 swapin_kib+=0 gpu_mib=8593
00:00:13 phase=measured avail_mib=23245 free_mib=749 cached_mib=22867 swapused_mib=710 swapout_kib+=0 swapin_kib+=0 gpu_mib=8593
00:00:15 phase=measured avail_mib=23250 free_mib=748 cached_mib=22871 swapused_mib=710 swapout_kib+=0 swapin_kib+=48 gpu_mib=8593
00:00:17 phase=measured avail_mib=23242 free_mib=740 cached_mib=22871 swapused_mib=710 swapout_kib+=0 swapin_kib+=0 gpu_mib=8593
00:00:19 phase=measured avail_mib=23240 free_mib=738 cached_mib=22871 swapused_mib=710 swapout_kib+=0 swapin_kib+=0 gpu_mib=8593
00:00:21 phase=measured avail_mib=23246 free_mib=744 cached_mib=22871 swapused_mib=710 swapout_kib+=0 swapin_kib+=0 gpu_mib=8593
00:00:23 phase=measured avail_mib=23238 free_mib=736 cached_mib=22871 swapused_mib=710 swapout_kib+=0 swapin_kib+=0 gpu_mib=8593
00:00:25 phase=measured avail_mib=23249 free_mib=746 cached_mib=22871 swapused_mib=710 swapout_kib+=0 swapin_kib+=0 gpu_mib=8593
00:00:27 phase=measured avail_mib=23253 free_mib=750 cached_mib=22871 swapused_mib=710 swapout_kib+=0 swapin_kib+=0 gpu_mib=8593
00:00:29 phase=measured avail_mib=23209 free_mib=706 cached_mib=22871 swapused_mib=710 swapout_kib+=0 swapin_kib+=0 gpu_mib=8593
00:00:31 phase=measured avail_mib=23244 free_mib=742 cached_mib=22871 swapused_mib=710 swapout_kib+=0 swapin_kib+=0 gpu_mib=8593
00:00:33 phase=measured avail_mib=23219 free_mib=717 cached_mib=22871 swapused_mib=710 swapout_kib+=0 swapin_kib+=0 gpu_mib=8593
00:00:35 phase=measured avail_mib=23212 free_mib=710 cached_mib=22871 swapused_mib=710 swapout_kib+=0 swapin_kib+=0 gpu_mib=8593
00:00:37 phase=measured avail_mib=23216 free_mib=714 cached_mib=22871 swapused_mib=710 swapout_kib+=0 swapin_kib+=0 gpu_mib=8593
00:00:39 phase=measured avail_mib=23190 free_mib=688 cached_mib=22871 swapused_mib=710 swapout_kib+=0 swapin_kib+=0 gpu_mib=8593
00:00:41 phase=measured avail_mib=23189 free_mib=687 cached_mib=22871 swapused_mib=710 swapout_kib+=0 swapin_kib+=0 gpu_mib=8593
00:00:43 phase=measured avail_mib=23214 free_mib=711 cached_mib=22871 swapused_mib=710 swapout_kib+=0 swapin_kib+=0 gpu_mib=8593
00:00:45 phase=measured avail_mib=23227 free_mib=725 cached_mib=22871 swapused_mib=710 swapout_kib+=0 swapin_kib+=0 gpu_mib=8593
00:00:47 phase=measured avail_mib=23225 free_mib=723 cached_mib=22871 swapused_mib=710 swapout_kib+=0 swapin_kib+=8 gpu_mib=8593
00:00:49 phase=measured avail_mib=23220 free_mib=717 cached_mib=22871 swapused_mib=710 swapout_kib+=0 swapin_kib+=0 gpu_mib=8593
00:00:51 phase=measured avail_mib=23215 free_mib=712 cached_mib=22871 swapused_mib=710 swapout_kib+=0 swapin_kib+=0 gpu_mib=8593
00:00:53 phase=measured avail_mib=23198 free_mib=695 cached_mib=22871 swapused_mib=710 swapout_kib+=0 swapin_kib+=0 gpu_mib=8593
00:00:55 phase=measured avail_mib=23203 free_mib=700 cached_mib=22871 swapused_mib=710 swapout_kib+=0 swapin_kib+=0 gpu_mib=8593
00:00:57 phase=measured avail_mib=23228 free_mib=725 cached_mib=22871 swapused_mib=710 swapout_kib+=0 swapin_kib+=0 gpu_mib=8593
00:00:59 phase=measured avail_mib=23239 free_mib=736 cached_mib=22871 swapused_mib=710 swapout_kib+=0 swapin_kib+=0 gpu_mib=8593
00:01:02 phase=measured avail_mib=23241 free_mib=739 cached_mib=22871 swapused_mib=710 swapout_kib+=0 swapin_kib+=0 gpu_mib=8593
00:01:04 phase=measured avail_mib=23256 free_mib=753 cached_mib=22871 swapused_mib=710 swapout_kib+=0 swapin_kib+=0 gpu_mib=8593
00:01:06 phase=measured avail_mib=23113 free_mib=610 cached_mib=22871 swapused_mib=710 swapout_kib+=0 swapin_kib+=0 gpu_mib=8593
00:01:08 phase=measured avail_mib=23134 free_mib=631 cached_mib=22871 swapused_mib=710 swapout_kib+=0 swapin_kib+=0 gpu_mib=8593
00:01:10 phase=measured avail_mib=23025 free_mib=522 cached_mib=22871 swapused_mib=710 swapout_kib+=0 swapin_kib+=60 gpu_mib=8593
00:01:12 phase=measured avail_mib=23015 free_mib=512 cached_mib=22871 swapused_mib=710 swapout_kib+=0 swapin_kib+=4 gpu_mib=8593
00:01:14 phase=measured avail_mib=22997 free_mib=494 cached_mib=22872 swapused_mib=710 swapout_kib+=0 swapin_kib+=0 gpu_mib=8593
00:01:16 phase=measured avail_mib=22989 free_mib=485 cached_mib=22872 swapused_mib=710 swapout_kib+=0 swapin_kib+=0 gpu_mib=8593
00:01:18 phase=measured avail_mib=22964 free_mib=460 cached_mib=22872 swapused_mib=710 swapout_kib+=0 swapin_kib+=4 gpu_mib=8593
00:01:20 phase=measured avail_mib=22976 free_mib=472 cached_mib=22872 swapused_mib=710 swapout_kib+=0 swapin_kib+=0 gpu_mib=8593
00:01:22 phase=measured avail_mib=22992 free_mib=487 cached_mib=22873 swapused_mib=710 swapout_kib+=0 swapin_kib+=0 gpu_mib=8593
00:01:24 phase=measured avail_mib=23007 free_mib=502 cached_mib=22874 swapused_mib=710 swapout_kib+=0 swapin_kib+=4 gpu_mib=8593
00:01:26 phase=measured avail_mib=22999 free_mib=493 cached_mib=22874 swapused_mib=710 swapout_kib+=0 swapin_kib+=0 gpu_mib=8593
00:01:28 phase=measured avail_mib=23036 free_mib=529 cached_mib=22875 swapused_mib=710 swapout_kib+=0 swapin_kib+=0 gpu_mib=8593
00:01:30 phase=measured avail_mib=23020 free_mib=513 cached_mib=22875 swapused_mib=710 swapout_kib+=0 swapin_kib+=0 gpu_mib=8593
00:01:32 phase=measured avail_mib=22991 free_mib=484 cached_mib=22875 swapused_mib=710 swapout_kib+=0 swapin_kib+=0 gpu_mib=8593
00:01:34 phase=measured avail_mib=22975 free_mib=468 cached_mib=22876 swapused_mib=710 swapout_kib+=0 swapin_kib+=4 gpu_mib=8593
00:01:36 phase=measured avail_mib=22974 free_mib=466 cached_mib=22876 swapused_mib=710 swapout_kib+=0 swapin_kib+=0 gpu_mib=8593
00:01:38 phase=measured avail_mib=22973 free_mib=464 cached_mib=22877 swapused_mib=710 swapout_kib+=0 swapin_kib+=0 gpu_mib=8593
00:01:40 phase=measured avail_mib=22977 free_mib=469 cached_mib=22877 swapused_mib=710 swapout_kib+=0 swapin_kib+=0 gpu_mib=8593
00:01:42 phase=measured avail_mib=22723 free_mib=481 cached_mib=22613 swapused_mib=652 swapout_kib+=0 swapin_kib+=800 gpu_mib=8593
00:01:44 phase=measured avail_mib=22694 free_mib=452 cached_mib=22613 swapused_mib=652 swapout_kib+=0 swapin_kib+=0 gpu_mib=8593
00:01:46 phase=measured avail_mib=22651 free_mib=409 cached_mib=22613 swapused_mib=652 swapout_kib+=0 swapin_kib+=0 gpu_mib=8593
00:01:48 phase=measured avail_mib=22654 free_mib=412 cached_mib=22613 swapused_mib=652 swapout_kib+=0 swapin_kib+=4 gpu_mib=8593
00:01:50 phase=measured avail_mib=22683 free_mib=441 cached_mib=22613 swapused_mib=652 swapout_kib+=0 swapin_kib+=0 gpu_mib=8593
00:01:52 phase=measured avail_mib=22673 free_mib=431 cached_mib=22613 swapused_mib=652 swapout_kib+=0 swapin_kib+=0 gpu_mib=8593
00:01:54 phase=measured avail_mib=22702 free_mib=459 cached_mib=22613 swapused_mib=652 swapout_kib+=0 swapin_kib+=0 gpu_mib=8593
00:01:56 phase=measured avail_mib=22651 free_mib=409 cached_mib=22613 swapused_mib=652 swapout_kib+=0 swapin_kib+=0 gpu_mib=8593
00:01:58 phase=measured avail_mib=22662 free_mib=419 cached_mib=22613 swapused_mib=652 swapout_kib+=0 swapin_kib+=0 gpu_mib=8593
00:02:00 phase=measured avail_mib=22705 free_mib=463 cached_mib=22613 swapused_mib=652 swapout_kib+=0 swapin_kib+=0 gpu_mib=8593
00:02:03 phase=measured avail_mib=22686 free_mib=444 cached_mib=22613 swapused_mib=652 swapout_kib+=0 swapin_kib+=0 gpu_mib=8593
00:02:05 phase=measured avail_mib=22665 free_mib=423 cached_mib=22613 swapused_mib=652 swapout_kib+=0 swapin_kib+=0 gpu_mib=8593
00:02:07 phase=measured avail_mib=22686 free_mib=443 cached_mib=22613 swapused_mib=652 swapout_kib+=0 swapin_kib+=0 gpu_mib=8593
00:02:09 phase=measured avail_mib=22653 free_mib=411 cached_mib=22613 swapused_mib=652 swapout_kib+=0 swapin_kib+=0 gpu_mib=8593
00:02:11 phase=measured avail_mib=22673 free_mib=431 cached_mib=22613 swapused_mib=652 swapout_kib+=0 swapin_kib+=0 gpu_mib=8593
00:02:13 phase=measured avail_mib=22685 free_mib=443 cached_mib=22613 swapused_mib=652 swapout_kib+=0 swapin_kib+=0 gpu_mib=8593
00:02:15 phase=measured avail_mib=22682 free_mib=440 cached_mib=22613 swapused_mib=652 swapout_kib+=0 swapin_kib+=0 gpu_mib=8593
00:02:17 phase=measured avail_mib=22688 free_mib=446 cached_mib=22613 swapused_mib=652 swapout_kib+=0 swapin_kib+=0 gpu_mib=8593
00:02:19 phase=measured avail_mib=22685 free_mib=443 cached_mib=22613 swapused_mib=652 swapout_kib+=0 swapin_kib+=0 gpu_mib=8593
00:02:21 phase=measured avail_mib=22695 free_mib=452 cached_mib=22613 swapused_mib=652 swapout_kib+=0 swapin_kib+=0 gpu_mib=8593
00:02:23 phase=measured avail_mib=22698 free_mib=455 cached_mib=22613 swapused_mib=652 swapout_kib+=0 swapin_kib+=0 gpu_mib=8593
00:02:25 phase=measured avail_mib=22670 free_mib=428 cached_mib=22613 swapused_mib=652 swapout_kib+=0 swapin_kib+=0 gpu_mib=8593
00:02:27 phase=measured avail_mib=22673 free_mib=431 cached_mib=22613 swapused_mib=652 swapout_kib+=0 swapin_kib+=0 gpu_mib=8593
00:02:29 phase=measured avail_mib=22698 free_mib=456 cached_mib=22613 swapused_mib=652 swapout_kib+=0 swapin_kib+=0 gpu_mib=8593
00:02:31 phase=measured avail_mib=22688 free_mib=445 cached_mib=22613 swapused_mib=652 swapout_kib+=0 swapin_kib+=0 gpu_mib=8593
00:02:33 phase=measured avail_mib=22672 free_mib=430 cached_mib=22613 swapused_mib=652 swapout_kib+=0 swapin_kib+=0 gpu_mib=8593
00:02:35 phase=measured avail_mib=22679 free_mib=437 cached_mib=22613 swapused_mib=652 swapout_kib+=0 swapin_kib+=0 gpu_mib=8593
00:02:37 phase=measured avail_mib=22668 free_mib=426 cached_mib=22613 swapused_mib=652 swapout_kib+=0 swapin_kib+=0 gpu_mib=8593
00:02:39 phase=measured avail_mib=22659 free_mib=417 cached_mib=22613 swapused_mib=652 swapout_kib+=0 swapin_kib+=0 gpu_mib=8593
00:02:41 phase=measured avail_mib=22671 free_mib=428 cached_mib=22613 swapused_mib=652 swapout_kib+=0 swapin_kib+=0 gpu_mib=8593
00:02:43 phase=measured avail_mib=22687 free_mib=445 cached_mib=22613 swapused_mib=652 swapout_kib+=0 swapin_kib+=0 gpu_mib=8593
00:02:45 phase=measured avail_mib=22682 free_mib=440 cached_mib=22613 swapused_mib=652 swapout_kib+=0 swapin_kib+=0 gpu_mib=8593
00:02:47 phase=measured avail_mib=22676 free_mib=434 cached_mib=22613 swapused_mib=652 swapout_kib+=0 swapin_kib+=12 gpu_mib=8593
00:02:49 phase=measured avail_mib=22660 free_mib=418 cached_mib=22613 swapused_mib=652 swapout_kib+=0 swapin_kib+=0 gpu_mib=8593
00:02:51 phase=measured avail_mib=22666 free_mib=423 cached_mib=22613 swapused_mib=652 swapout_kib+=0 swapin_kib+=0 gpu_mib=8593
00:02:53 phase=measured avail_mib=22670 free_mib=428 cached_mib=22613 swapused_mib=652 swapout_kib+=0 swapin_kib+=0 gpu_mib=8593
00:02:55 phase=measured avail_mib=22678 free_mib=436 cached_mib=22613 swapused_mib=652 swapout_kib+=0 swapin_kib+=0 gpu_mib=8593
00:02:57 phase=measured avail_mib=22676 free_mib=434 cached_mib=22613 swapused_mib=652 swapout_kib+=0 swapin_kib+=0 gpu_mib=8593
00:02:59 phase=measured avail_mib=22686 free_mib=444 cached_mib=22613 swapused_mib=652 swapout_kib+=0 swapin_kib+=0 gpu_mib=8593
00:03:01 phase=measured avail_mib=22712 free_mib=470 cached_mib=22613 swapused_mib=652 swapout_kib+=0 swapin_kib+=0 gpu_mib=8593
00:03:03 phase=measured avail_mib=22678 free_mib=436 cached_mib=22613 swapused_mib=652 swapout_kib+=0 swapin_kib+=0 gpu_mib=8593
00:03:05 phase=measured avail_mib=22673 free_mib=431 cached_mib=22613 swapused_mib=652 swapout_kib+=0 swapin_kib+=0 gpu_mib=8593
00:03:08 phase=measured avail_mib=22668 free_mib=426 cached_mib=22613 swapused_mib=652 swapout_kib+=0 swapin_kib+=0 gpu_mib=8593
00:03:10 phase=measured avail_mib=22669 free_mib=426 cached_mib=22613 swapused_mib=652 swapout_kib+=0 swapin_kib+=0 gpu_mib=8593
00:03:12 phase=measured avail_mib=22663 free_mib=420 cached_mib=22613 swapused_mib=652 swapout_kib+=0 swapin_kib+=0 gpu_mib=8593
00:03:14 phase=measured avail_mib=22684 free_mib=442 cached_mib=22613 swapused_mib=652 swapout_kib+=0 swapin_kib+=0 gpu_mib=8593
00:03:16 phase=measured avail_mib=22687 free_mib=445 cached_mib=22613 swapused_mib=652 swapout_kib+=0 swapin_kib+=0 gpu_mib=8593
00:03:18 phase=measured avail_mib=22667 free_mib=425 cached_mib=22613 swapused_mib=652 swapout_kib+=0 swapin_kib+=0 gpu_mib=8593
00:03:20 phase=measured avail_mib=22675 free_mib=433 cached_mib=22613 swapused_mib=652 swapout_kib+=0 swapin_kib+=36 gpu_mib=8593
00:03:22 phase=measured avail_mib=22711 free_mib=468 cached_mib=22613 swapused_mib=652 swapout_kib+=0 swapin_kib+=12 gpu_mib=8593
00:03:24 phase=measured avail_mib=22677 free_mib=435 cached_mib=22613 swapused_mib=652 swapout_kib+=0 swapin_kib+=0 gpu_mib=8593
00:03:26 phase=measured avail_mib=22674 free_mib=431 cached_mib=22613 swapused_mib=652 swapout_kib+=0 swapin_kib+=0 gpu_mib=8593
00:03:28 phase=measured avail_mib=22688 free_mib=446 cached_mib=22613 swapused_mib=652 swapout_kib+=0 swapin_kib+=0 gpu_mib=8593
00:03:30 phase=measured avail_mib=22678 free_mib=435 cached_mib=22613 swapused_mib=652 swapout_kib+=0 swapin_kib+=0 gpu_mib=8593
00:03:32 phase=measured avail_mib=22684 free_mib=442 cached_mib=22613 swapused_mib=652 swapout_kib+=0 swapin_kib+=0 gpu_mib=8593
00:03:34 phase=measured avail_mib=22688 free_mib=446 cached_mib=22613 swapused_mib=652 swapout_kib+=0 swapin_kib+=0 gpu_mib=8593
00:03:36 phase=measured avail_mib=22673 free_mib=430 cached_mib=22613 swapused_mib=652 swapout_kib+=0 swapin_kib+=0 gpu_mib=8593
00:03:38 phase=measured avail_mib=22665 free_mib=423 cached_mib=22613 swapused_mib=652 swapout_kib+=0 swapin_kib+=0 gpu_mib=8593
00:03:40 phase=measured avail_mib=22678 free_mib=435 cached_mib=22613 swapused_mib=652 swapout_kib+=0 swapin_kib+=0 gpu_mib=8593
00:03:42 phase=measured avail_mib=22687 free_mib=444 cached_mib=22613 swapused_mib=652 swapout_kib+=0 swapin_kib+=0 gpu_mib=8593
00:03:44 phase=measured avail_mib=22677 free_mib=434 cached_mib=22613 swapused_mib=652 swapout_kib+=0 swapin_kib+=0 gpu_mib=8593
00:03:46 phase=measured avail_mib=22702 free_mib=460 cached_mib=22613 swapused_mib=652 swapout_kib+=0 swapin_kib+=0 gpu_mib=8593
00:03:48 phase=measured avail_mib=22666 free_mib=423 cached_mib=22613 swapused_mib=652 swapout_kib+=0 swapin_kib+=0 gpu_mib=8593
00:03:50 phase=measured avail_mib=22665 free_mib=423 cached_mib=22613 swapused_mib=652 swapout_kib+=0 swapin_kib+=0 gpu_mib=8593
00:03:52 phase=measured avail_mib=22709 free_mib=467 cached_mib=22613 swapused_mib=652 swapout_kib+=0 swapin_kib+=0 gpu_mib=8593
00:03:54 phase=measured avail_mib=22705 free_mib=463 cached_mib=22613 swapused_mib=652 swapout_kib+=0 swapin_kib+=0 gpu_mib=8593
00:03:56 phase=measured avail_mib=22681 free_mib=439 cached_mib=22613 swapused_mib=652 swapout_kib+=0 swapin_kib+=0 gpu_mib=8593
00:03:58 phase=measured avail_mib=22669 free_mib=426 cached_mib=22613 swapused_mib=652 swapout_kib+=0 swapin_kib+=0 gpu_mib=8593
00:04:00 phase=measured avail_mib=22684 free_mib=441 cached_mib=22613 swapused_mib=652 swapout_kib+=0 swapin_kib+=0 gpu_mib=8593
00:04:02 phase=measured avail_mib=22698 free_mib=455 cached_mib=22613 swapused_mib=652 swapout_kib+=0 swapin_kib+=0 gpu_mib=8593
00:04:04 phase=measured avail_mib=22673 free_mib=430 cached_mib=22613 swapused_mib=652 swapout_kib+=0 swapin_kib+=0 gpu_mib=8593
00:04:06 phase=measured avail_mib=22664 free_mib=422 cached_mib=22613 swapused_mib=652 swapout_kib+=0 swapin_kib+=0 gpu_mib=8593
00:04:08 phase=measured avail_mib=22683 free_mib=440 cached_mib=22613 swapused_mib=652 swapout_kib+=0 swapin_kib+=0 gpu_mib=8593
00:04:10 phase=measured avail_mib=22694 free_mib=452 cached_mib=22613 swapused_mib=652 swapout_kib+=0 swapin_kib+=0 gpu_mib=8593
00:04:13 phase=measured avail_mib=22703 free_mib=461 cached_mib=22613 swapused_mib=652 swapout_kib+=0 swapin_kib+=0 gpu_mib=8593
00:04:15 phase=measured avail_mib=22675 free_mib=433 cached_mib=22613 swapused_mib=652 swapout_kib+=0 swapin_kib+=0 gpu_mib=8593
00:04:17 phase=measured avail_mib=22695 free_mib=452 cached_mib=22613 swapused_mib=652 swapout_kib+=0 swapin_kib+=0 gpu_mib=8593
00:04:19 phase=measured avail_mib=22656 free_mib=414 cached_mib=22613 swapused_mib=652 swapout_kib+=0 swapin_kib+=8 gpu_mib=8593
00:04:21 phase=measured avail_mib=22682 free_mib=440 cached_mib=22613 swapused_mib=652 swapout_kib+=0 swapin_kib+=0 gpu_mib=8593
00:04:23 phase=measured avail_mib=22653 free_mib=411 cached_mib=22613 swapused_mib=652 swapout_kib+=0 swapin_kib+=0 gpu_mib=8593
00:04:25 phase=measured avail_mib=22701 free_mib=458 cached_mib=22613 swapused_mib=652 swapout_kib+=0 swapin_kib+=0 gpu_mib=8593
00:04:27 phase=measured avail_mib=22708 free_mib=465 cached_mib=22613 swapused_mib=652 swapout_kib+=0 swapin_kib+=0 gpu_mib=8593
00:04:29 phase=measured avail_mib=22711 free_mib=468 cached_mib=22613 swapused_mib=652 swapout_kib+=0 swapin_kib+=0 gpu_mib=8593
00:04:31 phase=measured avail_mib=22695 free_mib=453 cached_mib=22613 swapused_mib=652 swapout_kib+=0 swapin_kib+=0 gpu_mib=8593
00:04:33 phase=measured avail_mib=22689 free_mib=446 cached_mib=22613 swapused_mib=652 swapout_kib+=0 swapin_kib+=0 gpu_mib=8593
00:04:35 phase=measured avail_mib=22700 free_mib=457 cached_mib=22613 swapused_mib=652 swapout_kib+=0 swapin_kib+=0 gpu_mib=8593
00:04:37 phase=measured avail_mib=22656 free_mib=413 cached_mib=22613 swapused_mib=652 swapout_kib+=0 swapin_kib+=0 gpu_mib=8593
00:04:39 phase=measured avail_mib=22668 free_mib=425 cached_mib=22613 swapused_mib=652 swapout_kib+=0 swapin_kib+=0 gpu_mib=8593
00:04:41 phase=measured avail_mib=22676 free_mib=434 cached_mib=22613 swapused_mib=652 swapout_kib+=0 swapin_kib+=0 gpu_mib=8593
00:04:43 phase=measured avail_mib=22689 free_mib=447 cached_mib=22613 swapused_mib=652 swapout_kib+=0 swapin_kib+=0 gpu_mib=8593
00:04:45 phase=measured avail_mib=22690 free_mib=447 cached_mib=22613 swapused_mib=652 swapout_kib+=0 swapin_kib+=0 gpu_mib=8593
00:04:47 phase=measured avail_mib=22689 free_mib=446 cached_mib=22613 swapused_mib=652 swapout_kib+=0 swapin_kib+=0 gpu_mib=8593
00:04:49 phase=measured avail_mib=22691 free_mib=448 cached_mib=22613 swapused_mib=652 swapout_kib+=0 swapin_kib+=4 gpu_mib=8593
00:04:51 phase=measured avail_mib=22677 free_mib=435 cached_mib=22613 swapused_mib=652 swapout_kib+=0 swapin_kib+=0 gpu_mib=8593
00:04:53 phase=measured avail_mib=22662 free_mib=419 cached_mib=22613 swapused_mib=652 swapout_kib+=0 swapin_kib+=0 gpu_mib=8593
00:04:55 phase=measured avail_mib=22662 free_mib=420 cached_mib=22613 swapused_mib=652 swapout_kib+=0 swapin_kib+=0 gpu_mib=8593
00:04:57 phase=measured avail_mib=22664 free_mib=422 cached_mib=22613 swapused_mib=652 swapout_kib+=0 swapin_kib+=0 gpu_mib=8593
00:04:59 phase=measured avail_mib=22662 free_mib=420 cached_mib=22613 swapused_mib=652 swapout_kib+=0 swapin_kib+=0 gpu_mib=8593
00:05:01 phase=measured avail_mib=22671 free_mib=428 cached_mib=22613 swapused_mib=652 swapout_kib+=0 swapin_kib+=0 gpu_mib=8593
00:05:03 phase=measured avail_mib=22667 free_mib=424 cached_mib=22613 swapused_mib=652 swapout_kib+=0 swapin_kib+=0 gpu_mib=8593
00:05:05 phase=measured avail_mib=22550 free_mib=307 cached_mib=22613 swapused_mib=652 swapout_kib+=0 swapin_kib+=0 gpu_mib=8593
00:05:07 phase=measured avail_mib=22574 free_mib=332 cached_mib=22613 swapused_mib=652 swapout_kib+=0 swapin_kib+=0 gpu_mib=8593
00:05:09 phase=measured avail_mib=22484 free_mib=241 cached_mib=22613 swapused_mib=652 swapout_kib+=0 swapin_kib+=0 gpu_mib=8593
00:05:11 phase=measured avail_mib=22494 free_mib=252 cached_mib=22613 swapused_mib=652 swapout_kib+=0 swapin_kib+=0 gpu_mib=8593
00:05:13 phase=measured avail_mib=22499 free_mib=257 cached_mib=22613 swapused_mib=652 swapout_kib+=0 swapin_kib+=0 gpu_mib=8593
00:05:15 phase=measured avail_mib=22500 free_mib=258 cached_mib=22613 swapused_mib=652 swapout_kib+=0 swapin_kib+=0 gpu_mib=8593
00:05:18 phase=measured avail_mib=22509 free_mib=400 cached_mib=22479 swapused_mib=652 swapout_kib+=0 swapin_kib+=8 gpu_mib=8593
00:05:20 phase=measured avail_mib=22456 free_mib=347 cached_mib=22479 swapused_mib=652 swapout_kib+=0 swapin_kib+=0 gpu_mib=8593
00:05:22 phase=measured avail_mib=22467 free_mib=357 cached_mib=22479 swapused_mib=652 swapout_kib+=0 swapin_kib+=0 gpu_mib=8593
00:05:24 phase=measured avail_mib=22432 free_mib=322 cached_mib=22480 swapused_mib=652 swapout_kib+=0 swapin_kib+=0 gpu_mib=8593
00:05:26 phase=measured avail_mib=22457 free_mib=347 cached_mib=22480 swapused_mib=652 swapout_kib+=0 swapin_kib+=0 gpu_mib=8593
00:05:28 phase=measured avail_mib=22421 free_mib=310 cached_mib=22481 swapused_mib=652 swapout_kib+=0 swapin_kib+=0 gpu_mib=8593
00:05:30 phase=measured avail_mib=22443 free_mib=332 cached_mib=22481 swapused_mib=652 swapout_kib+=0 swapin_kib+=0 gpu_mib=8593
00:05:32 phase=measured avail_mib=22444 free_mib=333 cached_mib=22482 swapused_mib=652 swapout_kib+=0 swapin_kib+=0 gpu_mib=8593
00:05:34 phase=measured avail_mib=22434 free_mib=322 cached_mib=22483 swapused_mib=652 swapout_kib+=0 swapin_kib+=0 gpu_mib=8593
00:05:36 phase=measured avail_mib=22433 free_mib=320 cached_mib=22483 swapused_mib=652 swapout_kib+=0 swapin_kib+=0 gpu_mib=8593
00:05:38 phase=measured avail_mib=22414 free_mib=301 cached_mib=22484 swapused_mib=652 swapout_kib+=0 swapin_kib+=0 gpu_mib=8593
00:05:40 phase=measured avail_mib=22443 free_mib=329 cached_mib=22485 swapused_mib=652 swapout_kib+=0 swapin_kib+=0 gpu_mib=8593
00:05:44 phase=measured avail_mib=31053 free_mib=8838 cached_mib=22507 swapused_mib=133 swapout_kib+=0 swapin_kib+=41280 gpu_mib=0
00:05:47 phase=idle avail_mib=31138 free_mib=8862 cached_mib=22568 swapused_mib=125 swapout_kib+=0 swapin_kib+=6684 gpu_mib=0
