Linux 6.8.0-136-generic (rushuna) 	09/08/2026 	_x86_64_	(8 CPU)

09/08/2026 08:38:28 PM
Device            r/s     rkB/s   rrqm/s  %rrqm r_await rareq-sz     w/s     wkB/s   wrqm/s  %wrqm w_await wareq-sz     d/s     dkB/s   drqm/s  %drqm d_await dareq-sz     f/s f_await  aqu-sz  %util
nvme0n1          1.60    201.55     0.01   0.71    1.99   125.87    3.31    107.35     0.45  11.90   10.33    32.48    0.01    137.12     0.00   0.00    3.68 11331.64    0.08    2.33    0.04   0.14


09/08/2026 08:38:29 PM
Device            r/s     rkB/s   rrqm/s  %rrqm r_await rareq-sz     w/s     wkB/s   wrqm/s  %wrqm w_await wareq-sz     d/s     dkB/s   drqm/s  %drqm d_await dareq-sz     f/s f_await  aqu-sz  %util
nvme0n1       13171.00 516512.00   404.00   2.98    0.14    39.22  112.00  14176.00  3432.00  96.84    4.58   126.57    0.00      0.00     0.00   0.00    0.00     0.00    0.00    0.00    2.35  61.60


09/08/2026 08:38:30 PM
Device            r/s     rkB/s   rrqm/s  %rrqm r_await rareq-sz     w/s     wkB/s   wrqm/s  %wrqm w_await wareq-sz     d/s     dkB/s   drqm/s  %drqm d_await dareq-sz     f/s f_await  aqu-sz  %util
nvme0n1       5693.00  22772.00     0.00   0.00    0.14     4.00    0.00      0.00     0.00   0.00    0.00     0.00    0.00      0.00     0.00   0.00    0.00     0.00    0.00    0.00    0.79  76.70


09/08/2026 08:38:31 PM
Device            r/s     rkB/s   rrqm/s  %rrqm r_await rareq-sz     w/s     wkB/s   wrqm/s  %wrqm w_await wareq-sz     d/s     dkB/s   drqm/s  %drqm d_await dareq-sz     f/s f_await  aqu-sz  %util
nvme0n1       9499.00 961532.00   564.00   5.60    0.17   101.22    2.00     16.00     2.00  50.00    0.00     8.00    0.00      0.00     0.00   0.00    0.00     0.00    0.00    0.00    1.62  56.10


09/08/2026 08:38:32 PM
Device            r/s     rkB/s   rrqm/s  %rrqm r_await rareq-sz     w/s     wkB/s   wrqm/s  %wrqm w_await wareq-sz     d/s     dkB/s   drqm/s  %drqm d_await dareq-sz     f/s f_await  aqu-sz  %util
nvme0n1       11534.00 1469128.00     3.00   0.03    0.19   127.37    0.00      0.00     0.00   0.00    0.00     0.00    0.00      0.00     0.00   0.00    0.00     0.00    0.00    0.00    2.19  51.60


09/08/2026 08:38:33 PM
Device            r/s     rkB/s   rrqm/s  %rrqm r_await rareq-sz     w/s     wkB/s   wrqm/s  %wrqm w_await wareq-sz     d/s     dkB/s   drqm/s  %drqm d_await dareq-sz     f/s f_await  aqu-sz  %util
nvme0n1       10046.00 1271216.00    25.00   0.25    0.20   126.54    8.00     60.00     8.00  50.00    2.75     7.50    0.00      0.00     0.00   0.00    0.00     0.00    1.00    9.00    2.04  52.90


09/08/2026 08:38:34 PM
Device            r/s     rkB/s   rrqm/s  %rrqm r_await rareq-sz     w/s     wkB/s   wrqm/s  %wrqm w_await wareq-sz     d/s     dkB/s   drqm/s  %drqm d_await dareq-sz     f/s f_await  aqu-sz  %util
nvme0n1       11060.00 1409208.00     0.00   0.00    0.19   127.41    0.00      0.00     0.00   0.00    0.00     0.00    0.00      0.00     0.00   0.00    0.00     0.00    0.00    0.00    2.12  55.20


09/08/2026 08:38:35 PM
Device            r/s     rkB/s   rrqm/s  %rrqm r_await rareq-sz     w/s     wkB/s   wrqm/s  %wrqm w_await wareq-sz     d/s     dkB/s   drqm/s  %drqm d_await dareq-sz     f/s f_await  aqu-sz  %util
nvme0n1       11126.00 1417968.00     0.00   0.00    0.19   127.45    0.00      0.00     0.00   0.00    0.00     0.00    0.00      0.00     0.00   0.00    0.00     0.00    0.00    0.00    2.14  54.60


09/08/2026 08:38:36 PM
Device            r/s     rkB/s   rrqm/s  %rrqm r_await rareq-sz     w/s     wkB/s   wrqm/s  %wrqm w_await wareq-sz     d/s     dkB/s   drqm/s  %drqm d_await dareq-sz     f/s f_await  aqu-sz  %util
nvme0n1       11086.00 1408636.00     0.00   0.00    0.19   127.06   29.00   3156.00   815.00  96.56    6.83   108.83    0.00      0.00     0.00   0.00    0.00     0.00    0.00    0.00    2.35  56.10


09/08/2026 08:38:37 PM
Device            r/s     rkB/s   rrqm/s  %rrqm r_await rareq-sz     w/s     wkB/s   wrqm/s  %wrqm w_await wareq-sz     d/s     dkB/s   drqm/s  %drqm d_await dareq-sz     f/s f_await  aqu-sz  %util
nvme0n1       10850.00 1382384.00     0.00   0.00    0.20   127.41   10.00    652.00    98.00  90.74   18.10    65.20    0.00      0.00     0.00   0.00    0.00     0.00    0.00    0.00    2.31  56.30


09/08/2026 08:38:38 PM
Device            r/s     rkB/s   rrqm/s  %rrqm r_await rareq-sz     w/s     wkB/s   wrqm/s  %wrqm w_await wareq-sz     d/s     dkB/s   drqm/s  %drqm d_await dareq-sz     f/s f_await  aqu-sz  %util
nvme0n1       10486.00 1332588.00     2.00   0.02    0.20   127.08   23.00   1248.00   289.00  92.63   10.78    54.26    0.00      0.00     0.00   0.00    0.00     0.00    0.00    0.00    2.39  55.40


09/08/2026 08:38:39 PM
Device            r/s     rkB/s   rrqm/s  %rrqm r_await rareq-sz     w/s     wkB/s   wrqm/s  %wrqm w_await wareq-sz     d/s     dkB/s   drqm/s  %drqm d_await dareq-sz     f/s f_await  aqu-sz  %util
nvme0n1       10517.00 1331832.00    24.00   0.23    0.21   126.64   35.00   2044.00   477.00  93.16   13.29    58.40    0.00      0.00     0.00   0.00    0.00     0.00    1.00   10.00    2.66  57.60


09/08/2026 08:38:40 PM
Device            r/s     rkB/s   rrqm/s  %rrqm r_await rareq-sz     w/s     wkB/s   wrqm/s  %wrqm w_await wareq-sz     d/s     dkB/s   drqm/s  %drqm d_await dareq-sz     f/s f_await  aqu-sz  %util
nvme0n1       7767.00 895344.00     0.00   0.00    0.19   115.28   10.00    552.00   128.00  92.75   20.80    55.20    0.00      0.00     0.00   0.00    0.00     0.00    0.00    0.00    1.69  43.70


09/08/2026 08:38:41 PM
Device            r/s     rkB/s   rrqm/s  %rrqm r_await rareq-sz     w/s     wkB/s   wrqm/s  %wrqm w_await wareq-sz     d/s     dkB/s   drqm/s  %drqm d_await dareq-sz     f/s f_await  aqu-sz  %util
nvme0n1       6615.00 780624.00     0.00   0.00    0.28   118.01  497.00  30508.00  7836.00  94.04  116.21    61.38    0.00      0.00     0.00   0.00    0.00     0.00    0.00    0.00   59.58  53.60


09/08/2026 08:38:42 PM
Device            r/s     rkB/s   rrqm/s  %rrqm r_await rareq-sz     w/s     wkB/s   wrqm/s  %wrqm w_await wareq-sz     d/s     dkB/s   drqm/s  %drqm d_await dareq-sz     f/s f_await  aqu-sz  %util
nvme0n1       10207.00 1301700.00     0.00   0.00    0.20   127.53   23.00   2916.00     0.00   0.00  199.96   126.78    0.00      0.00     0.00   0.00    0.00     0.00    0.00    0.00    6.64  52.90


09/08/2026 08:38:43 PM
Device            r/s     rkB/s   rrqm/s  %rrqm r_await rareq-sz     w/s     wkB/s   wrqm/s  %wrqm w_await wareq-sz     d/s     dkB/s   drqm/s  %drqm d_await dareq-sz     f/s f_await  aqu-sz  %util
nvme0n1       10573.00 1348768.00     0.00   0.00    0.20   127.57   14.00    688.00   158.00  91.86   17.43    49.14    0.00      0.00     0.00   0.00    0.00     0.00    0.00    0.00    2.33  57.40


09/08/2026 08:38:44 PM
Device            r/s     rkB/s   rrqm/s  %rrqm r_await rareq-sz     w/s     wkB/s   wrqm/s  %wrqm w_await wareq-sz     d/s     dkB/s   drqm/s  %drqm d_await dareq-sz     f/s f_await  aqu-sz  %util
nvme0n1       10534.00 1343480.00     0.00   0.00    0.20   127.54    4.00    204.00    47.00  92.16   13.75    51.00    0.00      0.00     0.00   0.00    0.00     0.00    0.00    0.00    2.15  54.80


09/08/2026 08:38:45 PM
Device            r/s     rkB/s   rrqm/s  %rrqm r_await rareq-sz     w/s     wkB/s   wrqm/s  %wrqm w_await wareq-sz     d/s     dkB/s   drqm/s  %drqm d_await dareq-sz     f/s f_await  aqu-sz  %util
nvme0n1       10575.00 1348648.00     0.00   0.00    0.20   127.53   17.00   1400.00   334.00  95.16    9.88    82.35    0.00      0.00     0.00   0.00    0.00     0.00    1.00    1.00    2.31  54.10


09/08/2026 08:38:46 PM
Device            r/s     rkB/s   rrqm/s  %rrqm r_await rareq-sz     w/s     wkB/s   wrqm/s  %wrqm w_await wareq-sz     d/s     dkB/s   drqm/s  %drqm d_await dareq-sz     f/s f_await  aqu-sz  %util
nvme0n1       10441.00 1332396.00     0.00   0.00    0.20   127.61   20.00   2008.00   482.00  96.02   11.00   100.40    0.00      0.00     0.00   0.00    0.00     0.00    0.00    0.00    2.36  54.00


09/08/2026 08:38:47 PM
Device            r/s     rkB/s   rrqm/s  %rrqm r_await rareq-sz     w/s     wkB/s   wrqm/s  %wrqm w_await wareq-sz     d/s     dkB/s   drqm/s  %drqm d_await dareq-sz     f/s f_await  aqu-sz  %util
nvme0n1       10663.00 1359436.00     0.00   0.00    0.20   127.49   11.00   1268.00   306.00  96.53    7.55   115.27    0.00      0.00     0.00   0.00    0.00     0.00    0.00    0.00    2.21  56.10


09/08/2026 08:38:48 PM
Device            r/s     rkB/s   rrqm/s  %rrqm r_await rareq-sz     w/s     wkB/s   wrqm/s  %wrqm w_await wareq-sz     d/s     dkB/s   drqm/s  %drqm d_await dareq-sz     f/s f_await  aqu-sz  %util
nvme0n1       10748.00 1370968.00     0.00   0.00    0.20   127.56   10.00    944.00   226.00  95.76   13.80    94.40    0.00      0.00     0.00   0.00    0.00     0.00    0.00    0.00    2.27  55.70


09/08/2026 08:38:49 PM
Device            r/s     rkB/s   rrqm/s  %rrqm r_await rareq-sz     w/s     wkB/s   wrqm/s  %wrqm w_await wareq-sz     d/s     dkB/s   drqm/s  %drqm d_await dareq-sz     f/s f_await  aqu-sz  %util
nvme0n1       10576.00 1349532.00     0.00   0.00    0.21   127.60   12.00   1032.00   249.00  95.40   11.58    86.00    0.00      0.00     0.00   0.00    0.00     0.00    0.00    0.00    2.31  56.80


09/08/2026 08:38:50 PM
Device            r/s     rkB/s   rrqm/s  %rrqm r_await rareq-sz     w/s     wkB/s   wrqm/s  %wrqm w_await wareq-sz     d/s     dkB/s   drqm/s  %drqm d_await dareq-sz     f/s f_await  aqu-sz  %util
nvme0n1       8181.00 1044444.00     0.00   0.00    0.28   127.67 1246.00  38864.00  8468.00  87.17   46.75    31.19    0.00      0.00     0.00   0.00    0.00     0.00    1.00    1.00   60.55  59.80


09/08/2026 08:38:51 PM
Device            r/s     rkB/s   rrqm/s  %rrqm r_await rareq-sz     w/s     wkB/s   wrqm/s  %wrqm w_await wareq-sz     d/s     dkB/s   drqm/s  %drqm d_await dareq-sz     f/s f_await  aqu-sz  %util
nvme0n1       8210.00 1041460.00    57.00   0.69    0.27   126.85  419.00  35880.00  8551.00  95.33   70.24    85.63    0.00      0.00     0.00   0.00    0.00     0.00    0.00    0.00   31.68  56.90


09/08/2026 08:38:52 PM
Device            r/s     rkB/s   rrqm/s  %rrqm r_await rareq-sz     w/s     wkB/s   wrqm/s  %wrqm w_await wareq-sz     d/s     dkB/s   drqm/s  %drqm d_await dareq-sz     f/s f_await  aqu-sz  %util
nvme0n1       12215.00 1436468.00   226.00   1.82    0.18   117.60   24.00   2116.00   533.00  95.69    7.92    88.17    0.00      0.00     0.00   0.00    0.00     0.00    0.00    0.00    2.39  57.00


09/08/2026 08:38:53 PM
Device            r/s     rkB/s   rrqm/s  %rrqm r_await rareq-sz     w/s     wkB/s   wrqm/s  %wrqm w_await wareq-sz     d/s     dkB/s   drqm/s  %drqm d_await dareq-sz     f/s f_await  aqu-sz  %util
nvme0n1       16461.00 1330812.00   626.00   3.66    0.18    80.85  190.00  19836.00  4741.00  96.15   42.62   104.40    0.00      0.00     0.00   0.00    0.00     0.00    0.00    0.00   11.13  71.20


09/08/2026 08:38:54 PM
Device            r/s     rkB/s   rrqm/s  %rrqm r_await rareq-sz     w/s     wkB/s   wrqm/s  %wrqm w_await wareq-sz     d/s     dkB/s   drqm/s  %drqm d_await dareq-sz     f/s f_await  aqu-sz  %util
nvme0n1       9906.00 1126228.00  1712.00  14.74    0.19   113.69    8.00     40.00     7.00  46.67   29.88     5.00    0.00      0.00     0.00   0.00    0.00     0.00    0.00    0.00    2.16  58.30


09/08/2026 08:38:55 PM
Device            r/s     rkB/s   rrqm/s  %rrqm r_await rareq-sz     w/s     wkB/s   wrqm/s  %wrqm w_await wareq-sz     d/s     dkB/s   drqm/s  %drqm d_await dareq-sz     f/s f_await  aqu-sz  %util
nvme0n1       5480.00  21920.00     0.00   0.00    0.14     4.00    4.00     32.00     0.00   0.00    0.75     8.00    0.00      0.00     0.00   0.00    0.00     0.00    1.00    1.00    0.74  72.20


09/08/2026 08:38:56 PM
Device            r/s     rkB/s   rrqm/s  %rrqm r_await rareq-sz     w/s     wkB/s   wrqm/s  %wrqm w_await wareq-sz     d/s     dkB/s   drqm/s  %drqm d_await dareq-sz     f/s f_await  aqu-sz  %util
nvme0n1       5124.00 541008.00    85.00   1.63    0.22   105.58    2.00     28.00     5.00  71.43   28.00    14.00    0.00      0.00     0.00   0.00    0.00     0.00    0.00    0.00    1.18  41.80


09/08/2026 08:38:57 PM
Device            r/s     rkB/s   rrqm/s  %rrqm r_await rareq-sz     w/s     wkB/s   wrqm/s  %wrqm w_await wareq-sz     d/s     dkB/s   drqm/s  %drqm d_await dareq-sz     f/s f_await  aqu-sz  %util
nvme0n1       5036.00 619556.00     0.00   0.00    0.24   123.03    0.00      0.00     0.00   0.00    0.00     0.00    0.00      0.00     0.00   0.00    0.00     0.00    0.00    0.00    1.19  44.10


09/08/2026 08:38:58 PM
Device            r/s     rkB/s   rrqm/s  %rrqm r_await rareq-sz     w/s     wkB/s   wrqm/s  %wrqm w_await wareq-sz     d/s     dkB/s   drqm/s  %drqm d_await dareq-sz     f/s f_await  aqu-sz  %util
nvme0n1       4748.00 580408.00     0.00   0.00    0.24   122.24   32.00    132.00     0.00   0.00    0.12     4.12    0.00      0.00     0.00   0.00    0.00     0.00    0.00    0.00    1.16  42.20


09/08/2026 08:38:59 PM
Device            r/s     rkB/s   rrqm/s  %rrqm r_await rareq-sz     w/s     wkB/s   wrqm/s  %wrqm w_await wareq-sz     d/s     dkB/s   drqm/s  %drqm d_await dareq-sz     f/s f_await  aqu-sz  %util
nvme0n1       4898.00 578108.00    13.00   0.26    0.24   118.03    1.00     12.00     2.00  66.67    0.00    12.00    0.00      0.00     0.00   0.00    0.00     0.00    0.00    0.00    1.16  43.40


09/08/2026 08:39:00 PM
Device            r/s     rkB/s   rrqm/s  %rrqm r_await rareq-sz     w/s     wkB/s   wrqm/s  %wrqm w_await wareq-sz     d/s     dkB/s   drqm/s  %drqm d_await dareq-sz     f/s f_await  aqu-sz  %util
nvme0n1       5805.00 723504.00     0.00   0.00    0.23   124.63    7.00     28.00     1.00  12.50    1.29     4.00    0.00      0.00     0.00   0.00    0.00     0.00    1.00    1.00    1.33  45.30


09/08/2026 08:39:01 PM
Device            r/s     rkB/s   rrqm/s  %rrqm r_await rareq-sz     w/s     wkB/s   wrqm/s  %wrqm w_await wareq-sz     d/s     dkB/s   drqm/s  %drqm d_await dareq-sz     f/s f_await  aqu-sz  %util
nvme0n1       5594.00 713152.00    38.00   0.67    0.49   127.49 2147.00 228296.00 72562.00  97.13   54.29   106.33    0.00      0.00     0.00   0.00    0.00     0.00    0.00    0.00  119.32  61.40


09/08/2026 08:39:02 PM
Device            r/s     rkB/s   rrqm/s  %rrqm r_await rareq-sz     w/s     wkB/s   wrqm/s  %wrqm w_await wareq-sz     d/s     dkB/s   drqm/s  %drqm d_await dareq-sz     f/s f_await  aqu-sz  %util
nvme0n1       4457.00 570428.00     0.00   0.00    0.61   127.98  794.00  99296.00  6395.00  88.96  309.47   125.06    0.00      0.00     0.00   0.00    0.00     0.00    0.00    0.00  248.45  73.20


09/08/2026 08:39:03 PM
Device            r/s     rkB/s   rrqm/s  %rrqm r_await rareq-sz     w/s     wkB/s   wrqm/s  %wrqm w_await wareq-sz     d/s     dkB/s   drqm/s  %drqm d_await dareq-sz     f/s f_await  aqu-sz  %util
nvme0n1       11543.00 1472460.00    71.00   0.61    0.19   127.56   22.00    708.00   155.00  87.57   28.50    32.18    0.00      0.00     0.00   0.00    0.00     0.00    0.00    0.00    2.76  53.70


09/08/2026 08:39:04 PM
Device            r/s     rkB/s   rrqm/s  %rrqm r_await rareq-sz     w/s     wkB/s   wrqm/s  %wrqm w_await wareq-sz     d/s     dkB/s   drqm/s  %drqm d_await dareq-sz     f/s f_await  aqu-sz  %util
nvme0n1       7184.00 899000.00   105.00   1.44    0.21   125.14   14.00    868.00   203.00  93.55    1.57    62.00    0.00      0.00     0.00   0.00    0.00     0.00    0.00    0.00    1.56  48.90


09/08/2026 08:39:05 PM
Device            r/s     rkB/s   rrqm/s  %rrqm r_await rareq-sz     w/s     wkB/s   wrqm/s  %wrqm w_await wareq-sz     d/s     dkB/s   drqm/s  %drqm d_await dareq-sz     f/s f_await  aqu-sz  %util
nvme0n1       6260.00 775292.00   112.00   1.76    0.22   123.85    1.00     16.00     3.00  75.00    0.00    16.00    0.00      0.00     0.00   0.00    0.00     0.00    0.00    0.00    1.38  45.70


09/08/2026 08:39:06 PM
Device            r/s     rkB/s   rrqm/s  %rrqm r_await rareq-sz     w/s     wkB/s   wrqm/s  %wrqm w_await wareq-sz     d/s     dkB/s   drqm/s  %drqm d_await dareq-sz     f/s f_await  aqu-sz  %util
nvme0n1       4926.00 596436.00   137.00   2.71    0.23   121.08    2.00      4.00     0.00   0.00    1.00     2.00    0.00      0.00     0.00   0.00    0.00     0.00    1.00    1.00    1.16  42.30


09/08/2026 08:39:07 PM
Device            r/s     rkB/s   rrqm/s  %rrqm r_await rareq-sz     w/s     wkB/s   wrqm/s  %wrqm w_await wareq-sz     d/s     dkB/s   drqm/s  %drqm d_await dareq-sz     f/s f_await  aqu-sz  %util
nvme0n1       6117.00 750744.00   103.00   1.66    0.22   122.73   13.00    104.00    13.00  50.00   30.77     8.00    0.00      0.00     0.00   0.00    0.00     0.00    0.00    0.00    1.73  46.20


09/08/2026 08:39:08 PM
Device            r/s     rkB/s   rrqm/s  %rrqm r_await rareq-sz     w/s     wkB/s   wrqm/s  %wrqm w_await wareq-sz     d/s     dkB/s   drqm/s  %drqm d_await dareq-sz     f/s f_await  aqu-sz  %util
nvme0n1       5358.00 652764.00   116.00   2.12    0.23   121.83    0.00      0.00     0.00   0.00    0.00     0.00    0.00      0.00     0.00   0.00    0.00     0.00    0.00    0.00    1.23  43.40


09/08/2026 08:39:09 PM
Device            r/s     rkB/s   rrqm/s  %rrqm r_await rareq-sz     w/s     wkB/s   wrqm/s  %wrqm w_await wareq-sz     d/s     dkB/s   drqm/s  %drqm d_await dareq-sz     f/s f_await  aqu-sz  %util
nvme0n1       5732.00 709012.00   125.00   2.13    0.25   123.69  281.00  10236.00  2278.00  89.02   25.89    36.43    0.00      0.00     0.00   0.00    0.00     0.00    0.00    0.00    8.69  47.20


09/08/2026 08:39:10 PM
Device            r/s     rkB/s   rrqm/s  %rrqm r_await rareq-sz     w/s     wkB/s   wrqm/s  %wrqm w_await wareq-sz     d/s     dkB/s   drqm/s  %drqm d_await dareq-sz     f/s f_await  aqu-sz  %util
nvme0n1       6637.00 824952.00   179.00   2.63    0.23   124.30 2520.00  10788.00   183.00   6.77    7.89     4.28    0.00      0.00     0.00   0.00    0.00     0.00    0.00    0.00   21.41  50.40


09/08/2026 08:39:11 PM
Device            r/s     rkB/s   rrqm/s  %rrqm r_await rareq-sz     w/s     wkB/s   wrqm/s  %wrqm w_await wareq-sz     d/s     dkB/s   drqm/s  %drqm d_await dareq-sz     f/s f_await  aqu-sz  %util
nvme0n1       5963.00 325360.00  1024.00  14.66    0.16    54.56   92.00    400.00     3.00   3.16   29.99     4.35    0.00      0.00     0.00   0.00    0.00     0.00    1.00    1.00    3.74  61.80


09/08/2026 08:39:12 PM
Device            r/s     rkB/s   rrqm/s  %rrqm r_await rareq-sz     w/s     wkB/s   wrqm/s  %wrqm w_await wareq-sz     d/s     dkB/s   drqm/s  %drqm d_await dareq-sz     f/s f_await  aqu-sz  %util
nvme0n1       5036.00  61152.00    26.00   0.51    0.15    12.14    1.00      4.00     0.00   0.00    0.00     4.00    0.00      0.00     0.00   0.00    0.00     0.00    0.00    0.00    0.74  67.90


09/08/2026 08:39:13 PM
Device            r/s     rkB/s   rrqm/s  %rrqm r_await rareq-sz     w/s     wkB/s   wrqm/s  %wrqm w_await wareq-sz     d/s     dkB/s   drqm/s  %drqm d_await dareq-sz     f/s f_await  aqu-sz  %util
nvme0n1       4489.00 511088.00   236.00   4.99    0.22   113.85   60.00    488.00    62.00  50.82    9.22     8.13    0.00      0.00     0.00   0.00    0.00     0.00    0.00    0.00    1.53  36.50


09/08/2026 08:39:14 PM
Device            r/s     rkB/s   rrqm/s  %rrqm r_await rareq-sz     w/s     wkB/s   wrqm/s  %wrqm w_await wareq-sz     d/s     dkB/s   drqm/s  %drqm d_await dareq-sz     f/s f_await  aqu-sz  %util
nvme0n1       4196.00 524364.00   173.00   3.96    0.23   124.97   97.00    412.00     6.00   5.83   10.71     4.25    0.00      0.00     0.00   0.00    0.00     0.00    0.00    0.00    2.01  35.60


09/08/2026 08:39:15 PM
Device            r/s     rkB/s   rrqm/s  %rrqm r_await rareq-sz     w/s     wkB/s   wrqm/s  %wrqm w_await wareq-sz     d/s     dkB/s   drqm/s  %drqm d_await dareq-sz     f/s f_await  aqu-sz  %util
nvme0n1       4221.00 526572.00   170.00   3.87    0.23   124.75   90.00    368.00     3.00   3.23   22.76     4.09    0.00      0.00     0.00   0.00    0.00     0.00    0.00    0.00    3.03  36.80


09/08/2026 08:39:16 PM
Device            r/s     rkB/s   rrqm/s  %rrqm r_await rareq-sz     w/s     wkB/s   wrqm/s  %wrqm w_await wareq-sz     d/s     dkB/s   drqm/s  %drqm d_await dareq-sz     f/s f_await  aqu-sz  %util
nvme0n1       5366.00 670788.00   133.00   2.42    0.22   125.01  121.00    492.00     2.00   1.63   11.16     4.07    0.00      0.00     0.00   0.00    0.00     0.00    1.00    2.00    2.52  40.80


09/08/2026 08:39:17 PM
Device            r/s     rkB/s   rrqm/s  %rrqm r_await rareq-sz     w/s     wkB/s   wrqm/s  %wrqm w_await wareq-sz     d/s     dkB/s   drqm/s  %drqm d_await dareq-sz     f/s f_await  aqu-sz  %util
nvme0n1       4855.00 603232.00    44.00   0.90    0.21   124.25    5.00     32.00     3.00  37.50   28.20     6.40    0.00      0.00     0.00   0.00    0.00     0.00    0.00    0.00    1.18  35.70


09/08/2026 08:39:18 PM
Device            r/s     rkB/s   rrqm/s  %rrqm r_await rareq-sz     w/s     wkB/s   wrqm/s  %wrqm w_await wareq-sz     d/s     dkB/s   drqm/s  %drqm d_await dareq-sz     f/s f_await  aqu-sz  %util
nvme0n1       4247.00 517768.00     0.00   0.00    0.23   121.91   87.00    452.00    26.00  23.01   28.83     5.20    0.00      0.00     0.00   0.00    0.00     0.00    0.00    0.00    3.46  36.40


09/08/2026 08:39:19 PM
Device            r/s     rkB/s   rrqm/s  %rrqm r_await rareq-sz     w/s     wkB/s   wrqm/s  %wrqm w_await wareq-sz     d/s     dkB/s   drqm/s  %drqm d_await dareq-sz     f/s f_await  aqu-sz  %util
nvme0n1       6326.00 793992.00    25.00   0.39    0.22   125.51  929.00   4324.00   152.00  14.06    7.55     4.65    0.00      0.00     0.00   0.00    0.00     0.00    0.00    0.00    8.39  44.40


09/08/2026 08:39:20 PM
Device            r/s     rkB/s   rrqm/s  %rrqm r_await rareq-sz     w/s     wkB/s   wrqm/s  %wrqm w_await wareq-sz     d/s     dkB/s   drqm/s  %drqm d_await dareq-sz     f/s f_await  aqu-sz  %util
nvme0n1       4439.00 542828.00    63.00   1.40    0.24   122.29  136.00   1748.00   307.00  69.30    5.90    12.85    0.00      0.00     0.00   0.00    0.00     0.00    0.00    0.00    1.88  41.00


09/08/2026 08:39:21 PM
Device            r/s     rkB/s   rrqm/s  %rrqm r_await rareq-sz     w/s     wkB/s   wrqm/s  %wrqm w_await wareq-sz     d/s     dkB/s   drqm/s  %drqm d_await dareq-sz     f/s f_await  aqu-sz  %util
nvme0n1       3665.00 443288.00   193.00   5.00    0.23   120.95   13.00     76.00     1.00   7.14    0.23     5.85    0.00      0.00     0.00   0.00    0.00     0.00    1.00    1.00    0.85  29.60


09/08/2026 08:39:22 PM
Device            r/s     rkB/s   rrqm/s  %rrqm r_await rareq-sz     w/s     wkB/s   wrqm/s  %wrqm w_await wareq-sz     d/s     dkB/s   drqm/s  %drqm d_await dareq-sz     f/s f_await  aqu-sz  %util
nvme0n1       3843.00 405052.00    18.00   0.47    0.23   105.40    0.00      0.00     0.00   0.00    0.00     0.00    0.00      0.00     0.00   0.00    0.00     0.00    0.00    0.00    0.87  38.80


09/08/2026 08:39:23 PM
Device            r/s     rkB/s   rrqm/s  %rrqm r_await rareq-sz     w/s     wkB/s   wrqm/s  %wrqm w_await wareq-sz     d/s     dkB/s   drqm/s  %drqm d_await dareq-sz     f/s f_await  aqu-sz  %util
nvme0n1       6789.00 157832.00   198.00   2.83    0.13    23.25    0.00      0.00     0.00   0.00    0.00     0.00    0.00      0.00     0.00   0.00    0.00     0.00    0.00    0.00    0.88  68.90


09/08/2026 08:39:24 PM
Device            r/s     rkB/s   rrqm/s  %rrqm r_await rareq-sz     w/s     wkB/s   wrqm/s  %wrqm w_await wareq-sz     d/s     dkB/s   drqm/s  %drqm d_await dareq-sz     f/s f_await  aqu-sz  %util
nvme0n1       8651.00 504948.00   282.00   3.16    0.14    58.37    1.00      4.00     0.00   0.00    0.00     4.00    0.00      0.00     0.00   0.00    0.00     0.00    0.00    0.00    1.20  48.80


09/08/2026 08:39:25 PM
Device            r/s     rkB/s   rrqm/s  %rrqm r_await rareq-sz     w/s     wkB/s   wrqm/s  %wrqm w_await wareq-sz     d/s     dkB/s   drqm/s  %drqm d_await dareq-sz     f/s f_await  aqu-sz  %util
nvme0n1       4272.00 518240.00     2.00   0.05    0.23   121.31    1.00     24.00     5.00  83.33    0.00    24.00    0.00      0.00     0.00   0.00    0.00     0.00    0.00    0.00    1.00  37.30


09/08/2026 08:39:26 PM
Device            r/s     rkB/s   rrqm/s  %rrqm r_await rareq-sz     w/s     wkB/s   wrqm/s  %wrqm w_await wareq-sz     d/s     dkB/s   drqm/s  %drqm d_await dareq-sz     f/s f_await  aqu-sz  %util
nvme0n1       5017.00 607436.00     7.00   0.14    0.22   121.08    9.00     40.00     2.00  18.18    0.22     4.44    0.00      0.00     0.00   0.00    0.00     0.00    1.00    1.00    1.12  41.80


09/08/2026 08:39:27 PM
Device            r/s     rkB/s   rrqm/s  %rrqm r_await rareq-sz     w/s     wkB/s   wrqm/s  %wrqm w_await wareq-sz     d/s     dkB/s   drqm/s  %drqm d_await dareq-sz     f/s f_await  aqu-sz  %util
nvme0n1       4857.00 599476.00    26.00   0.53    0.21   123.43   12.00    208.00    40.00  76.92   10.42    17.33    0.00      0.00     0.00   0.00    0.00     0.00    0.00    0.00    1.16  34.70


09/08/2026 08:39:28 PM
Device            r/s     rkB/s   rrqm/s  %rrqm r_await rareq-sz     w/s     wkB/s   wrqm/s  %wrqm w_await wareq-sz     d/s     dkB/s   drqm/s  %drqm d_await dareq-sz     f/s f_await  aqu-sz  %util
nvme0n1       3134.00 375712.00     0.00   0.00    0.24   119.88    0.00      0.00     0.00   0.00    0.00     0.00    0.00      0.00     0.00   0.00    0.00     0.00    0.00    0.00    0.75  31.80


09/08/2026 08:39:29 PM
Device            r/s     rkB/s   rrqm/s  %rrqm r_await rareq-sz     w/s     wkB/s   wrqm/s  %wrqm w_await wareq-sz     d/s     dkB/s   drqm/s  %drqm d_await dareq-sz     f/s f_await  aqu-sz  %util
nvme0n1       3395.00 394268.00     5.00   0.15    0.22   116.13   32.00    132.00     0.00   0.00    0.06     4.12    0.00      0.00     0.00   0.00    0.00     0.00    0.00    0.00    0.76  29.90


09/08/2026 08:39:30 PM
Device            r/s     rkB/s   rrqm/s  %rrqm r_await rareq-sz     w/s     wkB/s   wrqm/s  %wrqm w_await wareq-sz     d/s     dkB/s   drqm/s  %drqm d_await dareq-sz     f/s f_await  aqu-sz  %util
nvme0n1       2832.00 354540.00     0.00   0.00    0.24   125.19   18.00     92.00     9.00  33.33    0.11     5.11    0.00      0.00     0.00   0.00    0.00     0.00    0.00    0.00    0.68  22.90


09/08/2026 08:39:31 PM
Device            r/s     rkB/s   rrqm/s  %rrqm r_await rareq-sz     w/s     wkB/s   wrqm/s  %wrqm w_await wareq-sz     d/s     dkB/s   drqm/s  %drqm d_await dareq-sz     f/s f_await  aqu-sz  %util
nvme0n1       4325.00 117184.00    70.00   1.59    0.16    27.09    3.00     24.00     0.00   0.00    0.33     8.00    0.00      0.00     0.00   0.00    0.00     0.00    1.00    1.00    0.69  54.70


09/08/2026 08:39:32 PM
Device            r/s     rkB/s   rrqm/s  %rrqm r_await rareq-sz     w/s     wkB/s   wrqm/s  %wrqm w_await wareq-sz     d/s     dkB/s   drqm/s  %drqm d_await dareq-sz     f/s f_await  aqu-sz  %util
nvme0n1       4488.00  80064.00   206.00   4.39    0.15    17.84    0.00      0.00     0.00   0.00    0.00     0.00    0.00      0.00     0.00   0.00    0.00     0.00    0.00    0.00    0.66  57.80


09/08/2026 08:39:33 PM
Device            r/s     rkB/s   rrqm/s  %rrqm r_await rareq-sz     w/s     wkB/s   wrqm/s  %wrqm w_await wareq-sz     d/s     dkB/s   drqm/s  %drqm d_await dareq-sz     f/s f_await  aqu-sz  %util
nvme0n1       4513.86 549600.00    18.81   0.42    0.22   121.76    0.99     19.80     3.96  80.00   78.00    20.00    0.00      0.00     0.00   0.00    0.00     0.00    0.00    0.00    1.07  39.41


09/08/2026 08:39:34 PM
Device            r/s     rkB/s   rrqm/s  %rrqm r_await rareq-sz     w/s     wkB/s   wrqm/s  %wrqm w_await wareq-sz     d/s     dkB/s   drqm/s  %drqm d_await dareq-sz     f/s f_await  aqu-sz  %util
nvme0n1       4680.00 585580.00     0.00   0.00    0.23   125.12    2.00      8.00     0.00   0.00   12.50     4.00    0.00      0.00     0.00   0.00    0.00     0.00    0.00    0.00    1.10  43.70


09/08/2026 08:39:35 PM
Device            r/s     rkB/s   rrqm/s  %rrqm r_await rareq-sz     w/s     wkB/s   wrqm/s  %wrqm w_await wareq-sz     d/s     dkB/s   drqm/s  %drqm d_await dareq-sz     f/s f_await  aqu-sz  %util
nvme0n1       4411.00 549580.00     0.00   0.00    0.23   124.59    8.00     64.00     9.00  52.94    1.38     8.00    0.00      0.00     0.00   0.00    0.00     0.00    0.00    0.00    1.04  35.10


09/08/2026 08:39:36 PM
Device            r/s     rkB/s   rrqm/s  %rrqm r_await rareq-sz     w/s     wkB/s   wrqm/s  %wrqm w_await wareq-sz     d/s     dkB/s   drqm/s  %drqm d_await dareq-sz     f/s f_await  aqu-sz  %util
nvme0n1       4802.00 601648.00     0.00   0.00    0.23   125.29    4.00     24.00     2.00  33.33    0.25     6.00    0.00      0.00     0.00   0.00    0.00     0.00    1.00    1.00    1.11  38.90


09/08/2026 08:39:37 PM
Device            r/s     rkB/s   rrqm/s  %rrqm r_await rareq-sz     w/s     wkB/s   wrqm/s  %wrqm w_await wareq-sz     d/s     dkB/s   drqm/s  %drqm d_await dareq-sz     f/s f_await  aqu-sz  %util
nvme0n1       4190.00 519292.00     8.00   0.19    0.23   123.94    0.00      0.00     0.00   0.00    0.00     0.00    0.00      0.00     0.00   0.00    0.00     0.00    0.00    0.00    0.98  37.70


09/08/2026 08:39:38 PM
Device            r/s     rkB/s   rrqm/s  %rrqm r_await rareq-sz     w/s     wkB/s   wrqm/s  %wrqm w_await wareq-sz     d/s     dkB/s   drqm/s  %drqm d_await dareq-sz     f/s f_await  aqu-sz  %util
nvme0n1       4418.00 552496.00     0.00   0.00    0.24   125.06    0.00      0.00     0.00   0.00    0.00     0.00    0.00      0.00     0.00   0.00    0.00     0.00    0.00    0.00    1.04  37.90


09/08/2026 08:39:39 PM
Device            r/s     rkB/s   rrqm/s  %rrqm r_await rareq-sz     w/s     wkB/s   wrqm/s  %wrqm w_await wareq-sz     d/s     dkB/s   drqm/s  %drqm d_await dareq-sz     f/s f_await  aqu-sz  %util
nvme0n1       4512.00 559400.00     0.00   0.00    0.23   123.98    0.00      0.00     0.00   0.00    0.00     0.00    0.00      0.00     0.00   0.00    0.00     0.00    0.00    0.00    1.06  38.70


09/08/2026 08:39:40 PM
Device            r/s     rkB/s   rrqm/s  %rrqm r_await rareq-sz     w/s     wkB/s   wrqm/s  %wrqm w_await wareq-sz     d/s     dkB/s   drqm/s  %drqm d_await dareq-sz     f/s f_await  aqu-sz  %util
nvme0n1       7552.00 937740.00     0.00   0.00    0.21   124.17    0.00      0.00     4.00 100.00    0.00     0.00    0.00      0.00     0.00   0.00    0.00     0.00    0.00    0.00    1.61  50.40


09/08/2026 08:39:41 PM
Device            r/s     rkB/s   rrqm/s  %rrqm r_await rareq-sz     w/s     wkB/s   wrqm/s  %wrqm w_await wareq-sz     d/s     dkB/s   drqm/s  %drqm d_await dareq-sz     f/s f_await  aqu-sz  %util
nvme0n1       6231.00 772108.00     0.00   0.00    0.21   123.91  123.00   1536.00   263.00  68.13    1.97    12.49    0.00      0.00     0.00   0.00    0.00     0.00    1.00    1.00    1.54  47.60


09/08/2026 08:39:42 PM
Device            r/s     rkB/s   rrqm/s  %rrqm r_await rareq-sz     w/s     wkB/s   wrqm/s  %wrqm w_await wareq-sz     d/s     dkB/s   drqm/s  %drqm d_await dareq-sz     f/s f_await  aqu-sz  %util
nvme0n1       4038.00 501780.00     1.00   0.02    0.24   124.26   27.00    176.00    12.00  30.77   38.30     6.52    0.00      0.00     0.00   0.00    0.00     0.00    0.00    0.00    1.99  34.60


09/08/2026 08:39:43 PM
Device            r/s     rkB/s   rrqm/s  %rrqm r_await rareq-sz     w/s     wkB/s   wrqm/s  %wrqm w_await wareq-sz     d/s     dkB/s   drqm/s  %drqm d_await dareq-sz     f/s f_await  aqu-sz  %util
nvme0n1       4698.00 535328.00   156.00   3.21    0.21   113.95   37.00    176.00     7.00  15.91    4.24     4.76    0.00      0.00     0.00   0.00    0.00     0.00    0.00    0.00    1.12  36.90


09/08/2026 08:39:44 PM
Device            r/s     rkB/s   rrqm/s  %rrqm r_await rareq-sz     w/s     wkB/s   wrqm/s  %wrqm w_await wareq-sz     d/s     dkB/s   drqm/s  %drqm d_await dareq-sz     f/s f_await  aqu-sz  %util
nvme0n1       7659.00 432992.00   106.00   1.37    0.23    56.53  252.00  26564.00  6389.00  96.21   65.04   105.41    0.00      0.00     0.00   0.00    0.00     0.00    0.00    0.00   18.18  39.00


09/08/2026 08:39:45 PM
Device            r/s     rkB/s   rrqm/s  %rrqm r_await rareq-sz     w/s     wkB/s   wrqm/s  %wrqm w_await wareq-sz     d/s     dkB/s   drqm/s  %drqm d_await dareq-sz     f/s f_await  aqu-sz  %util
nvme0n1       4776.00 312876.00   389.00   7.53    0.20    65.51  185.00    832.00    24.00  11.48    5.02     4.50    0.00      0.00     0.00   0.00    0.00     0.00    0.00    0.00    1.87  21.50


09/08/2026 08:39:46 PM
Device            r/s     rkB/s   rrqm/s  %rrqm r_await rareq-sz     w/s     wkB/s   wrqm/s  %wrqm w_await wareq-sz     d/s     dkB/s   drqm/s  %drqm d_await dareq-sz     f/s f_await  aqu-sz  %util
nvme0n1       4163.00 272892.00     6.00   0.14    0.19    65.55   72.00    320.00     8.00  10.00    7.71     4.44    0.00      0.00     0.00   0.00    0.00     0.00    1.00    2.00    1.36  18.70


09/08/2026 08:39:47 PM
Device            r/s     rkB/s   rrqm/s  %rrqm r_await rareq-sz     w/s     wkB/s   wrqm/s  %wrqm w_await wareq-sz     d/s     dkB/s   drqm/s  %drqm d_await dareq-sz     f/s f_await  aqu-sz  %util
nvme0n1       3847.00 243052.00     4.00   0.10    0.19    63.18   70.00    308.00     7.00   9.09   25.49     4.40    0.00      0.00     0.00   0.00    0.00     0.00    0.00    0.00    2.52  20.00


09/08/2026 08:39:48 PM
Device            r/s     rkB/s   rrqm/s  %rrqm r_await rareq-sz     w/s     wkB/s   wrqm/s  %wrqm w_await wareq-sz     d/s     dkB/s   drqm/s  %drqm d_await dareq-sz     f/s f_await  aqu-sz  %util
nvme0n1       3116.00 187620.00    20.00   0.64    0.20    60.21   15.00     60.00     0.00   0.00   40.27     4.00    0.00      0.00     0.00   0.00    0.00     0.00    0.00    0.00    1.21  17.20


09/08/2026 08:39:49 PM
Device            r/s     rkB/s   rrqm/s  %rrqm r_await rareq-sz     w/s     wkB/s   wrqm/s  %wrqm w_await wareq-sz     d/s     dkB/s   drqm/s  %drqm d_await dareq-sz     f/s f_await  aqu-sz  %util
nvme0n1       3618.00 224440.00     5.00   0.14    0.19    62.03   40.00    176.00     4.00   9.09   53.27     4.40    0.00      0.00     0.00   0.00    0.00     0.00    0.00    0.00    2.81  16.20


09/08/2026 08:39:50 PM
Device            r/s     rkB/s   rrqm/s  %rrqm r_await rareq-sz     w/s     wkB/s   wrqm/s  %wrqm w_await wareq-sz     d/s     dkB/s   drqm/s  %drqm d_await dareq-sz     f/s f_await  aqu-sz  %util
nvme0n1       4101.00 254332.00     4.00   0.10    0.18    62.02   69.00    380.00    26.00  27.37   28.14     5.51    0.00      0.00     0.00   0.00    0.00     0.00    0.00    0.00    2.68  16.40


09/08/2026 08:39:51 PM
Device            r/s     rkB/s   rrqm/s  %rrqm r_await rareq-sz     w/s     wkB/s   wrqm/s  %wrqm w_await wareq-sz     d/s     dkB/s   drqm/s  %drqm d_await dareq-sz     f/s f_await  aqu-sz  %util
nvme0n1       4420.00 267900.00     3.00   0.07    0.18    60.61   50.00    208.00     3.00   5.66   48.98     4.16    0.00      0.00     0.00   0.00    0.00     0.00    1.00    1.00    3.25  19.90


09/08/2026 08:39:52 PM
Device            r/s     rkB/s   rrqm/s  %rrqm r_await rareq-sz     w/s     wkB/s   wrqm/s  %wrqm w_await wareq-sz     d/s     dkB/s   drqm/s  %drqm d_await dareq-sz     f/s f_await  aqu-sz  %util
nvme0n1       2060.00 128420.00    12.00   0.58    0.21    62.34    6.00     32.00     2.00  25.00   58.17     5.33    0.00      0.00     0.00   0.00    0.00     0.00    0.00    0.00    0.78  10.10


09/08/2026 08:39:53 PM
Device            r/s     rkB/s   rrqm/s  %rrqm r_await rareq-sz     w/s     wkB/s   wrqm/s  %wrqm w_await wareq-sz     d/s     dkB/s   drqm/s  %drqm d_await dareq-sz     f/s f_await  aqu-sz  %util
nvme0n1       2799.00 164604.00     4.00   0.14    0.21    58.81  128.00   5624.00  1278.00  90.90   16.04    43.94    0.00      0.00     0.00   0.00    0.00     0.00    0.00    0.00    2.64  18.20


09/08/2026 08:39:54 PM
Device            r/s     rkB/s   rrqm/s  %rrqm r_await rareq-sz     w/s     wkB/s   wrqm/s  %wrqm w_await wareq-sz     d/s     dkB/s   drqm/s  %drqm d_await dareq-sz     f/s f_await  aqu-sz  %util
nvme0n1       5066.00 205360.00    93.00   1.80    0.15    40.54    1.00      4.00     0.00   0.00    1.00     4.00    0.00      0.00     0.00   0.00    0.00     0.00    0.00    0.00    0.78  25.90


09/08/2026 08:39:55 PM
Device            r/s     rkB/s   rrqm/s  %rrqm r_await rareq-sz     w/s     wkB/s   wrqm/s  %wrqm w_await wareq-sz     d/s     dkB/s   drqm/s  %drqm d_await dareq-sz     f/s f_await  aqu-sz  %util
nvme0n1       5236.00 336728.00     1.00   0.02    0.18    64.31   74.00    332.00     9.00  10.84   29.86     4.49    0.00      0.00     0.00   0.00    0.00     0.00    0.00    0.00    3.17  27.20


09/08/2026 08:39:56 PM
Device            r/s     rkB/s   rrqm/s  %rrqm r_await rareq-sz     w/s     wkB/s   wrqm/s  %wrqm w_await wareq-sz     d/s     dkB/s   drqm/s  %drqm d_await dareq-sz     f/s f_await  aqu-sz  %util
nvme0n1       5798.00 382756.00     0.00   0.00    0.18    66.02   19.00     76.00     1.00   5.00   29.74     4.00    0.00      0.00     0.00   0.00    0.00     0.00    1.00    1.00    1.62  25.10


09/08/2026 08:39:57 PM
Device            r/s     rkB/s   rrqm/s  %rrqm r_await rareq-sz     w/s     wkB/s   wrqm/s  %wrqm w_await wareq-sz     d/s     dkB/s   drqm/s  %drqm d_await dareq-sz     f/s f_await  aqu-sz  %util
nvme0n1       5977.00 376672.00     4.00   0.07    0.18    63.02    0.00      0.00     0.00   0.00    0.00     0.00    0.00      0.00     0.00   0.00    0.00     0.00    0.00    0.00    1.08  23.10


09/08/2026 08:39:58 PM
Device            r/s     rkB/s   rrqm/s  %rrqm r_await rareq-sz     w/s     wkB/s   wrqm/s  %wrqm w_await wareq-sz     d/s     dkB/s   drqm/s  %drqm d_await dareq-sz     f/s f_await  aqu-sz  %util
nvme0n1       3644.00 223512.00     2.00   0.05    0.18    61.34    0.00      0.00     0.00   0.00    0.00     0.00    0.00      0.00     0.00   0.00    0.00     0.00    0.00    0.00    0.67  15.20


09/08/2026 08:39:59 PM
Device            r/s     rkB/s   rrqm/s  %rrqm r_await rareq-sz     w/s     wkB/s   wrqm/s  %wrqm w_await wareq-sz     d/s     dkB/s   drqm/s  %drqm d_await dareq-sz     f/s f_await  aqu-sz  %util
nvme0n1       7652.00  89068.00   283.00   3.57    0.08    11.64   32.00    140.00     2.00   5.88    0.06     4.38    0.00      0.00     0.00   0.00    0.00     0.00    0.00    0.00    0.63  45.40


09/08/2026 08:40:00 PM
Device            r/s     rkB/s   rrqm/s  %rrqm r_await rareq-sz     w/s     wkB/s   wrqm/s  %wrqm w_await wareq-sz     d/s     dkB/s   drqm/s  %drqm d_await dareq-sz     f/s f_await  aqu-sz  %util
nvme0n1       5479.00  39580.00    12.00   0.22    0.14     7.22    4.00     64.00    12.00  75.00    0.25    16.00    0.00      0.00     0.00   0.00    0.00     0.00    0.00    0.00    0.79  76.30


09/08/2026 08:40:01 PM
Device            r/s     rkB/s   rrqm/s  %rrqm r_await rareq-sz     w/s     wkB/s   wrqm/s  %wrqm w_await wareq-sz     d/s     dkB/s   drqm/s  %drqm d_await dareq-sz     f/s f_await  aqu-sz  %util
nvme0n1       4835.00 344340.00   243.00   4.79    0.19    71.22    2.00      4.00     0.00   0.00    4.50     2.00    0.00      0.00     0.00   0.00    0.00     0.00    1.00    1.00    0.94  53.20


09/08/2026 08:40:02 PM
Device            r/s     rkB/s   rrqm/s  %rrqm r_await rareq-sz     w/s     wkB/s   wrqm/s  %wrqm w_await wareq-sz     d/s     dkB/s   drqm/s  %drqm d_await dareq-sz     f/s f_await  aqu-sz  %util
nvme0n1       5201.00 633016.00   141.00   2.64    0.23   121.71    0.00      0.00     0.00   0.00    0.00     0.00    0.00      0.00     0.00   0.00    0.00     0.00    0.00    0.00    1.18  42.90


09/08/2026 08:40:03 PM
Device            r/s     rkB/s   rrqm/s  %rrqm r_await rareq-sz     w/s     wkB/s   wrqm/s  %wrqm w_await wareq-sz     d/s     dkB/s   drqm/s  %drqm d_await dareq-sz     f/s f_await  aqu-sz  %util
nvme0n1       4402.00 541652.00    97.00   2.16    0.22   123.05    5.00     20.00     0.00   0.00   28.00     4.00    0.00      0.00     0.00   0.00    0.00     0.00    0.00    0.00    1.11  35.20


09/08/2026 08:40:04 PM
Device            r/s     rkB/s   rrqm/s  %rrqm r_await rareq-sz     w/s     wkB/s   wrqm/s  %wrqm w_await wareq-sz     d/s     dkB/s   drqm/s  %drqm d_await dareq-sz     f/s f_await  aqu-sz  %util
nvme0n1       4787.00 590840.00    69.00   1.42    0.23   123.43   29.00    132.00     4.00  12.12   33.55     4.55    0.00      0.00     0.00   0.00    0.00     0.00    0.00    0.00    2.08  42.10


09/08/2026 08:40:05 PM
Device            r/s     rkB/s   rrqm/s  %rrqm r_await rareq-sz     w/s     wkB/s   wrqm/s  %wrqm w_await wareq-sz     d/s     dkB/s   drqm/s  %drqm d_await dareq-sz     f/s f_await  aqu-sz  %util
nvme0n1       5866.00 733652.00     0.00   0.00    0.23   125.07   40.00    172.00     3.00   6.98   35.60     4.30    0.00      0.00     0.00   0.00    0.00     0.00    0.00    0.00    2.77  46.40


09/08/2026 08:40:06 PM
Device            r/s     rkB/s   rrqm/s  %rrqm r_await rareq-sz     w/s     wkB/s   wrqm/s  %wrqm w_await wareq-sz     d/s     dkB/s   drqm/s  %drqm d_await dareq-sz     f/s f_await  aqu-sz  %util
nvme0n1       4651.00 576596.00     0.00   0.00    0.23   123.97   55.00    228.00     3.00   5.17    6.58     4.15    0.00      0.00     0.00   0.00    0.00     0.00    1.00    1.00    1.42  37.70


09/08/2026 08:40:07 PM
Device            r/s     rkB/s   rrqm/s  %rrqm r_await rareq-sz     w/s     wkB/s   wrqm/s  %wrqm w_await wareq-sz     d/s     dkB/s   drqm/s  %drqm d_await dareq-sz     f/s f_await  aqu-sz  %util
nvme0n1       5471.00 682836.00     2.00   0.04    0.23   124.81  359.00   5224.00   947.00  72.51    2.04    14.55    0.00      0.00     0.00   0.00    0.00     0.00    0.00    0.00    1.98  44.20


09/08/2026 08:40:08 PM
Device            r/s     rkB/s   rrqm/s  %rrqm r_await rareq-sz     w/s     wkB/s   wrqm/s  %wrqm w_await wareq-sz     d/s     dkB/s   drqm/s  %drqm d_await dareq-sz     f/s f_await  aqu-sz  %util
nvme0n1       5607.00 698148.00     0.00   0.00    0.23   124.51   51.00    208.00     1.00   1.92   13.39     4.08    0.00      0.00     0.00   0.00    0.00     0.00    0.00    0.00    1.97  47.70


09/08/2026 08:40:09 PM
Device            r/s     rkB/s   rrqm/s  %rrqm r_await rareq-sz     w/s     wkB/s   wrqm/s  %wrqm w_await wareq-sz     d/s     dkB/s   drqm/s  %drqm d_await dareq-sz     f/s f_await  aqu-sz  %util
nvme0n1       7118.00 778392.00   144.00   1.98    0.25   109.36  856.00  20500.00  6681.00  88.64   17.71    23.95    0.00      0.00     0.00   0.00    0.00     0.00    0.00    0.00   16.97  53.80


09/08/2026 08:40:10 PM
Device            r/s     rkB/s   rrqm/s  %rrqm r_await rareq-sz     w/s     wkB/s   wrqm/s  %wrqm w_await wareq-sz     d/s     dkB/s   drqm/s  %drqm d_await dareq-sz     f/s f_await  aqu-sz  %util
nvme0n1       7729.00 800956.00   332.00   4.12    0.22   103.63  411.00  11328.00     9.00   2.14   37.20    27.56    0.00      0.00     0.00   0.00    0.00     0.00    0.00    0.00   16.99  54.20


09/08/2026 08:40:11 PM
Device            r/s     rkB/s   rrqm/s  %rrqm r_await rareq-sz     w/s     wkB/s   wrqm/s  %wrqm w_await wareq-sz     d/s     dkB/s   drqm/s  %drqm d_await dareq-sz     f/s f_await  aqu-sz  %util
nvme0n1       7371.00 882884.00   220.00   2.90    0.20   119.78   64.00    264.00     3.00   4.48   13.30     4.12    0.00      0.00     0.00   0.00    0.00     0.00    1.00    0.00    2.36  53.80


09/08/2026 08:40:12 PM
Device            r/s     rkB/s   rrqm/s  %rrqm r_await rareq-sz     w/s     wkB/s   wrqm/s  %wrqm w_await wareq-sz     d/s     dkB/s   drqm/s  %drqm d_await dareq-sz     f/s f_await  aqu-sz  %util
nvme0n1       5808.00 716676.00   224.00   3.71    0.23   123.39   52.00    220.00     3.00   5.45    9.71     4.23    0.00      0.00     0.00   0.00    0.00     0.00    0.00    0.00    1.84  45.70


09/08/2026 08:40:13 PM
Device            r/s     rkB/s   rrqm/s  %rrqm r_await rareq-sz     w/s     wkB/s   wrqm/s  %wrqm w_await wareq-sz     d/s     dkB/s   drqm/s  %drqm d_await dareq-sz     f/s f_await  aqu-sz  %util
nvme0n1       8015.00 793748.00  2436.00  23.31    0.19    99.03  180.00    808.00    22.00  10.89    7.89     4.49    0.00      0.00     0.00   0.00    0.00     0.00    0.00    0.00    2.92  50.90


09/08/2026 08:40:14 PM
Device            r/s     rkB/s   rrqm/s  %rrqm r_await rareq-sz     w/s     wkB/s   wrqm/s  %wrqm w_await wareq-sz     d/s     dkB/s   drqm/s  %drqm d_await dareq-sz     f/s f_await  aqu-sz  %util
nvme0n1       8245.00 1020100.00    51.00   0.61    0.21   123.72   78.00    376.00     2.00   2.50    0.59     4.82    0.00      0.00     0.00   0.00    0.00     0.00    0.00    0.00    1.77  51.00


09/08/2026 08:40:15 PM
Device            r/s     rkB/s   rrqm/s  %rrqm r_await rareq-sz     w/s     wkB/s   wrqm/s  %wrqm w_await wareq-sz     d/s     dkB/s   drqm/s  %drqm d_await dareq-sz     f/s f_await  aqu-sz  %util
nvme0n1       7798.00 398816.00  1404.00  15.26    0.16    51.14    0.00      0.00    12.00 100.00    0.00     0.00    0.00      0.00     0.00   0.00    0.00     0.00    0.00    0.00    1.22  79.90


09/08/2026 08:40:16 PM
Device            r/s     rkB/s   rrqm/s  %rrqm r_await rareq-sz     w/s     wkB/s   wrqm/s  %wrqm w_await wareq-sz     d/s     dkB/s   drqm/s  %drqm d_await dareq-sz     f/s f_await  aqu-sz  %util
nvme0n1       7748.00 729572.00    33.00   0.42    0.19    94.16   16.00    120.00     3.00  15.79    0.88     7.50    0.00      0.00     0.00   0.00    0.00     0.00    1.00    1.00    1.49  59.90


09/08/2026 08:40:17 PM
Device            r/s     rkB/s   rrqm/s  %rrqm r_await rareq-sz     w/s     wkB/s   wrqm/s  %wrqm w_await wareq-sz     d/s     dkB/s   drqm/s  %drqm d_await dareq-sz     f/s f_await  aqu-sz  %util
nvme0n1       9301.00 1130332.00    43.00   0.46    0.19   121.53  163.00    772.00    30.00  15.54    6.00     4.74    0.00      0.00     0.00   0.00    0.00     0.00    0.00    0.00    2.79  51.90


09/08/2026 08:40:18 PM
Device            r/s     rkB/s   rrqm/s  %rrqm r_await rareq-sz     w/s     wkB/s   wrqm/s  %wrqm w_await wareq-sz     d/s     dkB/s   drqm/s  %drqm d_await dareq-sz     f/s f_await  aqu-sz  %util
nvme0n1       8589.00 1055872.00    61.00   0.71    0.20   122.93  307.00   1356.00    32.00   9.44   10.00     4.42    0.00      0.00     0.00   0.00    0.00     0.00    0.00    0.00    4.81  53.40


09/08/2026 08:40:19 PM
Device            r/s     rkB/s   rrqm/s  %rrqm r_await rareq-sz     w/s     wkB/s   wrqm/s  %wrqm w_await wareq-sz     d/s     dkB/s   drqm/s  %drqm d_await dareq-sz     f/s f_await  aqu-sz  %util
nvme0n1       8772.00 1089896.00    69.00   0.78    0.20   124.25  258.00   1052.00     5.00   1.90   10.43     4.08    0.00      0.00     0.00   0.00    0.00     0.00    0.00    0.00    4.41  50.70


09/08/2026 08:40:20 PM
Device            r/s     rkB/s   rrqm/s  %rrqm r_await rareq-sz     w/s     wkB/s   wrqm/s  %wrqm w_await wareq-sz     d/s     dkB/s   drqm/s  %drqm d_await dareq-sz     f/s f_await  aqu-sz  %util
nvme0n1       6964.00 873640.00     0.00   0.00    0.21   125.45  224.00    932.00     9.00   3.86    3.68     4.16    0.00      0.00     0.00   0.00    0.00     0.00    0.00    0.00    2.28  47.40


09/08/2026 08:40:21 PM
Device            r/s     rkB/s   rrqm/s  %rrqm r_await rareq-sz     w/s     wkB/s   wrqm/s  %wrqm w_await wareq-sz     d/s     dkB/s   drqm/s  %drqm d_await dareq-sz     f/s f_await  aqu-sz  %util
nvme0n1       4120.00 510728.00     0.00   0.00    0.26   123.96 1576.00   6608.00    76.00   4.60    5.57     4.19    0.00      0.00     0.00   0.00    0.00     0.00    0.00    0.00    9.86  38.90


09/08/2026 08:40:22 PM
Device            r/s     rkB/s   rrqm/s  %rrqm r_await rareq-sz     w/s     wkB/s   wrqm/s  %wrqm w_await wareq-sz     d/s     dkB/s   drqm/s  %drqm d_await dareq-sz     f/s f_await  aqu-sz  %util
nvme0n1       5689.00 704896.00     0.00   0.00    0.23   123.91    3.00     56.00    12.00  80.00   11.00    18.67    0.00      0.00     0.00   0.00    0.00     0.00    1.00    2.00    1.35  46.30


09/08/2026 08:40:23 PM
Device            r/s     rkB/s   rrqm/s  %rrqm r_await rareq-sz     w/s     wkB/s   wrqm/s  %wrqm w_await wareq-sz     d/s     dkB/s   drqm/s  %drqm d_await dareq-sz     f/s f_await  aqu-sz  %util
nvme0n1       6350.00 784288.00     0.00   0.00    0.22   123.51   47.00    248.00    15.00  24.19   12.09     5.28    0.00      0.00     0.00   0.00    0.00     0.00    0.00    0.00    1.94  46.90


09/08/2026 08:40:24 PM
Device            r/s     rkB/s   rrqm/s  %rrqm r_await rareq-sz     w/s     wkB/s   wrqm/s  %wrqm w_await wareq-sz     d/s     dkB/s   drqm/s  %drqm d_await dareq-sz     f/s f_await  aqu-sz  %util
nvme0n1       12629.00 1071844.00   308.00   2.38    0.17    84.87  330.00  11752.00  2608.00  88.77    8.58    35.61    0.00      0.00     0.00   0.00    0.00     0.00    0.00    0.00    4.99  57.50


09/08/2026 08:40:25 PM
Device            r/s     rkB/s   rrqm/s  %rrqm r_await rareq-sz     w/s     wkB/s   wrqm/s  %wrqm w_await wareq-sz     d/s     dkB/s   drqm/s  %drqm d_await dareq-sz     f/s f_await  aqu-sz  %util
nvme0n1       8712.00 914596.00    20.00   0.23    0.18   104.98    0.00      0.00     0.00   0.00    0.00     0.00    0.00      0.00     0.00   0.00    0.00     0.00    0.00    0.00    1.61  47.90


09/08/2026 08:40:26 PM
Device            r/s     rkB/s   rrqm/s  %rrqm r_await rareq-sz     w/s     wkB/s   wrqm/s  %wrqm w_await wareq-sz     d/s     dkB/s   drqm/s  %drqm d_await dareq-sz     f/s f_await  aqu-sz  %util
nvme0n1       4063.00 489348.00     3.00   0.07    0.24   120.44    7.00     48.00     5.00  41.67    0.14     6.86    0.00      0.00     0.00   0.00    0.00     0.00    0.00    0.00    0.97  37.30


09/08/2026 08:40:27 PM
Device            r/s     rkB/s   rrqm/s  %rrqm r_await rareq-sz     w/s     wkB/s   wrqm/s  %wrqm w_await wareq-sz     d/s     dkB/s   drqm/s  %drqm d_await dareq-sz     f/s f_await  aqu-sz  %util
nvme0n1       7998.00 968644.00     4.00   0.05    0.20   121.11   16.00     64.00     1.00   5.88    0.31     4.00    0.00      0.00     0.00   0.00    0.00     0.00    1.00    1.00    1.60  46.00


09/08/2026 08:40:28 PM
Device            r/s     rkB/s   rrqm/s  %rrqm r_await rareq-sz     w/s     wkB/s   wrqm/s  %wrqm w_await wareq-sz     d/s     dkB/s   drqm/s  %drqm d_await dareq-sz     f/s f_await  aqu-sz  %util
nvme0n1       9050.00 1131620.00     0.00   0.00    0.19   125.04    0.00      0.00     0.00   0.00    0.00     0.00    0.00      0.00     0.00   0.00    0.00     0.00    0.00    0.00    1.74  50.80


09/08/2026 08:40:29 PM
Device            r/s     rkB/s   rrqm/s  %rrqm r_await rareq-sz     w/s     wkB/s   wrqm/s  %wrqm w_await wareq-sz     d/s     dkB/s   drqm/s  %drqm d_await dareq-sz     f/s f_await  aqu-sz  %util
nvme0n1       5807.00 721216.00     2.00   0.03    0.23   124.20  144.00    644.00    17.00  10.56    8.76     4.47    0.00      0.00     0.00   0.00    0.00     0.00    0.00    0.00    2.60  46.50


09/08/2026 08:40:30 PM
Device            r/s     rkB/s   rrqm/s  %rrqm r_await rareq-sz     w/s     wkB/s   wrqm/s  %wrqm w_await wareq-sz     d/s     dkB/s   drqm/s  %drqm d_await dareq-sz     f/s f_await  aqu-sz  %util
nvme0n1       7479.00 917820.00     2.00   0.03    0.22   122.72  151.00    668.00    15.00   9.04    9.62     4.42    0.00      0.00     0.00   0.00    0.00     0.00    0.00    0.00    3.07  51.60


09/08/2026 08:40:31 PM
Device            r/s     rkB/s   rrqm/s  %rrqm r_await rareq-sz     w/s     wkB/s   wrqm/s  %wrqm w_await wareq-sz     d/s     dkB/s   drqm/s  %drqm d_await dareq-sz     f/s f_await  aqu-sz  %util
nvme0n1       8116.00 1016392.00    13.00   0.16    0.21   125.23    3.00     24.00     3.00  50.00   29.67     8.00    0.00      0.00     0.00   0.00    0.00     0.00    0.00    0.00    1.80  49.30


09/08/2026 08:40:32 PM
Device            r/s     rkB/s   rrqm/s  %rrqm r_await rareq-sz     w/s     wkB/s   wrqm/s  %wrqm w_await wareq-sz     d/s     dkB/s   drqm/s  %drqm d_await dareq-sz     f/s f_await  aqu-sz  %util
nvme0n1       5708.00 581956.00  1186.00  17.20    0.29   101.95 1110.00  39392.00  8738.00  88.73   46.44    35.49    0.00      0.00     0.00   0.00    0.00     0.00    0.00    0.00   53.22  58.30


09/08/2026 08:40:33 PM
Device            r/s     rkB/s   rrqm/s  %rrqm r_await rareq-sz     w/s     wkB/s   wrqm/s  %wrqm w_await wareq-sz     d/s     dkB/s   drqm/s  %drqm d_await dareq-sz     f/s f_await  aqu-sz  %util
nvme0n1       5521.00  22080.00     0.00   0.00    0.14     4.00    2.00      4.00     0.00   0.00    1.50     2.00    0.00      0.00     0.00   0.00    0.00     0.00    1.00    1.00    0.75  72.00


09/08/2026 08:40:34 PM
Device            r/s     rkB/s   rrqm/s  %rrqm r_await rareq-sz     w/s     wkB/s   wrqm/s  %wrqm w_await wareq-sz     d/s     dkB/s   drqm/s  %drqm d_await dareq-sz     f/s f_await  aqu-sz  %util
nvme0n1       7223.00 726068.00    21.00   0.29    0.19   100.52   68.00    716.00   111.00  62.01   14.13    10.53    0.00      0.00     0.00   0.00    0.00     0.00    0.00    0.00    2.30  54.00


09/08/2026 08:40:35 PM
Device            r/s     rkB/s   rrqm/s  %rrqm r_await rareq-sz     w/s     wkB/s   wrqm/s  %wrqm w_await wareq-sz     d/s     dkB/s   drqm/s  %drqm d_await dareq-sz     f/s f_await  aqu-sz  %util
nvme0n1       7776.00 961072.00     0.00   0.00    0.21   123.59   10.00    164.00    31.00  75.61   31.60    16.40    0.00      0.00     0.00   0.00    0.00     0.00    0.00    0.00    1.95  48.90


09/08/2026 08:40:36 PM
Device            r/s     rkB/s   rrqm/s  %rrqm r_await rareq-sz     w/s     wkB/s   wrqm/s  %wrqm w_await wareq-sz     d/s     dkB/s   drqm/s  %drqm d_await dareq-sz     f/s f_await  aqu-sz  %util
nvme0n1       8401.00 1037108.00     5.00   0.06    0.20   123.45   23.00     96.00     1.00   4.17   33.04     4.17    0.00      0.00     0.00   0.00    0.00     0.00    0.00    0.00    2.44  49.20


09/08/2026 08:40:37 PM
Device            r/s     rkB/s   rrqm/s  %rrqm r_await rareq-sz     w/s     wkB/s   wrqm/s  %wrqm w_await wareq-sz     d/s     dkB/s   drqm/s  %drqm d_await dareq-sz     f/s f_await  aqu-sz  %util
nvme0n1       6539.00 803012.00     0.00   0.00    0.22   122.80    1.00     44.00     9.00  90.00   28.00    44.00    0.00      0.00     0.00   0.00    0.00     0.00    0.00    0.00    1.47  48.20


09/08/2026 08:40:38 PM
Device            r/s     rkB/s   rrqm/s  %rrqm r_await rareq-sz     w/s     wkB/s   wrqm/s  %wrqm w_await wareq-sz     d/s     dkB/s   drqm/s  %drqm d_await dareq-sz     f/s f_await  aqu-sz  %util
nvme0n1       8288.00 1042156.00    70.00   0.84    0.21   125.74  491.00   6964.00  1252.00  71.83   16.52    14.18    0.00      0.00     0.00   0.00    0.00     0.00    1.00    1.00    9.87  50.60


09/08/2026 08:40:39 PM
Device            r/s     rkB/s   rrqm/s  %rrqm r_await rareq-sz     w/s     wkB/s   wrqm/s  %wrqm w_await wareq-sz     d/s     dkB/s   drqm/s  %drqm d_await dareq-sz     f/s f_await  aqu-sz  %util
nvme0n1       8747.00 1083972.00    85.00   0.96    0.20   123.93    0.00      0.00     0.00   0.00    0.00     0.00    0.00      0.00     0.00   0.00    0.00     0.00    0.00    0.00    1.79  50.60


09/08/2026 08:40:40 PM
Device            r/s     rkB/s   rrqm/s  %rrqm r_await rareq-sz     w/s     wkB/s   wrqm/s  %wrqm w_await wareq-sz     d/s     dkB/s   drqm/s  %drqm d_await dareq-sz     f/s f_await  aqu-sz  %util
nvme0n1       7552.00 839908.00   224.00   2.88    0.20   111.22    1.00      4.00     0.00   0.00   26.00     4.00    0.00      0.00     0.00   0.00    0.00     0.00    0.00    0.00    1.53  48.40


09/08/2026 08:40:41 PM
Device            r/s     rkB/s   rrqm/s  %rrqm r_await rareq-sz     w/s     wkB/s   wrqm/s  %wrqm w_await wareq-sz     d/s     dkB/s   drqm/s  %drqm d_await dareq-sz     f/s f_await  aqu-sz  %util
nvme0n1       7201.00 891876.00    31.00   0.43    0.21   123.85    0.00      0.00     0.00   0.00    0.00     0.00    0.00      0.00     0.00   0.00    0.00     0.00    0.00    0.00    1.52  47.70


09/08/2026 08:40:42 PM
Device            r/s     rkB/s   rrqm/s  %rrqm r_await rareq-sz     w/s     wkB/s   wrqm/s  %wrqm w_await wareq-sz     d/s     dkB/s   drqm/s  %drqm d_await dareq-sz     f/s f_await  aqu-sz  %util
nvme0n1       8041.00 1001168.00     0.00   0.00    0.20   124.51  793.00   3328.00    44.00   5.26    1.50     4.20    0.00      0.00     0.00   0.00    0.00     0.00    0.00    0.00    2.82  47.50


09/08/2026 08:40:43 PM
Device            r/s     rkB/s   rrqm/s  %rrqm r_await rareq-sz     w/s     wkB/s   wrqm/s  %wrqm w_await wareq-sz     d/s     dkB/s   drqm/s  %drqm d_await dareq-sz     f/s f_await  aqu-sz  %util
nvme0n1       5976.00 736740.00     9.00   0.15    0.23   123.28   44.00    204.00     3.00   6.38   27.64     4.64    0.00      0.00     0.00   0.00    0.00     0.00    1.00    1.00    2.57  47.70


09/08/2026 08:40:44 PM
Device            r/s     rkB/s   rrqm/s  %rrqm r_await rareq-sz     w/s     wkB/s   wrqm/s  %wrqm w_await wareq-sz     d/s     dkB/s   drqm/s  %drqm d_await dareq-sz     f/s f_await  aqu-sz  %util
nvme0n1       8918.00 1117356.00     1.00   0.01    0.20   125.29  275.00   1156.00    14.00   4.84    9.88     4.20    0.00      0.00     0.00   0.00    0.00     0.00    0.00    0.00    4.50  51.70


09/08/2026 08:40:45 PM
Device            r/s     rkB/s   rrqm/s  %rrqm r_await rareq-sz     w/s     wkB/s   wrqm/s  %wrqm w_await wareq-sz     d/s     dkB/s   drqm/s  %drqm d_await dareq-sz     f/s f_await  aqu-sz  %util
nvme0n1       8327.00 1041208.00    11.00   0.13    0.20   125.04  160.00    716.00     5.00   3.03   13.12     4.47    0.00      0.00     0.00   0.00    0.00     0.00    0.00    0.00    3.79  52.30


09/08/2026 08:40:46 PM
Device            r/s     rkB/s   rrqm/s  %rrqm r_await rareq-sz     w/s     wkB/s   wrqm/s  %wrqm w_await wareq-sz     d/s     dkB/s   drqm/s  %drqm d_await dareq-sz     f/s f_await  aqu-sz  %util
nvme0n1       8793.00 1100832.00    62.00   0.70    0.21   125.19 1107.00  10672.00  1561.00  58.51    7.17     9.64    0.00      0.00     0.00   0.00    0.00     0.00    0.00    0.00    9.80  54.00


09/08/2026 08:40:47 PM
Device            r/s     rkB/s   rrqm/s  %rrqm r_await rareq-sz     w/s     wkB/s   wrqm/s  %wrqm w_await wareq-sz     d/s     dkB/s   drqm/s  %drqm d_await dareq-sz     f/s f_await  aqu-sz  %util
nvme0n1       6741.00 830444.00   202.00   2.91    0.22   123.19    0.00      0.00     4.00 100.00    0.00     0.00    0.00      0.00     0.00   0.00    0.00     0.00    0.00    0.00    1.47  45.90


09/08/2026 08:40:48 PM
Device            r/s     rkB/s   rrqm/s  %rrqm r_await rareq-sz     w/s     wkB/s   wrqm/s  %wrqm w_await wareq-sz     d/s     dkB/s   drqm/s  %drqm d_await dareq-sz     f/s f_await  aqu-sz  %util
nvme0n1       6603.00 802240.00   146.00   2.16    0.21   121.50   35.00    180.00     7.00  16.67   19.31     5.14    0.00      0.00     0.00   0.00    0.00     0.00    1.00    1.00    2.10  46.60


09/08/2026 08:40:49 PM
Device            r/s     rkB/s   rrqm/s  %rrqm r_await rareq-sz     w/s     wkB/s   wrqm/s  %wrqm w_await wareq-sz     d/s     dkB/s   drqm/s  %drqm d_await dareq-sz     f/s f_await  aqu-sz  %util
nvme0n1       8324.00 1025028.00    80.00   0.95    0.20   123.14   66.00    276.00     3.00   4.35    6.29     4.18    0.00      0.00     0.00   0.00    0.00     0.00    0.00    0.00    2.12  49.10


09/08/2026 08:40:50 PM
Device            r/s     rkB/s   rrqm/s  %rrqm r_await rareq-sz     w/s     wkB/s   wrqm/s  %wrqm w_await wareq-sz     d/s     dkB/s   drqm/s  %drqm d_await dareq-sz     f/s f_await  aqu-sz  %util
nvme0n1       7297.00 900528.00    28.00   0.38    0.21   123.41   45.00    244.00    16.00  26.23    0.11     5.42    0.00      0.00     0.00   0.00    0.00     0.00    0.00    0.00    1.55  49.20


09/08/2026 08:40:51 PM
Device            r/s     rkB/s   rrqm/s  %rrqm r_await rareq-sz     w/s     wkB/s   wrqm/s  %wrqm w_await wareq-sz     d/s     dkB/s   drqm/s  %drqm d_await dareq-sz     f/s f_await  aqu-sz  %util
nvme0n1       8207.00 677260.00  1028.00  11.13    0.17    82.52  187.00   4408.00   915.00  83.03    4.06    23.57    0.00      0.00     0.00   0.00    0.00     0.00    0.00    0.00    2.19  62.20


09/08/2026 08:40:52 PM
Device            r/s     rkB/s   rrqm/s  %rrqm r_await rareq-sz     w/s     wkB/s   wrqm/s  %wrqm w_await wareq-sz     d/s     dkB/s   drqm/s  %drqm d_await dareq-sz     f/s f_await  aqu-sz  %util
nvme0n1       5896.00 483196.00     0.00   0.00    0.18    81.95    0.00      0.00     0.00   0.00    0.00     0.00    0.00      0.00     0.00   0.00    0.00     0.00    0.00    0.00    1.09  54.60


09/08/2026 08:40:53 PM
Device            r/s     rkB/s   rrqm/s  %rrqm r_await rareq-sz     w/s     wkB/s   wrqm/s  %wrqm w_await wareq-sz     d/s     dkB/s   drqm/s  %drqm d_await dareq-sz     f/s f_await  aqu-sz  %util
nvme0n1       6166.00 736780.00   109.00   1.74    0.22   119.49    0.00      0.00     4.00 100.00    0.00     0.00    0.00      0.00     0.00   0.00    0.00     0.00    0.00    0.00    1.34  43.60


09/08/2026 08:40:54 PM
Device            r/s     rkB/s   rrqm/s  %rrqm r_await rareq-sz     w/s     wkB/s   wrqm/s  %wrqm w_await wareq-sz     d/s     dkB/s   drqm/s  %drqm d_await dareq-sz     f/s f_await  aqu-sz  %util
nvme0n1       5344.00 636592.00   130.00   2.37    0.23   119.12   52.00    228.00     2.00   3.70    8.48     4.38    0.00      0.00     0.00   0.00    0.00     0.00    1.00    1.00    1.67  44.40


09/08/2026 08:40:55 PM
Device            r/s     rkB/s   rrqm/s  %rrqm r_await rareq-sz     w/s     wkB/s   wrqm/s  %wrqm w_await wareq-sz     d/s     dkB/s   drqm/s  %drqm d_await dareq-sz     f/s f_await  aqu-sz  %util
nvme0n1       10663.00 759252.00   809.00   7.05    0.15    71.20    0.00      0.00     0.00   0.00    0.00     0.00    0.00      0.00     0.00   0.00    0.00     0.00    0.00    0.00    1.55  53.20


09/08/2026 08:40:56 PM
Device            r/s     rkB/s   rrqm/s  %rrqm r_await rareq-sz     w/s     wkB/s   wrqm/s  %wrqm w_await wareq-sz     d/s     dkB/s   drqm/s  %drqm d_await dareq-sz     f/s f_await  aqu-sz  %util
nvme0n1       5285.00 652416.00   111.00   2.06    0.22   123.45  192.00    828.00    22.00  10.28    5.79     4.31    0.00      0.00     0.00   0.00    0.00     0.00    0.00    0.00    2.29  41.80


09/08/2026 08:40:57 PM
Device            r/s     rkB/s   rrqm/s  %rrqm r_await rareq-sz     w/s     wkB/s   wrqm/s  %wrqm w_await wareq-sz     d/s     dkB/s   drqm/s  %drqm d_await dareq-sz     f/s f_await  aqu-sz  %util
nvme0n1       3575.00 438088.00    29.00   0.80    0.24   122.54  245.00   1208.00    50.00  16.95    3.93     4.93    0.00      0.00     0.00   0.00    0.00     0.00    0.00    0.00    1.80  31.90


09/08/2026 08:40:58 PM
Device            r/s     rkB/s   rrqm/s  %rrqm r_await rareq-sz     w/s     wkB/s   wrqm/s  %wrqm w_await wareq-sz     d/s     dkB/s   drqm/s  %drqm d_await dareq-sz     f/s f_await  aqu-sz  %util
nvme0n1       3572.00 432468.00     0.00   0.00    0.23   121.07  373.00   1616.00    39.00   9.47    5.32     4.33    0.00      0.00     0.00   0.00    0.00     0.00    0.00    0.00    2.81  30.50


09/08/2026 08:40:59 PM
Device            r/s     rkB/s   rrqm/s  %rrqm r_await rareq-sz     w/s     wkB/s   wrqm/s  %wrqm w_await wareq-sz     d/s     dkB/s   drqm/s  %drqm d_await dareq-sz     f/s f_await  aqu-sz  %util
nvme0n1       3220.00 392636.00     0.00   0.00    0.23   121.94   22.00    396.00    70.00  76.09    3.36    18.00    0.00      0.00     0.00   0.00    0.00     0.00    1.00    1.00    0.83  28.70


09/08/2026 08:41:00 PM
Device            r/s     rkB/s   rrqm/s  %rrqm r_await rareq-sz     w/s     wkB/s   wrqm/s  %wrqm w_await wareq-sz     d/s     dkB/s   drqm/s  %drqm d_await dareq-sz     f/s f_await  aqu-sz  %util
nvme0n1       3218.00 390292.00     6.00   0.19    0.23   121.28  138.00    652.00    24.00  14.81    2.30     4.72    0.00      0.00     0.00   0.00    0.00     0.00    0.00    0.00    1.06  29.60


09/08/2026 08:41:01 PM
Device            r/s     rkB/s   rrqm/s  %rrqm r_await rareq-sz     w/s     wkB/s   wrqm/s  %wrqm w_await wareq-sz     d/s     dkB/s   drqm/s  %drqm d_await dareq-sz     f/s f_await  aqu-sz  %util
nvme0n1       5932.00  57432.00    61.00   1.02    0.15     9.68   66.00    404.00    35.00  34.65   19.12     6.12    0.00      0.00     0.00   0.00    0.00     0.00    0.00    0.00    2.13  80.10


09/08/2026 08:41:02 PM
Device            r/s     rkB/s   rrqm/s  %rrqm r_await rareq-sz     w/s     wkB/s   wrqm/s  %wrqm w_await wareq-sz     d/s     dkB/s   drqm/s  %drqm d_await dareq-sz     f/s f_await  aqu-sz  %util
nvme0n1       4556.00 293416.00   240.00   5.00    0.19    64.40   59.00    244.00     2.00   3.28   26.00     4.14    0.00      0.00     0.00   0.00    0.00     0.00    0.00    0.00    2.38  50.40


09/08/2026 08:41:03 PM
Device            r/s     rkB/s   rrqm/s  %rrqm r_await rareq-sz     w/s     wkB/s   wrqm/s  %wrqm w_await wareq-sz     d/s     dkB/s   drqm/s  %drqm d_await dareq-sz     f/s f_await  aqu-sz  %util
nvme0n1       4762.00 584680.00     0.00   0.00    0.23   122.78  150.00    732.00    33.00  18.03   22.31     4.88    0.00      0.00     0.00   0.00    0.00     0.00    0.00    0.00    4.45  40.50


09/08/2026 08:41:04 PM
Device            r/s     rkB/s   rrqm/s  %rrqm r_await rareq-sz     w/s     wkB/s   wrqm/s  %wrqm w_await wareq-sz     d/s     dkB/s   drqm/s  %drqm d_await dareq-sz     f/s f_await  aqu-sz  %util
nvme0n1       5025.00 625208.00     0.00   0.00    0.22   124.42  193.00   1104.00    84.00  30.32   26.08     5.72    0.00      0.00     0.00   0.00    0.00     0.00    1.00    1.00    6.14  41.60


09/08/2026 08:41:05 PM
Device            r/s     rkB/s   rrqm/s  %rrqm r_await rareq-sz     w/s     wkB/s   wrqm/s  %wrqm w_await wareq-sz     d/s     dkB/s   drqm/s  %drqm d_await dareq-sz     f/s f_await  aqu-sz  %util
nvme0n1       4096.00 509908.00     0.00   0.00    0.24   124.49   67.00    316.00    14.00  17.28   29.39     4.72    0.00      0.00     0.00   0.00    0.00     0.00    0.00    0.00    2.96  37.50


09/08/2026 08:41:06 PM
Device            r/s     rkB/s   rrqm/s  %rrqm r_await rareq-sz     w/s     wkB/s   wrqm/s  %wrqm w_await wareq-sz     d/s     dkB/s   drqm/s  %drqm d_await dareq-sz     f/s f_await  aqu-sz  %util
nvme0n1       5186.00 649356.00     0.00   0.00    0.23   125.21  169.00    720.00     9.00   5.06   17.64     4.26    0.00      0.00     0.00   0.00    0.00     0.00    0.00    0.00    4.18  40.50


09/08/2026 08:41:07 PM
Device            r/s     rkB/s   rrqm/s  %rrqm r_await rareq-sz     w/s     wkB/s   wrqm/s  %wrqm w_await wareq-sz     d/s     dkB/s   drqm/s  %drqm d_await dareq-sz     f/s f_await  aqu-sz  %util
nvme0n1       4288.00 532640.00     0.00   0.00    0.23   124.22   46.00    200.00     4.00   8.00    8.78     4.35    0.00      0.00     0.00   0.00    0.00     0.00    0.00    0.00    1.40  35.80


09/08/2026 08:41:08 PM
Device            r/s     rkB/s   rrqm/s  %rrqm r_await rareq-sz     w/s     wkB/s   wrqm/s  %wrqm w_await wareq-sz     d/s     dkB/s   drqm/s  %drqm d_await dareq-sz     f/s f_await  aqu-sz  %util
nvme0n1       4307.00 537828.00     0.00   0.00    0.23   124.87  212.00   1124.00    73.00  25.61    1.52     5.30    0.00      0.00     0.00   0.00    0.00     0.00    0.00    0.00    1.33  37.10


09/08/2026 08:41:09 PM
Device            r/s     rkB/s   rrqm/s  %rrqm r_await rareq-sz     w/s     wkB/s   wrqm/s  %wrqm w_await wareq-sz     d/s     dkB/s   drqm/s  %drqm d_await dareq-sz     f/s f_await  aqu-sz  %util
nvme0n1       4536.00 564740.00     0.00   0.00    0.22   124.50  195.00    884.00    23.00  10.55   12.02     4.53    0.00      0.00     0.00   0.00    0.00     0.00    1.00    1.00    3.36  36.60


09/08/2026 08:41:10 PM
Device            r/s     rkB/s   rrqm/s  %rrqm r_await rareq-sz     w/s     wkB/s   wrqm/s  %wrqm w_await wareq-sz     d/s     dkB/s   drqm/s  %drqm d_await dareq-sz     f/s f_await  aqu-sz  %util
nvme0n1       6120.00 548732.00   473.00   7.17    0.18    89.66  163.00    700.00    13.00   7.39    5.69     4.29    0.00      0.00     0.00   0.00    0.00     0.00    0.00    0.00    2.03  37.50


09/08/2026 08:41:11 PM
Device            r/s     rkB/s   rrqm/s  %rrqm r_await rareq-sz     w/s     wkB/s   wrqm/s  %wrqm w_await wareq-sz     d/s     dkB/s   drqm/s  %drqm d_await dareq-sz     f/s f_await  aqu-sz  %util
nvme0n1       4708.00 590364.00     1.00   0.02    0.25   125.40 1700.00   7176.00    93.00   5.19    8.61     4.22    0.00      0.00     0.00   0.00    0.00     0.00    0.00    0.00   15.83  41.80


09/08/2026 08:41:12 PM
Device            r/s     rkB/s   rrqm/s  %rrqm r_await rareq-sz     w/s     wkB/s   wrqm/s  %wrqm w_await wareq-sz     d/s     dkB/s   drqm/s  %drqm d_await dareq-sz     f/s f_await  aqu-sz  %util
nvme0n1       4357.00 543696.00     0.00   0.00    0.23   124.79   41.00    176.00     3.00   6.82    7.98     4.29    0.00      0.00     0.00   0.00    0.00     0.00    0.00    0.00    1.31  36.50


09/08/2026 08:41:13 PM
Device            r/s     rkB/s   rrqm/s  %rrqm r_await rareq-sz     w/s     wkB/s   wrqm/s  %wrqm w_await wareq-sz     d/s     dkB/s   drqm/s  %drqm d_await dareq-sz     f/s f_await  aqu-sz  %util
nvme0n1       9891.00 492476.00  3403.00  25.60    0.14    49.79  185.00    776.00     9.00   4.64    0.17     4.19    0.00      0.00     0.00   0.00    0.00     0.00    0.00    0.00    1.45  36.90


09/08/2026 08:41:14 PM
Device            r/s     rkB/s   rrqm/s  %rrqm r_await rareq-sz     w/s     wkB/s   wrqm/s  %wrqm w_await wareq-sz     d/s     dkB/s   drqm/s  %drqm d_await dareq-sz     f/s f_await  aqu-sz  %util
nvme0n1       6430.00 311344.00  3270.00  33.71    0.16    48.42   89.00    372.00     5.00   5.32   11.21     4.18    0.00      0.00     0.00   0.00    0.00     0.00    1.00    1.00    2.01  24.50


09/08/2026 08:41:15 PM
Device            r/s     rkB/s   rrqm/s  %rrqm r_await rareq-sz     w/s     wkB/s   wrqm/s  %wrqm w_await wareq-sz     d/s     dkB/s   drqm/s  %drqm d_await dareq-sz     f/s f_await  aqu-sz  %util
nvme0n1       3616.00 239568.00    15.00   0.41    0.22    66.25   67.00    340.00     1.00   1.47    0.10     5.07    0.00      0.00     0.00   0.00    0.00     0.00    0.00    0.00    0.80  15.40


09/08/2026 08:41:16 PM
Device            r/s     rkB/s   rrqm/s  %rrqm r_await rareq-sz     w/s     wkB/s   wrqm/s  %wrqm w_await wareq-sz     d/s     dkB/s   drqm/s  %drqm d_await dareq-sz     f/s f_await  aqu-sz  %util
nvme0n1       3754.00 236672.00     7.00   0.19    0.20    63.05   48.00    200.00     2.00   4.00   22.67     4.17    0.00      0.00     0.00   0.00    0.00     0.00    0.00    0.00    1.84  16.70


09/08/2026 08:41:17 PM
Device            r/s     rkB/s   rrqm/s  %rrqm r_await rareq-sz     w/s     wkB/s   wrqm/s  %wrqm w_await wareq-sz     d/s     dkB/s   drqm/s  %drqm d_await dareq-sz     f/s f_await  aqu-sz  %util
nvme0n1       3418.00 200592.00     1.00   0.03    0.20    58.69   83.00    360.00     7.00   7.78    9.96     4.34    0.00      0.00     0.00   0.00    0.00     0.00    0.00    0.00    1.53  15.30


09/08/2026 08:41:18 PM
Device            r/s     rkB/s   rrqm/s  %rrqm r_await rareq-sz     w/s     wkB/s   wrqm/s  %wrqm w_await wareq-sz     d/s     dkB/s   drqm/s  %drqm d_await dareq-sz     f/s f_await  aqu-sz  %util
nvme0n1       3250.00 199452.00     1.00   0.03    0.20    61.37   55.00    252.00     8.00  12.70    0.60     4.58    0.00      0.00     0.00   0.00    0.00     0.00    0.00    0.00    0.67  15.30


09/08/2026 08:41:19 PM
Device            r/s     rkB/s   rrqm/s  %rrqm r_await rareq-sz     w/s     wkB/s   wrqm/s  %wrqm w_await wareq-sz     d/s     dkB/s   drqm/s  %drqm d_await dareq-sz     f/s f_await  aqu-sz  %util
nvme0n1       3097.00 184032.00    45.00   1.43    0.20    59.42  566.00   2408.00    37.00   6.14    1.00     4.25    0.00      0.00     0.00   0.00    0.00     0.00    1.00    1.00    1.18  14.20


09/08/2026 08:41:20 PM
Device            r/s     rkB/s   rrqm/s  %rrqm r_await rareq-sz     w/s     wkB/s   wrqm/s  %wrqm w_await wareq-sz     d/s     dkB/s   drqm/s  %drqm d_await dareq-sz     f/s f_await  aqu-sz  %util
nvme0n1       3750.00 223032.00     0.00   0.00    0.19    59.48    0.00      0.00     0.00   0.00    0.00     0.00    0.00      0.00     0.00   0.00    0.00     0.00    0.00    0.00    0.70  16.40


09/08/2026 08:41:21 PM
Device            r/s     rkB/s   rrqm/s  %rrqm r_await rareq-sz     w/s     wkB/s   wrqm/s  %wrqm w_await wareq-sz     d/s     dkB/s   drqm/s  %drqm d_await dareq-sz     f/s f_await  aqu-sz  %util
nvme0n1       1421.00  76908.00     6.00   0.42    0.26    54.12    0.00      0.00     0.00   0.00    0.00     0.00    0.00      0.00     0.00   0.00    0.00     0.00    0.00    0.00    0.37   9.90


09/08/2026 08:41:22 PM
Device            r/s     rkB/s   rrqm/s  %rrqm r_await rareq-sz     w/s     wkB/s   wrqm/s  %wrqm w_await wareq-sz     d/s     dkB/s   drqm/s  %drqm d_await dareq-sz     f/s f_await  aqu-sz  %util
nvme0n1       2434.00 139152.00     1.00   0.04    0.20    57.17    0.00      0.00     0.00   0.00    0.00     0.00    0.00      0.00     0.00   0.00    0.00     0.00    0.00    0.00    0.48  10.60


09/08/2026 08:41:23 PM
Device            r/s     rkB/s   rrqm/s  %rrqm r_await rareq-sz     w/s     wkB/s   wrqm/s  %wrqm w_await wareq-sz     d/s     dkB/s   drqm/s  %drqm d_await dareq-sz     f/s f_await  aqu-sz  %util
nvme0n1       2101.00 121812.00     2.00   0.10    0.23    57.98   51.00    228.00     6.00  10.53    0.29     4.47    0.00      0.00     0.00   0.00    0.00     0.00    0.00    0.00    0.49  11.60


09/08/2026 08:41:24 PM
Device            r/s     rkB/s   rrqm/s  %rrqm r_await rareq-sz     w/s     wkB/s   wrqm/s  %wrqm w_await wareq-sz     d/s     dkB/s   drqm/s  %drqm d_await dareq-sz     f/s f_await  aqu-sz  %util
nvme0n1       4762.00 282244.00     2.00   0.04    0.17    59.27   80.00    344.00     7.00   8.05    0.15     4.30    0.00      0.00     0.00   0.00    0.00     0.00    1.00    1.00    0.84  17.80


09/08/2026 08:41:25 PM
Device            r/s     rkB/s   rrqm/s  %rrqm r_await rareq-sz     w/s     wkB/s   wrqm/s  %wrqm w_await wareq-sz     d/s     dkB/s   drqm/s  %drqm d_await dareq-sz     f/s f_await  aqu-sz  %util
nvme0n1       10120.00 412592.00   491.00   4.63    0.13    40.77   71.00    288.00     1.00   1.39    0.10     4.06    0.00      0.00     0.00   0.00    0.00     0.00    0.00    0.00    1.30  38.80


09/08/2026 08:41:26 PM
Device            r/s     rkB/s   rrqm/s  %rrqm r_await rareq-sz     w/s     wkB/s   wrqm/s  %wrqm w_await wareq-sz     d/s     dkB/s   drqm/s  %drqm d_await dareq-sz     f/s f_await  aqu-sz  %util
nvme0n1       7095.00 364536.00    38.00   0.53    0.16    51.38    0.00      0.00     0.00   0.00    0.00     0.00    0.00      0.00     0.00   0.00    0.00     0.00    0.00    0.00    1.11  27.70


09/08/2026 08:41:27 PM
Device            r/s     rkB/s   rrqm/s  %rrqm r_await rareq-sz     w/s     wkB/s   wrqm/s  %wrqm w_await wareq-sz     d/s     dkB/s   drqm/s  %drqm d_await dareq-sz     f/s f_await  aqu-sz  %util
nvme0n1       3603.00 210568.00     2.00   0.06    0.19    58.44    0.00      0.00     0.00   0.00    0.00     0.00    0.00      0.00     0.00   0.00    0.00     0.00    0.00    0.00    0.67  14.00


09/08/2026 08:41:28 PM
Device            r/s     rkB/s   rrqm/s  %rrqm r_await rareq-sz     w/s     wkB/s   wrqm/s  %wrqm w_await wareq-sz     d/s     dkB/s   drqm/s  %drqm d_await dareq-sz     f/s f_await  aqu-sz  %util
nvme0n1       7544.00  74600.00   283.00   3.62    0.08     9.89    0.00      0.00     0.00   0.00    0.00     0.00    0.00      0.00     0.00   0.00    0.00     0.00    0.00    0.00    0.61  49.60


09/08/2026 08:41:29 PM
Device            r/s     rkB/s   rrqm/s  %rrqm r_await rareq-sz     w/s     wkB/s   wrqm/s  %wrqm w_await wareq-sz     d/s     dkB/s   drqm/s  %drqm d_await dareq-sz     f/s f_await  aqu-sz  %util
nvme0n1       5501.00  22004.00     0.00   0.00    0.14     4.00    3.00     40.00     8.00  72.73    2.67    13.33    0.00      0.00     0.00   0.00    0.00     0.00    1.00    1.00    0.78  78.40


09/08/2026 08:41:30 PM
Device            r/s     rkB/s   rrqm/s  %rrqm r_await rareq-sz     w/s     wkB/s   wrqm/s  %wrqm w_await wareq-sz     d/s     dkB/s   drqm/s  %drqm d_await dareq-sz     f/s f_await  aqu-sz  %util
nvme0n1       3752.00 263192.00   209.00   5.28    0.21    70.15   47.00   3680.00   873.00  94.89    3.23    78.30    0.00      0.00     0.00   0.00    0.00     0.00    0.00    0.00    0.94  45.60


09/08/2026 08:41:31 PM
Device            r/s     rkB/s   rrqm/s  %rrqm r_await rareq-sz     w/s     wkB/s   wrqm/s  %wrqm w_await wareq-sz     d/s     dkB/s   drqm/s  %drqm d_await dareq-sz     f/s f_await  aqu-sz  %util
nvme0n1       3727.00 459440.00     0.00   0.00    0.23   123.27  113.00    508.00    13.00  10.32   10.45     4.50    0.00      0.00     0.00   0.00    0.00     0.00    0.00    0.00    2.03  35.20


09/08/2026 08:41:32 PM
Device            r/s     rkB/s   rrqm/s  %rrqm r_await rareq-sz     w/s     wkB/s   wrqm/s  %wrqm w_await wareq-sz     d/s     dkB/s   drqm/s  %drqm d_await dareq-sz     f/s f_await  aqu-sz  %util
nvme0n1       5197.00 634072.00     7.00   0.13    0.23   122.01  167.00    700.00     8.00   4.57    6.31     4.19    0.00      0.00     0.00   0.00    0.00     0.00    0.00    0.00    2.24  42.90


09/08/2026 08:41:33 PM
Device            r/s     rkB/s   rrqm/s  %rrqm r_await rareq-sz     w/s     wkB/s   wrqm/s  %wrqm w_await wareq-sz     d/s     dkB/s   drqm/s  %drqm d_await dareq-sz     f/s f_await  aqu-sz  %util
nvme0n1       5333.00 664636.00     0.00   0.00    0.23   124.63   21.00     84.00     0.00   0.00    0.19     4.00    0.00      0.00     0.00   0.00    0.00     0.00    0.00    0.00    1.23  45.30


09/08/2026 08:41:34 PM
Device            r/s     rkB/s   rrqm/s  %rrqm r_await rareq-sz     w/s     wkB/s   wrqm/s  %wrqm w_await wareq-sz     d/s     dkB/s   drqm/s  %drqm d_await dareq-sz     f/s f_await  aqu-sz  %util
nvme0n1       5595.00 695768.00    40.00   0.71    0.23   124.36    1.00     24.00     5.00  83.33    0.00    24.00    0.00      0.00     0.00   0.00    0.00     0.00    0.00    0.00    1.29  47.90


09/08/2026 08:41:35 PM
Device            r/s     rkB/s   rrqm/s  %rrqm r_await rareq-sz     w/s     wkB/s   wrqm/s  %wrqm w_await wareq-sz     d/s     dkB/s   drqm/s  %drqm d_await dareq-sz     f/s f_await  aqu-sz  %util
nvme0n1       4517.00 558932.00    67.00   1.46    0.27   123.74  229.00  15320.00  3602.00  94.02   28.87    66.90    0.00      0.00     0.00   0.00    0.00     0.00    1.00    1.00    7.83  44.60


09/08/2026 08:41:36 PM
Device            r/s     rkB/s   rrqm/s  %rrqm r_await rareq-sz     w/s     wkB/s   wrqm/s  %wrqm w_await wareq-sz     d/s     dkB/s   drqm/s  %drqm d_await dareq-sz     f/s f_await  aqu-sz  %util
nvme0n1       5012.00 617312.00   133.00   2.59    0.22   123.17    4.00     20.00     1.00  20.00   20.75     5.00    0.00      0.00     0.00   0.00    0.00     0.00    0.00    0.00    1.20  42.90


09/08/2026 08:41:37 PM
Device            r/s     rkB/s   rrqm/s  %rrqm r_await rareq-sz     w/s     wkB/s   wrqm/s  %wrqm w_await wareq-sz     d/s     dkB/s   drqm/s  %drqm d_await dareq-sz     f/s f_await  aqu-sz  %util
nvme0n1       4447.00 548296.00   125.00   2.73    0.23   123.30    0.00      0.00     0.00   0.00    0.00     0.00    0.00      0.00     0.00   0.00    0.00     0.00    0.00    0.00    1.03  38.90


09/08/2026 08:41:38 PM
Device            r/s     rkB/s   rrqm/s  %rrqm r_await rareq-sz     w/s     wkB/s   wrqm/s  %wrqm w_await wareq-sz     d/s     dkB/s   drqm/s  %drqm d_await dareq-sz     f/s f_await  aqu-sz  %util
nvme0n1       5581.00 695240.00   133.00   2.33    0.23   124.57    0.00      0.00     0.00   0.00    0.00     0.00    0.00      0.00     0.00   0.00    0.00     0.00    0.00    0.00    1.26  46.40


09/08/2026 08:41:39 PM
Device            r/s     rkB/s   rrqm/s  %rrqm r_await rareq-sz     w/s     wkB/s   wrqm/s  %wrqm w_await wareq-sz     d/s     dkB/s   drqm/s  %drqm d_await dareq-sz     f/s f_await  aqu-sz  %util
nvme0n1       5357.00 661416.00   136.00   2.48    0.22   123.47    0.00      0.00     4.00 100.00    0.00     0.00    0.00      0.00     0.00   0.00    0.00     0.00    0.00    0.00    1.20  46.30


09/08/2026 08:41:40 PM
Device            r/s     rkB/s   rrqm/s  %rrqm r_await rareq-sz     w/s     wkB/s   wrqm/s  %wrqm w_await wareq-sz     d/s     dkB/s   drqm/s  %drqm d_await dareq-sz     f/s f_await  aqu-sz  %util
nvme0n1       8004.00 786544.00  2470.00  23.58    0.18    98.27    3.00     24.00     0.00   0.00    0.67     8.00    0.00      0.00     0.00   0.00    0.00     0.00    1.00    1.00    1.47  52.80


09/08/2026 08:41:41 PM
Device            r/s     rkB/s   rrqm/s  %rrqm r_await rareq-sz     w/s     wkB/s   wrqm/s  %wrqm w_await wareq-sz     d/s     dkB/s   drqm/s  %drqm d_await dareq-sz     f/s f_await  aqu-sz  %util
nvme0n1       7233.00 843604.00   488.00   6.32    0.19   116.63    1.00      4.00     0.00   0.00    0.00     4.00    0.00      0.00     0.00   0.00    0.00     0.00    0.00    0.00    1.39  47.50


09/08/2026 08:41:42 PM
Device            r/s     rkB/s   rrqm/s  %rrqm r_await rareq-sz     w/s     wkB/s   wrqm/s  %wrqm w_await wareq-sz     d/s     dkB/s   drqm/s  %drqm d_await dareq-sz     f/s f_await  aqu-sz  %util
nvme0n1       5365.00 278376.00     2.00   0.04    0.18    51.89    1.00      4.00     0.00   0.00    0.00     4.00    0.00      0.00     0.00   0.00    0.00     0.00    0.00    0.00    0.96  62.60


09/08/2026 08:41:43 PM
Device            r/s     rkB/s   rrqm/s  %rrqm r_await rareq-sz     w/s     wkB/s   wrqm/s  %wrqm w_await wareq-sz     d/s     dkB/s   drqm/s  %drqm d_await dareq-sz     f/s f_await  aqu-sz  %util
nvme0n1       4849.00 265048.00    77.00   1.56    0.17    54.66    0.00      0.00     0.00   0.00    0.00     0.00    0.00      0.00     0.00   0.00    0.00     0.00    0.00    0.00    0.83  52.90


09/08/2026 08:41:44 PM
Device            r/s     rkB/s   rrqm/s  %rrqm r_await rareq-sz     w/s     wkB/s   wrqm/s  %wrqm w_await wareq-sz     d/s     dkB/s   drqm/s  %drqm d_await dareq-sz     f/s f_await  aqu-sz  %util
nvme0n1       5503.00 675696.00     6.00   0.11    0.23   122.79  175.00    732.00    17.00   8.85    4.28     4.18    0.00      0.00     0.00   0.00    0.00     0.00    0.00    0.00    1.99  42.50


09/08/2026 08:41:45 PM
Device            r/s     rkB/s   rrqm/s  %rrqm r_await rareq-sz     w/s     wkB/s   wrqm/s  %wrqm w_await wareq-sz     d/s     dkB/s   drqm/s  %drqm d_await dareq-sz     f/s f_await  aqu-sz  %util
nvme0n1       3887.00 482732.00     0.00   0.00    0.24   124.19 1215.00   5160.00    67.00   5.23    6.39     4.25    0.00      0.00     0.00   0.00    0.00     0.00    1.00    1.00    8.70  37.10


09/08/2026 08:41:46 PM
Device            r/s     rkB/s   rrqm/s  %rrqm r_await rareq-sz     w/s     wkB/s   wrqm/s  %wrqm w_await wareq-sz     d/s     dkB/s   drqm/s  %drqm d_await dareq-sz     f/s f_await  aqu-sz  %util
nvme0n1       4202.00 520892.00     0.00   0.00    0.23   123.96  224.00    980.00     6.00   2.61    5.33     4.38    0.00      0.00     0.00   0.00    0.00     0.00    0.00    0.00    2.18  39.50


09/08/2026 08:41:47 PM
Device            r/s     rkB/s   rrqm/s  %rrqm r_await rareq-sz     w/s     wkB/s   wrqm/s  %wrqm w_await wareq-sz     d/s     dkB/s   drqm/s  %drqm d_await dareq-sz     f/s f_await  aqu-sz  %util
nvme0n1       4554.00 567212.00    30.00   0.65    0.26   124.55 1298.00  11828.00  1659.00  56.10    6.67     9.11    0.00      0.00     0.00   0.00    0.00     0.00    0.00    0.00    9.85  40.90


09/08/2026 08:41:48 PM
Device            r/s     rkB/s   rrqm/s  %rrqm r_await rareq-sz     w/s     wkB/s   wrqm/s  %wrqm w_await wareq-sz     d/s     dkB/s   drqm/s  %drqm d_await dareq-sz     f/s f_await  aqu-sz  %util
nvme0n1       4167.00 522360.00     0.00   0.00    0.23   125.36  113.00    484.00     8.00   6.61   18.08     4.28    0.00      0.00     0.00   0.00    0.00     0.00    0.00    0.00    3.00  34.00


09/08/2026 08:41:49 PM
Device            r/s     rkB/s   rrqm/s  %rrqm r_await rareq-sz     w/s     wkB/s   wrqm/s  %wrqm w_await wareq-sz     d/s     dkB/s   drqm/s  %drqm d_await dareq-sz     f/s f_await  aqu-sz  %util
nvme0n1       4596.00 576748.00     0.00   0.00    0.24   125.49  116.00    516.00    13.00  10.08   15.28     4.45    0.00      0.00     0.00   0.00    0.00     0.00    0.00    0.00    2.86  38.60


09/08/2026 08:41:50 PM
Device            r/s     rkB/s   rrqm/s  %rrqm r_await rareq-sz     w/s     wkB/s   wrqm/s  %wrqm w_await wareq-sz     d/s     dkB/s   drqm/s  %drqm d_await dareq-sz     f/s f_await  aqu-sz  %util
nvme0n1       3970.00 495448.00     0.00   0.00    0.24   124.80  193.00   4492.00   929.00  82.80    7.73    23.27    0.00      0.00     0.00   0.00    0.00     0.00    0.00    0.00    2.45  36.70


09/08/2026 08:41:51 PM
Device            r/s     rkB/s   rrqm/s  %rrqm r_await rareq-sz     w/s     wkB/s   wrqm/s  %wrqm w_await wareq-sz     d/s     dkB/s   drqm/s  %drqm d_await dareq-sz     f/s f_await  aqu-sz  %util
nvme0n1       4590.00 573168.00     0.00   0.00    0.23   124.87    3.00      4.00     0.00   0.00    0.67     1.33    0.00      0.00     0.00   0.00    0.00     0.00    1.00    1.00    1.08  37.70


09/08/2026 08:41:52 PM
Device            r/s     rkB/s   rrqm/s  %rrqm r_await rareq-sz     w/s     wkB/s   wrqm/s  %wrqm w_await wareq-sz     d/s     dkB/s   drqm/s  %drqm d_await dareq-sz     f/s f_await  aqu-sz  %util
nvme0n1       4433.00 545372.00     0.00   0.00    0.23   123.03    0.00      0.00     0.00   0.00    0.00     0.00    0.00      0.00     0.00   0.00    0.00     0.00    0.00    0.00    1.03  37.40


09/08/2026 08:41:53 PM
Device            r/s     rkB/s   rrqm/s  %rrqm r_await rareq-sz     w/s     wkB/s   wrqm/s  %wrqm w_await wareq-sz     d/s     dkB/s   drqm/s  %drqm d_await dareq-sz     f/s f_await  aqu-sz  %util
nvme0n1       5438.00 676004.00     0.00   0.00    0.22   124.31   93.00    380.00     2.00   2.11   18.83     4.09    0.00      0.00     0.00   0.00    0.00     0.00    0.00    0.00    2.97  40.70


09/08/2026 08:41:54 PM
Device            r/s     rkB/s   rrqm/s  %rrqm r_await rareq-sz     w/s     wkB/s   wrqm/s  %wrqm w_await wareq-sz     d/s     dkB/s   drqm/s  %drqm d_await dareq-sz     f/s f_await  aqu-sz  %util
nvme0n1       5360.00 537648.00     0.00   0.00    0.21   100.31   58.00    256.00     6.00   9.38   12.98     4.41    0.00      0.00     0.00   0.00    0.00     0.00    0.00    0.00    1.87  49.90


09/08/2026 08:41:55 PM
Device            r/s     rkB/s   rrqm/s  %rrqm r_await rareq-sz     w/s     wkB/s   wrqm/s  %wrqm w_await wareq-sz     d/s     dkB/s   drqm/s  %drqm d_await dareq-sz     f/s f_await  aqu-sz  %util
nvme0n1       6529.00  26116.00     0.00   0.00    0.14     4.00    0.00      0.00     4.00 100.00    0.00     0.00    0.00      0.00     0.00   0.00    0.00     0.00    0.00    0.00    0.94  91.50


09/08/2026 08:41:56 PM
Device            r/s     rkB/s   rrqm/s  %rrqm r_await rareq-sz     w/s     wkB/s   wrqm/s  %wrqm w_await wareq-sz     d/s     dkB/s   drqm/s  %drqm d_await dareq-sz     f/s f_await  aqu-sz  %util
nvme0n1       9477.00 526828.00   400.00   4.05    0.12    55.59   10.00     60.00     2.00  16.67    0.20     6.00    0.00      0.00     0.00   0.00    0.00     0.00    1.00    1.00    1.18  51.00


09/08/2026 08:41:57 PM
Device            r/s     rkB/s   rrqm/s  %rrqm r_await rareq-sz     w/s     wkB/s   wrqm/s  %wrqm w_await wareq-sz     d/s     dkB/s   drqm/s  %drqm d_await dareq-sz     f/s f_await  aqu-sz  %util
nvme0n1       3843.00 475924.00     0.00   0.00    0.24   123.84  508.00   2384.00    88.00  14.77    4.50     4.69    0.00      0.00     0.00   0.00    0.00     0.00    0.00    0.00    3.21  34.60


09/08/2026 08:41:58 PM
Device            r/s     rkB/s   rrqm/s  %rrqm r_await rareq-sz     w/s     wkB/s   wrqm/s  %wrqm w_await wareq-sz     d/s     dkB/s   drqm/s  %drqm d_await dareq-sz     f/s f_await  aqu-sz  %util
nvme0n1       3049.00 356676.00     2.00   0.07    0.23   116.98   40.00    184.00     6.00  13.04    0.25     4.60    0.00      0.00     0.00   0.00    0.00     0.00    0.00    0.00    0.71  26.60


09/08/2026 08:41:59 PM
Device            r/s     rkB/s   rrqm/s  %rrqm r_await rareq-sz     w/s     wkB/s   wrqm/s  %wrqm w_await wareq-sz     d/s     dkB/s   drqm/s  %drqm d_await dareq-sz     f/s f_await  aqu-sz  %util
nvme0n1       3273.00 406348.00     0.00   0.00    0.23   124.15    0.00      0.00     0.00   0.00    0.00     0.00    0.00      0.00     0.00   0.00    0.00     0.00    0.00    0.00    0.76  29.50


09/08/2026 08:42:00 PM
Device            r/s     rkB/s   rrqm/s  %rrqm r_await rareq-sz     w/s     wkB/s   wrqm/s  %wrqm w_await wareq-sz     d/s     dkB/s   drqm/s  %drqm d_await dareq-sz     f/s f_await  aqu-sz  %util
nvme0n1       2998.00 375580.00     0.00   0.00    0.29   125.28  971.00  10976.00  1773.00  64.61   12.46    11.30    0.00      0.00     0.00   0.00    0.00     0.00    0.00    0.00   12.98  32.70


09/08/2026 08:42:01 PM
Device            r/s     rkB/s   rrqm/s  %rrqm r_await rareq-sz     w/s     wkB/s   wrqm/s  %wrqm w_await wareq-sz     d/s     dkB/s   drqm/s  %drqm d_await dareq-sz     f/s f_await  aqu-sz  %util
nvme0n1       3422.00 430324.00     0.00   0.00    0.24   125.75   91.00    392.00     7.00   7.14    7.85     4.31    0.00      0.00     0.00   0.00    0.00     0.00    1.00    1.00    1.52  28.30


09/08/2026 08:42:02 PM
Device            r/s     rkB/s   rrqm/s  %rrqm r_await rareq-sz     w/s     wkB/s   wrqm/s  %wrqm w_await wareq-sz     d/s     dkB/s   drqm/s  %drqm d_await dareq-sz     f/s f_await  aqu-sz  %util
nvme0n1       2790.00 346692.00     0.00   0.00    0.35   124.26 1059.00  25932.00  5424.00  83.66   22.59    24.49    0.00      0.00     0.00   0.00    0.00     0.00    0.00    0.00   24.90  35.20


09/08/2026 08:42:03 PM
Device            r/s     rkB/s   rrqm/s  %rrqm r_await rareq-sz     w/s     wkB/s   wrqm/s  %wrqm w_await wareq-sz     d/s     dkB/s   drqm/s  %drqm d_await dareq-sz     f/s f_await  aqu-sz  %util
nvme0n1       3470.00 423020.00   165.00   4.54    0.24   121.91    0.00      0.00     0.00   0.00    0.00     0.00    0.00      0.00     0.00   0.00    0.00     0.00    0.00    0.00    0.83  31.60


09/08/2026 08:42:04 PM
Device            r/s     rkB/s   rrqm/s  %rrqm r_await rareq-sz     w/s     wkB/s   wrqm/s  %wrqm w_await wareq-sz     d/s     dkB/s   drqm/s  %drqm d_await dareq-sz     f/s f_await  aqu-sz  %util
nvme0n1       4152.00 314740.00   865.00  17.24    0.19    75.80    0.00      0.00     0.00   0.00    0.00     0.00    0.00      0.00     0.00   0.00    0.00     0.00    0.00    0.00    0.80  41.10


09/08/2026 08:42:05 PM
Device            r/s     rkB/s   rrqm/s  %rrqm r_await rareq-sz     w/s     wkB/s   wrqm/s  %wrqm w_await wareq-sz     d/s     dkB/s   drqm/s  %drqm d_await dareq-sz     f/s f_await  aqu-sz  %util
nvme0n1       4778.00 225376.00    51.00   1.06    0.16    47.17    1.00     32.00     7.00  87.50    1.00    32.00    0.00      0.00     0.00   0.00    0.00     0.00    0.00    0.00    0.78  53.20


09/08/2026 08:42:06 PM
Device            r/s     rkB/s   rrqm/s  %rrqm r_await rareq-sz     w/s     wkB/s   wrqm/s  %wrqm w_await wareq-sz     d/s     dkB/s   drqm/s  %drqm d_await dareq-sz     f/s f_await  aqu-sz  %util
nvme0n1       4105.00 498784.00     5.00   0.12    0.22   121.51   10.00     44.00     2.00  16.67    0.40     4.40    0.00      0.00     0.00   0.00    0.00     0.00    1.00    2.00    0.90  32.10


09/08/2026 08:42:07 PM
Device            r/s     rkB/s   rrqm/s  %rrqm r_await rareq-sz     w/s     wkB/s   wrqm/s  %wrqm w_await wareq-sz     d/s     dkB/s   drqm/s  %drqm d_await dareq-sz     f/s f_await  aqu-sz  %util
nvme0n1       3396.00 423696.00     0.00   0.00    0.25   124.76    0.00      0.00     0.00   0.00    0.00     0.00    0.00      0.00     0.00   0.00    0.00     0.00    0.00    0.00    0.83  32.50


09/08/2026 08:42:08 PM
Device            r/s     rkB/s   rrqm/s  %rrqm r_await rareq-sz     w/s     wkB/s   wrqm/s  %wrqm w_await wareq-sz     d/s     dkB/s   drqm/s  %drqm d_await dareq-sz     f/s f_await  aqu-sz  %util
nvme0n1       4270.00 535700.00     0.00   0.00    0.24   125.46    0.00      0.00     0.00   0.00    0.00     0.00    0.00      0.00     0.00   0.00    0.00     0.00    0.00    0.00    1.01  36.20


09/08/2026 08:42:09 PM
Device            r/s     rkB/s   rrqm/s  %rrqm r_await rareq-sz     w/s     wkB/s   wrqm/s  %wrqm w_await wareq-sz     d/s     dkB/s   drqm/s  %drqm d_await dareq-sz     f/s f_await  aqu-sz  %util
nvme0n1       3406.00 416892.00     3.00   0.09    0.23   122.40    0.00      0.00     0.00   0.00    0.00     0.00    0.00      0.00     0.00   0.00    0.00     0.00    0.00    0.00    0.80  30.20


09/08/2026 08:42:10 PM
Device            r/s     rkB/s   rrqm/s  %rrqm r_await rareq-sz     w/s     wkB/s   wrqm/s  %wrqm w_await wareq-sz     d/s     dkB/s   drqm/s  %drqm d_await dareq-sz     f/s f_await  aqu-sz  %util
nvme0n1       3557.00 438148.00     0.00   0.00    0.22   123.18    8.00     52.00     4.00  33.33    0.50     6.50    0.00      0.00     0.00   0.00    0.00     0.00    0.00    0.00    0.79  31.10


09/08/2026 08:42:11 PM
Device            r/s     rkB/s   rrqm/s  %rrqm r_await rareq-sz     w/s     wkB/s   wrqm/s  %wrqm w_await wareq-sz     d/s     dkB/s   drqm/s  %drqm d_await dareq-sz     f/s f_await  aqu-sz  %util
nvme0n1       5205.00 464256.00    88.00   1.66    0.18    89.19  164.00    744.00    24.00  12.77    2.60     4.54    0.00      0.00     0.00   0.00    0.00     0.00    1.00    1.00    1.37  33.70


09/08/2026 08:42:12 PM
Device            r/s     rkB/s   rrqm/s  %rrqm r_await rareq-sz     w/s     wkB/s   wrqm/s  %wrqm w_await wareq-sz     d/s     dkB/s   drqm/s  %drqm d_await dareq-sz     f/s f_await  aqu-sz  %util
nvme0n1       3373.00 420640.00     0.00   0.00    0.23   124.71  609.00   2548.00    32.00   4.99    0.49     4.18    0.00      0.00     0.00   0.00    0.00     0.00    0.00    0.00    1.07  30.20


09/08/2026 08:42:13 PM
Device            r/s     rkB/s   rrqm/s  %rrqm r_await rareq-sz     w/s     wkB/s   wrqm/s  %wrqm w_await wareq-sz     d/s     dkB/s   drqm/s  %drqm d_await dareq-sz     f/s f_await  aqu-sz  %util
nvme0n1       5557.00 121304.00    41.00   0.73    0.16    21.83   67.00    284.00     0.00   0.00    9.21     4.24    0.00      0.00     0.00   0.00    0.00     0.00    0.00    0.00    1.49  72.80


09/08/2026 08:42:14 PM
Device            r/s     rkB/s   rrqm/s  %rrqm r_await rareq-sz     w/s     wkB/s   wrqm/s  %wrqm w_await wareq-sz     d/s     dkB/s   drqm/s  %drqm d_await dareq-sz     f/s f_await  aqu-sz  %util
nvme0n1       4640.00 199612.00     0.00   0.00    0.17    43.02   17.00     80.00     3.00  15.00    0.12     4.71    0.00      0.00     0.00   0.00    0.00     0.00    0.00    0.00    0.81  57.40


09/08/2026 08:42:15 PM
Device            r/s     rkB/s   rrqm/s  %rrqm r_await rareq-sz     w/s     wkB/s   wrqm/s  %wrqm w_await wareq-sz     d/s     dkB/s   drqm/s  %drqm d_await dareq-sz     f/s f_await  aqu-sz  %util
nvme0n1       4769.00 587968.00     0.00   0.00    0.23   123.29  369.00   1592.00    37.00   9.11    7.37     4.31    0.00      0.00     0.00   0.00    0.00     0.00    0.00    0.00    3.83  43.70


09/08/2026 08:42:16 PM
Device            r/s     rkB/s   rrqm/s  %rrqm r_await rareq-sz     w/s     wkB/s   wrqm/s  %wrqm w_await wareq-sz     d/s     dkB/s   drqm/s  %drqm d_await dareq-sz     f/s f_await  aqu-sz  %util
nvme0n1       4676.00 587180.00     0.00   0.00    0.23   125.57  237.00   1036.00    15.00   5.95    7.52     4.37    0.00      0.00     0.00   0.00    0.00     0.00    1.00    1.00    2.87  39.80


09/08/2026 08:42:17 PM
Device            r/s     rkB/s   rrqm/s  %rrqm r_await rareq-sz     w/s     wkB/s   wrqm/s  %wrqm w_await wareq-sz     d/s     dkB/s   drqm/s  %drqm d_await dareq-sz     f/s f_await  aqu-sz  %util
nvme0n1       3915.00 485228.00     0.00   0.00    0.23   123.94  111.00    524.00     6.00   5.13    2.69     4.72    0.00      0.00     0.00   0.00    0.00     0.00    0.00    0.00    1.22  34.70


09/08/2026 08:42:18 PM
Device            r/s     rkB/s   rrqm/s  %rrqm r_await rareq-sz     w/s     wkB/s   wrqm/s  %wrqm w_await wareq-sz     d/s     dkB/s   drqm/s  %drqm d_await dareq-sz     f/s f_await  aqu-sz  %util
nvme0n1       5282.00 654096.00     0.00   0.00    0.23   123.83    7.00     28.00     0.00   0.00   26.86     4.00    0.00      0.00     0.00   0.00    0.00     0.00    0.00    0.00    1.39  40.90


09/08/2026 08:42:19 PM
Device            r/s     rkB/s   rrqm/s  %rrqm r_await rareq-sz     w/s     wkB/s   wrqm/s  %wrqm w_await wareq-sz     d/s     dkB/s   drqm/s  %drqm d_await dareq-sz     f/s f_await  aqu-sz  %util
nvme0n1       3915.00 487036.00     2.00   0.05    0.24   124.40  137.00    580.00     8.00   5.52   16.29     4.23    0.00      0.00     0.00   0.00    0.00     0.00    0.00    0.00    3.17  36.80


09/08/2026 08:42:20 PM
Device            r/s     rkB/s   rrqm/s  %rrqm r_await rareq-sz     w/s     wkB/s   wrqm/s  %wrqm w_await wareq-sz     d/s     dkB/s   drqm/s  %drqm d_await dareq-sz     f/s f_await  aqu-sz  %util
nvme0n1       6033.00 748056.00     0.00   0.00    0.22   123.99  413.00   1736.00    21.00   4.84    6.46     4.20    0.00      0.00     0.00   0.00    0.00     0.00    0.00    0.00    3.97  44.50


09/08/2026 08:42:21 PM
Device            r/s     rkB/s   rrqm/s  %rrqm r_await rareq-sz     w/s     wkB/s   wrqm/s  %wrqm w_await wareq-sz     d/s     dkB/s   drqm/s  %drqm d_await dareq-sz     f/s f_await  aqu-sz  %util
nvme0n1       4865.00 607440.00     0.00   0.00    0.23   124.86  103.00    444.00     9.00   8.04   23.97     4.31    0.00      0.00     0.00   0.00    0.00     0.00    1.00    1.00    3.56  41.20


09/08/2026 08:42:22 PM
Device            r/s     rkB/s   rrqm/s  %rrqm r_await rareq-sz     w/s     wkB/s   wrqm/s  %wrqm w_await wareq-sz     d/s     dkB/s   drqm/s  %drqm d_await dareq-sz     f/s f_await  aqu-sz  %util
nvme0n1       4269.00 533344.00     0.00   0.00    0.23   124.93   51.00    208.00     1.00   1.92   11.22     4.08    0.00      0.00     0.00   0.00    0.00     0.00    0.00    0.00    1.57  38.20


09/08/2026 08:42:23 PM
Device            r/s     rkB/s   rrqm/s  %rrqm r_await rareq-sz     w/s     wkB/s   wrqm/s  %wrqm w_await wareq-sz     d/s     dkB/s   drqm/s  %drqm d_await dareq-sz     f/s f_await  aqu-sz  %util
nvme0n1       4017.00 501476.00     1.00   0.02    0.21   124.84  144.00    668.00    26.00  15.29   19.83     4.64    0.00      0.00     0.00   0.00    0.00     0.00    0.00    0.00    3.71  32.80


09/08/2026 08:42:24 PM
Device            r/s     rkB/s   rrqm/s  %rrqm r_await rareq-sz     w/s     wkB/s   wrqm/s  %wrqm w_await wareq-sz     d/s     dkB/s   drqm/s  %drqm d_await dareq-sz     f/s f_await  aqu-sz  %util
nvme0n1       4011.00 480044.00     5.00   0.12    0.23   119.68  298.00   1260.00    14.00   4.49   12.98     4.23    0.00      0.00     0.00   0.00    0.00     0.00    0.00    0.00    4.80  34.70


09/08/2026 08:42:25 PM
Device            r/s     rkB/s   rrqm/s  %rrqm r_await rareq-sz     w/s     wkB/s   wrqm/s  %wrqm w_await wareq-sz     d/s     dkB/s   drqm/s  %drqm d_await dareq-sz     f/s f_await  aqu-sz  %util
nvme0n1       8350.00 473272.00  2070.00  19.87    0.15    56.68   39.00    228.00    33.00  45.83   10.82     5.85    0.00      0.00     0.00   0.00    0.00     0.00    0.00    0.00    1.69  33.80


09/08/2026 08:42:26 PM
Device            r/s     rkB/s   rrqm/s  %rrqm r_await rareq-sz     w/s     wkB/s   wrqm/s  %wrqm w_await wareq-sz     d/s     dkB/s   drqm/s  %drqm d_await dareq-sz     f/s f_await  aqu-sz  %util
nvme0n1       14189.00 375032.00  5094.00  26.42    0.10    26.43  378.00   1760.00    48.00  11.27    5.75     4.66    0.00      0.00     0.00   0.00    0.00     0.00    1.00    1.00    3.62  47.40


09/08/2026 08:42:27 PM
Device            r/s     rkB/s   rrqm/s  %rrqm r_await rareq-sz     w/s     wkB/s   wrqm/s  %wrqm w_await wareq-sz     d/s     dkB/s   drqm/s  %drqm d_await dareq-sz     f/s f_await  aqu-sz  %util
nvme0n1       3472.00 231280.00    24.00   0.69    0.21    66.61  142.00    592.00     6.00   4.05    8.64     4.17    0.00      0.00     0.00   0.00    0.00     0.00    0.00    0.00    1.97  16.40


09/08/2026 08:42:28 PM
Device            r/s     rkB/s   rrqm/s  %rrqm r_await rareq-sz     w/s     wkB/s   wrqm/s  %wrqm w_await wareq-sz     d/s     dkB/s   drqm/s  %drqm d_await dareq-sz     f/s f_await  aqu-sz  %util
nvme0n1       3133.00 194620.00     5.00   0.16    0.19    62.12    0.00      0.00     0.00   0.00    0.00     0.00    0.00      0.00     0.00   0.00    0.00     0.00    0.00    0.00    0.60  14.60


09/08/2026 08:42:29 PM
Device            r/s     rkB/s   rrqm/s  %rrqm r_await rareq-sz     w/s     wkB/s   wrqm/s  %wrqm w_await wareq-sz     d/s     dkB/s   drqm/s  %drqm d_await dareq-sz     f/s f_await  aqu-sz  %util
nvme0n1       2723.00 163912.00    48.00   1.73    0.20    60.20    1.00     36.00     8.00  88.89   28.00    36.00    0.00      0.00     0.00   0.00    0.00     0.00    0.00    0.00    0.56  14.80


09/08/2026 08:42:30 PM
Device            r/s     rkB/s   rrqm/s  %rrqm r_await rareq-sz     w/s     wkB/s   wrqm/s  %wrqm w_await wareq-sz     d/s     dkB/s   drqm/s  %drqm d_await dareq-sz     f/s f_await  aqu-sz  %util
nvme0n1       2776.00 168068.00     5.00   0.18    0.20    60.54    2.00      8.00     6.00  75.00    0.00     4.00    0.00      0.00     0.00   0.00    0.00     0.00    0.00    0.00    0.55  12.10


09/08/2026 08:42:31 PM
Device            r/s     rkB/s   rrqm/s  %rrqm r_await rareq-sz     w/s     wkB/s   wrqm/s  %wrqm w_await wareq-sz     d/s     dkB/s   drqm/s  %drqm d_await dareq-sz     f/s f_await  aqu-sz  %util
nvme0n1       3615.00 221392.00     1.00   0.03    0.19    61.24    4.00     36.00     0.00   0.00    0.75     9.00    0.00      0.00     0.00   0.00    0.00     0.00    1.00    2.00    0.70  16.10


09/08/2026 08:42:32 PM
Device            r/s     rkB/s   rrqm/s  %rrqm r_await rareq-sz     w/s     wkB/s   wrqm/s  %wrqm w_await wareq-sz     d/s     dkB/s   drqm/s  %drqm d_await dareq-sz     f/s f_await  aqu-sz  %util
nvme0n1       3151.00 203188.00     6.00   0.19    0.20    64.48   31.00    132.00     1.00   3.12    0.10     4.26    0.00      0.00     0.00   0.00    0.00     0.00    0.00    0.00    0.65  14.00


09/08/2026 08:42:33 PM
Device            r/s     rkB/s   rrqm/s  %rrqm r_await rareq-sz     w/s     wkB/s   wrqm/s  %wrqm w_await wareq-sz     d/s     dkB/s   drqm/s  %drqm d_await dareq-sz     f/s f_await  aqu-sz  %util
nvme0n1       1657.00  82488.00    11.00   0.66    0.21    49.78    0.00      0.00     0.00   0.00    0.00     0.00    0.00      0.00     0.00   0.00    0.00     0.00    0.00    0.00    0.35   8.20


09/08/2026 08:42:34 PM
Device            r/s     rkB/s   rrqm/s  %rrqm r_await rareq-sz     w/s     wkB/s   wrqm/s  %wrqm w_await wareq-sz     d/s     dkB/s   drqm/s  %drqm d_await dareq-sz     f/s f_await  aqu-sz  %util
nvme0n1       2782.00 170444.00    17.00   0.61    0.21    61.27    0.00      0.00     0.00   0.00    0.00     0.00    0.00      0.00     0.00   0.00    0.00     0.00    0.00    0.00    0.57  12.60


09/08/2026 08:42:35 PM
Device            r/s     rkB/s   rrqm/s  %rrqm r_await rareq-sz     w/s     wkB/s   wrqm/s  %wrqm w_await wareq-sz     d/s     dkB/s   drqm/s  %drqm d_await dareq-sz     f/s f_await  aqu-sz  %util
nvme0n1       2060.00 123828.00     2.00   0.10    0.20    60.11    0.00      0.00     3.00 100.00    0.00     0.00    0.00      0.00     0.00   0.00    0.00     0.00    0.00    0.00    0.41  11.10


09/08/2026 08:42:36 PM
Device            r/s     rkB/s   rrqm/s  %rrqm r_await rareq-sz     w/s     wkB/s   wrqm/s  %wrqm w_await wareq-sz     d/s     dkB/s   drqm/s  %drqm d_await dareq-sz     f/s f_await  aqu-sz  %util
nvme0n1       5933.00 372400.00     0.00   0.00    0.18    62.77   10.00     56.00     2.00  16.67    0.40     5.60    0.00      0.00     0.00   0.00    0.00     0.00    1.00    2.00    1.05  22.00


09/08/2026 08:42:37 PM
Device            r/s     rkB/s   rrqm/s  %rrqm r_await rareq-sz     w/s     wkB/s   wrqm/s  %wrqm w_await wareq-sz     d/s     dkB/s   drqm/s  %drqm d_await dareq-sz     f/s f_await  aqu-sz  %util
nvme0n1       5716.00 356004.00     0.00   0.00    0.19    62.28    0.00      0.00     0.00   0.00    0.00     0.00    0.00      0.00     0.00   0.00    0.00     0.00    0.00    0.00    1.10  20.70


09/08/2026 08:42:38 PM
Device            r/s     rkB/s   rrqm/s  %rrqm r_await rareq-sz     w/s     wkB/s   wrqm/s  %wrqm w_await wareq-sz     d/s     dkB/s   drqm/s  %drqm d_await dareq-sz     f/s f_await  aqu-sz  %util
nvme0n1       5791.00 361056.00     3.00   0.05    0.17    62.35    0.00      0.00     0.00   0.00    0.00     0.00    0.00      0.00     0.00   0.00    0.00     0.00    0.00    0.00    1.00  21.50


09/08/2026 08:42:39 PM
Device            r/s     rkB/s   rrqm/s  %rrqm r_await rareq-sz     w/s     wkB/s   wrqm/s  %wrqm w_await wareq-sz     d/s     dkB/s   drqm/s  %drqm d_await dareq-sz     f/s f_await  aqu-sz  %util
nvme0n1       2965.00 168484.00     2.00   0.07    0.19    56.82    0.00      0.00     0.00   0.00    0.00     0.00    0.00      0.00     0.00   0.00    0.00     0.00    0.00    0.00    0.55  12.40

